2025-12-30 19:32:08,485 [INFO] Activator:176 - 


2025-12-30 19:32:08,487 [INFO] Activator:177 - !SESSION log4j initialized
2025-12-30 19:32:11,506 [INFO] LogOutputStream:77 - [STDOUT_REDIRECT] 
2025-12-30 19:32:19,842 [INFO] ApplicationProperties:184 - Using Application install path: C:\ST\STM32CubeIDE_1.19.0\STM32CubeIDE\plugins\com.st.stm32cube.common.mx_6.15.0.202507011659
2025-12-30 19:32:19,864 [INFO] DbMcusXml:78 - Set database path to: C:\ST\STM32CubeIDE_1.19.0\STM32CubeIDE\plugins\com.st.stm32cube.common.mx_6.15.0.202507011659\\db\/mcu/
2025-12-30 19:32:19,864 [INFO] ApiDb:274 - Set plugin database path to: C:\ST\STM32CubeIDE_1.19.0\STM32CubeIDE\plugins\com.st.stm32cube.common.mx_6.15.0.202507011659\\db\/plugins/boardmanager/
2025-12-30 19:32:19,875 [WARN] ApiDb:259 - Overriding images path with different value:  => C:\ST\STM32CubeIDE_1.19.0\STM32CubeIDE\plugins\com.st.stm32cube.common.mx_6.15.0.202507011659\\db\/plugins/mcufinder/images/
2025-12-30 19:32:19,886 [INFO] ApiDb:250 - Set database path to: C:\Users\SNYDE\.stmcufinder\plugins\mcufinder//mcu/
2025-12-30 19:32:19,888 [INFO] DbMcusAds:125 - Set database path to: C:\Users\SNYDE\.stmcufinder\plugins\mcufinder//mcu/
2025-12-30 19:32:19,894 [INFO] CrossReferenceDbSqlite:203 - Set database path to: C:\Users\SNYDE\.stmcufinder\plugins\mcufinder//mcu/cs/
2025-12-30 19:32:20,051 [INFO] RulesReader:64 - Compatibility file has been processed (317 Rules)
2025-12-30 19:32:20,138 [INFO] DbMcusXml:78 - Set database path to: C:\ST\STM32CubeIDE_1.19.0\STM32CubeIDE\plugins\com.st.stm32cube.common.mx_6.15.0.202507011659\\db\/mcu/
2025-12-30 19:32:20,138 [INFO] ApiDb:274 - Set plugin database path to: C:\ST\STM32CubeIDE_1.19.0\STM32CubeIDE\plugins\com.st.stm32cube.common.mx_6.15.0.202507011659\\db\/plugins/boardmanager/
2025-12-30 19:32:20,138 [INFO] ApiDb:261 - Set plugin images path to: C:\ST\STM32CubeIDE_1.19.0\STM32CubeIDE\plugins\com.st.stm32cube.common.mx_6.15.0.202507011659\\db\/plugins/mcufinder/images/
2025-12-30 19:32:20,138 [WARN] DbFile:41 - Overriding database path with different value: C:\Users\SNYDE\.stmcufinder\plugins\mcufinder/ => C:\Users\SNYDE\.stmcufinder\plugins\mcufinder
2025-12-30 19:32:20,138 [INFO] ApiDb:250 - Set database path to: C:\Users\SNYDE\.stmcufinder\plugins\mcufinder//mcu/
2025-12-30 19:32:20,138 [WARN] DbFile:41 - Overriding database path with different value: C:\Users\SNYDE\.stmcufinder\plugins\mcufinder/ => C:\Users\SNYDE\.stmcufinder\plugins\mcufinder
2025-12-30 19:32:20,138 [INFO] DbMcusAds:125 - Set database path to: C:\Users\SNYDE\.stmcufinder\plugins\mcufinder//mcu/
2025-12-30 19:32:20,139 [WARN] DbFile:41 - Overriding database path with different value: C:\Users\SNYDE\.stmcufinder\plugins\mcufinder/ => C:\Users\SNYDE\.stmcufinder\plugins\mcufinder
2025-12-30 19:32:20,139 [WARN] DbFile:41 - Overriding database path with different value: C:\Users\SNYDE\.stmcufinder\plugins\mcufinder/ => C:\Users\SNYDE\.stmcufinder\plugins\mcufinder
2025-12-30 19:32:20,139 [INFO] CrossReferenceDbSqlite:203 - Set database path to: C:\Users\SNYDE\.stmcufinder\plugins\mcufinder//mcu/cs/
2025-12-30 19:32:20,229 [INFO] MainPanel:274 - HeapMemory: 268435456
2025-12-30 19:32:20,317 [INFO] DbMcusXml:78 - Set database path to: C:\ST\STM32CubeIDE_1.19.0\STM32CubeIDE\plugins\com.st.stm32cube.common.mx_6.15.0.202507011659\\db\/mcu/
2025-12-30 19:32:20,317 [INFO] ApiDb:274 - Set plugin database path to: C:\ST\STM32CubeIDE_1.19.0\STM32CubeIDE\plugins\com.st.stm32cube.common.mx_6.15.0.202507011659\\db\/plugins/boardmanager/
2025-12-30 19:32:20,317 [INFO] ApiDb:261 - Set plugin images path to: C:\ST\STM32CubeIDE_1.19.0\STM32CubeIDE\plugins\com.st.stm32cube.common.mx_6.15.0.202507011659\\db\/plugins/mcufinder/images/
2025-12-30 19:32:20,318 [WARN] DbFile:41 - Overriding database path with different value: C:\Users\SNYDE\.stmcufinder\plugins\mcufinder/ => C:\Users\SNYDE\.stmcufinder\plugins\mcufinder
2025-12-30 19:32:20,318 [INFO] ApiDb:250 - Set database path to: C:\Users\SNYDE\.stmcufinder\plugins\mcufinder//mcu/
2025-12-30 19:32:20,318 [WARN] DbFile:41 - Overriding database path with different value: C:\Users\SNYDE\.stmcufinder\plugins\mcufinder/ => C:\Users\SNYDE\.stmcufinder\plugins\mcufinder
2025-12-30 19:32:20,318 [INFO] DbMcusAds:125 - Set database path to: C:\Users\SNYDE\.stmcufinder\plugins\mcufinder//mcu/
2025-12-30 19:32:20,318 [WARN] DbFile:41 - Overriding database path with different value: C:\Users\SNYDE\.stmcufinder\plugins\mcufinder/ => C:\Users\SNYDE\.stmcufinder\plugins\mcufinder
2025-12-30 19:32:20,318 [WARN] DbFile:41 - Overriding database path with different value: C:\Users\SNYDE\.stmcufinder\plugins\mcufinder/ => C:\Users\SNYDE\.stmcufinder\plugins\mcufinder
2025-12-30 19:32:20,319 [INFO] CrossReferenceDbSqlite:203 - Set database path to: C:\Users\SNYDE\.stmcufinder\plugins\mcufinder//mcu/cs/
2025-12-30 19:32:20,338 [INFO] ApplicationProperties:184 - Using Application install path: C:\ST\STM32CubeIDE_1.19.0\STM32CubeIDE\plugins\com.st.stm32cube.common.mx_6.15.0.202507011659
2025-12-30 19:32:20,340 [INFO] PluginManage:196 - Search for loadable plugins [exclusion list=, ]
2025-12-30 19:32:20,341 [INFO] PluginManage:310 - Check plugin analytics
2025-12-30 19:32:28,682 [INFO] AnalyticsPlugin:253 - Accepted Software Licenses: 
2025-12-30 19:32:28,682 [INFO] AnalyticsPlugin:255 - Accepted CMSIS Pack Licenses: 
2025-12-30 19:32:28,682 [INFO] AnalyticsPlugin:257 - Accepted Firmware Licenses: 
2025-12-30 19:32:28,687 [INFO] PluginManage:359 - Loaded plugin analytics (category:tool,tabindex:-1)
2025-12-30 19:32:28,687 [INFO] PluginManage:310 - Check plugin cadmodel
2025-12-30 19:32:28,692 [INFO] CADModel:105 - Init CAD model plugin
2025-12-30 19:32:28,692 [INFO] PluginManage:359 - Loaded plugin cadmodel (category:power,tabindex:5)
2025-12-30 19:32:28,693 [INFO] PluginManage:310 - Check plugin clock
2025-12-30 19:32:28,703 [INFO] PluginManage:359 - Loaded plugin clock (category:base,tabindex:2)
2025-12-30 19:32:28,703 [INFO] PluginManage:310 - Check plugin ddr
2025-12-30 19:32:28,706 [INFO] PluginManage:359 - Loaded plugin ddr (category:tool,tabindex:6)
2025-12-30 19:32:28,706 [INFO] PluginManage:310 - Check plugin filemanager
2025-12-30 19:32:28,940 [INFO] PluginManage:359 - Loaded plugin filemanager (category:base,tabindex:10)
2025-12-30 19:32:28,941 [INFO] PluginManage:310 - Check plugin ipmanager
2025-12-30 19:32:28,951 [INFO] PluginManage:359 - Loaded plugin ipmanager (category:base,tabindex:5)
2025-12-30 19:32:28,952 [INFO] PluginManage:310 - Check plugin lpbam
2025-12-30 19:32:28,960 [INFO] PluginManage:359 - Loaded plugin lpbam (category:base,tabindex:0)
2025-12-30 19:32:28,961 [INFO] PluginManage:310 - Check plugin memorymap
2025-12-30 19:32:28,974 [INFO] PluginManage:359 - Loaded plugin memorymap (category:base,tabindex:4)
2025-12-30 19:32:28,974 [INFO] PluginManage:310 - Check plugin pinoutandconfiguration
2025-12-30 19:32:28,983 [INFO] PluginManage:359 - Loaded plugin pinoutandconfiguration (category:base,tabindex:1)
2025-12-30 19:32:28,983 [INFO] PluginManage:310 - Check plugin pinoutconfig
2025-12-30 19:32:29,090 [WARN] SupportedApi:132 - Cannot load RTOS API schema: s4s-elt-must-match.1: The content of 'definitions' must match (annotation?, (simpleType | complexType)?, (unique | key | keyref)*)). A problem was found starting at: attribute.
2025-12-30 19:32:29,260 [INFO] PluginManage:359 - Loaded plugin pinoutconfig (category:base,tabindex:0)
2025-12-30 19:32:29,260 [INFO] PluginManage:310 - Check plugin power
2025-12-30 19:32:29,269 [INFO] PluginManage:359 - Loaded plugin power (category:power,tabindex:4)
2025-12-30 19:32:29,269 [INFO] PluginManage:310 - Check plugin projectmanager
2025-12-30 19:32:29,290 [INFO] PluginManage:359 - Loaded plugin projectmanager (category:projectmanager,tabindex:4)
2025-12-30 19:32:29,291 [INFO] PluginManage:310 - Check plugin rif
2025-12-30 19:32:29,301 [INFO] PluginManage:359 - Loaded plugin rif (category:base,tabindex:3)
2025-12-30 19:32:29,301 [INFO] PluginManage:310 - Check plugin thirdparty
2025-12-30 19:32:29,479 [INFO] PluginManage:359 - Loaded plugin thirdparty (category:base,tabindex:-1)
2025-12-30 19:32:29,479 [WARN] IntegrityCheckThread:84 - waiting for thirdparty lock release [integrity check]
2025-12-30 19:32:29,479 [INFO] PluginManage:310 - Check plugin tools
2025-12-30 19:32:29,479 [INFO] IntegrityCheckThread:86 - entering critical section [integrity check]
2025-12-30 19:32:29,480 [INFO] ThirdPartyUpdaterWithRetryManager:70 - Updater plugin not ready yet. [1/15]
2025-12-30 19:32:29,482 [INFO] PluginManage:359 - Loaded plugin tools (category:base,tabindex:7)
2025-12-30 19:32:29,482 [INFO] PluginManage:310 - Check plugin tutovideos
2025-12-30 19:32:29,729 [INFO] PluginManage:359 - Loaded plugin tutovideos (category:base,tabindex:-1)
2025-12-30 19:32:29,730 [INFO] PluginManage:310 - Check plugin updater
2025-12-30 19:32:29,753 [INFO] PluginManage:359 - Loaded plugin updater (category:base,tabindex:12)
2025-12-30 19:32:29,753 [INFO] PluginManage:310 - Check plugin userauth
2025-12-30 19:32:29,759 [INFO] UserAuth:118 - Init User Auth plugin
2025-12-30 19:32:29,760 [INFO] PluginManage:359 - Loaded plugin userauth (category:base,tabindex:14)
2025-12-30 19:32:29,762 [INFO] PluginManage:283 - PluginManage : Loaded plugins [18]
2025-12-30 19:32:30,032 [INFO] PinOutPanel:1589 - setPackage(No Configuration,No Configuration)
2025-12-30 19:32:30,142 [INFO] CADModel:165 - CPN selected for project level
2025-12-30 19:32:30,142 [INFO] CADModel:114 - Register for checkConnection events
2025-12-30 19:32:30,160 [INFO] IPUIPlugin:80 - create IPUIPlugin
2025-12-30 19:32:30,161 [INFO] PluginManager:220 - loadIPPluginJar : add adc
2025-12-30 19:32:30,164 [INFO] IPUIPlugin:80 - create IPUIPlugin
2025-12-30 19:32:30,164 [INFO] PluginManager:220 - loadIPPluginJar : add aes
2025-12-30 19:32:30,167 [INFO] IPUIPlugin:80 - create IPUIPlugin
2025-12-30 19:32:30,168 [INFO] PluginManager:220 - loadIPPluginJar : add can
2025-12-30 19:32:30,169 [INFO] IPUIPlugin:80 - create IPUIPlugin
2025-12-30 19:32:30,169 [INFO] PluginManager:220 - loadIPPluginJar : add comp
2025-12-30 19:32:30,172 [INFO] IPUIPlugin:80 - create IPUIPlugin
2025-12-30 19:32:30,172 [INFO] PluginManager:220 - loadIPPluginJar : add cryp
2025-12-30 19:32:30,175 [INFO] IPUIPlugin:80 - create IPUIPlugin
2025-12-30 19:32:30,175 [INFO] PluginManager:220 - loadIPPluginJar : add ddr_ctrl_phy
2025-12-30 19:32:30,177 [INFO] IPUIPlugin:80 - create IPUIPlugin
2025-12-30 19:32:30,177 [INFO] PluginManager:220 - loadIPPluginJar : add dfsdm
2025-12-30 19:32:30,183 [INFO] IPUIPlugin:80 - create IPUIPlugin
2025-12-30 19:32:30,183 [INFO] PluginManager:220 - loadIPPluginJar : add dma
2025-12-30 19:32:30,186 [INFO] IPUIPlugin:80 - create IPUIPlugin
2025-12-30 19:32:30,186 [INFO] PluginManager:220 - loadIPPluginJar : add dma3
2025-12-30 19:32:30,189 [INFO] IPUIPlugin:80 - create IPUIPlugin
2025-12-30 19:32:30,190 [INFO] PluginManager:220 - loadIPPluginJar : add extmemmanager
2025-12-30 19:32:30,192 [INFO] IPUIPlugin:80 - create IPUIPlugin
2025-12-30 19:32:30,192 [INFO] PluginManager:220 - loadIPPluginJar : add fatfs
2025-12-30 19:32:30,197 [INFO] IPUIPlugin:80 - create IPUIPlugin
2025-12-30 19:32:30,198 [INFO] PluginManager:220 - loadIPPluginJar : add fmc
2025-12-30 19:32:30,204 [INFO] IPUIPlugin:80 - create IPUIPlugin
2025-12-30 19:32:30,204 [INFO] PluginManager:220 - loadIPPluginJar : add freertos
2025-12-30 19:32:30,206 [INFO] IPUIPlugin:80 - create IPUIPlugin
2025-12-30 19:32:30,207 [INFO] PluginManager:220 - loadIPPluginJar : add genericplugin
2025-12-30 19:32:30,210 [INFO] IPUIPlugin:80 - create IPUIPlugin
2025-12-30 19:32:30,210 [INFO] PluginManager:220 - loadIPPluginJar : add gfxmmu
2025-12-30 19:32:30,217 [INFO] IPUIPlugin:80 - create IPUIPlugin
2025-12-30 19:32:30,217 [INFO] PluginManager:220 - loadIPPluginJar : add gic
2025-12-30 19:32:30,222 [INFO] IPUIPlugin:80 - create IPUIPlugin
2025-12-30 19:32:30,222 [INFO] PluginManager:220 - loadIPPluginJar : add gpio
2025-12-30 19:32:30,226 [INFO] IPUIPlugin:80 - create IPUIPlugin
2025-12-30 19:32:30,226 [INFO] PluginManager:220 - loadIPPluginJar : add gtzc
2025-12-30 19:32:30,229 [INFO] IPUIPlugin:80 - create IPUIPlugin
2025-12-30 19:32:30,229 [INFO] PluginManager:220 - loadIPPluginJar : add hash
2025-12-30 19:32:30,232 [INFO] IPUIPlugin:80 - create IPUIPlugin
2025-12-30 19:32:30,232 [INFO] PluginManager:220 - loadIPPluginJar : add i2c
2025-12-30 19:32:30,235 [INFO] IPUIPlugin:80 - create IPUIPlugin
2025-12-30 19:32:30,235 [INFO] PluginManager:220 - loadIPPluginJar : add i2s
2025-12-30 19:32:30,238 [INFO] IPUIPlugin:80 - create IPUIPlugin
2025-12-30 19:32:30,239 [INFO] PluginManager:220 - loadIPPluginJar : add i3c
2025-12-30 19:32:30,242 [INFO] IPUIPlugin:80 - create IPUIPlugin
2025-12-30 19:32:30,242 [INFO] PluginManager:220 - loadIPPluginJar : add ipddr
2025-12-30 19:32:30,249 [INFO] IPUIPlugin:80 - create IPUIPlugin
2025-12-30 19:32:30,249 [INFO] PluginManager:220 - loadIPPluginJar : add linkedlist
2025-12-30 19:32:30,252 [INFO] IPUIPlugin:80 - create IPUIPlugin
2025-12-30 19:32:30,252 [INFO] PluginManager:220 - loadIPPluginJar : add lorawan
2025-12-30 19:32:30,253 [INFO] IPUIPlugin:80 - create IPUIPlugin
2025-12-30 19:32:30,253 [INFO] PluginManager:220 - loadIPPluginJar : add ltdc
2025-12-30 19:32:30,259 [INFO] IPUIPlugin:80 - create IPUIPlugin
2025-12-30 19:32:30,259 [INFO] PluginManager:220 - loadIPPluginJar : add mdma
2025-12-30 19:32:30,264 [INFO] IPUIPlugin:80 - create IPUIPlugin
2025-12-30 19:32:30,264 [INFO] PluginManager:220 - loadIPPluginJar : add nvic
2025-12-30 19:32:30,269 [INFO] IPUIPlugin:80 - create IPUIPlugin
2025-12-30 19:32:30,269 [INFO] PluginManager:220 - loadIPPluginJar : add opamp
2025-12-30 19:32:30,273 [INFO] IPUIPlugin:80 - create IPUIPlugin
2025-12-30 19:32:30,273 [INFO] PluginManager:220 - loadIPPluginJar : add openamp
2025-12-30 19:32:30,276 [INFO] IPUIPlugin:80 - create IPUIPlugin
2025-12-30 19:32:30,276 [INFO] PluginManager:220 - loadIPPluginJar : add pdm2pcm
2025-12-30 19:32:30,282 [INFO] IPUIPlugin:80 - create IPUIPlugin
2025-12-30 19:32:30,285 [INFO] PluginManager:220 - loadIPPluginJar : add plateformsettings
2025-12-30 19:32:30,286 [INFO] IPUIPlugin:80 - create IPUIPlugin
2025-12-30 19:32:30,286 [INFO] PluginManager:220 - loadIPPluginJar : add quadspi
2025-12-30 19:32:30,288 [INFO] IPUIPlugin:80 - create IPUIPlugin
2025-12-30 19:32:30,289 [INFO] PluginManager:220 - loadIPPluginJar : add radio
2025-12-30 19:32:30,292 [INFO] IPUIPlugin:80 - create IPUIPlugin
2025-12-30 19:32:30,292 [INFO] PluginManager:220 - loadIPPluginJar : add resmgrutility
2025-12-30 19:32:30,296 [INFO] IPUIPlugin:80 - create IPUIPlugin
2025-12-30 19:32:30,296 [INFO] PluginManager:220 - loadIPPluginJar : add sai
2025-12-30 19:32:30,299 [INFO] IPUIPlugin:80 - create IPUIPlugin
2025-12-30 19:32:30,299 [INFO] PluginManager:220 - loadIPPluginJar : add spi
2025-12-30 19:32:30,304 [INFO] IPUIPlugin:80 - create IPUIPlugin
2025-12-30 19:32:30,304 [INFO] PluginManager:220 - loadIPPluginJar : add stm32_wpan
2025-12-30 19:32:30,307 [INFO] IPUIPlugin:80 - create IPUIPlugin
2025-12-30 19:32:30,307 [INFO] PluginManager:220 - loadIPPluginJar : add tim
2025-12-30 19:32:30,312 [INFO] IPUIPlugin:80 - create IPUIPlugin
2025-12-30 19:32:30,312 [INFO] PluginManager:220 - loadIPPluginJar : add touchsensing
2025-12-30 19:32:30,315 [INFO] IPUIPlugin:80 - create IPUIPlugin
2025-12-30 19:32:30,315 [INFO] PluginManager:220 - loadIPPluginJar : add tracer_emb
2025-12-30 19:32:30,318 [INFO] IPUIPlugin:80 - create IPUIPlugin
2025-12-30 19:32:30,319 [INFO] PluginManager:220 - loadIPPluginJar : add ts
2025-12-30 19:32:30,321 [INFO] IPUIPlugin:80 - create IPUIPlugin
2025-12-30 19:32:30,322 [INFO] PluginManager:220 - loadIPPluginJar : add tsc
2025-12-30 19:32:30,325 [INFO] IPUIPlugin:80 - create IPUIPlugin
2025-12-30 19:32:30,325 [INFO] PluginManager:220 - loadIPPluginJar : add ucpd
2025-12-30 19:32:30,331 [INFO] IPUIPlugin:80 - create IPUIPlugin
2025-12-30 19:32:30,332 [INFO] PluginManager:220 - loadIPPluginJar : add usart
2025-12-30 19:32:30,337 [INFO] IPUIPlugin:80 - create IPUIPlugin
2025-12-30 19:32:30,338 [INFO] PluginManager:220 - loadIPPluginJar : add usbx
2025-12-30 19:32:30,489 [FATAL] Updater:351 - Updater called before beeing initialized
2025-12-30 19:32:30,607 [INFO] RulesReader:64 - Compatibility file has been processed (317 Rules)
2025-12-30 19:32:30,640 [INFO] RulesReader:64 - Compatibility file has been processed (317 Rules)
2025-12-30 19:32:30,653 [INFO] CADModel:165 - CPN selected for project level
2025-12-30 19:32:30,653 [INFO] CADModel:114 - Register for checkConnection events
2025-12-30 19:32:30,653 [FATAL] Updater:351 - Updater called before beeing initialized
2025-12-30 19:32:30,653 [ERROR] CADModel:125 - Updater not yet initialized, retry later 
2025-12-30 19:32:30,810 [FATAL] Updater:351 - Updater called before beeing initialized
2025-12-30 19:32:30,811 [INFO] CADModel:165 - CPN selected for project level
2025-12-30 19:32:30,812 [INFO] CADModel:114 - Register for checkConnection events
2025-12-30 19:32:30,812 [FATAL] Updater:351 - Updater called before beeing initialized
2025-12-30 19:32:30,812 [ERROR] CADModel:125 - Updater not yet initialized, retry later 
2025-12-30 19:32:30,815 [FATAL] Updater:351 - Updater called before beeing initialized
2025-12-30 19:32:30,960 [FATAL] Updater:351 - Updater called before beeing initialized
2025-12-30 19:32:30,968 [INFO] DbMcusAds:53 - JSON generation date=Thu Oct 02 11:36:05 CEST 2025 (1759397765645)
2025-12-30 19:32:30,968 [FATAL] Updater:351 - Updater called before beeing initialized
2025-12-30 19:32:31,009 [WARN] DetailPanel:346 - Failed to get advertising image, set to default
2025-12-30 19:32:31,112 [FATAL] Updater:351 - Updater called before beeing initialized
2025-12-30 19:32:31,114 [FATAL] Updater:351 - Updater called before beeing initialized
2025-12-30 19:32:31,114 [FATAL] Updater:351 - Updater called before beeing initialized
2025-12-30 19:32:31,114 [WARN] DetailPanel:346 - Failed to get advertising image, set to default
2025-12-30 19:32:31,115 [FATAL] Updater:351 - Updater called before beeing initialized
2025-12-30 19:32:31,165 [ERROR] Updater:1198 - MainUpdater not yet initialized. External WinMGr cannot be set.
2025-12-30 19:32:31,167 [INFO] Updater:1134 - Updater Version found : 6.15.0
2025-12-30 19:32:31,184 [INFO] ApplicationProperties:184 - Using Application install path: C:\ST\STM32CubeIDE_1.19.0\STM32CubeIDE\plugins\com.st.stm32cube.common.mx_6.15.0.202507011659
2025-12-30 19:32:32,481 [INFO] ThirdPartyUpdaterWithRetryManager:70 - Updater plugin not ready yet. [2/15]
2025-12-30 19:32:32,768 [ERROR] LogOutputStream:75 - [STDERR_REDIRECT] Dec 30, 2025 7:32:32 PM java.util.prefs.WindowsPreferences <init>
2025-12-30 19:32:32,775 [ERROR] LogOutputStream:75 - [STDERR_REDIRECT] WARNING: Could not open/create prefs root node Software\JavaSoft\Prefs at root 0xffffffff80000002. Windows RegCreateKeyEx(...) returned error code 5.
2025-12-30 19:32:32,776 [ERROR] LogOutputStream:75 - [STDERR_REDIRECT] 
2025-12-30 19:32:33,536 [INFO] MainUpdater:2872 - connection check result : 10
2025-12-30 19:32:33,538 [INFO] MainUpdater:289 - Updater Check For Update Now.
2025-12-30 19:32:33,539 [INFO] MicroXplorer:498 - Change Database Version : DB.6.0.150
2025-12-30 19:32:33,573 [INFO] McuFinderGlobals:63 - Set McuFinder mode to 2 (CubeIDE integrated)
2025-12-30 19:32:33,577 [INFO] UserAuth:487 - Internet connection configuration mode: 1
2025-12-30 19:32:33,634 [INFO] JxBrowserEngine:152 - Initiate JxBrowser Engine with user profile folder
2025-12-30 19:32:33,805 [INFO] CheckServerUpdateThread:120 - End of CheckServer Thread
2025-12-30 19:32:33,985 [INFO] MainUpdater:2872 - connection check result : 10
2025-12-30 19:32:33,988 [INFO] McuFinderGlobals:76 - Set McuFinderConnectedMode to true
2025-12-30 19:32:34,211 [INFO] ServerAccessManage:452 - Complete download http(s) 200
2025-12-30 19:32:34,213 [INFO] ServerAccessManage:509 - Download File mcusAds.json._tmp_
2025-12-30 19:32:34,333 [INFO] LoadUrlFilesThread:156 - End of LoadUrlFiles Thread
2025-12-30 19:32:34,604 [INFO] WebApp:169 - Instantiating new browser for Auth
2025-12-30 19:32:34,701 [INFO] ServerAccessManage:452 - Complete download http(s) 200
2025-12-30 19:32:34,702 [INFO] ServerAccessManage:509 - Download File cube-finder-db.zip
2025-12-30 19:32:35,483 [WARN] MainUpdater:1193 - Updater busy. Cannot search thirdparties
2025-12-30 19:32:35,483 [INFO] ThirdPartyUpdaterWithRetryManager:96 - Updater plugin is busy. [1/15]
2025-12-30 19:32:35,630 [INFO] WebApp:463 - Apply proxy settings
2025-12-30 19:32:35,631 [INFO] WebApp:548 - Chromium requires no authentication
2025-12-30 19:32:35,644 [INFO] WebApp:491 - Direct internet connection detected
2025-12-30 19:32:35,678 [INFO] WebApp:900 - Register for checkConnection events
2025-12-30 19:32:35,678 [INFO] WebApp:463 - Apply proxy settings
2025-12-30 19:32:35,678 [INFO] WebApp:548 - Chromium requires no authentication
2025-12-30 19:32:35,679 [INFO] WebApp:491 - Direct internet connection detected
2025-12-30 19:32:35,954 [INFO] FileExtend:248 - Unzip File : cube-finder-db.zip
2025-12-30 19:32:35,954 [INFO] FileExtend:263 - Standard Zip Deflate
2025-12-30 19:32:35,967 [INFO] WebApp:225 - Starting web application
2025-12-30 19:32:35,967 [INFO] WebApp:593 - Web application path used C:\ST\STM32CubeIDE_1.19.0\STM32CubeIDE\plugins\com.st.stm32cube.common.mx_6.15.0.202507011659\db\plugins\mcufinder\reactClient1\index.html
2025-12-30 19:32:36,099 [INFO] UserAuth:487 - Internet connection configuration mode: 1
2025-12-30 19:32:36,243 [ERROR] LogOutputStream:75 - [STDERR_REDIRECT] [Fatal Error] :1:1: Premature end of file.
2025-12-30 19:32:36,244 [ERROR] LogOutputStream:75 - [STDERR_REDIRECT] 
2025-12-30 19:32:36,279 [INFO] WebApp:191 - Connection restablished
2025-12-30 19:32:37,102 [INFO] LoadUrlFilesThread:156 - End of LoadUrlFiles Thread
2025-12-30 19:32:37,278 [ERROR] LogOutputStream:75 - [STDERR_REDIRECT] [Fatal Error] :1:1: Premature end of file.
2025-12-30 19:32:37,279 [ERROR] LogOutputStream:75 - [STDERR_REDIRECT] 
2025-12-30 19:32:37,445 [INFO] ServerAccessManage:452 - Complete download http(s) 200
2025-12-30 19:32:37,446 [INFO] ServerAccessManage:509 - Download File crdb.zip
2025-12-30 19:32:37,657 [INFO] FileExtend:248 - Unzip File : crdb.zip
2025-12-30 19:32:37,659 [INFO] FileExtend:263 - Standard Zip Deflate
2025-12-30 19:32:37,870 [INFO] LoadUrlFilesThread:156 - End of LoadUrlFiles Thread
2025-12-30 19:32:38,146 [INFO] ServerAccessManage:452 - Complete download http(s) 200
2025-12-30 19:32:38,149 [INFO] ServerAccessManage:509 - Download File tutoVideoDB.zip
2025-12-30 19:32:38,174 [INFO] FileExtend:248 - Unzip File : tutoVideoDB.zip
2025-12-30 19:32:38,175 [INFO] FileExtend:263 - Standard Zip Deflate
2025-12-30 19:32:38,304 [INFO] LoadUrlFilesThread:156 - End of LoadUrlFiles Thread
2025-12-30 19:32:38,307 [WARN] DbFile:41 - Overriding database path with different value: C:\Users\SNYDE\.stmcufinder\plugins\mcufinder/ => C:\Users\SNYDE\.stmcufinder\plugins\mcufinder
2025-12-30 19:32:38,314 [ERROR] LogOutputStream:75 - [STDERR_REDIRECT] [Fatal Error] :1:1: Premature end of file.
2025-12-30 19:32:38,315 [ERROR] LogOutputStream:75 - [STDERR_REDIRECT] 
2025-12-30 19:32:38,486 [WARN] MainUpdater:1193 - Updater busy. Cannot search thirdparties
2025-12-30 19:32:38,486 [INFO] ThirdPartyUpdaterWithRetryManager:96 - Updater plugin is busy. [2/15]
2025-12-30 19:32:38,585 [INFO] ServerAccessManage:452 - Complete download http(s) 200
2025-12-30 19:32:38,585 [INFO] ServerAccessManage:509 - Download File api_config.json
2025-12-30 19:32:38,703 [INFO] LoadUrlFilesThread:156 - End of LoadUrlFiles Thread
2025-12-30 19:32:38,704 [INFO] DbMcusAds:53 - JSON generation date=Tue Dec 16 00:11:46 CET 2025 (1765840306612)
2025-12-30 19:32:38,755 [INFO] ServerAccessManage:452 - Complete download http(s) 200
2025-12-30 19:32:38,756 [INFO] ServerAccessManage:509 - Download File 
2025-12-30 19:32:38,780 [INFO] LoadUrlFilesThread:185 - End of LoadServerUrlFiles without Thread
2025-12-30 19:32:38,781 [INFO] TargetSelectorAdapter:259 - Refresh data is successful
2025-12-30 19:32:38,928 [INFO] ApiDb:581 - Connected to CubeFinder SQLite database (C:\Users\SNYDE\.stmcufinder\plugins\mcufinder\mcu\cube-finder-db.db)
2025-12-30 19:32:39,040 [INFO] ApiDb:668 - CubeFinder database Data Model version=2.1
2025-12-30 19:32:39,040 [INFO] ApiDb:669 - CubeFinder database Configuration version=3.0.39
2025-12-30 19:32:39,040 [INFO] ApiDb:670 - CubeFinder database generation date=2025-12-22 (1766407740)
2025-12-30 19:32:39,040 [INFO] ApiDb:671 - CubeFinder database FW Pack versions=[FP-ATR-ASTRA1_V2.0.0, FP-SNS-FLIGHT1_V5.1.0, FP-SNS-MOTENV1_V5.1.0, FP-SNS-MOTENVWB1_V1.4.0, FP-SNS-SMARTAG2_V1.2.0, FP-SNS-STBOX1_V2.1.0, STM32Cube_FW_C0_V1.4.0, STM32Cube_FW_F4_V1.28.3, STM32Cube_FW_F7_V1.17.4, STM32Cube_FW_G0_V1.6.2, STM32Cube_FW_G4_V1.6.1, STM32Cube_FW_H5_V1.5.1, STM32Cube_FW_H7RS_V1.3.0, STM32Cube_FW_H7_V1.12.1, STM32Cube_FW_L0_V1.12.2, STM32Cube_FW_L4_V1.18.1, STM32Cube_FW_L5_V1.6.0, STM32Cube_FW_N6_V1.3.0, STM32Cube_FW_U0_V1.3.0, STM32Cube_FW_U3_V1.2.1, STM32Cube_FW_U5_V1.8.0, STM32Cube_FW_WB0_V1.4.0, STM32Cube_FW_WBA_V1.8.0, STM32Cube_FW_WB_V1.24.0, STM32Cube_FW_WL3_V1.3.0, STM32Cube_FW_WL_V1.4.0, X-CUBE-ALGOBUILD_V1.4.0, X-CUBE-ALS_V1.0.2, X-CUBE-AZRTOS-F4_V1.1.0, X-CUBE-AZRTOS-F7_V1.1.0, X-CUBE-AZRTOS-G0_V1.1.0, X-CUBE-AZRTOS-G4_V2.0.0, X-CUBE-AZRTOS-H7RS_V1.1.0, X-CUBE-AZRTOS-H7_V3.4.0, X-CUBE-AZRTOS-L4_V2.0.0, X-CUBE-AZRTOS-L5_V2.0.0, X-CUBE-AZRTOS-WB_V2.0.0, X-CUBE-AZRTOS-WL_V2.0.0, X-CUBE-BLE1_V7.1.0, X-CUBE-BLE2_V3.3.0, X-CUBE-BLEMGR_V4.1.0, X-CUBE-EEPRMA1_V5.2.0, X-CUBE-FREERTOS_V1.3.1, X-CUBE-GNSS1_V6.0.0, X-CUBE-MEMS1_V12.0.0, X-CUBE-NFC4_V3.0.0, X-CUBE-NFC7_V2.0.0, X-CUBE-SFXS2LP1_V4.0.0, X-CUBE-ST67W61_V1.1.0, X-CUBE-SUBG2_V5.0.0, X-CUBE-TOF1_V3.4.3]
2025-12-30 19:32:39,184 [ERROR] LogOutputStream:75 - [STDERR_REDIRECT] [Fatal Error] :1:1: Premature end of file.
2025-12-30 19:32:39,185 [ERROR] LogOutputStream:75 - [STDERR_REDIRECT] 
2025-12-30 19:32:40,186 [ERROR] LogOutputStream:75 - [STDERR_REDIRECT] [Fatal Error] :1:1: Premature end of file.
2025-12-30 19:32:40,186 [ERROR] LogOutputStream:75 - [STDERR_REDIRECT] 
2025-12-30 19:32:41,180 [ERROR] LogOutputStream:75 - [STDERR_REDIRECT] [Fatal Error] :1:1: Premature end of file.
2025-12-30 19:32:41,180 [ERROR] LogOutputStream:75 - [STDERR_REDIRECT] 
2025-12-30 19:32:41,871 [WARN] PackLoader:240 - Cannot read IP mode file for STMicroelectronics.FP-SNS-MOTENVWB1.1.4.0
2025-12-30 19:32:41,885 [WARN] PackLoader:240 - Cannot read IP mode file for STMicroelectronics.FP-ATR-ASTRA1.2.0.2
2025-12-30 19:32:41,890 [WARN] PackLoader:240 - Cannot read IP mode file for STMicroelectronics.FP-ATR-ASTRA1.2.0.1
2025-12-30 19:32:41,912 [WARN] PackLoader:240 - Cannot read IP mode file for STMicroelectronics.X-CUBE-SMBUS.2.1.0
2025-12-30 19:32:41,915 [INFO] ApiDb:240 - Found 880 in-development CPN: [B-G473E-ZEST1S, B-WB1M-WPAN1, B-WBA5M-WPAN, B-WL5M-SUBG1, NUCLEO-C031C6, NUCLEO-C051C8, NUCLEO-C071RB, NUCLEO-C092RC, NUCLEO-H503RB, NUCLEO-H533RE, NUCLEO-H563ZI, NUCLEO-H7S3L8, NUCLEO-N657X0-Q, NUCLEO-U031R8, NUCLEO-U083RC, NUCLEO-U385RG-Q, NUCLEO-U545RE-Q, NUCLEO-U5A5ZJ-Q, NUCLEO-WB05KZ, NUCLEO-WB07CC, NUCLEO-WB09KE, NUCLEO-WBA52CG, NUCLEO-WBA55CG, NUCLEO-WL33CC1, NUCLEO-WL33CC2, STEVAL-PROTEUS1, STEVAL-SMARTAG2, STEVAL-STWINBX1, STM320518-EVAL, STM32C0116-DK, STM32C011D6Y3TR, STM32C011D6Y6TR, STM32C011F4P3, STM32C011F4P6, STM32C011F4U3, STM32C011F4U6TR, STM32C011F6P3, STM32C011F6P6, STM32C011F6U3, STM32C011F6U6TR, STM32C011J4M3, STM32C011J4M6, STM32C011J6M3, STM32C011J6M6, STM32C0316-DK, STM32C031C4T3, STM32C031C4T6, STM32C031C4U3, STM32C031C4U6, STM32C031C6T3, STM32C031C6T6, STM32C031C6U3, STM32C031C6U6, STM32C031F4P3, STM32C031F4P6, STM32C031F6P3, STM32C031F6P6, STM32C031G4U3, STM32C031G4U6, STM32C031G6U3, STM32C031G6U6, STM32C031K4T3, STM32C031K4T6, STM32C031K4U3, STM32C031K4U6, STM32C031K6T3, STM32C031K6T6, STM32C031K6U3, STM32C031K6U6, STM32C051C6T6, STM32C051C6U6, STM32C051C8T6, STM32C051C8U6, STM32C051D8Y6TR, STM32C051F6P6, STM32C051F8P6, STM32C051G6U6, STM32C051G8U6, STM32C051K6T6, STM32C051K6U6, STM32C051K8T6, STM32C071C8T6, STM32C071C8T6N, STM32C071C8U6, STM32C071C8U6N, STM32C071CBT6, STM32C071CBT6N, STM32C071CBU6, STM32C071CBU6N, STM32C071F8P6, STM32C071F8P6N, STM32C071FBP6, STM32C071FBP6N, STM32C071FBY6TR, STM32C071G8U6, STM32C071G8U6N, STM32C071GBU6, STM32C071GBU6N, STM32C071K8T6, STM32C071K8T6N, STM32C071K8U6, STM32C071K8U6N, STM32C071KBT6, STM32C071KBT6N, STM32C071KBU6, STM32C071KBU6N, STM32C071R8T6, STM32C071R8T6N, STM32C071RBI6N, STM32C071RBT6, STM32C071RBT6N, STM32C091CBT6, STM32C091CBU6, STM32C091CCT6, STM32C091CCU6, STM32C091ECY6TR, STM32C091FBP6, STM32C091FCP6, STM32C091GBU6, STM32C091GCU6, STM32C091KBT6, STM32C091KBU6, STM32C091KCT6, STM32C091KCU6, STM32C091RBT6, STM32C091RCI6, STM32C091RCT6, STM32C092CBT6, STM32C092CBU6, STM32C092CCT6, STM32C092CCU6, STM32C092ECY6TR, STM32C092FBP6, STM32C092FCP6, STM32C092GBU6, STM32C092GCU6, STM32C092KBT6, STM32C092KBU6, STM32C092KCT6, STM32C092KCU6, STM32C092RBT6, STM32C092RCI6, STM32C092RCT6, STM32G071K8TXN, STM32G071K8UXN, STM32G081GBU6N, STM32G081KBT6N, STM32G081KBUXN, STM32G0B1CCT6N, STM32G0B1KCT6, STM32G0B1NEY6TR, STM32G0B1RCT6N, STM32G0C1CCT6, STM32G0C1CCT6N, STM32G0C1CCU6N, STM32G0C1CET6N, STM32G0C1CEU6N, STM32G0C1KCT6, STM32G0C1NEY6TR, STM32G0C1RCI6N, STM32G0C1RCT6N, STM32G0C1REI6N, STM32G0C1RET6N, STM32G0C1VCI6, STM32G0C1VEI6, STM32G411C6T3, STM32G411C6T6, STM32G411C6U3, STM32G411C6U6, STM32G411C8T3, STM32G411C8T6, STM32G411C8U3, STM32G411C8U6, STM32G411CBT3, STM32G411CBT6, STM32G411CBU3, STM32G411CBU6, STM32G411K6T3, STM32G411K6T6, STM32G411K6U3, STM32G411K6U6, STM32G411K8T3, STM32G411K8T6, STM32G411K8U3, STM32G411K8U6, STM32G411KBT3, STM32G411KBT6, STM32G411KBU3, STM32G411KBU6, STM32G411M6T3, STM32G411M6T6, STM32G411M8T3, STM32G411M8T6, STM32G411MBT3, STM32G411MBT6, STM32G411R6T3, STM32G411R6T6, STM32G411R8T3, STM32G411R8T6, STM32G411RBT3, STM32G411RBT6, STM32G414CBT3, STM32G414CBT6, STM32G414CBU3, STM32G414CBU6, STM32G414CCT3, STM32G414CCT6, STM32G414CCU3, STM32G414CCU6, STM32G414MBT3, STM32G414MBT6, STM32G414MCT3, STM32G414MCT6, STM32G414RBT3, STM32G414RBT6, STM32G414RCT3, STM32G414RCT6, STM32G414VBT3, STM32G414VBT6, STM32G414VCT3, STM32G414VCT6, STM32G431CBT3Z, STM32G431RBT3Z, STM32G471CCT6, STM32G471CCU6, STM32G471CET3, STM32G471CET6, STM32G471CEU3, STM32G471CEU6, STM32G471MCT6, STM32G471MET3, STM32G471MET6, STM32G471MEY6TR, STM32G471QCT6, STM32G471QET3, STM32G471RCT6, STM32G471RET3, STM32G471RET6, STM32G471VCH6, STM32G471VCI6, STM32G471VCT6, STM32G471VEH3, STM32G471VEH6, STM32G471VEI3, STM32G471VEI6, STM32G471VET3, STM32G471VET6, STM32G473QET3Z, STM32G473RET3Z, STM32G474CCT6, STM32G491RET3Z, STM32H503CBT6, STM32H503CBU6, STM32H503EBY6TR, STM32H503KBU6, STM32H503RBT6, STM32H523CCT6, STM32H523CCU6, STM32H523CET6, STM32H523CEU6, STM32H523HEY6TR, STM32H523RCT6, STM32H523RET6, STM32H523VCI6, STM32H523VCT6, STM32H523VEI6, STM32H523VET6, STM32H523ZCJ6, STM32H523ZCT6, STM32H523ZEJ6, STM32H523ZET6, STM32H533CET6, STM32H533CEU6, STM32H533HEY6TR, STM32H533RET6, STM32H533VEI6, STM32H533VET6, STM32H533ZEJ6, STM32H533ZET6, STM32H562AGI6, STM32H562AII6, STM32H562IGK6, STM32H562IGT6, STM32H562IIK6, STM32H562IIT6, STM32H562RGT6, STM32H562RGV6, STM32H562RIT6, STM32H562RIV6, STM32H562VGT6, STM32H562VIT6, STM32H562ZGT6, STM32H562ZIT6, STM32H563AGI6, STM32H563AII3Q, STM32H563AII6, STM32H563IGK6, STM32H563IGT6, STM32H563IIK3Q, STM32H563IIK6, STM32H563IIT3Q, STM32H563IIT6, STM32H563MIY3QTR, STM32H563RGT6, STM32H563RGV6, STM32H563RIT6, STM32H563RIV6, STM32H563VGT6, STM32H563VIT3Q, STM32H563VIT6, STM32H563ZGT6, STM32H563ZIT3Q, STM32H563ZIT6, STM32H573AII3Q, STM32H573AII6, STM32H573I-DK, STM32H573IIK3Q, STM32H573IIK6, STM32H573IIT3Q, STM32H573IIT6, STM32H573MIY3QTR, STM32H573RIT6, STM32H573RIV6, STM32H573VIT3Q, STM32H573VIT6, STM32H573ZIT3Q, STM32H573ZIT6, STM32H7R3A8I6, STM32H7R3I8K6, STM32H7R3I8T6, STM32H7R3L8H6, STM32H7R3L8H6H, STM32H7R3R8V6, STM32H7R3V8H6, STM32H7R3V8T6, STM32H7R3V8Y6TR, STM32H7R3Z8J6, STM32H7R3Z8T6, STM32H7R7A8I6, STM32H7R7I8K6, STM32H7R7I8T6, STM32H7R7L8H6, STM32H7R7L8H6H, STM32H7R7Z8J6, STM32H7S3A8I6, STM32H7S3I8K6, STM32H7S3I8T6, STM32H7S3L8H6, STM32H7S3L8H6H, STM32H7S3R8V6, STM32H7S3V8H6, STM32H7S3V8T6, STM32H7S3V8Y6TR, STM32H7S3Z8J6, STM32H7S3Z8T6, STM32H7S78-DK, STM32H7S7A8I6, STM32H7S7I8K6, STM32H7S7I8T6, STM32H7S7L8H6, STM32H7S7L8H6H, STM32H7S7Z8J6, STM32L4R5QGI6STR, STM32MP131AAE3, STM32MP131AAF3, STM32MP131AAG3, STM32MP131CAE3, STM32MP131CAF3, STM32MP131CAG3, STM32MP131DAE7, STM32MP131DAF7, STM32MP131DAG7, STM32MP131FAE7, STM32MP131FAF7, STM32MP131FAG7, STM32MP133AAE3, STM32MP133AAF3, STM32MP133AAG3, STM32MP133CAE3, STM32MP133CAF3, STM32MP133CAG3, STM32MP133DAE7, STM32MP133DAF7, STM32MP133DAG7, STM32MP133FAE7, STM32MP133FAF7, STM32MP133FAG7, STM32MP135AAE3, STM32MP135AAF3, STM32MP135AAG3, STM32MP135CAE3, STM32MP135CAF3, STM32MP135CAG3, STM32MP135DAE7, STM32MP135DAF7, STM32MP135DAG7, STM32MP135F-DK, STM32MP135FAE7, STM32MP135FAF7, STM32MP135FAF7T, STM32MP135FAF7U, STM32MP135FAG7, STM32MP211AAL3, STM32MP211AAM3, STM32MP211AAN3, STM32MP211AAO3, STM32MP211CAL3, STM32MP211CAM3, STM32MP211CAN3, STM32MP211CAO3, STM32MP211DAL3, STM32MP211DAM3, STM32MP211DAN3, STM32MP211DAO3, STM32MP211FAL3, STM32MP211FAM3, STM32MP211FAN3, STM32MP211FAO3, STM32MP213AAL3, STM32MP213AAM3, STM32MP213AAN3, STM32MP213AAO3, STM32MP213CAL3, STM32MP213CAM3, STM32MP213CAN3, STM32MP213CAO3, STM32MP213DAL3, STM32MP213DAM3, STM32MP213DAN3, STM32MP213DAO3, STM32MP213FAL3, STM32MP213FAM3, STM32MP213FAN3, STM32MP213FAO3, STM32MP215AAL3, STM32MP215AAM3, STM32MP215AAN3, STM32MP215AAO3, STM32MP215CAL3, STM32MP215CAM3, STM32MP215CAN3, STM32MP215CAO3, STM32MP215DAL3, STM32MP215DAM3, STM32MP215DAN3, STM32MP215DAO3, STM32MP215F-DK, STM32MP215FAL3, STM32MP215FAM3, STM32MP215FAN3, STM32MP215FAO3, STM32MP231AAJ3, STM32MP231AAK3, STM32MP231AAL3, STM32MP231CAJ3, STM32MP231CAK3, STM32MP231CAL3, STM32MP231DAJ3, STM32MP231DAK3, STM32MP231DAL3, STM32MP231FAJ3, STM32MP231FAK3, STM32MP231FAL3, STM32MP233AAJ3, STM32MP233AAK3, STM32MP233AAL3, STM32MP233CAJ3, STM32MP233CAK3, STM32MP233CAL3, STM32MP233DAJ3, STM32MP233DAK3, STM32MP233DAL3, STM32MP233FAJ3, STM32MP233FAK3, STM32MP233FAL3, STM32MP235AAJ3, STM32MP235AAK3, STM32MP235AAL3, STM32MP235CAJ3, STM32MP235CAK3, STM32MP235CAL3, STM32MP235DAJ3, STM32MP235DAK3, STM32MP235DAL3, STM32MP235FAJ3, STM32MP235FAK3, STM32MP235FAL3, STM32MP251AAI3, STM32MP251AAK3, STM32MP251AAL3, STM32MP251CAI3, STM32MP251CAK3, STM32MP251CAL3, STM32MP251DAI3, STM32MP251DAK3, STM32MP251DAL3, STM32MP251FAI3, STM32MP251FAK3, STM32MP251FAL3, STM32MP253AAI3, STM32MP253AAK3, STM32MP253AAL3, STM32MP253CAI3, STM32MP253CAK3, STM32MP253CAL3, STM32MP253DAI3, STM32MP253DAK3, STM32MP253DAL3, STM32MP253FAI3, STM32MP253FAK3, STM32MP253FAL3, STM32MP255AAI3, STM32MP255AAK3, STM32MP255AAL3, STM32MP255CAI3, STM32MP255CAK3, STM32MP255CAL3, STM32MP255DAI3, STM32MP255DAK3, STM32MP255DAL3, STM32MP255FAI3, STM32MP255FAK3, STM32MP255FAL3, STM32MP257AAI3, STM32MP257AAK3, STM32MP257AAL3, STM32MP257CAI3, STM32MP257CAK3, STM32MP257CAL3, STM32MP257DAI3, STM32MP257DAK3, STM32MP257DAL3, STM32MP257F-DK, STM32MP257F-EV1, STM32MP257FAI3, STM32MP257FAK3, STM32MP257FAL3, STM32N645A0H3Q, STM32N645B0H3Q, STM32N645I0H3Q, STM32N645L0H3Q, STM32N645X0H3Q, STM32N645Z0H3Q, STM32N647A0H3Q, STM32N647B0H3Q, STM32N647I0H3Q, STM32N647L0H3Q, STM32N647X0H3Q, STM32N647Z0H3Q, STM32N655A0H3Q, STM32N655B0H3Q, STM32N655I0H3Q, STM32N655L0H3Q, STM32N655X0H3Q, STM32N655Z0H3Q, STM32N6570-DK, STM32N657A0H3Q, STM32N657B0H3Q, STM32N657I0H3Q, STM32N657L0H3Q, STM32N657X0H3Q, STM32N657Z0H3Q, STM32U031C6T6, STM32U031C6U6, STM32U031C8T6, STM32U031C8U6, STM32U031F4P6, STM32U031F6P6, STM32U031F8P6, STM32U031G6Y6TR, STM32U031G8Y6TR, STM32U031K4U6, STM32U031K6U6, STM32U031K8U6, STM32U031R6I6, STM32U031R6T6, STM32U031R8I6, STM32U031R8T6, STM32U073C8T6, STM32U073C8U6, STM32U073CBT6, STM32U073CBU6, STM32U073CCT6, STM32U073CCU6, STM32U073H8Y6TR, STM32U073HBY6TR, STM32U073HCY6TR, STM32U073K8U6, STM32U073KBU6, STM32U073KCU6, STM32U073M8I6, STM32U073M8T6, STM32U073MBI6, STM32U073MBT6, STM32U073MCI6, STM32U073MCT6, STM32U073R8I6, STM32U073R8T6, STM32U073RBI6, STM32U073RBT6, STM32U073RCI6, STM32U073RCT6, STM32U083C-DK, STM32U083CCT6, STM32U083CCU6, STM32U083HCY6TR, STM32U083KCU6, STM32U083MCI6, STM32U083MCT6, STM32U083RCI6, STM32U083RCT6, STM32U375CET6, STM32U375CET6Q, STM32U375CEU6, STM32U375CEU6Q, STM32U375CEY6QTR, STM32U375CGT6, STM32U375CGT6Q, STM32U375CGU6, STM32U375CGU6Q, STM32U375CGY6QTR, STM32U375KEU6, STM32U375KGU6, STM32U375REI6, STM32U375REI6Q, STM32U375RET6, STM32U375RET6Q, STM32U375REY6GTR, STM32U375REY6QTR, STM32U375RGI6, STM32U375RGI6Q, STM32U375RGT6, STM32U375RGT6Q, STM32U375RGY6GTR, STM32U375RGY6QTR, STM32U375VEI6, STM32U375VEI6Q, STM32U375VET6, STM32U375VET6Q, STM32U375VGI6, STM32U375VGI6Q, STM32U375VGT6, STM32U375VGT6Q, STM32U385CGT6, STM32U385CGT6Q, STM32U385CGU6, STM32U385CGU6Q, STM32U385CGY6QTR, STM32U385KGU6, STM32U385RGI6, STM32U385RGI6Q, STM32U385RGT6, STM32U385RGT6Q, STM32U385RGY6GTR, STM32U385RGY6QTR, STM32U385VGI6, STM32U385VGI6Q, STM32U385VGT6, STM32U385VGT6Q, STM32U535CBT6, STM32U535CBT6Q, STM32U535CBU6, STM32U535CBU6Q, STM32U535CCT6, STM32U535CCT6Q, STM32U535CCU6, STM32U535CCU6Q, STM32U535CET6, STM32U535CET6Q, STM32U535CEU6, STM32U535CEU6Q, STM32U535JEY6QTR, STM32U535NCY6QTR, STM32U535NEY6QTR, STM32U535RBI6, STM32U535RBI6Q, STM32U535RBT6, STM32U535RBT6Q, STM32U535RCI6, STM32U535RCI6Q, STM32U535RCT6, STM32U535RCT6Q, STM32U535REI6, STM32U535REI6Q, STM32U535RET6, STM32U535RET6Q, STM32U535VCI6, STM32U535VCI6Q, STM32U535VCT6, STM32U535VCT6Q, STM32U535VEI6, STM32U535VEI6Q, STM32U535VET6, STM32U535VET6Q, STM32U545CET6, STM32U545CET6Q, STM32U545CEU6, STM32U545CEU6Q, STM32U545JEY6QTR, STM32U545NEY6QTR, STM32U545REI6, STM32U545REI6Q, STM32U545RET6, STM32U545RET6Q, STM32U545VEI6, STM32U545VEI6Q, STM32U545VET6, STM32U545VET6Q, STM32U595AIH6, STM32U595AIH6Q, STM32U595AJH6, STM32U595AJH6Q, STM32U595QII6, STM32U595QII6Q, STM32U595QJI6, STM32U595QJI6Q, STM32U595RIT6, STM32U595RIT6Q, STM32U595RJT6, STM32U595RJT6Q, STM32U595VIT6, STM32U595VIT6Q, STM32U595VJT6, STM32U595VJT6Q, STM32U595ZIT6, STM32U595ZIT6Q, STM32U595ZIY6QTR, STM32U595ZJT6, STM32U595ZJT6Q, STM32U595ZJY6QTR, STM32U599BJY6QTR, STM32U599NIH6Q, STM32U599NJH6Q, STM32U599VIT6Q, STM32U599VJT6, STM32U599VJT6Q, STM32U599ZIT6Q, STM32U599ZIY6QTR, STM32U599ZJT6Q, STM32U599ZJY6QTR, STM32U5A5AJH6, STM32U5A5AJH6Q, STM32U5A5QII3Q , STM32U5A5QJI6, STM32U5A5QJI6Q, STM32U5A5RJT6, STM32U5A5RJT6Q, STM32U5A5VJT6, STM32U5A5VJT6Q, STM32U5A5ZJT6, STM32U5A5ZJT6Q, STM32U5A5ZJY6QTR, STM32U5A9BJY6QTR, STM32U5A9J-DK, STM32U5A9NJH6Q, STM32U5A9VJT6Q, STM32U5A9ZJT6Q, STM32U5A9ZJY6QTR, STM32U5F7VIT6, STM32U5F7VIT6Q, STM32U5F7VJT6, STM32U5F7VJT6Q, STM32U5F9BJY6QTR, STM32U5F9NJH6Q, STM32U5F9VIT6Q, STM32U5F9VJT6Q, STM32U5F9ZIJ6QTR, STM32U5F9ZIT6Q, STM32U5F9ZJJ6QTR, STM32U5F9ZJT6Q, STM32U5G7VJT6, STM32U5G7VJT6Q, STM32U5G9BJY6QTR, STM32U5G9J-DK1, STM32U5G9J-DK2, STM32U5G9NJH6Q, STM32U5G9VJT6Q, STM32U5G9ZJJ6QTR, STM32U5G9ZJT6Q, STM32WB05KZV6TR, STM32WB05KZV7TR, STM32WB05TZF6TR, STM32WB05TZF7TR, STM32WB06CCF6TR, STM32WB06CCF7TR, STM32WB06CCV6TR, STM32WB06CCV7TR, STM32WB06KCV6TR, STM32WB06KCV7TR, STM32WB07CCF6TR, STM32WB07CCF7TR, STM32WB07CCV6TR, STM32WB07CCV7TR, STM32WB07KCV6TR, STM32WB07KCV7TR, STM32WB09KEV6TR, STM32WB09KEV7TR, STM32WB09TEF6TR, STM32WB09TEF7TR, STM32WB1MMCH6, STM32WBA50KGU6, STM32WBA50KGU6TR, STM32WBA52CEU6, STM32WBA52CEU6TR, STM32WBA52CEU7, STM32WBA52CEU7TR, STM32WBA52CGU6, STM32WBA52CGU6TR, STM32WBA52CGU6U, STM32WBA52CGU7, STM32WBA52CGU7TR, STM32WBA52KEU6, STM32WBA52KEU6TR, STM32WBA52KGU6, STM32WBA52KGU6TR, STM32WBA54CEU6, STM32WBA54CEU6TR, STM32WBA54CEU7, STM32WBA54CEU7TR, STM32WBA54CGU6, STM32WBA54CGU6TR, STM32WBA54CGU7, STM32WBA54CGU7TR, STM32WBA54KEU6, STM32WBA54KEU6TR, STM32WBA54KEU7, STM32WBA54KEU7TR, STM32WBA54KGU6, STM32WBA54KGU6TR, STM32WBA54KGU7, STM32WBA54KGU7TR, STM32WBA55CEU6, STM32WBA55CEU6TR, STM32WBA55CEU7, STM32WBA55CEU7TR, STM32WBA55CGU6, STM32WBA55CGU6TR, STM32WBA55CGU6U, STM32WBA55CGU7, STM32WBA55CGU7TR, STM32WBA55G-DK1, STM32WBA55HEF6, STM32WBA55HEF7, STM32WBA55HGF6, STM32WBA55HGF7, STM32WBA55UEI6, STM32WBA55UEI6TR, STM32WBA55UEI7, STM32WBA55UEI7TR, STM32WBA55UGI6, STM32WBA55UGI6TR, STM32WBA55UGI7, STM32WBA55UGI7TR, STM32WBA5MMGH6TR, STM32WBA62MGF6, STM32WBA62MIF6, STM32WBA65MGF7, STM32WBA65MIF6, STM32WBA65MIF7, STM32WL30K8V6, STM32WL30KBV6, STM32WL31C8V6, STM32WL31CBV6, STM32WL31K8V6, STM32WL31KBV6, STM32WL33C8V6, STM32WL33C8V6X, STM32WL33CBV6, STM32WL33CBV6X, STM32WL33CCV6, STM32WL33CCV6A, STM32WL33CCV6X, STM32WL33K8V7, STM32WL33K8V7X, STM32WL33KBV7 , STM32WL33KBV7X, STM32WL33KCV7, STM32WL33KCV7X, STM32WL5MOCH6, STM32WL5MOCH6TR]
2025-12-30 19:32:41,923 [INFO] DbMcus:218 - Found 4876 MCUs, 4876 are supported
2025-12-30 19:32:41,924 [INFO] ApiDb:423 - Load user favorites file C:\Users\SNYDE/.stm32cubeide/favorites.mcus.txt: 0 item(s)
2025-12-30 19:32:41,924 [WARN] PackLoader:240 - Cannot read IP mode file for STMicroelectronics.X-CUBE-WB05N.1.1.0
2025-12-30 19:32:41,924 [INFO] ApiDb:427 - User favorites MCUs=[]
2025-12-30 19:32:41,924 [INFO] DbMcus:224 - Set 0 / 0 favorites MCUs
2025-12-30 19:32:41,933 [WARN] PackLoader:240 - Cannot read IP mode file for STMicroelectronics.X-CUBE-ST60.1.0.0
2025-12-30 19:32:41,982 [WARN] PackLoader:240 - Cannot read IP mode file for STMicroelectronics.X-CUBE-AZRTOS-F7.1.1.0
2025-12-30 19:32:41,997 [WARN] PackLoader:240 - Cannot read IP mode file for STMicroelectronics.FP-SNS-MOTENV1.5.1.0
2025-12-30 19:32:42,005 [WARN] PackLoader:240 - Cannot read IP mode file for STMicroelectronics.FP-SNS-FLIGHT1.5.0.2
2025-12-30 19:32:42,035 [WARN] PackLoader:240 - Cannot read IP mode file for Infineon.AIROC-Wi-Fi-Bluetooth-STM32.1.7.0
2025-12-30 19:32:42,076 [WARN] PackLoader:240 - Cannot read IP mode file for STMicroelectronics.X-CUBE-AZRTOS-H7.3.4.0
2025-12-30 19:32:42,088 [WARN] PackLoader:240 - Cannot read IP mode file for STMicroelectronics.X-CUBE-DISPLAY.3.0.0
2025-12-30 19:32:42,101 [WARN] PackLoader:240 - Cannot read IP mode file for STMicroelectronics.X-CUBE-BLE1.7.0.0
2025-12-30 19:32:42,111 [WARN] PackLoader:240 - Cannot read IP mode file for STMicroelectronics.X-CUBE-NFC10.1.0.0
2025-12-30 19:32:42,125 [WARN] PackLoader:240 - Cannot read IP mode file for STMicroelectronics.X-CUBE-BLEMGR.4.0.0
2025-12-30 19:32:42,134 [WARN] PackLoader:240 - Cannot read IP mode file for STMicroelectronics.X-CUBE-ST60.1.1.0
2025-12-30 19:32:42,144 [WARN] PackLoader:240 - Cannot read IP mode file for emotas.I-CUBE-CANOPEN.1.3.0
2025-12-30 19:32:42,152 [WARN] PackLoader:240 - Cannot read IP mode file for STMicroelectronics.X-CUBE-GNSS1.7.1.0
2025-12-30 19:32:42,161 [WARN] PackLoader:240 - Cannot read IP mode file for STMicroelectronics.X-CUBE-AI.10.0.0
2025-12-30 19:32:42,171 [WARN] PackLoader:240 - Cannot read IP mode file for STMicroelectronics.FP-SNS-STBOX1.2.1.0
2025-12-30 19:32:42,182 [WARN] PackLoader:240 - Cannot read IP mode file for STMicroelectronics.FP-SNS-SMARTAG2.1.2.0
2025-12-30 19:32:42,187 [WARN] PackLoader:240 - Cannot read IP mode file for STMicroelectronics.FP-SNS-FLIGHT1.5.1.0
2025-12-30 19:32:42,205 [ERROR] LogOutputStream:75 - [STDERR_REDIRECT] [Fatal Error] :1:1: Premature end of file.
2025-12-30 19:32:42,205 [ERROR] LogOutputStream:75 - [STDERR_REDIRECT] 
2025-12-30 19:32:42,244 [WARN] PackLoader:240 - Cannot read IP mode file for STMicroelectronics.X-CUBE-MEMS1.11.1.0
2025-12-30 19:32:42,446 [INFO] LogOutputStream:77 - [STDOUT_REDIRECT] 1 : Invalid condition id : UX_CORESTACK_Condition cause : null
2025-12-30 19:32:42,446 [INFO] LogOutputStream:77 - [STDOUT_REDIRECT] 1 : Invalid condition id : UX_CORESTACK_Condition cause : null
2025-12-30 19:32:42,448 [INFO] LogOutputStream:77 - [STDOUT_REDIRECT] 1 : Invalid condition id : UX_CORESTACK_Condition cause : null
2025-12-30 19:32:42,449 [INFO] LogOutputStream:77 - [STDOUT_REDIRECT] 1 : Invalid condition id : UX_CORESTACK_Condition cause : null
2025-12-30 19:32:42,451 [INFO] LogOutputStream:77 - [STDOUT_REDIRECT] 1 : Invalid condition id : UX_CORESTACK_Condition cause : null
2025-12-30 19:32:42,454 [WARN] PackLoader:240 - Cannot read IP mode file for STMicroelectronics.X-CUBE-AZRTOS-WL.2.0.0
2025-12-30 19:32:42,461 [WARN] PackLoader:240 - Cannot read IP mode file for STMicroelectronics.FP-SNS-MOTENV1.5.0.0
2025-12-30 19:32:42,485 [WARN] PackLoader:240 - Cannot read IP mode file for STMicroelectronics.X-CUBE-AZRTOS-H7RS.1.2.0
2025-12-30 19:32:42,495 [WARN] PackLoader:240 - Cannot read IP mode file for wolfSSL.I-CUBE-wolfMQTT.1.19.0
2025-12-30 19:32:42,505 [WARN] PackLoader:240 - Cannot read IP mode file for WES.I-CUBE-Cesium.1.3.0
2025-12-30 19:32:42,513 [WARN] PackLoader:240 - Cannot read IP mode file for STMicroelectronics.X-CUBE-BLE2.3.3.0
2025-12-30 19:32:42,540 [WARN] PackLoader:240 - Cannot read IP mode file for STMicroelectronics.X-CUBE-NFC9.1.0.0
2025-12-30 19:32:42,548 [WARN] PackLoader:240 - Cannot read IP mode file for STMicroelectronics.X-CUBE-BLE1.7.1.0
2025-12-30 19:32:42,556 [WARN] PackLoader:240 - Cannot read IP mode file for STMicroelectronics.X-CUBE-FREERTOS.1.4.0
2025-12-30 19:32:42,565 [WARN] PackLoader:240 - Cannot read IP mode file for STMicroelectronics.X-CUBE-EEPRMA1.5.2.0
2025-12-30 19:32:42,574 [WARN] PackLoader:240 - Cannot read IP mode file for STMicroelectronics.X-CUBE-ST67W61.1.1.0
2025-12-30 19:32:42,581 [WARN] PackLoader:240 - Cannot read IP mode file for STMicroelectronics.X-CUBE-AI.10.1.0
2025-12-30 19:32:42,648 [WARN] PackLoader:240 - Cannot read IP mode file for STMicroelectronics.X-CUBE-MEMS1.12.0.0
2025-12-30 19:32:42,793 [WARN] PackLoader:240 - Cannot read IP mode file for STMicroelectronics.X-CUBE-MEMS1.11.2.0
2025-12-30 19:32:42,872 [INFO] ApiDb:668 - CubeFinder database Data Model version=2.1
2025-12-30 19:32:42,872 [INFO] ApiDb:669 - CubeFinder database Configuration version=3.0.39
2025-12-30 19:32:42,872 [INFO] ApiDb:670 - CubeFinder database generation date=2025-12-22 (1766407740)
2025-12-30 19:32:42,872 [INFO] ApiDb:671 - CubeFinder database FW Pack versions=[FP-ATR-ASTRA1_V2.0.0, FP-SNS-FLIGHT1_V5.1.0, FP-SNS-MOTENV1_V5.1.0, FP-SNS-MOTENVWB1_V1.4.0, FP-SNS-SMARTAG2_V1.2.0, FP-SNS-STBOX1_V2.1.0, STM32Cube_FW_C0_V1.4.0, STM32Cube_FW_F4_V1.28.3, STM32Cube_FW_F7_V1.17.4, STM32Cube_FW_G0_V1.6.2, STM32Cube_FW_G4_V1.6.1, STM32Cube_FW_H5_V1.5.1, STM32Cube_FW_H7RS_V1.3.0, STM32Cube_FW_H7_V1.12.1, STM32Cube_FW_L0_V1.12.2, STM32Cube_FW_L4_V1.18.1, STM32Cube_FW_L5_V1.6.0, STM32Cube_FW_N6_V1.3.0, STM32Cube_FW_U0_V1.3.0, STM32Cube_FW_U3_V1.2.1, STM32Cube_FW_U5_V1.8.0, STM32Cube_FW_WB0_V1.4.0, STM32Cube_FW_WBA_V1.8.0, STM32Cube_FW_WB_V1.24.0, STM32Cube_FW_WL3_V1.3.0, STM32Cube_FW_WL_V1.4.0, X-CUBE-ALGOBUILD_V1.4.0, X-CUBE-ALS_V1.0.2, X-CUBE-AZRTOS-F4_V1.1.0, X-CUBE-AZRTOS-F7_V1.1.0, X-CUBE-AZRTOS-G0_V1.1.0, X-CUBE-AZRTOS-G4_V2.0.0, X-CUBE-AZRTOS-H7RS_V1.1.0, X-CUBE-AZRTOS-H7_V3.4.0, X-CUBE-AZRTOS-L4_V2.0.0, X-CUBE-AZRTOS-L5_V2.0.0, X-CUBE-AZRTOS-WB_V2.0.0, X-CUBE-AZRTOS-WL_V2.0.0, X-CUBE-BLE1_V7.1.0, X-CUBE-BLE2_V3.3.0, X-CUBE-BLEMGR_V4.1.0, X-CUBE-EEPRMA1_V5.2.0, X-CUBE-FREERTOS_V1.3.1, X-CUBE-GNSS1_V6.0.0, X-CUBE-MEMS1_V12.0.0, X-CUBE-NFC4_V3.0.0, X-CUBE-NFC7_V2.0.0, X-CUBE-SFXS2LP1_V4.0.0, X-CUBE-ST67W61_V1.1.0, X-CUBE-SUBG2_V5.0.0, X-CUBE-TOF1_V3.4.3]
2025-12-30 19:32:42,904 [WARN] PackLoader:240 - Cannot read IP mode file for STMicroelectronics.X-CUBE-AZRTOS-G0.1.1.0
2025-12-30 19:32:42,913 [WARN] PackLoader:240 - Cannot read IP mode file for STMicroelectronics.X-CUBE-SAFEA1.1.2.2
2025-12-30 19:32:42,919 [WARN] PackLoader:240 - Cannot read IP mode file for STMicroelectronics.X-CUBE-NFC4.3.0.0
2025-12-30 19:32:42,931 [WARN] PackLoader:240 - Cannot read IP mode file for EmbeddedOffice.I-CUBE-FS-RTOS.1.0.1
2025-12-30 19:32:42,936 [WARN] PackLoader:240 - Cannot read IP mode file for STMicroelectronics.X-CUBE-WB05N.2.0.0
2025-12-30 19:32:42,943 [WARN] PackLoader:240 - Cannot read IP mode file for STMicroelectronics.X-CUBE-TCPP.4.2.0
2025-12-30 19:32:42,952 [WARN] PackLoader:240 - Cannot read IP mode file for RealThread.X-CUBE-RT-Thread_Nano.4.1.1
2025-12-30 19:32:42,953 [INFO] DbBoardsSqlite:226 - include board P-NUCLEO-WB55-NUCLEO as a kit item of type 'Nucleo-64'
2025-12-30 19:32:42,954 [INFO] DbBoardsSqlite:226 - include board P-NUCLEO-WB55-USBDONGLE as a kit item of type 'Nucleo USB Dongle'
2025-12-30 19:32:42,954 [INFO] DbBoardsSqlite:226 - include board STEVAL-IDP005V1 as a kit item of type 'Evaluation Board'
2025-12-30 19:32:42,955 [INFO] DbBoardsSqlite:226 - include board STEVAL-IDP005V2 as a kit item of type 'Evaluation Board'
2025-12-30 19:32:42,957 [WARN] PackLoader:240 - Cannot read IP mode file for STMicroelectronics.FP-ATR-SIGFOX1.3.2.0
2025-12-30 19:32:42,963 [WARN] ConditionMgr:438 - getConditionDescription Invalid condition id : Cortex-A Device cause : null
2025-12-30 19:32:42,972 [WARN] ConditionMgr:1044 - genDependencies : Invalid condition id : Cortex-A Device cause : null
2025-12-30 19:32:42,972 [WARN] ConditionMgr:1044 - genDependencies : Invalid condition id : Cortex-A Device cause : null
2025-12-30 19:32:42,972 [WARN] ConditionMgr:1044 - genDependencies : Invalid condition id : Cortex-A Device cause : null
2025-12-30 19:32:42,978 [WARN] PackLoader:240 - Cannot read IP mode file for STMicroelectronics.X-CUBE-EEPRMA1.5.1.0
2025-12-30 19:32:42,983 [WARN] PackLoader:240 - Cannot read IP mode file for wolfSSL.I-CUBE-wolfSSL.5.7.4
2025-12-30 19:32:42,989 [WARN] PackLoader:240 - Cannot read IP mode file for ITTIA_DB.I-CUBE-ITTIADB.8.9.0
2025-12-30 19:32:42,997 [WARN] PackLoader:240 - Cannot read IP mode file for STMicroelectronics.X-CUBE-ST67W61.1.0.0
2025-12-30 19:32:43,000 [WARN] PackLoader:240 - Cannot read IP mode file for STMicroelectronics.X-CUBE-AI.10.2.0
2025-12-30 19:32:43,030 [WARN] PackLoader:240 - Cannot read IP mode file for SEGGER.I-CUBE-embOS.1.3.1
2025-12-30 19:32:43,064 [INFO] ApiDb:240 - Found 880 in-development CPN: [B-G473E-ZEST1S, B-WB1M-WPAN1, B-WBA5M-WPAN, B-WL5M-SUBG1, NUCLEO-C031C6, NUCLEO-C051C8, NUCLEO-C071RB, NUCLEO-C092RC, NUCLEO-H503RB, NUCLEO-H533RE, NUCLEO-H563ZI, NUCLEO-H7S3L8, NUCLEO-N657X0-Q, NUCLEO-U031R8, NUCLEO-U083RC, NUCLEO-U385RG-Q, NUCLEO-U545RE-Q, NUCLEO-U5A5ZJ-Q, NUCLEO-WB05KZ, NUCLEO-WB07CC, NUCLEO-WB09KE, NUCLEO-WBA52CG, NUCLEO-WBA55CG, NUCLEO-WL33CC1, NUCLEO-WL33CC2, STEVAL-PROTEUS1, STEVAL-SMARTAG2, STEVAL-STWINBX1, STM320518-EVAL, STM32C0116-DK, STM32C011D6Y3TR, STM32C011D6Y6TR, STM32C011F4P3, STM32C011F4P6, STM32C011F4U3, STM32C011F4U6TR, STM32C011F6P3, STM32C011F6P6, STM32C011F6U3, STM32C011F6U6TR, STM32C011J4M3, STM32C011J4M6, STM32C011J6M3, STM32C011J6M6, STM32C0316-DK, STM32C031C4T3, STM32C031C4T6, STM32C031C4U3, STM32C031C4U6, STM32C031C6T3, STM32C031C6T6, STM32C031C6U3, STM32C031C6U6, STM32C031F4P3, STM32C031F4P6, STM32C031F6P3, STM32C031F6P6, STM32C031G4U3, STM32C031G4U6, STM32C031G6U3, STM32C031G6U6, STM32C031K4T3, STM32C031K4T6, STM32C031K4U3, STM32C031K4U6, STM32C031K6T3, STM32C031K6T6, STM32C031K6U3, STM32C031K6U6, STM32C051C6T6, STM32C051C6U6, STM32C051C8T6, STM32C051C8U6, STM32C051D8Y6TR, STM32C051F6P6, STM32C051F8P6, STM32C051G6U6, STM32C051G8U6, STM32C051K6T6, STM32C051K6U6, STM32C051K8T6, STM32C071C8T6, STM32C071C8T6N, STM32C071C8U6, STM32C071C8U6N, STM32C071CBT6, STM32C071CBT6N, STM32C071CBU6, STM32C071CBU6N, STM32C071F8P6, STM32C071F8P6N, STM32C071FBP6, STM32C071FBP6N, STM32C071FBY6TR, STM32C071G8U6, STM32C071G8U6N, STM32C071GBU6, STM32C071GBU6N, STM32C071K8T6, STM32C071K8T6N, STM32C071K8U6, STM32C071K8U6N, STM32C071KBT6, STM32C071KBT6N, STM32C071KBU6, STM32C071KBU6N, STM32C071R8T6, STM32C071R8T6N, STM32C071RBI6N, STM32C071RBT6, STM32C071RBT6N, STM32C091CBT6, STM32C091CBU6, STM32C091CCT6, STM32C091CCU6, STM32C091ECY6TR, STM32C091FBP6, STM32C091FCP6, STM32C091GBU6, STM32C091GCU6, STM32C091KBT6, STM32C091KBU6, STM32C091KCT6, STM32C091KCU6, STM32C091RBT6, STM32C091RCI6, STM32C091RCT6, STM32C092CBT6, STM32C092CBU6, STM32C092CCT6, STM32C092CCU6, STM32C092ECY6TR, STM32C092FBP6, STM32C092FCP6, STM32C092GBU6, STM32C092GCU6, STM32C092KBT6, STM32C092KBU6, STM32C092KCT6, STM32C092KCU6, STM32C092RBT6, STM32C092RCI6, STM32C092RCT6, STM32G071K8TXN, STM32G071K8UXN, STM32G081GBU6N, STM32G081KBT6N, STM32G081KBUXN, STM32G0B1CCT6N, STM32G0B1KCT6, STM32G0B1NEY6TR, STM32G0B1RCT6N, STM32G0C1CCT6, STM32G0C1CCT6N, STM32G0C1CCU6N, STM32G0C1CET6N, STM32G0C1CEU6N, STM32G0C1KCT6, STM32G0C1NEY6TR, STM32G0C1RCI6N, STM32G0C1RCT6N, STM32G0C1REI6N, STM32G0C1RET6N, STM32G0C1VCI6, STM32G0C1VEI6, STM32G411C6T3, STM32G411C6T6, STM32G411C6U3, STM32G411C6U6, STM32G411C8T3, STM32G411C8T6, STM32G411C8U3, STM32G411C8U6, STM32G411CBT3, STM32G411CBT6, STM32G411CBU3, STM32G411CBU6, STM32G411K6T3, STM32G411K6T6, STM32G411K6U3, STM32G411K6U6, STM32G411K8T3, STM32G411K8T6, STM32G411K8U3, STM32G411K8U6, STM32G411KBT3, STM32G411KBT6, STM32G411KBU3, STM32G411KBU6, STM32G411M6T3, STM32G411M6T6, STM32G411M8T3, STM32G411M8T6, STM32G411MBT3, STM32G411MBT6, STM32G411R6T3, STM32G411R6T6, STM32G411R8T3, STM32G411R8T6, STM32G411RBT3, STM32G411RBT6, STM32G414CBT3, STM32G414CBT6, STM32G414CBU3, STM32G414CBU6, STM32G414CCT3, STM32G414CCT6, STM32G414CCU3, STM32G414CCU6, STM32G414MBT3, STM32G414MBT6, STM32G414MCT3, STM32G414MCT6, STM32G414RBT3, STM32G414RBT6, STM32G414RCT3, STM32G414RCT6, STM32G414VBT3, STM32G414VBT6, STM32G414VCT3, STM32G414VCT6, STM32G431CBT3Z, STM32G431RBT3Z, STM32G471CCT6, STM32G471CCU6, STM32G471CET3, STM32G471CET6, STM32G471CEU3, STM32G471CEU6, STM32G471MCT6, STM32G471MET3, STM32G471MET6, STM32G471MEY6TR, STM32G471QCT6, STM32G471QET3, STM32G471RCT6, STM32G471RET3, STM32G471RET6, STM32G471VCH6, STM32G471VCI6, STM32G471VCT6, STM32G471VEH3, STM32G471VEH6, STM32G471VEI3, STM32G471VEI6, STM32G471VET3, STM32G471VET6, STM32G473QET3Z, STM32G473RET3Z, STM32G474CCT6, STM32G491RET3Z, STM32H503CBT6, STM32H503CBU6, STM32H503EBY6TR, STM32H503KBU6, STM32H503RBT6, STM32H523CCT6, STM32H523CCU6, STM32H523CET6, STM32H523CEU6, STM32H523HEY6TR, STM32H523RCT6, STM32H523RET6, STM32H523VCI6, STM32H523VCT6, STM32H523VEI6, STM32H523VET6, STM32H523ZCJ6, STM32H523ZCT6, STM32H523ZEJ6, STM32H523ZET6, STM32H533CET6, STM32H533CEU6, STM32H533HEY6TR, STM32H533RET6, STM32H533VEI6, STM32H533VET6, STM32H533ZEJ6, STM32H533ZET6, STM32H562AGI6, STM32H562AII6, STM32H562IGK6, STM32H562IGT6, STM32H562IIK6, STM32H562IIT6, STM32H562RGT6, STM32H562RGV6, STM32H562RIT6, STM32H562RIV6, STM32H562VGT6, STM32H562VIT6, STM32H562ZGT6, STM32H562ZIT6, STM32H563AGI6, STM32H563AII3Q, STM32H563AII6, STM32H563IGK6, STM32H563IGT6, STM32H563IIK3Q, STM32H563IIK6, STM32H563IIT3Q, STM32H563IIT6, STM32H563MIY3QTR, STM32H563RGT6, STM32H563RGV6, STM32H563RIT6, STM32H563RIV6, STM32H563VGT6, STM32H563VIT3Q, STM32H563VIT6, STM32H563ZGT6, STM32H563ZIT3Q, STM32H563ZIT6, STM32H573AII3Q, STM32H573AII6, STM32H573I-DK, STM32H573IIK3Q, STM32H573IIK6, STM32H573IIT3Q, STM32H573IIT6, STM32H573MIY3QTR, STM32H573RIT6, STM32H573RIV6, STM32H573VIT3Q, STM32H573VIT6, STM32H573ZIT3Q, STM32H573ZIT6, STM32H7R3A8I6, STM32H7R3I8K6, STM32H7R3I8T6, STM32H7R3L8H6, STM32H7R3L8H6H, STM32H7R3R8V6, STM32H7R3V8H6, STM32H7R3V8T6, STM32H7R3V8Y6TR, STM32H7R3Z8J6, STM32H7R3Z8T6, STM32H7R7A8I6, STM32H7R7I8K6, STM32H7R7I8T6, STM32H7R7L8H6, STM32H7R7L8H6H, STM32H7R7Z8J6, STM32H7S3A8I6, STM32H7S3I8K6, STM32H7S3I8T6, STM32H7S3L8H6, STM32H7S3L8H6H, STM32H7S3R8V6, STM32H7S3V8H6, STM32H7S3V8T6, STM32H7S3V8Y6TR, STM32H7S3Z8J6, STM32H7S3Z8T6, STM32H7S78-DK, STM32H7S7A8I6, STM32H7S7I8K6, STM32H7S7I8T6, STM32H7S7L8H6, STM32H7S7L8H6H, STM32H7S7Z8J6, STM32L4R5QGI6STR, STM32MP131AAE3, STM32MP131AAF3, STM32MP131AAG3, STM32MP131CAE3, STM32MP131CAF3, STM32MP131CAG3, STM32MP131DAE7, STM32MP131DAF7, STM32MP131DAG7, STM32MP131FAE7, STM32MP131FAF7, STM32MP131FAG7, STM32MP133AAE3, STM32MP133AAF3, STM32MP133AAG3, STM32MP133CAE3, STM32MP133CAF3, STM32MP133CAG3, STM32MP133DAE7, STM32MP133DAF7, STM32MP133DAG7, STM32MP133FAE7, STM32MP133FAF7, STM32MP133FAG7, STM32MP135AAE3, STM32MP135AAF3, STM32MP135AAG3, STM32MP135CAE3, STM32MP135CAF3, STM32MP135CAG3, STM32MP135DAE7, STM32MP135DAF7, STM32MP135DAG7, STM32MP135F-DK, STM32MP135FAE7, STM32MP135FAF7, STM32MP135FAF7T, STM32MP135FAF7U, STM32MP135FAG7, STM32MP211AAL3, STM32MP211AAM3, STM32MP211AAN3, STM32MP211AAO3, STM32MP211CAL3, STM32MP211CAM3, STM32MP211CAN3, STM32MP211CAO3, STM32MP211DAL3, STM32MP211DAM3, STM32MP211DAN3, STM32MP211DAO3, STM32MP211FAL3, STM32MP211FAM3, STM32MP211FAN3, STM32MP211FAO3, STM32MP213AAL3, STM32MP213AAM3, STM32MP213AAN3, STM32MP213AAO3, STM32MP213CAL3, STM32MP213CAM3, STM32MP213CAN3, STM32MP213CAO3, STM32MP213DAL3, STM32MP213DAM3, STM32MP213DAN3, STM32MP213DAO3, STM32MP213FAL3, STM32MP213FAM3, STM32MP213FAN3, STM32MP213FAO3, STM32MP215AAL3, STM32MP215AAM3, STM32MP215AAN3, STM32MP215AAO3, STM32MP215CAL3, STM32MP215CAM3, STM32MP215CAN3, STM32MP215CAO3, STM32MP215DAL3, STM32MP215DAM3, STM32MP215DAN3, STM32MP215DAO3, STM32MP215F-DK, STM32MP215FAL3, STM32MP215FAM3, STM32MP215FAN3, STM32MP215FAO3, STM32MP231AAJ3, STM32MP231AAK3, STM32MP231AAL3, STM32MP231CAJ3, STM32MP231CAK3, STM32MP231CAL3, STM32MP231DAJ3, STM32MP231DAK3, STM32MP231DAL3, STM32MP231FAJ3, STM32MP231FAK3, STM32MP231FAL3, STM32MP233AAJ3, STM32MP233AAK3, STM32MP233AAL3, STM32MP233CAJ3, STM32MP233CAK3, STM32MP233CAL3, STM32MP233DAJ3, STM32MP233DAK3, STM32MP233DAL3, STM32MP233FAJ3, STM32MP233FAK3, STM32MP233FAL3, STM32MP235AAJ3, STM32MP235AAK3, STM32MP235AAL3, STM32MP235CAJ3, STM32MP235CAK3, STM32MP235CAL3, STM32MP235DAJ3, STM32MP235DAK3, STM32MP235DAL3, STM32MP235FAJ3, STM32MP235FAK3, STM32MP235FAL3, STM32MP251AAI3, STM32MP251AAK3, STM32MP251AAL3, STM32MP251CAI3, STM32MP251CAK3, STM32MP251CAL3, STM32MP251DAI3, STM32MP251DAK3, STM32MP251DAL3, STM32MP251FAI3, STM32MP251FAK3, STM32MP251FAL3, STM32MP253AAI3, STM32MP253AAK3, STM32MP253AAL3, STM32MP253CAI3, STM32MP253CAK3, STM32MP253CAL3, STM32MP253DAI3, STM32MP253DAK3, STM32MP253DAL3, STM32MP253FAI3, STM32MP253FAK3, STM32MP253FAL3, STM32MP255AAI3, STM32MP255AAK3, STM32MP255AAL3, STM32MP255CAI3, STM32MP255CAK3, STM32MP255CAL3, STM32MP255DAI3, STM32MP255DAK3, STM32MP255DAL3, STM32MP255FAI3, STM32MP255FAK3, STM32MP255FAL3, STM32MP257AAI3, STM32MP257AAK3, STM32MP257AAL3, STM32MP257CAI3, STM32MP257CAK3, STM32MP257CAL3, STM32MP257DAI3, STM32MP257DAK3, STM32MP257DAL3, STM32MP257F-DK, STM32MP257F-EV1, STM32MP257FAI3, STM32MP257FAK3, STM32MP257FAL3, STM32N645A0H3Q, STM32N645B0H3Q, STM32N645I0H3Q, STM32N645L0H3Q, STM32N645X0H3Q, STM32N645Z0H3Q, STM32N647A0H3Q, STM32N647B0H3Q, STM32N647I0H3Q, STM32N647L0H3Q, STM32N647X0H3Q, STM32N647Z0H3Q, STM32N655A0H3Q, STM32N655B0H3Q, STM32N655I0H3Q, STM32N655L0H3Q, STM32N655X0H3Q, STM32N655Z0H3Q, STM32N6570-DK, STM32N657A0H3Q, STM32N657B0H3Q, STM32N657I0H3Q, STM32N657L0H3Q, STM32N657X0H3Q, STM32N657Z0H3Q, STM32U031C6T6, STM32U031C6U6, STM32U031C8T6, STM32U031C8U6, STM32U031F4P6, STM32U031F6P6, STM32U031F8P6, STM32U031G6Y6TR, STM32U031G8Y6TR, STM32U031K4U6, STM32U031K6U6, STM32U031K8U6, STM32U031R6I6, STM32U031R6T6, STM32U031R8I6, STM32U031R8T6, STM32U073C8T6, STM32U073C8U6, STM32U073CBT6, STM32U073CBU6, STM32U073CCT6, STM32U073CCU6, STM32U073H8Y6TR, STM32U073HBY6TR, STM32U073HCY6TR, STM32U073K8U6, STM32U073KBU6, STM32U073KCU6, STM32U073M8I6, STM32U073M8T6, STM32U073MBI6, STM32U073MBT6, STM32U073MCI6, STM32U073MCT6, STM32U073R8I6, STM32U073R8T6, STM32U073RBI6, STM32U073RBT6, STM32U073RCI6, STM32U073RCT6, STM32U083C-DK, STM32U083CCT6, STM32U083CCU6, STM32U083HCY6TR, STM32U083KCU6, STM32U083MCI6, STM32U083MCT6, STM32U083RCI6, STM32U083RCT6, STM32U375CET6, STM32U375CET6Q, STM32U375CEU6, STM32U375CEU6Q, STM32U375CEY6QTR, STM32U375CGT6, STM32U375CGT6Q, STM32U375CGU6, STM32U375CGU6Q, STM32U375CGY6QTR, STM32U375KEU6, STM32U375KGU6, STM32U375REI6, STM32U375REI6Q, STM32U375RET6, STM32U375RET6Q, STM32U375REY6GTR, STM32U375REY6QTR, STM32U375RGI6, STM32U375RGI6Q, STM32U375RGT6, STM32U375RGT6Q, STM32U375RGY6GTR, STM32U375RGY6QTR, STM32U375VEI6, STM32U375VEI6Q, STM32U375VET6, STM32U375VET6Q, STM32U375VGI6, STM32U375VGI6Q, STM32U375VGT6, STM32U375VGT6Q, STM32U385CGT6, STM32U385CGT6Q, STM32U385CGU6, STM32U385CGU6Q, STM32U385CGY6QTR, STM32U385KGU6, STM32U385RGI6, STM32U385RGI6Q, STM32U385RGT6, STM32U385RGT6Q, STM32U385RGY6GTR, STM32U385RGY6QTR, STM32U385VGI6, STM32U385VGI6Q, STM32U385VGT6, STM32U385VGT6Q, STM32U535CBT6, STM32U535CBT6Q, STM32U535CBU6, STM32U535CBU6Q, STM32U535CCT6, STM32U535CCT6Q, STM32U535CCU6, STM32U535CCU6Q, STM32U535CET6, STM32U535CET6Q, STM32U535CEU6, STM32U535CEU6Q, STM32U535JEY6QTR, STM32U535NCY6QTR, STM32U535NEY6QTR, STM32U535RBI6, STM32U535RBI6Q, STM32U535RBT6, STM32U535RBT6Q, STM32U535RCI6, STM32U535RCI6Q, STM32U535RCT6, STM32U535RCT6Q, STM32U535REI6, STM32U535REI6Q, STM32U535RET6, STM32U535RET6Q, STM32U535VCI6, STM32U535VCI6Q, STM32U535VCT6, STM32U535VCT6Q, STM32U535VEI6, STM32U535VEI6Q, STM32U535VET6, STM32U535VET6Q, STM32U545CET6, STM32U545CET6Q, STM32U545CEU6, STM32U545CEU6Q, STM32U545JEY6QTR, STM32U545NEY6QTR, STM32U545REI6, STM32U545REI6Q, STM32U545RET6, STM32U545RET6Q, STM32U545VEI6, STM32U545VEI6Q, STM32U545VET6, STM32U545VET6Q, STM32U595AIH6, STM32U595AIH6Q, STM32U595AJH6, STM32U595AJH6Q, STM32U595QII6, STM32U595QII6Q, STM32U595QJI6, STM32U595QJI6Q, STM32U595RIT6, STM32U595RIT6Q, STM32U595RJT6, STM32U595RJT6Q, STM32U595VIT6, STM32U595VIT6Q, STM32U595VJT6, STM32U595VJT6Q, STM32U595ZIT6, STM32U595ZIT6Q, STM32U595ZIY6QTR, STM32U595ZJT6, STM32U595ZJT6Q, STM32U595ZJY6QTR, STM32U599BJY6QTR, STM32U599NIH6Q, STM32U599NJH6Q, STM32U599VIT6Q, STM32U599VJT6, STM32U599VJT6Q, STM32U599ZIT6Q, STM32U599ZIY6QTR, STM32U599ZJT6Q, STM32U599ZJY6QTR, STM32U5A5AJH6, STM32U5A5AJH6Q, STM32U5A5QII3Q , STM32U5A5QJI6, STM32U5A5QJI6Q, STM32U5A5RJT6, STM32U5A5RJT6Q, STM32U5A5VJT6, STM32U5A5VJT6Q, STM32U5A5ZJT6, STM32U5A5ZJT6Q, STM32U5A5ZJY6QTR, STM32U5A9BJY6QTR, STM32U5A9J-DK, STM32U5A9NJH6Q, STM32U5A9VJT6Q, STM32U5A9ZJT6Q, STM32U5A9ZJY6QTR, STM32U5F7VIT6, STM32U5F7VIT6Q, STM32U5F7VJT6, STM32U5F7VJT6Q, STM32U5F9BJY6QTR, STM32U5F9NJH6Q, STM32U5F9VIT6Q, STM32U5F9VJT6Q, STM32U5F9ZIJ6QTR, STM32U5F9ZIT6Q, STM32U5F9ZJJ6QTR, STM32U5F9ZJT6Q, STM32U5G7VJT6, STM32U5G7VJT6Q, STM32U5G9BJY6QTR, STM32U5G9J-DK1, STM32U5G9J-DK2, STM32U5G9NJH6Q, STM32U5G9VJT6Q, STM32U5G9ZJJ6QTR, STM32U5G9ZJT6Q, STM32WB05KZV6TR, STM32WB05KZV7TR, STM32WB05TZF6TR, STM32WB05TZF7TR, STM32WB06CCF6TR, STM32WB06CCF7TR, STM32WB06CCV6TR, STM32WB06CCV7TR, STM32WB06KCV6TR, STM32WB06KCV7TR, STM32WB07CCF6TR, STM32WB07CCF7TR, STM32WB07CCV6TR, STM32WB07CCV7TR, STM32WB07KCV6TR, STM32WB07KCV7TR, STM32WB09KEV6TR, STM32WB09KEV7TR, STM32WB09TEF6TR, STM32WB09TEF7TR, STM32WB1MMCH6, STM32WBA50KGU6, STM32WBA50KGU6TR, STM32WBA52CEU6, STM32WBA52CEU6TR, STM32WBA52CEU7, STM32WBA52CEU7TR, STM32WBA52CGU6, STM32WBA52CGU6TR, STM32WBA52CGU6U, STM32WBA52CGU7, STM32WBA52CGU7TR, STM32WBA52KEU6, STM32WBA52KEU6TR, STM32WBA52KGU6, STM32WBA52KGU6TR, STM32WBA54CEU6, STM32WBA54CEU6TR, STM32WBA54CEU7, STM32WBA54CEU7TR, STM32WBA54CGU6, STM32WBA54CGU6TR, STM32WBA54CGU7, STM32WBA54CGU7TR, STM32WBA54KEU6, STM32WBA54KEU6TR, STM32WBA54KEU7, STM32WBA54KEU7TR, STM32WBA54KGU6, STM32WBA54KGU6TR, STM32WBA54KGU7, STM32WBA54KGU7TR, STM32WBA55CEU6, STM32WBA55CEU6TR, STM32WBA55CEU7, STM32WBA55CEU7TR, STM32WBA55CGU6, STM32WBA55CGU6TR, STM32WBA55CGU6U, STM32WBA55CGU7, STM32WBA55CGU7TR, STM32WBA55G-DK1, STM32WBA55HEF6, STM32WBA55HEF7, STM32WBA55HGF6, STM32WBA55HGF7, STM32WBA55UEI6, STM32WBA55UEI6TR, STM32WBA55UEI7, STM32WBA55UEI7TR, STM32WBA55UGI6, STM32WBA55UGI6TR, STM32WBA55UGI7, STM32WBA55UGI7TR, STM32WBA5MMGH6TR, STM32WBA62MGF6, STM32WBA62MIF6, STM32WBA65MGF7, STM32WBA65MIF6, STM32WBA65MIF7, STM32WL30K8V6, STM32WL30KBV6, STM32WL31C8V6, STM32WL31CBV6, STM32WL31K8V6, STM32WL31KBV6, STM32WL33C8V6, STM32WL33C8V6X, STM32WL33CBV6, STM32WL33CBV6X, STM32WL33CCV6, STM32WL33CCV6A, STM32WL33CCV6X, STM32WL33K8V7, STM32WL33K8V7X, STM32WL33KBV7 , STM32WL33KBV7X, STM32WL33KCV7, STM32WL33KCV7X, STM32WL5MOCH6, STM32WL5MOCH6TR]
2025-12-30 19:32:43,066 [WARN] PackLoader:240 - Cannot read IP mode file for STMicroelectronics.X-CUBE-ALGOBUILD.1.4.0
2025-12-30 19:32:43,108 [WARN] PackLoader:240 - Cannot read IP mode file for STMicroelectronics.X-CUBE-MEMS1.11.3.0
2025-12-30 19:32:43,302 [WARN] PackLoader:240 - Cannot read IP mode file for STMicroelectronics.X-CUBE-AI.9.1.0
2025-12-30 19:32:43,308 [WARN] PackLoader:240 - Cannot read IP mode file for STMicroelectronics.X-CUBE-PM33A1.1.0.0
2025-12-30 19:32:43,330 [WARN] PackLoader:240 - Cannot read IP mode file for STMicroelectronics.X-CUBE-AZRTOS-F4.1.1.0
2025-12-30 19:32:43,338 [WARN] PackLoader:240 - Cannot read IP mode file for Avnet-IotConnect.X-CUBE-IoTC-DA16k-PMOD.1.0.0
2025-12-30 19:32:43,349 [ERROR] LogOutputStream:75 - [STDERR_REDIRECT] [Fatal Error] :1:1: Premature end of file.
2025-12-30 19:32:43,349 [ERROR] LogOutputStream:75 - [STDERR_REDIRECT] 
2025-12-30 19:32:43,351 [WARN] PackLoader:240 - Cannot read IP mode file for STMicroelectronics.X-CUBE-ISPU.2.1.0
2025-12-30 19:32:43,367 [WARN] PackLoader:240 - Cannot read IP mode file for STMicroelectronics.X-CUBE-IPS.3.2.0
2025-12-30 19:32:43,382 [WARN] PackLoader:240 - Cannot read IP mode file for STMicroelectronics.X-CUBE-NFC12.1.0.0
2025-12-30 19:32:43,400 [WARN] PackLoader:240 - Cannot read IP mode file for STMicroelectronics.X-CUBE-AZRTOS-L5.2.0.0
2025-12-30 19:32:43,414 [WARN] PackLoader:240 - Cannot read IP mode file for STMicroelectronics.X-CUBE-NFC6.3.1.0
2025-12-30 19:32:43,421 [WARN] PackLoader:240 - Cannot read IP mode file for STMicroelectronics.X-CUBE-DPower.1.2.0
2025-12-30 19:32:43,427 [WARN] PackLoader:240 - Cannot read IP mode file for STMicroelectronics.X-CUBE-FREERTOS.1.3.1
2025-12-30 19:32:43,433 [WARN] PackLoader:240 - Cannot read IP mode file for STMicroelectronics.X-CUBE-FREERTOS.1.3.0
2025-12-30 19:32:43,438 [WARN] PackLoader:240 - Cannot read IP mode file for STMicroelectronics.X-CUBE-NFC7.1.0.1
2025-12-30 19:32:43,445 [WARN] PackLoader:240 - Cannot read IP mode file for STMicroelectronics.X-CUBE-TOUCHGFX.4.26.0
2025-12-30 19:32:43,451 [WARN] PackLoader:240 - Cannot read IP mode file for STMicroelectronics.FP-SNS-STAIOTCFT.1.0.0
2025-12-30 19:32:43,455 [WARN] PackLoader:240 - Cannot read IP mode file for STMicroelectronics.X-CUBE-DPower.1.3.0
2025-12-30 19:32:43,473 [WARN] ConditionMgr:438 - getConditionDescription Invalid condition id : LAN8742 Phy interface Condition cause : null
2025-12-30 19:32:43,474 [WARN] PackLoader:240 - Cannot read IP mode file for STMicroelectronics.X-CUBE-AZRTOS-L4.2.0.0
2025-12-30 19:32:43,475 [WARN] ConditionMgr:1044 - genDependencies : Invalid condition id : LAN8742 Phy interface Condition cause : null
2025-12-30 19:32:43,475 [WARN] ConditionMgr:1044 - genDependencies : Invalid condition id : LAN8742 Phy interface Condition cause : null
2025-12-30 19:32:43,476 [WARN] ConditionMgr:1044 - genDependencies : Invalid condition id : LAN8742 Phy interface Condition cause : null
2025-12-30 19:32:43,484 [WARN] PackLoader:240 - Cannot read IP mode file for STMicroelectronics.X-CUBE-SFXS2LP1.4.0.0
2025-12-30 19:32:43,501 [WARN] PackLoader:240 - Cannot read IP mode file for STMicroelectronics.X-CUBE-AZRTOS-H7.3.3.0
2025-12-30 19:32:43,511 [WARN] PackLoader:240 - Cannot read IP mode file for STMicroelectronics.X-CUBE-BLEMGR.4.1.0
2025-12-30 19:32:43,535 [WARN] ConditionMgr:438 - getConditionDescription Invalid condition id : UX DEVICE CLASS RTOS Condition cause : null
2025-12-30 19:32:43,535 [WARN] ConditionMgr:438 - getConditionDescription Invalid condition id : UX DEVICE CLASS RTOS Condition cause : null
2025-12-30 19:32:43,538 [WARN] PackLoader:240 - Cannot read IP mode file for STMicroelectronics.X-CUBE-AZRTOS-WB.2.0.0
2025-12-30 19:32:43,538 [WARN] ConditionMgr:1044 - genDependencies : Invalid condition id : UX DEVICE CLASS RTOS Condition cause : null
2025-12-30 19:32:43,539 [WARN] ConditionMgr:1044 - genDependencies : Invalid condition id : UX DEVICE CLASS RTOS Condition cause : null
2025-12-30 19:32:43,539 [WARN] ConditionMgr:1044 - genDependencies : Invalid condition id : UX DEVICE CLASS RTOS Condition cause : null
2025-12-30 19:32:43,539 [WARN] ConditionMgr:1044 - genDependencies : Invalid condition id : UX DEVICE CLASS RTOS Condition cause : null
2025-12-30 19:32:43,540 [WARN] ConditionMgr:1044 - genDependencies : Invalid condition id : UX DEVICE CLASS RTOS Condition cause : null
2025-12-30 19:32:43,546 [WARN] PackLoader:240 - Cannot read IP mode file for STMicroelectronics.X-CUBE-GNSS1.7.0.1
2025-12-30 19:32:43,550 [WARN] PackLoader:240 - Cannot read IP mode file for STMicroelectronics.X-CUBE-TOUCHGFX.4.25.0
2025-12-30 19:32:43,556 [WARN] PackLoader:240 - Cannot read IP mode file for STMicroelectronics.FP-SNS-STBOX1.2.0.0
2025-12-30 19:32:43,570 [WARN] PackLoader:240 - Cannot read IP mode file for STMicroelectronics.X-CUBE-SUBG2.5.0.0
2025-12-30 19:32:43,592 [WARN] PackLoader:240 - Cannot read IP mode file for STMicroelectronics.X-CUBE-AZRTOS-H7RS.1.1.0
2025-12-30 19:32:43,600 [INFO] BoardInfo:889 - No configuration file found for board P-NUCLEO-WB55
2025-12-30 19:32:43,601 [WARN] PackLoader:240 - Cannot read IP mode file for Cesanta.I-CUBE-Mongoose.7.13.0
2025-12-30 19:32:43,603 [INFO] DbBoards:161 - Kit is not supported: P-NUCLEO-WB55
2025-12-30 19:32:43,617 [WARN] PackLoader:240 - Cannot read IP mode file for STMicroelectronics.X-CUBE-AZRTOS-G4.2.0.0
2025-12-30 19:32:43,621 [WARN] PackLoader:240 - Cannot read IP mode file for STMicroelectronics.X-CUBE-NFC7.2.0.0
2025-12-30 19:32:43,621 [INFO] BoardInfo:889 - No configuration file found for board STEVAL-BFA001V1B
2025-12-30 19:32:43,623 [INFO] DbBoards:161 - Kit is not supported: STEVAL-BFA001V1B
2025-12-30 19:32:43,625 [INFO] BoardInfo:889 - No configuration file found for board STEVAL-BFA001V2B
2025-12-30 19:32:43,628 [INFO] DbBoards:161 - Kit is not supported: STEVAL-BFA001V2B
2025-12-30 19:32:43,633 [WARN] PackLoader:240 - Cannot read IP mode file for STMicroelectronics.X-CUBE-IPS.3.1.0
2025-12-30 19:32:43,641 [WARN] PackLoader:240 - Cannot read IP mode file for STMicroelectronics.X-CUBE-ALS.1.0.2
2025-12-30 19:32:43,676 [WARN] PackLoader:240 - Cannot read IP mode file for STMicroelectronics.X-CUBE-MEMS1.10.0.0
2025-12-30 19:32:44,030 [WARN] PackLoader:240 - Cannot read IP mode file for STMicroelectronics.X-CUBE-TOUCHGFX.4.24.2
2025-12-30 19:32:44,040 [WARN] PackLoader:240 - Cannot read IP mode file for STMicroelectronics.X-CUBE-STSE01.1.0.0
2025-12-30 19:32:44,048 [WARN] PackLoader:240 - Cannot read IP mode file for wolfSSL.I-CUBE-wolfTPM.3.4.0
2025-12-30 19:32:44,058 [WARN] PackLoader:240 - Cannot read IP mode file for portGmbH.I-Cube-SoM-uGOAL.1.1.0
2025-12-30 19:32:44,082 [WARN] PackLoader:240 - Cannot read IP mode file for STMicroelectronics.X-CUBE-AZRTOS-H7RS.1.0.0
2025-12-30 19:32:44,100 [WARN] PackLoader:240 - Cannot read IP mode file for STMicroelectronics.X-CUBE-TOF1.3.4.2
2025-12-30 19:32:44,126 [WARN] PackLoader:240 - Cannot read IP mode file for STMicroelectronics.X-CUBE-TOF1.3.4.3
2025-12-30 19:32:44,127 [INFO] DbBoards:168 - Found 212 boards, 209 are supported
2025-12-30 19:32:44,129 [INFO] DbBoards:169 - Found 212 boards, 43 of them is supported for  Bsp
2025-12-30 19:32:44,133 [INFO] ApiDb:423 - Load user favorites file C:\Users\SNYDE/.stm32cubeide/favorites.boards.txt: 4 item(s)
2025-12-30 19:32:44,134 [INFO] ApiDb:427 - User favorites Boards=[NUCLEO-F411RE, NUCLEO-G431KB, NUCLEO-G474RE, NUCLEO-H755ZI-Q]
2025-12-30 19:32:44,134 [INFO] DbBoards:198 - Set 4 / 4 favorites Boards
2025-12-30 19:32:44,138 [INFO] ApiDb:668 - CubeFinder database Data Model version=2.1
2025-12-30 19:32:44,138 [INFO] ApiDb:669 - CubeFinder database Configuration version=3.0.39
2025-12-30 19:32:44,138 [INFO] ApiDb:670 - CubeFinder database generation date=2025-12-22 (1766407740)
2025-12-30 19:32:44,138 [INFO] ApiDb:671 - CubeFinder database FW Pack versions=[FP-ATR-ASTRA1_V2.0.0, FP-SNS-FLIGHT1_V5.1.0, FP-SNS-MOTENV1_V5.1.0, FP-SNS-MOTENVWB1_V1.4.0, FP-SNS-SMARTAG2_V1.2.0, FP-SNS-STBOX1_V2.1.0, STM32Cube_FW_C0_V1.4.0, STM32Cube_FW_F4_V1.28.3, STM32Cube_FW_F7_V1.17.4, STM32Cube_FW_G0_V1.6.2, STM32Cube_FW_G4_V1.6.1, STM32Cube_FW_H5_V1.5.1, STM32Cube_FW_H7RS_V1.3.0, STM32Cube_FW_H7_V1.12.1, STM32Cube_FW_L0_V1.12.2, STM32Cube_FW_L4_V1.18.1, STM32Cube_FW_L5_V1.6.0, STM32Cube_FW_N6_V1.3.0, STM32Cube_FW_U0_V1.3.0, STM32Cube_FW_U3_V1.2.1, STM32Cube_FW_U5_V1.8.0, STM32Cube_FW_WB0_V1.4.0, STM32Cube_FW_WBA_V1.8.0, STM32Cube_FW_WB_V1.24.0, STM32Cube_FW_WL3_V1.3.0, STM32Cube_FW_WL_V1.4.0, X-CUBE-ALGOBUILD_V1.4.0, X-CUBE-ALS_V1.0.2, X-CUBE-AZRTOS-F4_V1.1.0, X-CUBE-AZRTOS-F7_V1.1.0, X-CUBE-AZRTOS-G0_V1.1.0, X-CUBE-AZRTOS-G4_V2.0.0, X-CUBE-AZRTOS-H7RS_V1.1.0, X-CUBE-AZRTOS-H7_V3.4.0, X-CUBE-AZRTOS-L4_V2.0.0, X-CUBE-AZRTOS-L5_V2.0.0, X-CUBE-AZRTOS-WB_V2.0.0, X-CUBE-AZRTOS-WL_V2.0.0, X-CUBE-BLE1_V7.1.0, X-CUBE-BLE2_V3.3.0, X-CUBE-BLEMGR_V4.1.0, X-CUBE-EEPRMA1_V5.2.0, X-CUBE-FREERTOS_V1.3.1, X-CUBE-GNSS1_V6.0.0, X-CUBE-MEMS1_V12.0.0, X-CUBE-NFC4_V3.0.0, X-CUBE-NFC7_V2.0.0, X-CUBE-SFXS2LP1_V4.0.0, X-CUBE-ST67W61_V1.1.0, X-CUBE-SUBG2_V5.0.0, X-CUBE-TOF1_V3.4.3]
2025-12-30 19:32:44,144 [WARN] PackLoader:240 - Cannot read IP mode file for wolfSSL.I-CUBE-wolfSSH.1.4.17
2025-12-30 19:32:44,145 [INFO] ThirdParty:978 - Integrity check success = true
2025-12-30 19:32:44,145 [INFO] IntegrityCheckThread:100 - exiting critical section [integrity check]
2025-12-30 19:32:44,145 [INFO] IntegrityCheckThread:103 - End integrity checks thread
2025-12-30 19:32:44,228 [ERROR] LogOutputStream:75 - [STDERR_REDIRECT] [Fatal Error] :1:1: Premature end of file.
2025-12-30 19:32:44,229 [ERROR] LogOutputStream:75 - [STDERR_REDIRECT] 
2025-12-30 19:32:45,028 [ERROR] DbExamplesSqlite:437 - Missing JSON key: board_cpn
2025-12-30 19:32:45,028 [ERROR] DbExamplesSqlite:437 - Missing JSON key: board_cpn
2025-12-30 19:32:45,028 [ERROR] DbExamplesSqlite:437 - Missing JSON key: board_cpn
2025-12-30 19:32:45,029 [ERROR] DbExamplesSqlite:437 - Missing JSON key: board_cpn
2025-12-30 19:32:45,194 [ERROR] LogOutputStream:75 - [STDERR_REDIRECT] [Fatal Error] :1:1: Premature end of file.
2025-12-30 19:32:45,195 [ERROR] LogOutputStream:75 - [STDERR_REDIRECT] 
2025-12-30 19:32:45,459 [ERROR] DbExamplesSqlite:437 - Missing JSON key: board_cpn
2025-12-30 19:32:45,460 [ERROR] DbExamplesSqlite:437 - Missing JSON key: board_cpn
2025-12-30 19:32:45,476 [INFO] DbExamplesSqlite:395 - Ignored 42 examples not supported by CubeIDE
2025-12-30 19:32:45,476 [INFO] DbExamplesSqlite:396 - Found 10819 examples active
2025-12-30 19:32:45,477 [INFO] DbExamplesSqlite:397 - Found 0 examples obsolete
2025-12-30 19:32:45,477 [INFO] DbExamplesSqlite:398 - Found 0 examples under development
2025-12-30 19:32:45,477 [INFO] DbExamplesSqlite:399 - Found 85 examples not building
2025-12-30 19:32:45,479 [INFO] DbExamples:125 - Found 10862 examples
2025-12-30 19:32:45,526 [ERROR] DbExamples:208 - Found 73 examples with invalid data (board or MCU)
2025-12-30 19:32:45,527 [INFO] DbExamples:222 - Found 134 boards with related examples
2025-12-30 19:32:45,528 [INFO] DbExamples:235 - Found 111 MCUs with related examples
2025-12-30 19:32:45,552 [INFO] ApiDb:423 - Load user favorites file C:\Users\SNYDE/.stm32cubeide/favorites.examples.txt: 0 item(s)
2025-12-30 19:32:45,552 [INFO] ApiDb:427 - User favorites Examples=[]
2025-12-30 19:32:45,552 [INFO] DbExamples:250 - Set 0 / 0 favorites Examples
2025-12-30 19:32:45,747 [INFO] McuFinderGlobals:76 - Set McuFinderConnectedMode to true
2025-12-30 19:32:45,756 [INFO] MultiScanPanel:200 - Auto-refresh data requested => check proxy status ongoing
2025-12-30 19:32:45,763 [INFO] FinderPluginLoader:96 - Searching for filters in installed packs
2025-12-30 19:32:46,185 [ERROR] LogOutputStream:75 - [STDERR_REDIRECT] [Fatal Error] :1:1: Premature end of file.
2025-12-30 19:32:46,185 [ERROR] LogOutputStream:75 - [STDERR_REDIRECT] 
2025-12-30 19:32:47,195 [ERROR] LogOutputStream:75 - [STDERR_REDIRECT] [Fatal Error] :1:1: Premature end of file.
2025-12-30 19:32:47,196 [ERROR] LogOutputStream:75 - [STDERR_REDIRECT] 
2025-12-30 19:32:47,539 [INFO] LoadUrlFilesThread:185 - End of LoadServerUrlFiles without Thread
2025-12-30 19:32:47,564 [INFO] DetailPanel:341 - Set advertising image to C:/Users/SNYDE/STM32Cube/Repository/\en.prom-st67w-expansion-board.png
2025-12-30 19:32:48,200 [ERROR] LogOutputStream:75 - [STDERR_REDIRECT] [Fatal Error] :1:1: Premature end of file.
2025-12-30 19:32:48,201 [ERROR] LogOutputStream:75 - [STDERR_REDIRECT] 
2025-12-30 19:32:49,257 [ERROR] LogOutputStream:75 - [STDERR_REDIRECT] [Fatal Error] :1:1: Premature end of file.
2025-12-30 19:32:49,258 [ERROR] LogOutputStream:75 - [STDERR_REDIRECT] 
2025-12-30 19:32:50,198 [ERROR] LogOutputStream:75 - [STDERR_REDIRECT] [Fatal Error] :1:1: Premature end of file.
2025-12-30 19:32:50,199 [ERROR] LogOutputStream:75 - [STDERR_REDIRECT] 
2025-12-30 19:32:51,197 [ERROR] LogOutputStream:75 - [STDERR_REDIRECT] [Fatal Error] :1:1: Premature end of file.
2025-12-30 19:32:51,198 [ERROR] LogOutputStream:75 - [STDERR_REDIRECT] 
2025-12-30 19:32:52,290 [ERROR] LogOutputStream:75 - [STDERR_REDIRECT] [Fatal Error] :1:1: Premature end of file.
2025-12-30 19:32:52,291 [ERROR] LogOutputStream:75 - [STDERR_REDIRECT] 
2025-12-30 19:32:53,288 [ERROR] LogOutputStream:75 - [STDERR_REDIRECT] [Fatal Error] :1:1: Premature end of file.
2025-12-30 19:32:53,289 [ERROR] LogOutputStream:75 - [STDERR_REDIRECT] 
2025-12-30 19:32:54,295 [ERROR] LogOutputStream:75 - [STDERR_REDIRECT] [Fatal Error] :1:1: Premature end of file.
2025-12-30 19:32:54,296 [ERROR] LogOutputStream:75 - [STDERR_REDIRECT] 
2025-12-30 19:32:55,287 [ERROR] LogOutputStream:75 - [STDERR_REDIRECT] [Fatal Error] :1:1: Premature end of file.
2025-12-30 19:32:55,287 [ERROR] LogOutputStream:75 - [STDERR_REDIRECT] 
2025-12-30 19:32:56,296 [ERROR] LogOutputStream:75 - [STDERR_REDIRECT] [Fatal Error] :1:1: Premature end of file.
2025-12-30 19:32:56,296 [ERROR] LogOutputStream:75 - [STDERR_REDIRECT] 
2025-12-30 19:32:57,184 [ERROR] LogOutputStream:75 - [STDERR_REDIRECT] [Fatal Error] :1:1: Premature end of file.
2025-12-30 19:32:57,184 [ERROR] LogOutputStream:75 - [STDERR_REDIRECT] 
2025-12-30 19:32:58,183 [ERROR] LogOutputStream:75 - [STDERR_REDIRECT] [Fatal Error] :1:1: Premature end of file.
2025-12-30 19:32:58,183 [ERROR] LogOutputStream:75 - [STDERR_REDIRECT] 
2025-12-30 19:32:59,292 [ERROR] LogOutputStream:75 - [STDERR_REDIRECT] [Fatal Error] :1:1: Premature end of file.
2025-12-30 19:32:59,293 [ERROR] LogOutputStream:75 - [STDERR_REDIRECT] 
2025-12-30 19:33:00,253 [ERROR] LogOutputStream:75 - [STDERR_REDIRECT] [Fatal Error] :1:1: Premature end of file.
2025-12-30 19:33:00,254 [ERROR] LogOutputStream:75 - [STDERR_REDIRECT] 
2025-12-30 19:33:01,313 [ERROR] LogOutputStream:75 - [STDERR_REDIRECT] [Fatal Error] :1:1: Premature end of file.
2025-12-30 19:33:01,314 [ERROR] LogOutputStream:75 - [STDERR_REDIRECT] 
2025-12-30 19:33:02,275 [ERROR] LogOutputStream:75 - [STDERR_REDIRECT] [Fatal Error] :1:1: Premature end of file.
2025-12-30 19:33:02,275 [ERROR] LogOutputStream:75 - [STDERR_REDIRECT] 
2025-12-30 19:33:03,259 [ERROR] LogOutputStream:75 - [STDERR_REDIRECT] [Fatal Error] :1:1: Premature end of file.
2025-12-30 19:33:03,259 [ERROR] LogOutputStream:75 - [STDERR_REDIRECT] 
2025-12-30 19:33:04,251 [ERROR] LogOutputStream:75 - [STDERR_REDIRECT] [Fatal Error] :1:1: Premature end of file.
2025-12-30 19:33:04,251 [ERROR] LogOutputStream:75 - [STDERR_REDIRECT] 
2025-12-30 19:33:05,193 [ERROR] LogOutputStream:75 - [STDERR_REDIRECT] [Fatal Error] :1:1: Premature end of file.
2025-12-30 19:33:05,193 [ERROR] LogOutputStream:75 - [STDERR_REDIRECT] 
2025-12-30 19:33:06,223 [ERROR] LogOutputStream:75 - [STDERR_REDIRECT] [Fatal Error] :1:1: Premature end of file.
2025-12-30 19:33:06,223 [ERROR] LogOutputStream:75 - [STDERR_REDIRECT] 
2025-12-30 19:33:07,207 [ERROR] LogOutputStream:75 - [STDERR_REDIRECT] [Fatal Error] :1:1: Premature end of file.
2025-12-30 19:33:07,208 [ERROR] LogOutputStream:75 - [STDERR_REDIRECT] 
2025-12-30 19:33:08,186 [ERROR] LogOutputStream:75 - [STDERR_REDIRECT] [Fatal Error] :1:1: Premature end of file.
2025-12-30 19:33:08,186 [ERROR] LogOutputStream:75 - [STDERR_REDIRECT] 
2025-12-30 19:33:09,292 [ERROR] LogOutputStream:75 - [STDERR_REDIRECT] [Fatal Error] :1:1: Premature end of file.
2025-12-30 19:33:09,293 [ERROR] LogOutputStream:75 - [STDERR_REDIRECT] 
2025-12-30 19:33:10,240 [ERROR] LogOutputStream:75 - [STDERR_REDIRECT] [Fatal Error] :1:1: Premature end of file.
2025-12-30 19:33:10,241 [ERROR] LogOutputStream:75 - [STDERR_REDIRECT] 
2025-12-30 19:33:11,247 [ERROR] LogOutputStream:75 - [STDERR_REDIRECT] [Fatal Error] :1:1: Premature end of file.
2025-12-30 19:33:11,248 [ERROR] LogOutputStream:75 - [STDERR_REDIRECT] 
2025-12-30 19:33:12,182 [ERROR] LogOutputStream:75 - [STDERR_REDIRECT] [Fatal Error] :1:1: Premature end of file.
2025-12-30 19:33:12,182 [ERROR] LogOutputStream:75 - [STDERR_REDIRECT] 
2025-12-30 19:33:13,187 [ERROR] LogOutputStream:75 - [STDERR_REDIRECT] [Fatal Error] :1:1: Premature end of file.
2025-12-30 19:33:13,187 [ERROR] LogOutputStream:75 - [STDERR_REDIRECT] 
2025-12-30 19:33:14,211 [ERROR] LogOutputStream:75 - [STDERR_REDIRECT] [Fatal Error] :1:1: Premature end of file.
2025-12-30 19:33:14,211 [ERROR] LogOutputStream:75 - [STDERR_REDIRECT] 
2025-12-30 19:33:15,190 [ERROR] LogOutputStream:75 - [STDERR_REDIRECT] [Fatal Error] :1:1: Premature end of file.
2025-12-30 19:33:15,191 [ERROR] LogOutputStream:75 - [STDERR_REDIRECT] 
2025-12-30 19:33:16,185 [ERROR] LogOutputStream:75 - [STDERR_REDIRECT] [Fatal Error] :1:1: Premature end of file.
2025-12-30 19:33:16,185 [ERROR] LogOutputStream:75 - [STDERR_REDIRECT] 
2025-12-30 19:33:17,262 [ERROR] LogOutputStream:75 - [STDERR_REDIRECT] [Fatal Error] :1:1: Premature end of file.
2025-12-30 19:33:17,262 [ERROR] LogOutputStream:75 - [STDERR_REDIRECT] 
2025-12-30 19:33:18,184 [ERROR] LogOutputStream:75 - [STDERR_REDIRECT] [Fatal Error] :1:1: Premature end of file.
2025-12-30 19:33:18,184 [ERROR] LogOutputStream:75 - [STDERR_REDIRECT] 
2025-12-30 19:33:19,291 [ERROR] LogOutputStream:75 - [STDERR_REDIRECT] [Fatal Error] :1:1: Premature end of file.
2025-12-30 19:33:19,293 [ERROR] LogOutputStream:75 - [STDERR_REDIRECT] 
2025-12-30 19:33:20,195 [ERROR] LogOutputStream:75 - [STDERR_REDIRECT] [Fatal Error] :1:1: Premature end of file.
2025-12-30 19:33:20,195 [ERROR] LogOutputStream:75 - [STDERR_REDIRECT] 
2025-12-30 19:33:21,188 [ERROR] LogOutputStream:75 - [STDERR_REDIRECT] [Fatal Error] :1:1: Premature end of file.
2025-12-30 19:33:21,189 [ERROR] LogOutputStream:75 - [STDERR_REDIRECT] 
2025-12-30 19:33:22,288 [ERROR] LogOutputStream:75 - [STDERR_REDIRECT] [Fatal Error] :1:1: Premature end of file.
2025-12-30 19:33:22,289 [ERROR] LogOutputStream:75 - [STDERR_REDIRECT] 
2025-12-30 19:33:23,181 [ERROR] LogOutputStream:75 - [STDERR_REDIRECT] [Fatal Error] :1:1: Premature end of file.
2025-12-30 19:33:23,182 [ERROR] LogOutputStream:75 - [STDERR_REDIRECT] 
2025-12-30 19:33:24,183 [ERROR] LogOutputStream:75 - [STDERR_REDIRECT] [Fatal Error] :1:1: Premature end of file.
2025-12-30 19:33:24,184 [ERROR] LogOutputStream:75 - [STDERR_REDIRECT] 
2025-12-30 19:33:25,290 [ERROR] LogOutputStream:75 - [STDERR_REDIRECT] [Fatal Error] :1:1: Premature end of file.
2025-12-30 19:33:25,290 [ERROR] LogOutputStream:75 - [STDERR_REDIRECT] 
2025-12-30 19:33:26,207 [ERROR] LogOutputStream:75 - [STDERR_REDIRECT] [Fatal Error] :1:1: Premature end of file.
2025-12-30 19:33:26,207 [ERROR] LogOutputStream:75 - [STDERR_REDIRECT] 
2025-12-30 19:33:27,182 [ERROR] LogOutputStream:75 - [STDERR_REDIRECT] [Fatal Error] :1:1: Premature end of file.
2025-12-30 19:33:27,182 [ERROR] LogOutputStream:75 - [STDERR_REDIRECT] 
2025-12-30 19:33:28,293 [ERROR] LogOutputStream:75 - [STDERR_REDIRECT] [Fatal Error] :1:1: Premature end of file.
2025-12-30 19:33:28,294 [ERROR] LogOutputStream:75 - [STDERR_REDIRECT] 
2025-12-30 19:33:29,273 [ERROR] LogOutputStream:75 - [STDERR_REDIRECT] [Fatal Error] :1:1: Premature end of file.
2025-12-30 19:33:29,274 [ERROR] LogOutputStream:75 - [STDERR_REDIRECT] 
2025-12-30 19:33:30,181 [ERROR] LogOutputStream:75 - [STDERR_REDIRECT] [Fatal Error] :1:1: Premature end of file.
2025-12-30 19:33:30,182 [ERROR] LogOutputStream:75 - [STDERR_REDIRECT] 
2025-12-30 19:33:31,256 [ERROR] LogOutputStream:75 - [STDERR_REDIRECT] [Fatal Error] :1:1: Premature end of file.
2025-12-30 19:33:31,257 [ERROR] LogOutputStream:75 - [STDERR_REDIRECT] 
2025-12-30 19:33:32,282 [ERROR] LogOutputStream:75 - [STDERR_REDIRECT] [Fatal Error] :1:1: Premature end of file.
2025-12-30 19:33:32,283 [ERROR] LogOutputStream:75 - [STDERR_REDIRECT] 
2025-12-30 19:33:33,185 [ERROR] LogOutputStream:75 - [STDERR_REDIRECT] [Fatal Error] :1:1: Premature end of file.
2025-12-30 19:33:33,185 [ERROR] LogOutputStream:75 - [STDERR_REDIRECT] 
2025-12-30 19:33:34,291 [ERROR] LogOutputStream:75 - [STDERR_REDIRECT] [Fatal Error] :1:1: Premature end of file.
2025-12-30 19:33:34,294 [ERROR] LogOutputStream:75 - [STDERR_REDIRECT] 
2025-12-30 19:33:35,184 [ERROR] LogOutputStream:75 - [STDERR_REDIRECT] [Fatal Error] :1:1: Premature end of file.
2025-12-30 19:33:35,185 [ERROR] LogOutputStream:75 - [STDERR_REDIRECT] 
2025-12-30 19:33:36,305 [ERROR] LogOutputStream:75 - [STDERR_REDIRECT] [Fatal Error] :1:1: Premature end of file.
2025-12-30 19:33:36,306 [ERROR] LogOutputStream:75 - [STDERR_REDIRECT] 
2025-12-30 19:33:37,278 [ERROR] LogOutputStream:75 - [STDERR_REDIRECT] [Fatal Error] :1:1: Premature end of file.
2025-12-30 19:33:37,279 [ERROR] LogOutputStream:75 - [STDERR_REDIRECT] 
2025-12-30 19:33:38,279 [ERROR] LogOutputStream:75 - [STDERR_REDIRECT] [Fatal Error] :1:1: Premature end of file.
2025-12-30 19:33:38,279 [ERROR] LogOutputStream:75 - [STDERR_REDIRECT] 
2025-12-30 19:33:39,274 [ERROR] LogOutputStream:75 - [STDERR_REDIRECT] [Fatal Error] :1:1: Premature end of file.
2025-12-30 19:33:39,274 [ERROR] LogOutputStream:75 - [STDERR_REDIRECT] 
2025-12-30 19:33:40,211 [ERROR] LogOutputStream:75 - [STDERR_REDIRECT] [Fatal Error] :1:1: Premature end of file.
2025-12-30 19:33:40,212 [ERROR] LogOutputStream:75 - [STDERR_REDIRECT] 
2025-12-30 19:33:41,182 [ERROR] LogOutputStream:75 - [STDERR_REDIRECT] [Fatal Error] :1:1: Premature end of file.
2025-12-30 19:33:41,182 [ERROR] LogOutputStream:75 - [STDERR_REDIRECT] 
2025-12-30 19:33:42,187 [ERROR] LogOutputStream:75 - [STDERR_REDIRECT] [Fatal Error] :1:1: Premature end of file.
2025-12-30 19:33:42,188 [ERROR] LogOutputStream:75 - [STDERR_REDIRECT] 
2025-12-30 19:33:43,289 [ERROR] LogOutputStream:75 - [STDERR_REDIRECT] [Fatal Error] :1:1: Premature end of file.
2025-12-30 19:33:43,290 [ERROR] LogOutputStream:75 - [STDERR_REDIRECT] 
2025-12-30 19:33:44,206 [ERROR] LogOutputStream:75 - [STDERR_REDIRECT] [Fatal Error] :1:1: Premature end of file.
2025-12-30 19:33:44,207 [ERROR] LogOutputStream:75 - [STDERR_REDIRECT] 
2025-12-30 19:33:45,272 [ERROR] LogOutputStream:75 - [STDERR_REDIRECT] [Fatal Error] :1:1: Premature end of file.
2025-12-30 19:33:45,273 [ERROR] LogOutputStream:75 - [STDERR_REDIRECT] 
2025-12-30 19:33:46,185 [ERROR] LogOutputStream:75 - [STDERR_REDIRECT] [Fatal Error] :1:1: Premature end of file.
2025-12-30 19:33:46,186 [ERROR] LogOutputStream:75 - [STDERR_REDIRECT] 
2025-12-30 19:33:47,273 [ERROR] LogOutputStream:75 - [STDERR_REDIRECT] [Fatal Error] :1:1: Premature end of file.
2025-12-30 19:33:47,274 [ERROR] LogOutputStream:75 - [STDERR_REDIRECT] 
2025-12-30 19:33:48,184 [ERROR] LogOutputStream:75 - [STDERR_REDIRECT] [Fatal Error] :1:1: Premature end of file.
2025-12-30 19:33:48,184 [ERROR] LogOutputStream:75 - [STDERR_REDIRECT] 
2025-12-30 19:33:49,262 [ERROR] LogOutputStream:75 - [STDERR_REDIRECT] [Fatal Error] :1:1: Premature end of file.
2025-12-30 19:33:49,262 [ERROR] LogOutputStream:75 - [STDERR_REDIRECT] 
2025-12-30 19:33:50,290 [ERROR] LogOutputStream:75 - [STDERR_REDIRECT] [Fatal Error] :1:1: Premature end of file.
2025-12-30 19:33:50,290 [ERROR] LogOutputStream:75 - [STDERR_REDIRECT] 
2025-12-30 19:33:51,281 [ERROR] LogOutputStream:75 - [STDERR_REDIRECT] [Fatal Error] :1:1: Premature end of file.
2025-12-30 19:33:51,282 [ERROR] LogOutputStream:75 - [STDERR_REDIRECT] 
2025-12-30 19:33:52,187 [ERROR] LogOutputStream:75 - [STDERR_REDIRECT] [Fatal Error] :1:1: Premature end of file.
2025-12-30 19:33:52,187 [ERROR] LogOutputStream:75 - [STDERR_REDIRECT] 
2025-12-30 19:33:53,230 [ERROR] LogOutputStream:75 - [STDERR_REDIRECT] [Fatal Error] :1:1: Premature end of file.
2025-12-30 19:33:53,231 [ERROR] LogOutputStream:75 - [STDERR_REDIRECT] 
2025-12-30 19:33:54,279 [ERROR] LogOutputStream:75 - [STDERR_REDIRECT] [Fatal Error] :1:1: Premature end of file.
2025-12-30 19:33:54,280 [ERROR] LogOutputStream:75 - [STDERR_REDIRECT] 
2025-12-30 19:33:55,219 [ERROR] LogOutputStream:75 - [STDERR_REDIRECT] [Fatal Error] :1:1: Premature end of file.
2025-12-30 19:33:55,219 [ERROR] LogOutputStream:75 - [STDERR_REDIRECT] 
2025-12-30 19:33:56,187 [ERROR] LogOutputStream:75 - [STDERR_REDIRECT] [Fatal Error] :1:1: Premature end of file.
2025-12-30 19:33:56,187 [ERROR] LogOutputStream:75 - [STDERR_REDIRECT] 
2025-12-30 19:33:57,185 [ERROR] LogOutputStream:75 - [STDERR_REDIRECT] [Fatal Error] :1:1: Premature end of file.
2025-12-30 19:33:57,185 [ERROR] LogOutputStream:75 - [STDERR_REDIRECT] 
2025-12-30 19:33:57,848 [INFO] MainUpdater:2872 - connection check result : 10
2025-12-30 19:33:57,849 [INFO] MainUpdater:2872 - connection check result : 10
2025-12-30 19:33:57,872 [INFO] MicroXplorer:468 - Change Database Path : 
2025-12-30 19:33:57,872 [INFO] MicroXplorer:498 - Change Database Version : DB.6.0.150
2025-12-30 19:33:57,879 [WARN] ThirdParty:871 - waiting for thirdparty lock release [close project]
2025-12-30 19:33:57,880 [INFO] ThirdParty:873 - entering critical section [close project]
2025-12-30 19:33:57,881 [INFO] ThirdParty:883 - exiting critical section [close project]
2025-12-30 19:33:57,884 [INFO] PinOutPanel:1589 - setPackage(No Configuration,No Configuration)
2025-12-30 19:33:57,886 [INFO] UtilMem:75 - Begin LoadConfig() Used Memory: 765321056 Bytes (1071644672)
2025-12-30 19:33:57,890 [INFO] MicroXplorer:468 - Change Database Path : 
2025-12-30 19:33:57,891 [INFO] MicroXplorer:498 - Change Database Version : DB.6.0.150
2025-12-30 19:33:57,891 [INFO] OpenFileManager:355 - Change cursor
2025-12-30 19:33:57,954 [INFO] Mcu:2029 - Initializing MCU STM32G474R(B-C-E)Tx STM32G474RETx STM32G474RET6
2025-12-30 19:33:58,237 [ERROR] LogOutputStream:75 - [STDERR_REDIRECT] [Fatal Error] :1:1: Premature end of file.
2025-12-30 19:33:58,237 [ERROR] LogOutputStream:75 - [STDERR_REDIRECT] 
2025-12-30 19:33:59,274 [ERROR] LogOutputStream:75 - [STDERR_REDIRECT] [Fatal Error] :1:1: Premature end of file.
2025-12-30 19:33:59,275 [ERROR] LogOutputStream:75 - [STDERR_REDIRECT] 
2025-12-30 19:34:00,201 [ERROR] LogOutputStream:75 - [STDERR_REDIRECT] [Fatal Error] :1:1: Premature end of file.
2025-12-30 19:34:00,201 [ERROR] LogOutputStream:75 - [STDERR_REDIRECT] 
2025-12-30 19:34:01,213 [ERROR] LogOutputStream:75 - [STDERR_REDIRECT] [Fatal Error] :1:1: Premature end of file.
2025-12-30 19:34:01,214 [ERROR] LogOutputStream:75 - [STDERR_REDIRECT] 
2025-12-30 19:34:02,203 [ERROR] LogOutputStream:75 - [STDERR_REDIRECT] [Fatal Error] :1:1: Premature end of file.
2025-12-30 19:34:02,204 [ERROR] LogOutputStream:75 - [STDERR_REDIRECT] 
2025-12-30 19:34:03,206 [ERROR] LogOutputStream:75 - [STDERR_REDIRECT] [Fatal Error] :1:1: Premature end of file.
2025-12-30 19:34:03,206 [ERROR] LogOutputStream:75 - [STDERR_REDIRECT] 
2025-12-30 19:34:04,262 [ERROR] LogOutputStream:75 - [STDERR_REDIRECT] [Fatal Error] :1:1: Premature end of file.
2025-12-30 19:34:04,262 [ERROR] LogOutputStream:75 - [STDERR_REDIRECT] 
2025-12-30 19:34:05,221 [ERROR] LogOutputStream:75 - [STDERR_REDIRECT] [Fatal Error] :1:1: Premature end of file.
2025-12-30 19:34:05,222 [ERROR] LogOutputStream:75 - [STDERR_REDIRECT] 
2025-12-30 19:34:06,207 [ERROR] LogOutputStream:75 - [STDERR_REDIRECT] [Fatal Error] :1:1: Premature end of file.
2025-12-30 19:34:06,207 [ERROR] LogOutputStream:75 - [STDERR_REDIRECT] 
2025-12-30 19:34:06,664 [INFO] Context:786 - Trying to add GPIOservice into a context  which must be forbidden
2025-12-30 19:34:07,195 [ERROR] LogOutputStream:75 - [STDERR_REDIRECT] [Fatal Error] :1:1: Premature end of file.
2025-12-30 19:34:07,195 [ERROR] LogOutputStream:75 - [STDERR_REDIRECT] 
2025-12-30 19:34:08,200 [ERROR] LogOutputStream:75 - [STDERR_REDIRECT] [Fatal Error] :1:1: Premature end of file.
2025-12-30 19:34:08,201 [ERROR] LogOutputStream:75 - [STDERR_REDIRECT] 
2025-12-30 19:34:09,220 [ERROR] LogOutputStream:75 - [STDERR_REDIRECT] [Fatal Error] :1:1: Premature end of file.
2025-12-30 19:34:09,220 [ERROR] LogOutputStream:75 - [STDERR_REDIRECT] 
2025-12-30 19:34:09,595 [INFO] ImportTextPane:234 - (OptionalMessage_ERROR) Pin49 (VP_RIF_VS_RIF1) cannot be retrieved for this MCU
2025-12-30 19:34:09,783 [INFO] RtosManager:558 - Registered RTOS mode: class=CMSIS, group=RTOS, mode=CMSIS_V1, owner=FREERTOS
2025-12-30 19:34:09,783 [INFO] RtosManager:558 - Registered RTOS mode: class=CMSIS, group=RTOS2, mode=CMSIS_V2, owner=FREERTOS
2025-12-30 19:34:09,783 [INFO] RtosManager:558 - Registered RTOS mode: class=RTOS, group=Core, mode=CMSIS_V1, owner=FREERTOS
2025-12-30 19:34:09,783 [INFO] RtosManager:558 - Registered RTOS mode: class=RTOS, group=Core, mode=CMSIS_V2, owner=FREERTOS
2025-12-30 19:34:09,783 [WARN] ModelIntegratedComponent:184 - Missing modes for component STMicroelectronics:FreeRTOS:0.0.1:STMicroelectronics:RTOS:FreeRTOS:Core:::10.2.0:
2025-12-30 19:34:09,799 [WARN] ModelIntegratedComponent:63 - No mode defined for component null
2025-12-30 19:34:09,799 [WARN] ModelIntegratedComponent:63 - No mode defined for component null
2025-12-30 19:34:09,800 [WARN] ModelIntegratedComponent:63 - No mode defined for component null
2025-12-30 19:34:09,800 [WARN] ModelIntegratedComponent:63 - No mode defined for component null
2025-12-30 19:34:09,800 [WARN] ModelIntegratedComponent:63 - No mode defined for component null
2025-12-30 19:34:09,800 [WARN] ModelIntegratedComponent:63 - No mode defined for component null
2025-12-30 19:34:09,800 [WARN] ModelIntegratedComponent:63 - No mode defined for component null
2025-12-30 19:34:09,800 [WARN] ModelIntegratedComponent:63 - No mode defined for component null
2025-12-30 19:34:09,800 [WARN] ModelIntegratedComponent:63 - No mode defined for component null
2025-12-30 19:34:09,800 [WARN] ModelIntegratedComponent:63 - No mode defined for component null
2025-12-30 19:34:09,800 [WARN] ModelIntegratedComponent:63 - No mode defined for component null
2025-12-30 19:34:09,800 [WARN] ModelIntegratedComponent:63 - No mode defined for component null
2025-12-30 19:34:09,801 [WARN] ModelIntegratedComponent:63 - No mode defined for component null
2025-12-30 19:34:09,801 [WARN] ModelIntegratedComponent:63 - No mode defined for component null
2025-12-30 19:34:09,801 [WARN] ModelIntegratedComponent:63 - No mode defined for component null
2025-12-30 19:34:09,801 [WARN] ModelIntegratedComponent:63 - No mode defined for component null
2025-12-30 19:34:09,801 [WARN] ModelIntegratedComponent:63 - No mode defined for component null
2025-12-30 19:34:09,801 [WARN] ModelIntegratedComponent:63 - No mode defined for component null
2025-12-30 19:34:09,801 [WARN] ModelIntegratedComponent:63 - No mode defined for component null
2025-12-30 19:34:09,801 [WARN] ModelIntegratedComponent:63 - No mode defined for component null
2025-12-30 19:34:09,801 [WARN] ModelIntegratedComponent:63 - No mode defined for component null
2025-12-30 19:34:09,801 [WARN] ModelIntegratedComponent:63 - No mode defined for component null
2025-12-30 19:34:09,801 [WARN] ModelIntegratedComponent:63 - No mode defined for component null
2025-12-30 19:34:09,801 [WARN] ModelIntegratedComponent:63 - No mode defined for component null
2025-12-30 19:34:09,801 [WARN] ModelIntegratedComponent:63 - No mode defined for component null
2025-12-30 19:34:09,802 [WARN] ModelIntegratedComponent:63 - No mode defined for component null
2025-12-30 19:34:09,802 [WARN] ModelIntegratedComponent:63 - No mode defined for component null
2025-12-30 19:34:09,802 [WARN] ModelIntegratedComponent:63 - No mode defined for component null
2025-12-30 19:34:09,802 [WARN] ModelIntegratedComponent:63 - No mode defined for component null
2025-12-30 19:34:09,802 [WARN] ModelIntegratedComponent:63 - No mode defined for component null
2025-12-30 19:34:09,802 [WARN] ModelIntegratedComponent:63 - No mode defined for component null
2025-12-30 19:34:09,802 [WARN] ModelIntegratedComponent:63 - No mode defined for component null
2025-12-30 19:34:09,802 [WARN] ModelIntegratedComponent:63 - No mode defined for component null
2025-12-30 19:34:09,802 [WARN] ModelIntegratedComponent:63 - No mode defined for component null
2025-12-30 19:34:09,802 [WARN] ModelIntegratedComponent:63 - No mode defined for component null
2025-12-30 19:34:09,803 [WARN] ModelPack:524 - Component already loaded: STMicroelectronics:HAL Drivers:0.0.0:STMicroelectronics:Device:STMicro_Driver:XSPI:HAL::0.0.1:HAL_XSPI
2025-12-30 19:34:10,194 [ERROR] LogOutputStream:75 - [STDERR_REDIRECT] [Fatal Error] :1:1: Premature end of file.
2025-12-30 19:34:10,194 [ERROR] LogOutputStream:75 - [STDERR_REDIRECT] 
2025-12-30 19:34:10,450 [INFO] ThirdPartyModel:298 - Start build external matchings
2025-12-30 19:34:11,191 [ERROR] LogOutputStream:75 - [STDERR_REDIRECT] [Fatal Error] :1:1: Premature end of file.
2025-12-30 19:34:11,191 [ERROR] LogOutputStream:75 - [STDERR_REDIRECT] 
2025-12-30 19:34:12,192 [ERROR] LogOutputStream:75 - [STDERR_REDIRECT] [Fatal Error] :1:1: Premature end of file.
2025-12-30 19:34:12,192 [ERROR] LogOutputStream:75 - [STDERR_REDIRECT] 
2025-12-30 19:34:13,191 [ERROR] LogOutputStream:75 - [STDERR_REDIRECT] [Fatal Error] :1:1: Premature end of file.
2025-12-30 19:34:13,191 [ERROR] LogOutputStream:75 - [STDERR_REDIRECT] 
2025-12-30 19:34:14,181 [ERROR] LogOutputStream:75 - [STDERR_REDIRECT] [Fatal Error] :1:1: Premature end of file.
2025-12-30 19:34:14,182 [ERROR] LogOutputStream:75 - [STDERR_REDIRECT] 
2025-12-30 19:34:14,471 [INFO] ThirdPartyModel:316 - End build external matchings
2025-12-30 19:34:14,539 [INFO] ImportTextPane:234 - (OptionalMessage_ERROR) IP (ADC1) : Parameter (CommonPathInternal) has invalid value (null|null|null|null)
2025-12-30 19:34:14,540 [INFO] ImportTextPane:234 - (OptionalMessage_ERROR) IP (ADC2) : Parameter (CommonPathInternal) has invalid value (null|null|null|null)
2025-12-30 19:34:14,541 [INFO] ImportTextPane:234 - (OptionalMessage_ERROR) IP (DMA) : Parameter (Instance) has Id (ADC1) currently not set
2025-12-30 19:34:14,541 [INFO] ImportTextPane:234 - (OptionalMessage_ERROR) IP (DMA) : Parameter (Request) has Id (ADC1) currently not set
2025-12-30 19:34:14,541 [INFO] ImportTextPane:234 - (OptionalMessage_ERROR) IP (DMA) : Parameter (Direction) has Id (ADC1) currently not set
2025-12-30 19:34:14,541 [INFO] ImportTextPane:234 - (OptionalMessage_ERROR) IP (DMA) : Parameter (PeriphInc) has Id (ADC1) currently not set
2025-12-30 19:34:14,541 [INFO] ImportTextPane:234 - (OptionalMessage_ERROR) IP (DMA) : Parameter (MemInc) has Id (ADC1) currently not set
2025-12-30 19:34:14,542 [INFO] ImportTextPane:234 - (OptionalMessage_ERROR) IP (DMA) : Parameter (PeriphDataAlignment) has Id (ADC1) currently not set
2025-12-30 19:34:14,542 [INFO] ImportTextPane:234 - (OptionalMessage_ERROR) IP (DMA) : Parameter (MemDataAlignment) has Id (ADC1) currently not set
2025-12-30 19:34:14,542 [INFO] ImportTextPane:234 - (OptionalMessage_ERROR) IP (DMA) : Parameter (Mode) has Id (ADC1) currently not set
2025-12-30 19:34:14,543 [INFO] ImportTextPane:234 - (OptionalMessage_ERROR) IP (DMA) : Parameter (Priority) has Id (ADC1) currently not set
2025-12-30 19:34:14,543 [INFO] ImportTextPane:234 - (OptionalMessage_ERROR) IP (DMA) : Parameter (SignalID) has Id (ADC1) currently not set
2025-12-30 19:34:14,543 [INFO] ImportTextPane:234 - (OptionalMessage_ERROR) IP (DMA) : Parameter (Polarity) has Id (ADC1) currently not set
2025-12-30 19:34:14,543 [INFO] ImportTextPane:234 - (OptionalMessage_ERROR) IP (DMA) : Parameter (RequestNumber) has Id (ADC1) currently not set
2025-12-30 19:34:14,543 [INFO] ImportTextPane:234 - (OptionalMessage_ERROR) IP (DMA) : Parameter (SyncSignalID) has Id (ADC1) currently not set
2025-12-30 19:34:14,544 [INFO] ImportTextPane:234 - (OptionalMessage_ERROR) IP (DMA) : Parameter (SyncPolarity) has Id (ADC1) currently not set
2025-12-30 19:34:14,544 [INFO] ImportTextPane:234 - (OptionalMessage_ERROR) IP (DMA) : Parameter (SyncEnable) has Id (ADC1) currently not set
2025-12-30 19:34:14,544 [INFO] ImportTextPane:234 - (OptionalMessage_ERROR) IP (DMA) : Parameter (EventEnable) has Id (ADC1) currently not set
2025-12-30 19:34:14,545 [INFO] ImportTextPane:234 - (OptionalMessage_ERROR) IP (DMA) : Parameter (SyncRequestNumber) has Id (ADC1) currently not set
2025-12-30 19:34:14,545 [INFO] ImportTextPane:234 - (OptionalMessage_ERROR) IP (DMA) : Parameter (Instance) has Id (ADC2) currently not set
2025-12-30 19:34:14,545 [INFO] ImportTextPane:234 - (OptionalMessage_ERROR) IP (DMA) : Parameter (Request) has Id (ADC2) currently not set
2025-12-30 19:34:14,545 [INFO] ImportTextPane:234 - (OptionalMessage_ERROR) IP (DMA) : Parameter (Direction) has Id (ADC2) currently not set
2025-12-30 19:34:14,545 [INFO] ImportTextPane:234 - (OptionalMessage_ERROR) IP (DMA) : Parameter (PeriphInc) has Id (ADC2) currently not set
2025-12-30 19:34:14,545 [INFO] ImportTextPane:234 - (OptionalMessage_ERROR) IP (DMA) : Parameter (MemInc) has Id (ADC2) currently not set
2025-12-30 19:34:14,545 [INFO] ImportTextPane:234 - (OptionalMessage_ERROR) IP (DMA) : Parameter (PeriphDataAlignment) has Id (ADC2) currently not set
2025-12-30 19:34:14,546 [INFO] ImportTextPane:234 - (OptionalMessage_ERROR) IP (DMA) : Parameter (MemDataAlignment) has Id (ADC2) currently not set
2025-12-30 19:34:14,546 [INFO] ImportTextPane:234 - (OptionalMessage_ERROR) IP (DMA) : Parameter (Mode) has Id (ADC2) currently not set
2025-12-30 19:34:14,546 [INFO] ImportTextPane:234 - (OptionalMessage_ERROR) IP (DMA) : Parameter (Priority) has Id (ADC2) currently not set
2025-12-30 19:34:14,546 [INFO] ImportTextPane:234 - (OptionalMessage_ERROR) IP (DMA) : Parameter (SignalID) has Id (ADC2) currently not set
2025-12-30 19:34:14,546 [INFO] ImportTextPane:234 - (OptionalMessage_ERROR) IP (DMA) : Parameter (Polarity) has Id (ADC2) currently not set
2025-12-30 19:34:14,546 [INFO] ImportTextPane:234 - (OptionalMessage_ERROR) IP (DMA) : Parameter (RequestNumber) has Id (ADC2) currently not set
2025-12-30 19:34:14,546 [INFO] ImportTextPane:234 - (OptionalMessage_ERROR) IP (DMA) : Parameter (SyncSignalID) has Id (ADC2) currently not set
2025-12-30 19:34:14,546 [INFO] ImportTextPane:234 - (OptionalMessage_ERROR) IP (DMA) : Parameter (SyncPolarity) has Id (ADC2) currently not set
2025-12-30 19:34:14,546 [INFO] ImportTextPane:234 - (OptionalMessage_ERROR) IP (DMA) : Parameter (SyncEnable) has Id (ADC2) currently not set
2025-12-30 19:34:14,547 [INFO] ImportTextPane:234 - (OptionalMessage_ERROR) IP (DMA) : Parameter (EventEnable) has Id (ADC2) currently not set
2025-12-30 19:34:14,547 [INFO] ImportTextPane:234 - (OptionalMessage_ERROR) IP (DMA) : Parameter (SyncRequestNumber) has Id (ADC2) currently not set
2025-12-30 19:34:14,547 [INFO] ImportTextPane:234 - (OptionalMessage_ERROR) IP (DMA) : Parameter (Instance) has Id (TIM3_CH4) currently not set
2025-12-30 19:34:14,547 [INFO] ImportTextPane:234 - (OptionalMessage_ERROR) IP (DMA) : Parameter (Request) has Id (TIM3_CH4) currently not set
2025-12-30 19:34:14,547 [INFO] ImportTextPane:234 - (OptionalMessage_ERROR) IP (DMA) : Parameter (Direction) has Id (TIM3_CH4) currently not set
2025-12-30 19:34:14,547 [INFO] ImportTextPane:234 - (OptionalMessage_ERROR) IP (DMA) : Parameter (PeriphInc) has Id (TIM3_CH4) currently not set
2025-12-30 19:34:14,548 [INFO] ImportTextPane:234 - (OptionalMessage_ERROR) IP (DMA) : Parameter (MemInc) has Id (TIM3_CH4) currently not set
2025-12-30 19:34:14,548 [INFO] ImportTextPane:234 - (OptionalMessage_ERROR) IP (DMA) : Parameter (PeriphDataAlignment) has Id (TIM3_CH4) currently not set
2025-12-30 19:34:14,548 [INFO] ImportTextPane:234 - (OptionalMessage_ERROR) IP (DMA) : Parameter (MemDataAlignment) has Id (TIM3_CH4) currently not set
2025-12-30 19:34:14,548 [INFO] ImportTextPane:234 - (OptionalMessage_ERROR) IP (DMA) : Parameter (Mode) has Id (TIM3_CH4) currently not set
2025-12-30 19:34:14,548 [INFO] ImportTextPane:234 - (OptionalMessage_ERROR) IP (DMA) : Parameter (Priority) has Id (TIM3_CH4) currently not set
2025-12-30 19:34:14,548 [INFO] ImportTextPane:234 - (OptionalMessage_ERROR) IP (DMA) : Parameter (SignalID) has Id (TIM3_CH4) currently not set
2025-12-30 19:34:14,548 [INFO] ImportTextPane:234 - (OptionalMessage_ERROR) IP (DMA) : Parameter (Polarity) has Id (TIM3_CH4) currently not set
2025-12-30 19:34:14,548 [INFO] ImportTextPane:234 - (OptionalMessage_ERROR) IP (DMA) : Parameter (RequestNumber) has Id (TIM3_CH4) currently not set
2025-12-30 19:34:14,548 [INFO] ImportTextPane:234 - (OptionalMessage_ERROR) IP (DMA) : Parameter (SyncSignalID) has Id (TIM3_CH4) currently not set
2025-12-30 19:34:14,548 [INFO] ImportTextPane:234 - (OptionalMessage_ERROR) IP (DMA) : Parameter (SyncPolarity) has Id (TIM3_CH4) currently not set
2025-12-30 19:34:14,548 [INFO] ImportTextPane:234 - (OptionalMessage_ERROR) IP (DMA) : Parameter (SyncEnable) has Id (TIM3_CH4) currently not set
2025-12-30 19:34:14,548 [INFO] ImportTextPane:234 - (OptionalMessage_ERROR) IP (DMA) : Parameter (EventEnable) has Id (TIM3_CH4) currently not set
2025-12-30 19:34:14,549 [INFO] ImportTextPane:234 - (OptionalMessage_ERROR) IP (DMA) : Parameter (SyncRequestNumber) has Id (TIM3_CH4) currently not set
2025-12-30 19:34:14,549 [INFO] ImportTextPane:234 - (OptionalMessage_ERROR) IP (DMA) : Parameter (Instance) has Id (TIM2_CH4) currently not set
2025-12-30 19:34:14,549 [INFO] ImportTextPane:234 - (OptionalMessage_ERROR) IP (DMA) : Parameter (Request) has Id (TIM2_CH4) currently not set
2025-12-30 19:34:14,549 [INFO] ImportTextPane:234 - (OptionalMessage_ERROR) IP (DMA) : Parameter (Direction) has Id (TIM2_CH4) currently not set
2025-12-30 19:34:14,549 [INFO] ImportTextPane:234 - (OptionalMessage_ERROR) IP (DMA) : Parameter (PeriphInc) has Id (TIM2_CH4) currently not set
2025-12-30 19:34:14,549 [INFO] ImportTextPane:234 - (OptionalMessage_ERROR) IP (DMA) : Parameter (MemInc) has Id (TIM2_CH4) currently not set
2025-12-30 19:34:14,549 [INFO] ImportTextPane:234 - (OptionalMessage_ERROR) IP (DMA) : Parameter (PeriphDataAlignment) has Id (TIM2_CH4) currently not set
2025-12-30 19:34:14,549 [INFO] ImportTextPane:234 - (OptionalMessage_ERROR) IP (DMA) : Parameter (MemDataAlignment) has Id (TIM2_CH4) currently not set
2025-12-30 19:34:14,550 [INFO] ImportTextPane:234 - (OptionalMessage_ERROR) IP (DMA) : Parameter (Mode) has Id (TIM2_CH4) currently not set
2025-12-30 19:34:14,550 [INFO] ImportTextPane:234 - (OptionalMessage_ERROR) IP (DMA) : Parameter (Priority) has Id (TIM2_CH4) currently not set
2025-12-30 19:34:14,550 [INFO] ImportTextPane:234 - (OptionalMessage_ERROR) IP (DMA) : Parameter (SignalID) has Id (TIM2_CH4) currently not set
2025-12-30 19:34:14,550 [INFO] ImportTextPane:234 - (OptionalMessage_ERROR) IP (DMA) : Parameter (Polarity) has Id (TIM2_CH4) currently not set
2025-12-30 19:34:14,550 [INFO] ImportTextPane:234 - (OptionalMessage_ERROR) IP (DMA) : Parameter (RequestNumber) has Id (TIM2_CH4) currently not set
2025-12-30 19:34:14,550 [INFO] ImportTextPane:234 - (OptionalMessage_ERROR) IP (DMA) : Parameter (SyncSignalID) has Id (TIM2_CH4) currently not set
2025-12-30 19:34:14,550 [INFO] ImportTextPane:234 - (OptionalMessage_ERROR) IP (DMA) : Parameter (SyncPolarity) has Id (TIM2_CH4) currently not set
2025-12-30 19:34:14,550 [INFO] ImportTextPane:234 - (OptionalMessage_ERROR) IP (DMA) : Parameter (SyncEnable) has Id (TIM2_CH4) currently not set
2025-12-30 19:34:14,550 [INFO] ImportTextPane:234 - (OptionalMessage_ERROR) IP (DMA) : Parameter (EventEnable) has Id (TIM2_CH4) currently not set
2025-12-30 19:34:14,551 [INFO] ImportTextPane:234 - (OptionalMessage_ERROR) IP (DMA) : Parameter (SyncRequestNumber) has Id (TIM2_CH4) currently not set
2025-12-30 19:34:14,555 [INFO] ImportTextPane:234 - (OptionalMessage_ERROR) IP (RCC) : Invalid parameter (FamilyName)
2025-12-30 19:34:15,224 [ERROR] LogOutputStream:75 - [STDERR_REDIRECT] [Fatal Error] :1:1: Premature end of file.
2025-12-30 19:34:15,224 [ERROR] LogOutputStream:75 - [STDERR_REDIRECT] 
2025-12-30 19:34:15,407 [INFO] UtilMem:75 - End LoadConfig() Used Memory: 950428088 Bytes (1073741824)
2025-12-30 19:34:15,627 [WARN] ThirdParty:833 - waiting for thirdparty lock release [change project]
2025-12-30 19:34:15,628 [INFO] ThirdParty:835 - entering critical section [change project]
2025-12-30 19:34:15,628 [INFO] ThirdParty:1030 - CMSIS Pack Vendor :STMicroelectronics X-CUBE-PM33A1 1.0.0
2025-12-30 19:34:15,628 [INFO] ThirdParty:1030 - CMSIS Pack Vendor :STMicroelectronics USBPD 4.1
2025-12-30 19:34:15,628 [INFO] ThirdParty:1030 - CMSIS Pack Vendor :STMicroelectronics USB_HOST 2.0.0
2025-12-30 19:34:15,628 [INFO] ThirdParty:1030 - CMSIS Pack Vendor :STMicroelectronics FP-SNS-MOTENVWB1 1.4.0
2025-12-30 19:34:15,629 [INFO] ThirdParty:1030 - CMSIS Pack Vendor :STMicroelectronics X-CUBE-AZRTOS-F4 1.1.0
2025-12-30 19:34:15,629 [INFO] ThirdParty:1030 - CMSIS Pack Vendor :STMicroelectronics LIBJPEG 8.0.0
2025-12-30 19:34:15,629 [INFO] ThirdParty:1030 - CMSIS Pack Vendor :STMicroelectronics FP-ATR-ASTRA1 2.0.2
2025-12-30 19:34:15,629 [INFO] ThirdParty:1030 - CMSIS Pack Vendor :STMicroelectronics FP-ATR-ASTRA1 2.0.1
2025-12-30 19:34:15,629 [INFO] ThirdParty:1030 - CMSIS Pack Vendor :Avnet-IotConnect X-CUBE-IoTC-DA16k-PMOD 1.0.0
2025-12-30 19:34:15,629 [INFO] ThirdParty:1030 - CMSIS Pack Vendor :STMicroelectronics X-CUBE-SMBUS 2.1.0
2025-12-30 19:34:15,629 [INFO] ThirdParty:1030 - CMSIS Pack Vendor :STMicroelectronics X-CUBE-WB05N 1.1.0
2025-12-30 19:34:15,629 [INFO] ThirdParty:1030 - CMSIS Pack Vendor :STMicroelectronics X-CUBE-ISPU 2.1.0
2025-12-30 19:34:15,629 [INFO] ThirdParty:1030 - CMSIS Pack Vendor :STMicroelectronics X-CUBE-IPS 3.2.0
2025-12-30 19:34:15,629 [INFO] ThirdParty:1030 - CMSIS Pack Vendor :STMicroelectronics X-CUBE-ST60 1.0.0
2025-12-30 19:34:15,629 [INFO] ThirdParty:1030 - CMSIS Pack Vendor :STMicroelectronics X-CUBE-NFC12 1.0.0
2025-12-30 19:34:15,629 [INFO] ThirdParty:1030 - CMSIS Pack Vendor :STMicroelectronics X-CUBE-AZRTOS-F7 1.1.0
2025-12-30 19:34:15,629 [INFO] ThirdParty:1030 - CMSIS Pack Vendor :STMicroelectronics X-CUBE-AZRTOS-L5 2.0.0
2025-12-30 19:34:15,629 [INFO] ThirdParty:1030 - CMSIS Pack Vendor :STMicroelectronics USB_DEVICE 2.0.0
2025-12-30 19:34:15,629 [INFO] ThirdParty:1030 - CMSIS Pack Vendor :STMicroelectronics X-CUBE-NFC6 3.1.0
2025-12-30 19:34:15,629 [INFO] ThirdParty:1030 - CMSIS Pack Vendor :STMicroelectronics FP-SNS-MOTENV1 5.1.0
2025-12-30 19:34:15,629 [INFO] ThirdParty:1030 - CMSIS Pack Vendor :STMicroelectronics FreeRTOS 0.0.1
2025-12-30 19:34:15,630 [INFO] ThirdParty:1030 - CMSIS Pack Vendor :STMicroelectronics X-CUBE-DPower 1.2.0
2025-12-30 19:34:15,630 [INFO] ThirdParty:1030 - CMSIS Pack Vendor :STMicroelectronics FP-SNS-FLIGHT1 5.0.2
2025-12-30 19:34:15,630 [INFO] ThirdParty:1030 - CMSIS Pack Vendor :Infineon AIROC-Wi-Fi-Bluetooth-STM32 1.7.0
2025-12-30 19:34:15,630 [INFO] ThirdParty:1030 - CMSIS Pack Vendor :STMicroelectronics PDM2PCM 3.3.0
2025-12-30 19:34:15,630 [INFO] ThirdParty:1030 - CMSIS Pack Vendor :STMicroelectronics X-CUBE-AZRTOS-H7 3.4.0
2025-12-30 19:34:15,630 [INFO] ThirdParty:1030 - CMSIS Pack Vendor :STMicroelectronics X-CUBE-DISPLAY 3.0.0
2025-12-30 19:34:15,630 [INFO] ThirdParty:1030 - CMSIS Pack Vendor :STMicroelectronics X-CUBE-BLE1 7.0.0
2025-12-30 19:34:15,630 [INFO] ThirdParty:1030 - CMSIS Pack Vendor :STMicroelectronics X-CUBE-NFC10 1.0.0
2025-12-30 19:34:15,630 [INFO] ThirdParty:1030 - CMSIS Pack Vendor :STMicroelectronics X-CUBE-BLEMGR 4.0.0
2025-12-30 19:34:15,630 [INFO] ThirdParty:1030 - CMSIS Pack Vendor :STMicroelectronics X-CUBE-FREERTOS 1.3.1
2025-12-30 19:34:15,630 [INFO] ThirdParty:1030 - CMSIS Pack Vendor :STMicroelectronics HAL Drivers 0.0.0
2025-12-30 19:34:15,630 [INFO] ThirdParty:1030 - CMSIS Pack Vendor :STMicroelectronics X-CUBE-ST60 1.1.0
2025-12-30 19:34:15,631 [INFO] ThirdParty:1030 - CMSIS Pack Vendor :emotas I-CUBE-CANOPEN 1.3.0
2025-12-30 19:34:15,631 [INFO] ThirdParty:1030 - CMSIS Pack Vendor :STMicroelectronics X-CUBE-FREERTOS 1.3.0
2025-12-30 19:34:15,631 [INFO] ThirdParty:1030 - CMSIS Pack Vendor :STMicroelectronics X-CUBE-NFC7 1.0.1
2025-12-30 19:34:15,631 [INFO] ThirdParty:1030 - CMSIS Pack Vendor :STMicroelectronics MBEDTLS 2.14.1
2025-12-30 19:34:15,631 [INFO] ThirdParty:1030 - CMSIS Pack Vendor :STMicroelectronics X-CUBE-GNSS1 7.1.0
2025-12-30 19:34:15,631 [INFO] ThirdParty:1030 - CMSIS Pack Vendor :STMicroelectronics X-CUBE-TOUCHGFX 4.26.0
2025-12-30 19:34:15,631 [INFO] ThirdParty:1030 - CMSIS Pack Vendor :STMicroelectronics X-CUBE-AI 10.0.0
2025-12-30 19:34:15,631 [INFO] ThirdParty:1030 - CMSIS Pack Vendor :STMicroelectronics FP-SNS-STBOX1 2.1.0
2025-12-30 19:34:15,631 [INFO] ThirdParty:1030 - CMSIS Pack Vendor :STMicroelectronics FP-SNS-STAIOTCFT 1.0.0
2025-12-30 19:34:15,631 [INFO] ThirdParty:1030 - CMSIS Pack Vendor :STMicroelectronics FP-SNS-SMARTAG2 1.2.0
2025-12-30 19:34:15,631 [INFO] ThirdParty:1030 - CMSIS Pack Vendor :STMicroelectronics FP-SNS-FLIGHT1 5.1.0
2025-12-30 19:34:15,631 [INFO] ThirdParty:1030 - CMSIS Pack Vendor :STMicroelectronics X-CUBE-MEMS1 11.1.0
2025-12-30 19:34:15,631 [INFO] ThirdParty:1030 - CMSIS Pack Vendor :STMicroelectronics X-CUBE-AZRTOS-WL 2.0.0
2025-12-30 19:34:15,631 [INFO] ThirdParty:1030 - CMSIS Pack Vendor :STMicroelectronics X-CUBE-DPower 1.3.0
2025-12-30 19:34:15,631 [INFO] ThirdParty:1030 - CMSIS Pack Vendor :STMicroelectronics FP-SNS-MOTENV1 5.0.0
2025-12-30 19:34:15,632 [INFO] ThirdParty:1030 - CMSIS Pack Vendor :STMicroelectronics USB_DEVICE 1.0.0
2025-12-30 19:34:15,632 [INFO] ThirdParty:1030 - CMSIS Pack Vendor :STMicroelectronics X-CUBE-AZRTOS-H7RS 1.2.0
2025-12-30 19:34:15,632 [INFO] ThirdParty:1030 - CMSIS Pack Vendor :wolfSSL I-CUBE-wolfMQTT 1.19.0
2025-12-30 19:34:15,632 [INFO] ThirdParty:1030 - CMSIS Pack Vendor :STMicroelectronics X-CUBE-AZRTOS-L4 2.0.0
2025-12-30 19:34:15,632 [INFO] ThirdParty:1030 - CMSIS Pack Vendor :STMicroelectronics ThreadX 0.0.2
2025-12-30 19:34:15,632 [INFO] ThirdParty:1030 - CMSIS Pack Vendor :WES I-CUBE-Cesium 1.3.0
2025-12-30 19:34:15,632 [INFO] ThirdParty:1030 - CMSIS Pack Vendor :STMicroelectronics lwIP 2.1.2
2025-12-30 19:34:15,632 [INFO] ThirdParty:1030 - CMSIS Pack Vendor :STMicroelectronics X-CUBE-SFXS2LP1 4.0.0
2025-12-30 19:34:15,632 [INFO] ThirdParty:1030 - CMSIS Pack Vendor :STMicroelectronics X-CUBE-BLE2 3.3.0
2025-12-30 19:34:15,632 [INFO] ThirdParty:1030 - CMSIS Pack Vendor :Avnet-IOTCONNECT X-CUBE-iotc-st67-sdk 1.0.0
2025-12-30 19:34:15,632 [INFO] ThirdParty:1030 - CMSIS Pack Vendor :STMicroelectronics PDM2PCM 3.2.0
2025-12-30 19:34:15,632 [INFO] ThirdParty:1030 - CMSIS Pack Vendor :STMicroelectronics X-CUBE-AZRTOS-H7 3.3.0
2025-12-30 19:34:15,632 [INFO] ThirdParty:1030 - CMSIS Pack Vendor :STMicroelectronics X-CUBE-NFC9 1.0.0
2025-12-30 19:34:15,632 [INFO] ThirdParty:1030 - CMSIS Pack Vendor :STMicroelectronics X-CUBE-BLE1 7.1.0
2025-12-30 19:34:15,632 [INFO] ThirdParty:1030 - CMSIS Pack Vendor :STMicroelectronics USB_DEVICE 3.0.0
2025-12-30 19:34:15,632 [INFO] ThirdParty:1030 - CMSIS Pack Vendor :STMicroelectronics X-CUBE-FREERTOS 1.4.0
2025-12-30 19:34:15,633 [INFO] ThirdParty:1030 - CMSIS Pack Vendor :STMicroelectronics X-CUBE-EEPRMA1 5.2.0
2025-12-30 19:34:15,633 [INFO] ThirdParty:1030 - CMSIS Pack Vendor :STMicroelectronics X-CUBE-BLEMGR 4.1.0
2025-12-30 19:34:15,633 [INFO] ThirdParty:1030 - CMSIS Pack Vendor :STMicroelectronics X-CUBE-AZRTOS-WB 2.0.0
2025-12-30 19:34:15,633 [INFO] ThirdParty:1030 - CMSIS Pack Vendor :STMicroelectronics X-CUBE-GNSS1 7.0.1
2025-12-30 19:34:15,633 [INFO] ThirdParty:1030 - CMSIS Pack Vendor :STMicroelectronics X-CUBE-TOUCHGFX 4.25.0
2025-12-30 19:34:15,633 [INFO] ThirdParty:1030 - CMSIS Pack Vendor :STMicroelectronics X-CUBE-ST67W61 1.1.0
2025-12-30 19:34:15,633 [INFO] ThirdParty:1030 - CMSIS Pack Vendor :STMicroelectronics X-CUBE-AI 10.1.0
2025-12-30 19:34:15,633 [INFO] ThirdParty:1030 - CMSIS Pack Vendor :STMicroelectronics FP-SNS-STBOX1 2.0.0
2025-12-30 19:34:15,633 [INFO] ThirdParty:1030 - CMSIS Pack Vendor :STMicroelectronics X-CUBE-MEMS1 12.0.0
2025-12-30 19:34:15,633 [INFO] ThirdParty:1030 - CMSIS Pack Vendor :STMicroelectronics X-CUBE-MEMS1 11.2.0
2025-12-30 19:34:15,633 [INFO] ThirdParty:1030 - CMSIS Pack Vendor :STMicroelectronics X-CUBE-AZRTOS-G0 1.1.0
2025-12-30 19:34:15,633 [INFO] ThirdParty:1030 - CMSIS Pack Vendor :STMicroelectronics X-CUBE-SAFEA1 1.2.2
2025-12-30 19:34:15,633 [INFO] ThirdParty:1030 - CMSIS Pack Vendor :STMicroelectronics X-CUBE-NFC4 3.0.0
2025-12-30 19:34:15,633 [INFO] ThirdParty:1030 - CMSIS Pack Vendor :STMicroelectronics X-CUBE-SUBG2 5.0.0
2025-12-30 19:34:15,633 [INFO] ThirdParty:1030 - CMSIS Pack Vendor :STMicroelectronics X-CUBE-AZRTOS-H7RS 1.1.0
2025-12-30 19:34:15,633 [INFO] ThirdParty:1030 - CMSIS Pack Vendor :STMicroelectronics STM32_WPAN 1.0.0
2025-12-30 19:34:15,634 [INFO] ThirdParty:1030 - CMSIS Pack Vendor :EmbeddedOffice I-CUBE-FS-RTOS 1.0.1
2025-12-30 19:34:15,634 [INFO] ThirdParty:1030 - CMSIS Pack Vendor :STMicroelectronics lwIP 2.0.3
2025-12-30 19:34:15,634 [INFO] ThirdParty:1030 - CMSIS Pack Vendor :Cesanta I-CUBE-Mongoose 7.13.0
2025-12-30 19:34:15,634 [INFO] ThirdParty:1030 - CMSIS Pack Vendor :STMicroelectronics USB_HOST 1.0.0
2025-12-30 19:34:15,634 [INFO] ThirdParty:1030 - CMSIS Pack Vendor :STMicroelectronics X-CUBE-AZRTOS-G4 2.0.0
2025-12-30 19:34:15,634 [INFO] ThirdParty:1030 - CMSIS Pack Vendor :STMicroelectronics X-CUBE-WB05N 2.0.0
2025-12-30 19:34:15,634 [INFO] ThirdParty:1030 - CMSIS Pack Vendor :STMicroelectronics PDM2PCM 3.1.0
2025-12-30 19:34:15,634 [INFO] ThirdParty:1030 - CMSIS Pack Vendor :STMicroelectronics X-CUBE-NFC7 2.0.0
2025-12-30 19:34:15,634 [INFO] ThirdParty:1030 - CMSIS Pack Vendor :STMicroelectronics X-CUBE-TCPP 4.2.0
2025-12-30 19:34:15,634 [INFO] ThirdParty:1030 - CMSIS Pack Vendor :RealThread X-CUBE-RT-Thread_Nano 4.1.1
2025-12-30 19:34:15,634 [INFO] ThirdParty:1030 - CMSIS Pack Vendor :STMicroelectronics FP-ATR-SIGFOX1 3.2.0
2025-12-30 19:34:15,634 [INFO] ThirdParty:1030 - CMSIS Pack Vendor :quantropi X-CUBE-qispace-sdk-base 1.9.3
2025-12-30 19:34:15,634 [INFO] ThirdParty:1030 - CMSIS Pack Vendor :STMicroelectronics X-CUBE-EEPRMA1 5.1.0
2025-12-30 19:34:15,635 [INFO] ThirdParty:1030 - CMSIS Pack Vendor :STMicroelectronics MBEDTLS 2.16.2
2025-12-30 19:34:15,635 [INFO] ThirdParty:1030 - CMSIS Pack Vendor :STMicroelectronics X-CUBE-IPS 3.1.0
2025-12-30 19:34:15,635 [INFO] ThirdParty:1030 - CMSIS Pack Vendor :STMicroelectronics X-CUBE-ALS 1.0.2
2025-12-30 19:34:15,635 [INFO] ThirdParty:1030 - CMSIS Pack Vendor :STMicroelectronics X-CUBE-MEMS1 10.0.0
2025-12-30 19:34:15,635 [INFO] ThirdParty:1030 - CMSIS Pack Vendor :wolfSSL I-CUBE-wolfSSL 5.7.4
2025-12-30 19:34:15,635 [INFO] ThirdParty:1030 - CMSIS Pack Vendor :ITTIA_DB I-CUBE-ITTIADB 8.9.0
2025-12-30 19:34:15,635 [INFO] ThirdParty:1030 - CMSIS Pack Vendor :STMicroelectronics X-CUBE-TOUCHGFX 4.24.2
2025-12-30 19:34:15,635 [INFO] ThirdParty:1030 - CMSIS Pack Vendor :STMicroelectronics X-CUBE-STSE01 1.0.0
2025-12-30 19:34:15,635 [INFO] ThirdParty:1030 - CMSIS Pack Vendor :wolfSSL I-CUBE-wolfTPM 3.4.0
2025-12-30 19:34:15,635 [INFO] ThirdParty:1030 - CMSIS Pack Vendor :portGmbH I-Cube-SoM-uGOAL 1.1.0
2025-12-30 19:34:15,635 [INFO] ThirdParty:1030 - CMSIS Pack Vendor :STMicroelectronics X-CUBE-ST67W61 1.0.0
2025-12-30 19:34:15,635 [INFO] ThirdParty:1030 - CMSIS Pack Vendor :STMicroelectronics X-CUBE-AI 10.2.0
2025-12-30 19:34:15,635 [INFO] ThirdParty:1030 - CMSIS Pack Vendor :STMicroelectronics ThreadX 1.0.0
2025-12-30 19:34:15,635 [INFO] ThirdParty:1030 - CMSIS Pack Vendor :SEGGER I-CUBE-embOS 1.3.1
2025-12-30 19:34:15,636 [INFO] ThirdParty:1030 - CMSIS Pack Vendor :STMicroelectronics X-CUBE-ALGOBUILD 1.4.0
2025-12-30 19:34:15,636 [INFO] ThirdParty:1030 - CMSIS Pack Vendor :STMicroelectronics X-CUBE-MEMS1 11.3.0
2025-12-30 19:34:15,636 [INFO] ThirdParty:1030 - CMSIS Pack Vendor :STMicroelectronics X-CUBE-AZRTOS-H7RS 1.0.0
2025-12-30 19:34:15,636 [INFO] ThirdParty:1030 - CMSIS Pack Vendor :STMicroelectronics X-CUBE-TOF1 3.4.2
2025-12-30 19:34:15,636 [INFO] ThirdParty:1030 - CMSIS Pack Vendor :STMicroelectronics X-CUBE-TOF1 3.4.3
2025-12-30 19:34:15,636 [INFO] ThirdParty:1030 - CMSIS Pack Vendor :STMicroelectronics X-CUBE-AI 9.1.0
2025-12-30 19:34:15,636 [INFO] ThirdParty:1030 - CMSIS Pack Vendor :wolfSSL I-CUBE-wolfSSH 1.4.17
2025-12-30 19:34:15,636 [INFO] ThirdParty:841 - exiting critical section [change project]
2025-12-30 19:34:16,202 [ERROR] LogOutputStream:75 - [STDERR_REDIRECT] [Fatal Error] :1:1: Premature end of file.
2025-12-30 19:34:16,203 [ERROR] LogOutputStream:75 - [STDERR_REDIRECT] 
2025-12-30 19:34:16,452 [INFO] PinOutPanel:1589 - setPackage(No Configuration,No Configuration)
2025-12-30 19:34:16,453 [INFO] PinOutPanel:1589 - setPackage(STM32G474RETx,LQFP64)
2025-12-30 19:34:17,016 [INFO] UtilMem:75 - Before build in PCC Used Memory: 925824768 Bytes (1073741824)
2025-12-30 19:34:17,190 [ERROR] LogOutputStream:75 - [STDERR_REDIRECT] [Fatal Error] :1:1: Premature end of file.
2025-12-30 19:34:17,191 [ERROR] LogOutputStream:75 - [STDERR_REDIRECT] 
2025-12-30 19:34:18,162 [INFO] UtilMem:75 - After build in PCC Used Memory: 771973792 Bytes (1073741824)
2025-12-30 19:34:18,191 [ERROR] LogOutputStream:75 - [STDERR_REDIRECT] [Fatal Error] :1:1: Premature end of file.
2025-12-30 19:34:18,192 [ERROR] LogOutputStream:75 - [STDERR_REDIRECT] 
2025-12-30 19:34:18,297 [INFO] ApiDbMcu:532 - Load IP Config File for FATFS
2025-12-30 19:34:18,347 [INFO] IPUIPlugin:80 - create IPUIPlugin
2025-12-30 19:34:18,348 [INFO] IPUIPlugin:80 - create IPUIPlugin
2025-12-30 19:34:18,348 [INFO] IPUIPlugin:80 - create IPUIPlugin
2025-12-30 19:34:18,348 [INFO] IPUIPlugin:80 - create IPUIPlugin
2025-12-30 19:34:18,348 [INFO] IPUIPlugin:80 - create IPUIPlugin
2025-12-30 19:34:18,348 [INFO] IPUIPlugin:80 - create IPUIPlugin
2025-12-30 19:34:18,348 [INFO] IPUIPlugin:80 - create IPUIPlugin
2025-12-30 19:34:18,348 [INFO] IPUIPlugin:80 - create IPUIPlugin
2025-12-30 19:34:18,348 [INFO] IPUIPlugin:80 - create IPUIPlugin
2025-12-30 19:34:18,348 [INFO] IPUIPlugin:80 - create IPUIPlugin
2025-12-30 19:34:18,348 [INFO] IPUIPlugin:80 - create IPUIPlugin
2025-12-30 19:34:18,348 [INFO] IPUIPlugin:80 - create IPUIPlugin
2025-12-30 19:34:18,349 [INFO] IPUIPlugin:80 - create IPUIPlugin
2025-12-30 19:34:18,349 [INFO] IPUIPlugin:80 - create IPUIPlugin
2025-12-30 19:34:18,349 [INFO] IPUIPlugin:80 - create IPUIPlugin
2025-12-30 19:34:18,349 [INFO] IPUIPlugin:80 - create IPUIPlugin
2025-12-30 19:34:18,349 [INFO] IPUIPlugin:80 - create IPUIPlugin
2025-12-30 19:34:18,350 [INFO] IPUIPlugin:80 - create IPUIPlugin
2025-12-30 19:34:18,350 [INFO] IPUIPlugin:80 - create IPUIPlugin
2025-12-30 19:34:18,350 [INFO] IPUIPlugin:80 - create IPUIPlugin
2025-12-30 19:34:18,350 [INFO] IPUIPlugin:80 - create IPUIPlugin
2025-12-30 19:34:18,350 [INFO] IPUIPlugin:80 - create IPUIPlugin
2025-12-30 19:34:18,350 [INFO] IPUIPlugin:80 - create IPUIPlugin
2025-12-30 19:34:18,350 [INFO] IPUIPlugin:80 - create IPUIPlugin
2025-12-30 19:34:18,350 [INFO] IPUIPlugin:80 - create IPUIPlugin
2025-12-30 19:34:18,351 [INFO] IPUIPlugin:80 - create IPUIPlugin
2025-12-30 19:34:18,351 [INFO] IPUIPlugin:80 - create IPUIPlugin
2025-12-30 19:34:18,351 [INFO] IPUIPlugin:80 - create IPUIPlugin
2025-12-30 19:34:18,351 [INFO] IPUIPlugin:80 - create IPUIPlugin
2025-12-30 19:34:18,351 [INFO] IPUIPlugin:80 - create IPUIPlugin
2025-12-30 19:34:18,352 [INFO] IPUIPlugin:80 - create IPUIPlugin
2025-12-30 19:34:18,352 [INFO] IPUIPlugin:80 - create IPUIPlugin
2025-12-30 19:34:18,352 [INFO] IPUIPlugin:80 - create IPUIPlugin
2025-12-30 19:34:18,352 [INFO] IPUIPlugin:80 - create IPUIPlugin
2025-12-30 19:34:18,352 [INFO] IPUIPlugin:80 - create IPUIPlugin
2025-12-30 19:34:18,352 [INFO] IPUIPlugin:80 - create IPUIPlugin
2025-12-30 19:34:18,353 [INFO] IPUIPlugin:80 - create IPUIPlugin
2025-12-30 19:34:18,353 [INFO] IPUIPlugin:80 - create IPUIPlugin
2025-12-30 19:34:18,353 [INFO] IPUIPlugin:80 - create IPUIPlugin
2025-12-30 19:34:18,354 [INFO] IPUIPlugin:80 - create IPUIPlugin
2025-12-30 19:34:18,354 [INFO] IPUIPlugin:80 - create IPUIPlugin
2025-12-30 19:34:18,354 [INFO] IPUIPlugin:80 - create IPUIPlugin
2025-12-30 19:34:18,354 [INFO] IPUIPlugin:80 - create IPUIPlugin
2025-12-30 19:34:18,354 [INFO] IPUIPlugin:80 - create IPUIPlugin
2025-12-30 19:34:18,355 [INFO] IPUIPlugin:80 - create IPUIPlugin
2025-12-30 19:34:18,355 [INFO] IPUIPlugin:80 - create IPUIPlugin
2025-12-30 19:34:18,355 [INFO] IPUIPlugin:80 - create IPUIPlugin
2025-12-30 19:34:18,355 [INFO] IPUIPlugin:80 - create IPUIPlugin
2025-12-30 19:34:18,356 [INFO] IPUIPlugin:80 - create IPUIPlugin
2025-12-30 19:34:18,356 [INFO] IPUIPlugin:80 - create IPUIPlugin
2025-12-30 19:34:18,356 [INFO] IPUIPlugin:80 - create IPUIPlugin
2025-12-30 19:34:18,356 [INFO] IPUIPlugin:80 - create IPUIPlugin
2025-12-30 19:34:18,357 [INFO] IPUIPlugin:80 - create IPUIPlugin
2025-12-30 19:34:18,357 [INFO] IPUIPlugin:80 - create IPUIPlugin
2025-12-30 19:34:18,357 [INFO] IPUIPlugin:80 - create IPUIPlugin
2025-12-30 19:34:18,358 [INFO] IPUIPlugin:80 - create IPUIPlugin
2025-12-30 19:34:18,358 [INFO] IPUIPlugin:80 - create IPUIPlugin
2025-12-30 19:34:18,359 [INFO] IPUIPlugin:80 - create IPUIPlugin
2025-12-30 19:34:18,359 [INFO] IPUIPlugin:80 - create IPUIPlugin
2025-12-30 19:34:18,360 [INFO] IPUIPlugin:80 - create IPUIPlugin
2025-12-30 19:34:18,360 [INFO] IPUIPlugin:80 - create IPUIPlugin
2025-12-30 19:34:18,361 [INFO] IPUIPlugin:80 - create IPUIPlugin
2025-12-30 19:34:18,361 [INFO] IPUIPlugin:80 - create IPUIPlugin
2025-12-30 19:34:18,361 [INFO] IPUIPlugin:80 - create IPUIPlugin
2025-12-30 19:34:18,362 [INFO] IPUIPlugin:80 - create IPUIPlugin
2025-12-30 19:34:18,362 [INFO] IPUIPlugin:80 - create IPUIPlugin
2025-12-30 19:34:18,362 [INFO] IPUIPlugin:80 - create IPUIPlugin
2025-12-30 19:34:18,363 [INFO] IPUIPlugin:80 - create IPUIPlugin
2025-12-30 19:34:18,363 [INFO] IPUIPlugin:80 - create IPUIPlugin
2025-12-30 19:34:18,363 [INFO] IPUIPlugin:80 - create IPUIPlugin
2025-12-30 19:34:18,364 [INFO] IPUIPlugin:80 - create IPUIPlugin
2025-12-30 19:34:18,364 [INFO] IPUIPlugin:80 - create IPUIPlugin
2025-12-30 19:34:18,364 [INFO] IPUIPlugin:80 - create IPUIPlugin
2025-12-30 19:34:18,365 [INFO] IPUIPlugin:80 - create IPUIPlugin
2025-12-30 19:34:18,365 [INFO] IPUIPlugin:80 - create IPUIPlugin
2025-12-30 19:34:18,366 [INFO] IPUIPlugin:80 - create IPUIPlugin
2025-12-30 19:34:18,366 [INFO] IPUIPlugin:80 - create IPUIPlugin
2025-12-30 19:34:18,658 [INFO] CADModel:165 - CPN selected for project levelSTM32G474RET6
2025-12-30 19:34:18,658 [INFO] CADModel:114 - Register for checkConnection events
2025-12-30 19:34:18,715 [INFO] OpenFileManager:386 - Restore cursor
2025-12-30 19:34:19,192 [ERROR] LogOutputStream:75 - [STDERR_REDIRECT] [Fatal Error] :1:1: Premature end of file.
2025-12-30 19:34:19,193 [ERROR] LogOutputStream:75 - [STDERR_REDIRECT] 
2025-12-30 19:34:20,209 [ERROR] LogOutputStream:75 - [STDERR_REDIRECT] [Fatal Error] :1:1: Premature end of file.
2025-12-30 19:34:20,209 [ERROR] LogOutputStream:75 - [STDERR_REDIRECT] 
2025-12-30 19:34:20,419 [INFO] UtilMem:75 - End SaveConfig() Used Memory: 861510792 Bytes (1073741824)
2025-12-30 19:34:20,643 [INFO] UtilMem:75 - End SaveConfig() Used Memory: 884576744 Bytes (1073741824)
2025-12-30 19:34:21,282 [ERROR] LogOutputStream:75 - [STDERR_REDIRECT] [Fatal Error] :1:1: Premature end of file.
2025-12-30 19:34:21,283 [ERROR] LogOutputStream:75 - [STDERR_REDIRECT] 
2025-12-30 19:34:21,438 [INFO] BlockDiagram:2775 - set Specific Code input for plugin: SPI
2025-12-30 19:34:21,438 [INFO] BlockDiagram:2775 - set Specific Code input for plugin: SPI
2025-12-30 19:34:21,439 [INFO] BlockDiagram:2775 - set Specific Code input for plugin: TIM1_8G4
2025-12-30 19:34:21,439 [INFO] BlockDiagram:2775 - set Specific Code input for plugin: TIM1_8G4
2025-12-30 19:34:21,439 [INFO] BlockDiagram:2775 - set Specific Code input for plugin: TIM1_8G4
2025-12-30 19:34:21,439 [INFO] BlockDiagram:2775 - set Specific Code input for plugin: TIM1_8G4
2025-12-30 19:34:21,439 [INFO] BlockDiagram:2775 - set Specific Code input for plugin: TIM1_8G4
2025-12-30 19:34:21,439 [INFO] BlockDiagram:2775 - set Specific Code input for plugin: ADC
2025-12-30 19:34:21,439 [INFO] BlockDiagram:2775 - set Specific Code input for plugin: SYS
2025-12-30 19:34:21,439 [INFO] BlockDiagram:2775 - set Specific Code input for plugin: ADC
2025-12-30 19:34:21,440 [INFO] BlockDiagram:2775 - set Specific Code input for plugin: RCC
2025-12-30 19:34:21,440 [INFO] BlockDiagram:2775 - set Specific Code input for plugin: NVIC
2025-12-30 19:34:21,440 [INFO] BlockDiagram:2775 - set Specific Code input for plugin: USART
2025-12-30 19:34:21,440 [INFO] BlockDiagram:2775 - set Specific Code input for plugin: DMA
2025-12-30 19:34:21,440 [INFO] BlockDiagram:2775 - set Specific Code input for plugin: TIM1_8G4
2025-12-30 19:34:21,441 [INFO] BlockDiagram:2775 - set Specific Code input for plugin: GPIO
2025-12-30 19:34:21,441 [INFO] BlockDiagram:2775 - set Specific Code input for plugin: TIM1_8G4
2025-12-30 19:34:21,441 [INFO] BlockDiagram:2775 - set Specific Code input for plugin: FATFS
2025-12-30 19:34:21,448 [INFO] CodeGenerator:892 - code generatio: config db path: C:\ST\STM32CubeIDE_1.19.0\STM32CubeIDE\plugins\com.st.stm32cube.common.mx_6.15.0.202507011659\\db\
2025-12-30 19:34:21,894 [INFO] CodeEngine:265 - oldGeneratedFile, C:\Users\SNYDE\Documents\GitHub\Regin-V3\SOFTWARE\ReginV3_LFT_Code\Regin-V3-LFT-Code\MXTmpFiles\license.tmp_save
2025-12-30 19:34:22,189 [ERROR] LogOutputStream:75 - [STDERR_REDIRECT] [Fatal Error] :1:1: Premature end of file.
2025-12-30 19:34:22,189 [ERROR] LogOutputStream:75 - [STDERR_REDIRECT] 
2025-12-30 19:34:22,396 [INFO] CodeEngine:289 - Generated code: C:\Users\SNYDE\Documents\GitHub\Regin-V3\SOFTWARE\ReginV3_LFT_Code\Regin-V3-LFT-Code\MXTmpFiles\license.tmp
2025-12-30 19:34:22,641 [INFO] CodeEngine:265 - oldGeneratedFile, C:\Users\SNYDE\Documents\GitHub\Regin-V3\SOFTWARE\ReginV3_LFT_Code\Regin-V3-LFT-Code\Core\Src\gpio.c_save
2025-12-30 19:34:22,862 [INFO] CodeEngine:289 - Generated code: C:\Users\SNYDE\Documents\GitHub\Regin-V3\SOFTWARE\ReginV3_LFT_Code\Regin-V3-LFT-Code\Core\Src\gpio.c
2025-12-30 19:34:22,871 [INFO] CodeEngine:265 - oldGeneratedFile, C:\Users\SNYDE\Documents\GitHub\Regin-V3\SOFTWARE\ReginV3_LFT_Code\Regin-V3-LFT-Code\Core\Inc\gpio.h_save
2025-12-30 19:34:22,973 [INFO] CodeEngine:289 - Generated code: C:\Users\SNYDE\Documents\GitHub\Regin-V3\SOFTWARE\ReginV3_LFT_Code\Regin-V3-LFT-Code\Core\Inc\gpio.h
2025-12-30 19:34:23,190 [ERROR] LogOutputStream:75 - [STDERR_REDIRECT] [Fatal Error] :1:1: Premature end of file.
2025-12-30 19:34:23,190 [ERROR] LogOutputStream:75 - [STDERR_REDIRECT] 
2025-12-30 19:34:24,192 [ERROR] LogOutputStream:75 - [STDERR_REDIRECT] [Fatal Error] :1:1: Premature end of file.
2025-12-30 19:34:24,194 [ERROR] LogOutputStream:75 - [STDERR_REDIRECT] 
2025-12-30 19:34:25,185 [ERROR] LogOutputStream:75 - [STDERR_REDIRECT] [Fatal Error] :1:1: Premature end of file.
2025-12-30 19:34:25,185 [ERROR] LogOutputStream:75 - [STDERR_REDIRECT] 
2025-12-30 19:34:26,188 [ERROR] LogOutputStream:75 - [STDERR_REDIRECT] [Fatal Error] :1:1: Premature end of file.
2025-12-30 19:34:26,188 [ERROR] LogOutputStream:75 - [STDERR_REDIRECT] 
2025-12-30 19:34:27,186 [ERROR] LogOutputStream:75 - [STDERR_REDIRECT] [Fatal Error] :1:1: Premature end of file.
2025-12-30 19:34:27,186 [ERROR] LogOutputStream:75 - [STDERR_REDIRECT] 
2025-12-30 19:34:27,219 [INFO] Middleware:1452 - No code input for Bsp Dependency
2025-12-30 19:34:27,236 [INFO] CodeEngine:265 - oldGeneratedFile, C:\Users\SNYDE\Documents\GitHub\Regin-V3\SOFTWARE\ReginV3_LFT_Code\Regin-V3-LFT-Code\Core\Src\adc.c_save
2025-12-30 19:34:27,491 [INFO] CodeEngine:289 - Generated code: C:\Users\SNYDE\Documents\GitHub\Regin-V3\SOFTWARE\ReginV3_LFT_Code\Regin-V3-LFT-Code\Core\Src\adc.c
2025-12-30 19:34:27,504 [INFO] CodeEngine:265 - oldGeneratedFile, C:\Users\SNYDE\Documents\GitHub\Regin-V3\SOFTWARE\ReginV3_LFT_Code\Regin-V3-LFT-Code\Core\Inc\adc.h_save
2025-12-30 19:34:27,591 [INFO] CodeEngine:289 - Generated code: C:\Users\SNYDE\Documents\GitHub\Regin-V3\SOFTWARE\ReginV3_LFT_Code\Regin-V3-LFT-Code\Core\Inc\adc.h
2025-12-30 19:34:27,813 [INFO] CodeEngine:265 - oldGeneratedFile, C:\Users\SNYDE\Documents\GitHub\Regin-V3\SOFTWARE\ReginV3_LFT_Code\Regin-V3-LFT-Code\Core\Src\dma.c_save
2025-12-30 19:34:27,975 [INFO] CodeEngine:289 - Generated code: C:\Users\SNYDE\Documents\GitHub\Regin-V3\SOFTWARE\ReginV3_LFT_Code\Regin-V3-LFT-Code\Core\Src\dma.c
2025-12-30 19:34:27,989 [INFO] CodeEngine:265 - oldGeneratedFile, C:\Users\SNYDE\Documents\GitHub\Regin-V3\SOFTWARE\ReginV3_LFT_Code\Regin-V3-LFT-Code\Core\Inc\dma.h_save
2025-12-30 19:34:28,099 [INFO] CodeEngine:289 - Generated code: C:\Users\SNYDE\Documents\GitHub\Regin-V3\SOFTWARE\ReginV3_LFT_Code\Regin-V3-LFT-Code\Core\Inc\dma.h
2025-12-30 19:34:28,111 [INFO] Middleware:1452 - No code input for Bsp Dependency
2025-12-30 19:34:28,121 [INFO] CodeEngine:265 - oldGeneratedFile, C:\Users\SNYDE\Documents\GitHub\Regin-V3\SOFTWARE\ReginV3_LFT_Code\Regin-V3-LFT-Code\FATFS\Target\ffconf.h_save
2025-12-30 19:34:28,181 [ERROR] LogOutputStream:75 - [STDERR_REDIRECT] [Fatal Error] :1:1: Premature end of file.
2025-12-30 19:34:28,182 [ERROR] LogOutputStream:75 - [STDERR_REDIRECT] 
2025-12-30 19:34:28,211 [INFO] CodeEngine:289 - Generated code: C:\Users\SNYDE\Documents\GitHub\Regin-V3\SOFTWARE\ReginV3_LFT_Code\Regin-V3-LFT-Code\FATFS\Target\ffconf.h
2025-12-30 19:34:28,221 [INFO] CodeEngine:265 - oldGeneratedFile, C:\Users\SNYDE\Documents\GitHub\Regin-V3\SOFTWARE\ReginV3_LFT_Code\Regin-V3-LFT-Code\FATFS\Target\user_diskio.c_save
2025-12-30 19:34:28,294 [INFO] CodeEngine:289 - Generated code: C:\Users\SNYDE\Documents\GitHub\Regin-V3\SOFTWARE\ReginV3_LFT_Code\Regin-V3-LFT-Code\FATFS\Target\user_diskio.c
2025-12-30 19:34:28,305 [INFO] CodeEngine:265 - oldGeneratedFile, C:\Users\SNYDE\Documents\GitHub\Regin-V3\SOFTWARE\ReginV3_LFT_Code\Regin-V3-LFT-Code\FATFS\Target\user_diskio.h_save
2025-12-30 19:34:28,374 [INFO] CodeEngine:289 - Generated code: C:\Users\SNYDE\Documents\GitHub\Regin-V3\SOFTWARE\ReginV3_LFT_Code\Regin-V3-LFT-Code\FATFS\Target\user_diskio.h
2025-12-30 19:34:28,384 [INFO] CodeEngine:265 - oldGeneratedFile, C:\Users\SNYDE\Documents\GitHub\Regin-V3\SOFTWARE\ReginV3_LFT_Code\Regin-V3-LFT-Code\FATFS\App\app_fatfs.c_save
2025-12-30 19:34:28,480 [INFO] CodeEngine:289 - Generated code: C:\Users\SNYDE\Documents\GitHub\Regin-V3\SOFTWARE\ReginV3_LFT_Code\Regin-V3-LFT-Code\FATFS\App\app_fatfs.c
2025-12-30 19:34:28,489 [INFO] CodeEngine:265 - oldGeneratedFile, C:\Users\SNYDE\Documents\GitHub\Regin-V3\SOFTWARE\ReginV3_LFT_Code\Regin-V3-LFT-Code\FATFS\App\app_fatfs.h_save
2025-12-30 19:34:28,567 [INFO] CodeEngine:289 - Generated code: C:\Users\SNYDE\Documents\GitHub\Regin-V3\SOFTWARE\ReginV3_LFT_Code\Regin-V3-LFT-Code\FATFS\App\app_fatfs.h
2025-12-30 19:34:28,585 [INFO] CodeEngine:265 - oldGeneratedFile, C:\Users\SNYDE\Documents\GitHub\Regin-V3\SOFTWARE\ReginV3_LFT_Code\Regin-V3-LFT-Code\Core\Src\spi.c_save
2025-12-30 19:34:28,691 [INFO] CodeEngine:289 - Generated code: C:\Users\SNYDE\Documents\GitHub\Regin-V3\SOFTWARE\ReginV3_LFT_Code\Regin-V3-LFT-Code\Core\Src\spi.c
2025-12-30 19:34:28,702 [INFO] CodeEngine:265 - oldGeneratedFile, C:\Users\SNYDE\Documents\GitHub\Regin-V3\SOFTWARE\ReginV3_LFT_Code\Regin-V3-LFT-Code\Core\Inc\spi.h_save
2025-12-30 19:34:28,785 [INFO] CodeEngine:289 - Generated code: C:\Users\SNYDE\Documents\GitHub\Regin-V3\SOFTWARE\ReginV3_LFT_Code\Regin-V3-LFT-Code\Core\Inc\spi.h
2025-12-30 19:34:28,804 [INFO] CodeEngine:265 - oldGeneratedFile, C:\Users\SNYDE\Documents\GitHub\Regin-V3\SOFTWARE\ReginV3_LFT_Code\Regin-V3-LFT-Code\Core\Src\tim.c_save
2025-12-30 19:34:28,941 [INFO] CodeEngine:289 - Generated code: C:\Users\SNYDE\Documents\GitHub\Regin-V3\SOFTWARE\ReginV3_LFT_Code\Regin-V3-LFT-Code\Core\Src\tim.c
2025-12-30 19:34:28,950 [INFO] CodeEngine:265 - oldGeneratedFile, C:\Users\SNYDE\Documents\GitHub\Regin-V3\SOFTWARE\ReginV3_LFT_Code\Regin-V3-LFT-Code\Core\Inc\tim.h_save
2025-12-30 19:34:29,038 [INFO] CodeEngine:289 - Generated code: C:\Users\SNYDE\Documents\GitHub\Regin-V3\SOFTWARE\ReginV3_LFT_Code\Regin-V3-LFT-Code\Core\Inc\tim.h
2025-12-30 19:34:29,056 [INFO] CodeEngine:265 - oldGeneratedFile, C:\Users\SNYDE\Documents\GitHub\Regin-V3\SOFTWARE\ReginV3_LFT_Code\Regin-V3-LFT-Code\Core\Src\usart.c_save
2025-12-30 19:34:29,152 [INFO] CodeEngine:289 - Generated code: C:\Users\SNYDE\Documents\GitHub\Regin-V3\SOFTWARE\ReginV3_LFT_Code\Regin-V3-LFT-Code\Core\Src\usart.c
2025-12-30 19:34:29,163 [INFO] CodeEngine:265 - oldGeneratedFile, C:\Users\SNYDE\Documents\GitHub\Regin-V3\SOFTWARE\ReginV3_LFT_Code\Regin-V3-LFT-Code\Core\Inc\usart.h_save
2025-12-30 19:34:29,181 [ERROR] LogOutputStream:75 - [STDERR_REDIRECT] [Fatal Error] :1:1: Premature end of file.
2025-12-30 19:34:29,181 [ERROR] LogOutputStream:75 - [STDERR_REDIRECT] 
2025-12-30 19:34:29,233 [INFO] CodeEngine:289 - Generated code: C:\Users\SNYDE\Documents\GitHub\Regin-V3\SOFTWARE\ReginV3_LFT_Code\Regin-V3-LFT-Code\Core\Inc\usart.h
2025-12-30 19:34:29,270 [INFO] CodeEngine:265 - oldGeneratedFile, C:\Users\SNYDE\Documents\GitHub\Regin-V3\SOFTWARE\ReginV3_LFT_Code\Regin-V3-LFT-Code\Core\Src\stm32g4xx_it.c_save
2025-12-30 19:34:29,424 [INFO] CodeEngine:289 - Generated code: C:\Users\SNYDE\Documents\GitHub\Regin-V3\SOFTWARE\ReginV3_LFT_Code\Regin-V3-LFT-Code\Core\Src\stm32g4xx_it.c
2025-12-30 19:34:29,435 [INFO] CodeEngine:265 - oldGeneratedFile, C:\Users\SNYDE\Documents\GitHub\Regin-V3\SOFTWARE\ReginV3_LFT_Code\Regin-V3-LFT-Code\Core\Inc\stm32g4xx_it.h_save
2025-12-30 19:34:29,517 [INFO] CodeEngine:289 - Generated code: C:\Users\SNYDE\Documents\GitHub\Regin-V3\SOFTWARE\ReginV3_LFT_Code\Regin-V3-LFT-Code\Core\Inc\stm32g4xx_it.h
2025-12-30 19:34:29,556 [INFO] CodeEngine:265 - oldGeneratedFile, C:\Users\SNYDE\Documents\GitHub\Regin-V3\SOFTWARE\ReginV3_LFT_Code\Regin-V3-LFT-Code\Core\Src\stm32g4xx_hal_msp.c_save
2025-12-30 19:34:29,661 [INFO] CodeEngine:289 - Generated code: C:\Users\SNYDE\Documents\GitHub\Regin-V3\SOFTWARE\ReginV3_LFT_Code\Regin-V3-LFT-Code\Core\Src\stm32g4xx_hal_msp.c
2025-12-30 19:34:29,671 [INFO] CodeEngine:265 - oldGeneratedFile, C:\Users\SNYDE\Documents\GitHub\Regin-V3\SOFTWARE\ReginV3_LFT_Code\Regin-V3-LFT-Code\MXTmpFiles\system.tmp_save
2025-12-30 19:34:29,735 [INFO] CodeEngine:289 - Generated code: C:\Users\SNYDE\Documents\GitHub\Regin-V3\SOFTWARE\ReginV3_LFT_Code\Regin-V3-LFT-Code\MXTmpFiles\system.tmp
2025-12-30 19:34:29,754 [INFO] CodeEngine:321 - oldGeneratedFile, C:\Users\SNYDE\Documents\GitHub\Regin-V3\SOFTWARE\ReginV3_LFT_Code\Regin-V3-LFT-Code\Core\Inc\stm32g4xx_hal_conf.h_save
2025-12-30 19:34:29,823 [INFO] CodeEngine:345 - Generated code: C:\Users\SNYDE\Documents\GitHub\Regin-V3\SOFTWARE\ReginV3_LFT_Code\Regin-V3-LFT-Code\Core\Inc\stm32g4xx_hal_conf.h
2025-12-30 19:34:29,867 [WARN] IPConfigManager:3238 - Warning: the RefConfig RCC_CommonPeriphClockConfig is not available in your config.xml file
2025-12-30 19:34:29,878 [INFO] ApiDbMcu:532 - Load IP Config File for ADC1
2025-12-30 19:34:29,882 [INFO] ApiDbMcu:532 - Load IP Config File for ADC2
2025-12-30 19:34:29,887 [INFO] ApiDbMcu:532 - Load IP Config File for SPI2
2025-12-30 19:34:29,890 [INFO] ApiDbMcu:532 - Load IP Config File for SPI3
2025-12-30 19:34:29,912 [INFO] ApiDbMcu:532 - Load IP Config File for TIM1
2025-12-30 19:34:29,932 [INFO] ApiDbMcu:532 - Load IP Config File for TIM2
2025-12-30 19:34:29,954 [INFO] ApiDbMcu:532 - Load IP Config File for TIM3
2025-12-30 19:34:29,973 [INFO] ApiDbMcu:532 - Load IP Config File for TIM4
2025-12-30 19:34:29,993 [INFO] ApiDbMcu:532 - Load IP Config File for TIM5
2025-12-30 19:34:30,011 [INFO] ApiDbMcu:532 - Load IP Config File for TIM8
2025-12-30 19:34:30,029 [INFO] ApiDbMcu:532 - Load IP Config File for TIM20
2025-12-30 19:34:30,043 [INFO] ApiDbMcu:532 - Load IP Config File for USART1
2025-12-30 19:34:30,046 [INFO] ApiDbMcu:532 - Load IP Config File for RCC
2025-12-30 19:34:30,074 [INFO] CodeEngine:265 - oldGeneratedFile, C:\Users\SNYDE\Documents\GitHub\Regin-V3\SOFTWARE\ReginV3_LFT_Code\Regin-V3-LFT-Code\Core\Inc\main.h_save
2025-12-30 19:34:30,181 [INFO] CodeEngine:289 - Generated code: C:\Users\SNYDE\Documents\GitHub\Regin-V3\SOFTWARE\ReginV3_LFT_Code\Regin-V3-LFT-Code\Core\Inc\main.h
2025-12-30 19:34:30,186 [ERROR] LogOutputStream:75 - [STDERR_REDIRECT] [Fatal Error] :1:1: Premature end of file.
2025-12-30 19:34:30,186 [ERROR] LogOutputStream:75 - [STDERR_REDIRECT] 
2025-12-30 19:34:30,192 [INFO] CodeEngine:265 - oldGeneratedFile, C:\Users\SNYDE\Documents\GitHub\Regin-V3\SOFTWARE\ReginV3_LFT_Code\Regin-V3-LFT-Code\Core\Src\main.c_save
2025-12-30 19:34:30,342 [INFO] CodeEngine:289 - Generated code: C:\Users\SNYDE\Documents\GitHub\Regin-V3\SOFTWARE\ReginV3_LFT_Code\Regin-V3-LFT-Code\Core\Src\main.c
2025-12-30 19:34:30,962 [INFO] ProjectBuilder:3606 - Time for Copy HAL[1] : 314mS.
2025-12-30 19:34:30,980 [INFO] ProjectBuilder:5216 - Project Generator version: 4.7.0-B52
2025-12-30 19:34:31,127 [INFO] ConfigFileManager:1595 - The Die is : DIE469
2025-12-30 19:34:31,144 [INFO] ApiDbMcu:532 - Load IP Config File for FREERTOS
2025-12-30 19:34:31,155 [INFO] ApiDbMcu:532 - Load IP Config File for USBPD
2025-12-30 19:34:31,170 [INFO] ApiDbMcu:532 - Load IP Config File for USB_DEVICE
2025-12-30 19:34:31,199 [ERROR] LogOutputStream:75 - [STDERR_REDIRECT] [Fatal Error] :1:1: Premature end of file.
2025-12-30 19:34:31,200 [ERROR] LogOutputStream:75 - [STDERR_REDIRECT] 
2025-12-30 19:34:31,703 [INFO] LogOutputStream:77 - [STDOUT_REDIRECT] 
2025-12-30 19:34:32,185 [ERROR] LogOutputStream:75 - [STDERR_REDIRECT] [Fatal Error] :1:1: Premature end of file.
2025-12-30 19:34:32,185 [ERROR] LogOutputStream:75 - [STDERR_REDIRECT] 
2025-12-30 19:34:33,196 [ERROR] LogOutputStream:75 - [STDERR_REDIRECT] [Fatal Error] :1:1: Premature end of file.
2025-12-30 19:34:33,197 [ERROR] LogOutputStream:75 - [STDERR_REDIRECT] 
2025-12-30 19:34:34,193 [ERROR] LogOutputStream:75 - [STDERR_REDIRECT] [Fatal Error] :1:1: Premature end of file.
2025-12-30 19:34:34,193 [ERROR] LogOutputStream:75 - [STDERR_REDIRECT] 
2025-12-30 19:34:35,206 [ERROR] LogOutputStream:75 - [STDERR_REDIRECT] [Fatal Error] :1:1: Premature end of file.
2025-12-30 19:34:35,206 [ERROR] LogOutputStream:75 - [STDERR_REDIRECT] 
2025-12-30 19:34:35,426 [INFO] ProjectBuilder:5496 - Time for Generating toolchain IDE Files: 4445mS.
2025-12-30 19:34:35,429 [INFO] ProjectBuilder:3463 - Time for Copy CMSIS : 2mS.
2025-12-30 19:34:35,436 [INFO] ProjectBuilder:3463 - Time for Copy CMSIS : 0mS.
2025-12-30 19:34:36,488 [ERROR] LogOutputStream:75 - [STDERR_REDIRECT] [Fatal Error] :1:1: Premature end of file.
2025-12-30 19:34:36,489 [ERROR] LogOutputStream:75 - [STDERR_REDIRECT] 
2025-12-30 19:34:36,525 [INFO] McuFinderGlobals:76 - Set McuFinderConnectedMode to true
2025-12-30 19:34:36,533 [INFO] ApiDb:448 - Save user favorites file C:\Users\SNYDE/.stm32cubeide/favorites.mcus.txt: 0 item(s)
2025-12-30 19:34:36,534 [INFO] ApiDb:452 - User favorites MCUs=[]
2025-12-30 19:34:37,132 [ERROR] LogOutputStream:75 - [STDERR_REDIRECT] Exception in thread "AWT-EventQueue-0" java.awt.IllegalComponentStateException: Native resources unavailable
2025-12-30 19:34:37,134 [ERROR] LogOutputStream:75 - [STDERR_REDIRECT] 	at java.desktop/sun.awt.windows.WWindowPeer.getScreenImOn(Native Method)
2025-12-30 19:34:37,136 [ERROR] LogOutputStream:75 - [STDERR_REDIRECT] 	at java.desktop/sun.awt.windows.WWindowPeer.updateGC(WWindowPeer.java:566)
2025-12-30 19:34:37,138 [ERROR] LogOutputStream:75 - [STDERR_REDIRECT] 	at java.desktop/java.awt.event.InvocationEvent.dispatch(InvocationEvent.java:318)
2025-12-30 19:34:37,141 [ERROR] LogOutputStream:75 - [STDERR_REDIRECT] 	at java.desktop/java.awt.EventQueue.dispatchEventImpl(EventQueue.java:773)
2025-12-30 19:34:37,145 [ERROR] LogOutputStream:75 - [STDERR_REDIRECT] 	at java.desktop/java.awt.EventQueue$4.run(EventQueue.java:720)
2025-12-30 19:34:37,149 [ERROR] LogOutputStream:75 - [STDERR_REDIRECT] 	at java.desktop/java.awt.EventQueue$4.run(EventQueue.java:714)
2025-12-30 19:34:37,152 [ERROR] LogOutputStream:75 - [STDERR_REDIRECT] 	at java.base/java.security.AccessController.doPrivileged(AccessController.java:400)
2025-12-30 19:34:37,155 [ERROR] LogOutputStream:75 - [STDERR_REDIRECT] 	at java.base/java.security.ProtectionDomain$JavaSecurityAccessImpl.doIntersectionPrivilege(ProtectionDomain.java:87)
2025-12-30 19:34:37,158 [ERROR] LogOutputStream:75 - [STDERR_REDIRECT] 	at java.base/java.security.ProtectionDomain$JavaSecurityAccessImpl.doIntersectionPrivilege(ProtectionDomain.java:98)
2025-12-30 19:34:37,160 [ERROR] LogOutputStream:75 - [STDERR_REDIRECT] 	at java.desktop/java.awt.EventQueue$5.run(EventQueue.java:747)
2025-12-30 19:34:37,164 [ERROR] LogOutputStream:75 - [STDERR_REDIRECT] 	at java.desktop/java.awt.EventQueue$5.run(EventQueue.java:745)
2025-12-30 19:34:37,166 [ERROR] LogOutputStream:75 - [STDERR_REDIRECT] 	at java.base/java.security.AccessController.doPrivileged(AccessController.java:400)
2025-12-30 19:34:37,169 [ERROR] LogOutputStream:75 - [STDERR_REDIRECT] 	at java.base/java.security.ProtectionDomain$JavaSecurityAccessImpl.doIntersectionPrivilege(ProtectionDomain.java:87)
2025-12-30 19:34:37,171 [ERROR] LogOutputStream:75 - [STDERR_REDIRECT] 	at java.desktop/java.awt.EventQueue.dispatchEvent(EventQueue.java:744)
2025-12-30 19:34:37,173 [ERROR] LogOutputStream:75 - [STDERR_REDIRECT] 	at java.desktop/java.awt.EventDispatchThread.pumpOneEventForFilters(EventDispatchThread.java:203)
2025-12-30 19:34:37,176 [ERROR] LogOutputStream:75 - [STDERR_REDIRECT] 	at java.desktop/java.awt.EventDispatchThread.pumpEventsForFilter(EventDispatchThread.java:124)
2025-12-30 19:34:37,179 [ERROR] LogOutputStream:75 - [STDERR_REDIRECT] 	at java.desktop/java.awt.EventDispatchThread.pumpEventsForHierarchy(EventDispatchThread.java:113)
2025-12-30 19:34:37,182 [ERROR] LogOutputStream:75 - [STDERR_REDIRECT] 	at java.desktop/java.awt.EventDispatchThread.pumpEvents(EventDispatchThread.java:109)
2025-12-30 19:34:37,184 [ERROR] LogOutputStream:75 - [STDERR_REDIRECT] 	at java.desktop/java.awt.EventDispatchThread.pumpEvents(EventDispatchThread.java:101)
2025-12-30 19:34:37,186 [ERROR] LogOutputStream:75 - [STDERR_REDIRECT] 	at java.desktop/java.awt.EventDispatchThread.run(EventDispatchThread.java:90)
2025-12-30 19:34:37,230 [ERROR] LogOutputStream:75 - [STDERR_REDIRECT] [Fatal Error] :1:1: Premature end of file.
2025-12-30 19:34:37,231 [ERROR] LogOutputStream:75 - [STDERR_REDIRECT] 
2025-12-30 19:34:38,223 [ERROR] LogOutputStream:75 - [STDERR_REDIRECT] [Fatal Error] :1:1: Premature end of file.
2025-12-30 19:34:38,224 [ERROR] LogOutputStream:75 - [STDERR_REDIRECT] 
2025-12-30 19:34:39,307 [ERROR] LogOutputStream:75 - [STDERR_REDIRECT] [Fatal Error] :1:1: Premature end of file.
2025-12-30 19:34:39,308 [ERROR] LogOutputStream:75 - [STDERR_REDIRECT] 
2025-12-30 19:34:40,205 [ERROR] LogOutputStream:75 - [STDERR_REDIRECT] [Fatal Error] :1:1: Premature end of file.
2025-12-30 19:34:40,205 [ERROR] LogOutputStream:75 - [STDERR_REDIRECT] 
2025-12-30 19:34:41,236 [ERROR] LogOutputStream:75 - [STDERR_REDIRECT] [Fatal Error] :1:1: Premature end of file.
2025-12-30 19:34:41,236 [ERROR] LogOutputStream:75 - [STDERR_REDIRECT] 
2025-12-30 19:34:42,240 [ERROR] LogOutputStream:75 - [STDERR_REDIRECT] [Fatal Error] :1:1: Premature end of file.
2025-12-30 19:34:42,241 [ERROR] LogOutputStream:75 - [STDERR_REDIRECT] 
2025-12-30 19:34:43,318 [ERROR] LogOutputStream:75 - [STDERR_REDIRECT] [Fatal Error] :1:1: Premature end of file.
2025-12-30 19:34:43,319 [ERROR] LogOutputStream:75 - [STDERR_REDIRECT] 
2025-12-30 19:34:44,272 [ERROR] LogOutputStream:75 - [STDERR_REDIRECT] [Fatal Error] :1:1: Premature end of file.
2025-12-30 19:34:44,273 [ERROR] LogOutputStream:75 - [STDERR_REDIRECT] 
2025-12-30 19:34:45,240 [ERROR] LogOutputStream:75 - [STDERR_REDIRECT] [Fatal Error] :1:1: Premature end of file.
2025-12-30 19:34:45,240 [ERROR] LogOutputStream:75 - [STDERR_REDIRECT] 
2025-12-30 19:34:46,183 [ERROR] LogOutputStream:75 - [STDERR_REDIRECT] [Fatal Error] :1:1: Premature end of file.
2025-12-30 19:34:46,183 [ERROR] LogOutputStream:75 - [STDERR_REDIRECT] 
2025-12-30 19:34:47,192 [ERROR] LogOutputStream:75 - [STDERR_REDIRECT] [Fatal Error] :1:1: Premature end of file.
2025-12-30 19:34:47,193 [ERROR] LogOutputStream:75 - [STDERR_REDIRECT] 
2025-12-30 19:34:48,280 [ERROR] LogOutputStream:75 - [STDERR_REDIRECT] [Fatal Error] :1:1: Premature end of file.
2025-12-30 19:34:48,281 [ERROR] LogOutputStream:75 - [STDERR_REDIRECT] 
2025-12-30 19:34:49,282 [ERROR] LogOutputStream:75 - [STDERR_REDIRECT] [Fatal Error] :1:1: Premature end of file.
2025-12-30 19:34:49,283 [ERROR] LogOutputStream:75 - [STDERR_REDIRECT] 
2025-12-30 19:34:50,192 [ERROR] LogOutputStream:75 - [STDERR_REDIRECT] [Fatal Error] :1:1: Premature end of file.
2025-12-30 19:34:50,192 [ERROR] LogOutputStream:75 - [STDERR_REDIRECT] 
2025-12-30 19:34:51,191 [ERROR] LogOutputStream:75 - [STDERR_REDIRECT] [Fatal Error] :1:1: Premature end of file.
2025-12-30 19:34:51,191 [ERROR] LogOutputStream:75 - [STDERR_REDIRECT] 
2025-12-30 19:34:52,184 [ERROR] LogOutputStream:75 - [STDERR_REDIRECT] [Fatal Error] :1:1: Premature end of file.
2025-12-30 19:34:52,185 [ERROR] LogOutputStream:75 - [STDERR_REDIRECT] 
2025-12-30 19:34:53,219 [ERROR] LogOutputStream:75 - [STDERR_REDIRECT] [Fatal Error] :1:1: Premature end of file.
2025-12-30 19:34:53,219 [ERROR] LogOutputStream:75 - [STDERR_REDIRECT] 
2025-12-30 19:34:54,190 [ERROR] LogOutputStream:75 - [STDERR_REDIRECT] [Fatal Error] :1:1: Premature end of file.
2025-12-30 19:34:54,191 [ERROR] LogOutputStream:75 - [STDERR_REDIRECT] 
2025-12-30 19:34:55,225 [ERROR] LogOutputStream:75 - [STDERR_REDIRECT] [Fatal Error] :1:1: Premature end of file.
2025-12-30 19:34:55,226 [ERROR] LogOutputStream:75 - [STDERR_REDIRECT] 
2025-12-30 19:34:56,281 [ERROR] LogOutputStream:75 - [STDERR_REDIRECT] [Fatal Error] :1:1: Premature end of file.
2025-12-30 19:34:56,281 [ERROR] LogOutputStream:75 - [STDERR_REDIRECT] 
2025-12-30 19:34:57,238 [ERROR] LogOutputStream:75 - [STDERR_REDIRECT] [Fatal Error] :1:1: Premature end of file.
2025-12-30 19:34:57,238 [ERROR] LogOutputStream:75 - [STDERR_REDIRECT] 
2025-12-30 19:34:58,291 [ERROR] LogOutputStream:75 - [STDERR_REDIRECT] [Fatal Error] :1:1: Premature end of file.
2025-12-30 19:34:58,292 [ERROR] LogOutputStream:75 - [STDERR_REDIRECT] 
2025-12-30 19:34:59,183 [ERROR] LogOutputStream:75 - [STDERR_REDIRECT] [Fatal Error] :1:1: Premature end of file.
2025-12-30 19:34:59,184 [ERROR] LogOutputStream:75 - [STDERR_REDIRECT] 
2025-12-30 19:35:00,196 [ERROR] LogOutputStream:75 - [STDERR_REDIRECT] [Fatal Error] :1:1: Premature end of file.
2025-12-30 19:35:00,197 [ERROR] LogOutputStream:75 - [STDERR_REDIRECT] 
2025-12-30 19:35:01,196 [ERROR] LogOutputStream:75 - [STDERR_REDIRECT] [Fatal Error] :1:1: Premature end of file.
2025-12-30 19:35:01,197 [ERROR] LogOutputStream:75 - [STDERR_REDIRECT] 
2025-12-30 19:35:02,184 [ERROR] LogOutputStream:75 - [STDERR_REDIRECT] [Fatal Error] :1:1: Premature end of file.
2025-12-30 19:35:02,185 [ERROR] LogOutputStream:75 - [STDERR_REDIRECT] 
2025-12-30 19:35:03,182 [ERROR] LogOutputStream:75 - [STDERR_REDIRECT] [Fatal Error] :1:1: Premature end of file.
2025-12-30 19:35:03,183 [ERROR] LogOutputStream:75 - [STDERR_REDIRECT] 
2025-12-30 19:35:04,255 [ERROR] LogOutputStream:75 - [STDERR_REDIRECT] [Fatal Error] :1:1: Premature end of file.
2025-12-30 19:35:04,255 [ERROR] LogOutputStream:75 - [STDERR_REDIRECT] 
2025-12-30 19:35:05,274 [ERROR] LogOutputStream:75 - [STDERR_REDIRECT] [Fatal Error] :1:1: Premature end of file.
2025-12-30 19:35:05,275 [ERROR] LogOutputStream:75 - [STDERR_REDIRECT] 
2025-12-30 19:35:06,275 [ERROR] LogOutputStream:75 - [STDERR_REDIRECT] [Fatal Error] :1:1: Premature end of file.
2025-12-30 19:35:06,276 [ERROR] LogOutputStream:75 - [STDERR_REDIRECT] 
2025-12-30 19:35:07,243 [ERROR] LogOutputStream:75 - [STDERR_REDIRECT] [Fatal Error] :1:1: Premature end of file.
2025-12-30 19:35:07,243 [ERROR] LogOutputStream:75 - [STDERR_REDIRECT] 
2025-12-30 19:35:08,200 [ERROR] LogOutputStream:75 - [STDERR_REDIRECT] [Fatal Error] :1:1: Premature end of file.
2025-12-30 19:35:08,200 [ERROR] LogOutputStream:75 - [STDERR_REDIRECT] 
2025-12-30 19:35:09,261 [ERROR] LogOutputStream:75 - [STDERR_REDIRECT] [Fatal Error] :1:1: Premature end of file.
2025-12-30 19:35:09,262 [ERROR] LogOutputStream:75 - [STDERR_REDIRECT] 
2025-12-30 19:35:10,254 [ERROR] LogOutputStream:75 - [STDERR_REDIRECT] [Fatal Error] :1:1: Premature end of file.
2025-12-30 19:35:10,255 [ERROR] LogOutputStream:75 - [STDERR_REDIRECT] 
2025-12-30 19:35:11,224 [ERROR] LogOutputStream:75 - [STDERR_REDIRECT] [Fatal Error] :1:1: Premature end of file.
2025-12-30 19:35:11,224 [ERROR] LogOutputStream:75 - [STDERR_REDIRECT] 
2025-12-30 19:35:12,187 [ERROR] LogOutputStream:75 - [STDERR_REDIRECT] [Fatal Error] :1:1: Premature end of file.
2025-12-30 19:35:12,187 [ERROR] LogOutputStream:75 - [STDERR_REDIRECT] 
2025-12-30 19:35:13,195 [ERROR] LogOutputStream:75 - [STDERR_REDIRECT] [Fatal Error] :1:1: Premature end of file.
2025-12-30 19:35:13,195 [ERROR] LogOutputStream:75 - [STDERR_REDIRECT] 
2025-12-30 19:35:14,286 [ERROR] LogOutputStream:75 - [STDERR_REDIRECT] [Fatal Error] :1:1: Premature end of file.
2025-12-30 19:35:14,287 [ERROR] LogOutputStream:75 - [STDERR_REDIRECT] 
2025-12-30 19:35:15,191 [ERROR] LogOutputStream:75 - [STDERR_REDIRECT] [Fatal Error] :1:1: Premature end of file.
2025-12-30 19:35:15,191 [ERROR] LogOutputStream:75 - [STDERR_REDIRECT] 
2025-12-30 19:35:16,251 [ERROR] LogOutputStream:75 - [STDERR_REDIRECT] [Fatal Error] :1:1: Premature end of file.
2025-12-30 19:35:16,251 [ERROR] LogOutputStream:75 - [STDERR_REDIRECT] 
2025-12-30 19:35:17,291 [ERROR] LogOutputStream:75 - [STDERR_REDIRECT] [Fatal Error] :1:1: Premature end of file.
2025-12-30 19:35:17,292 [ERROR] LogOutputStream:75 - [STDERR_REDIRECT] 
2025-12-30 19:35:18,272 [ERROR] LogOutputStream:75 - [STDERR_REDIRECT] [Fatal Error] :1:1: Premature end of file.
2025-12-30 19:35:18,272 [ERROR] LogOutputStream:75 - [STDERR_REDIRECT] 
2025-12-30 19:35:19,194 [ERROR] LogOutputStream:75 - [STDERR_REDIRECT] [Fatal Error] :1:1: Premature end of file.
2025-12-30 19:35:19,195 [ERROR] LogOutputStream:75 - [STDERR_REDIRECT] 
2025-12-30 19:35:20,188 [ERROR] LogOutputStream:75 - [STDERR_REDIRECT] [Fatal Error] :1:1: Premature end of file.
2025-12-30 19:35:20,189 [ERROR] LogOutputStream:75 - [STDERR_REDIRECT] 
2025-12-30 19:35:21,213 [ERROR] LogOutputStream:75 - [STDERR_REDIRECT] [Fatal Error] :1:1: Premature end of file.
2025-12-30 19:35:21,213 [ERROR] LogOutputStream:75 - [STDERR_REDIRECT] 
2025-12-30 19:35:22,198 [ERROR] LogOutputStream:75 - [STDERR_REDIRECT] [Fatal Error] :1:1: Premature end of file.
2025-12-30 19:35:22,198 [ERROR] LogOutputStream:75 - [STDERR_REDIRECT] 
2025-12-30 19:35:23,186 [ERROR] LogOutputStream:75 - [STDERR_REDIRECT] [Fatal Error] :1:1: Premature end of file.
2025-12-30 19:35:23,187 [ERROR] LogOutputStream:75 - [STDERR_REDIRECT] 
2025-12-30 19:35:24,189 [ERROR] LogOutputStream:75 - [STDERR_REDIRECT] [Fatal Error] :1:1: Premature end of file.
2025-12-30 19:35:24,189 [ERROR] LogOutputStream:75 - [STDERR_REDIRECT] 
2025-12-30 19:35:24,397 [INFO] ParamManager:905 - [Generic UI] PropertyChangeEvent: TAB_STATUS_CHANGED , "dont care", "never mind"
2025-12-30 19:35:25,191 [ERROR] LogOutputStream:75 - [STDERR_REDIRECT] [Fatal Error] :1:1: Premature end of file.
2025-12-30 19:35:25,191 [ERROR] LogOutputStream:75 - [STDERR_REDIRECT] 
2025-12-30 19:35:26,287 [ERROR] LogOutputStream:75 - [STDERR_REDIRECT] [Fatal Error] :1:1: Premature end of file.
2025-12-30 19:35:26,288 [ERROR] LogOutputStream:75 - [STDERR_REDIRECT] 
2025-12-30 19:35:27,186 [ERROR] LogOutputStream:75 - [STDERR_REDIRECT] [Fatal Error] :1:1: Premature end of file.
2025-12-30 19:35:27,186 [ERROR] LogOutputStream:75 - [STDERR_REDIRECT] 
2025-12-30 19:35:27,883 [INFO] NvicIntPanel:101 - NVIC parent = com.st.microxplorer.plugins.ip.nvic.MultiNvicIntPanel[,0,0,0x0,invalid,layout=javax.swing.BoxLayout,alignmentX=0.0,alignmentY=0.0,border=,flags=9,maximumSize=,minimumSize=,preferredSize=]
2025-12-30 19:35:28,187 [ERROR] LogOutputStream:75 - [STDERR_REDIRECT] [Fatal Error] :1:1: Premature end of file.
2025-12-30 19:35:28,188 [ERROR] LogOutputStream:75 - [STDERR_REDIRECT] 
2025-12-30 19:35:29,278 [ERROR] LogOutputStream:75 - [STDERR_REDIRECT] [Fatal Error] :1:1: Premature end of file.
2025-12-30 19:35:29,279 [ERROR] LogOutputStream:75 - [STDERR_REDIRECT] 
2025-12-30 19:35:30,316 [ERROR] LogOutputStream:75 - [STDERR_REDIRECT] [Fatal Error] :1:1: Premature end of file.
2025-12-30 19:35:30,317 [ERROR] LogOutputStream:75 - [STDERR_REDIRECT] 
2025-12-30 19:35:31,248 [ERROR] LogOutputStream:75 - [STDERR_REDIRECT] [Fatal Error] :1:1: Premature end of file.
2025-12-30 19:35:31,249 [ERROR] LogOutputStream:75 - [STDERR_REDIRECT] 
2025-12-30 19:35:31,655 [INFO] NvicIntPanel:101 - NVIC parent = com.st.microxplorer.plugins.ip.nvic.MultiNvicIntPanel[,0,0,0x0,invalid,layout=javax.swing.BoxLayout,alignmentX=0.0,alignmentY=0.0,border=,flags=9,maximumSize=,minimumSize=,preferredSize=]
2025-12-30 19:35:32,200 [ERROR] LogOutputStream:75 - [STDERR_REDIRECT] [Fatal Error] :1:1: Premature end of file.
2025-12-30 19:35:32,200 [ERROR] LogOutputStream:75 - [STDERR_REDIRECT] 
2025-12-30 19:35:33,309 [ERROR] LogOutputStream:75 - [STDERR_REDIRECT] [Fatal Error] :1:1: Premature end of file.
2025-12-30 19:35:33,310 [ERROR] LogOutputStream:75 - [STDERR_REDIRECT] 
2025-12-30 19:35:34,187 [ERROR] LogOutputStream:75 - [STDERR_REDIRECT] [Fatal Error] :1:1: Premature end of file.
2025-12-30 19:35:34,187 [ERROR] LogOutputStream:75 - [STDERR_REDIRECT] 
2025-12-30 19:35:34,538 [INFO] NvicIntPanel:101 - NVIC parent = com.st.microxplorer.plugins.ip.nvic.MultiNvicIntPanel[,0,0,0x0,invalid,layout=javax.swing.BoxLayout,alignmentX=0.0,alignmentY=0.0,border=,flags=9,maximumSize=,minimumSize=,preferredSize=]
2025-12-30 19:35:35,208 [ERROR] LogOutputStream:75 - [STDERR_REDIRECT] [Fatal Error] :1:1: Premature end of file.
2025-12-30 19:35:35,208 [ERROR] LogOutputStream:75 - [STDERR_REDIRECT] 
2025-12-30 19:35:36,184 [ERROR] LogOutputStream:75 - [STDERR_REDIRECT] [Fatal Error] :1:1: Premature end of file.
2025-12-30 19:35:36,184 [ERROR] LogOutputStream:75 - [STDERR_REDIRECT] 
2025-12-30 19:35:37,185 [ERROR] LogOutputStream:75 - [STDERR_REDIRECT] [Fatal Error] :1:1: Premature end of file.
2025-12-30 19:35:37,186 [ERROR] LogOutputStream:75 - [STDERR_REDIRECT] 
2025-12-30 19:35:38,192 [ERROR] LogOutputStream:75 - [STDERR_REDIRECT] [Fatal Error] :1:1: Premature end of file.
2025-12-30 19:35:38,193 [ERROR] LogOutputStream:75 - [STDERR_REDIRECT] 
2025-12-30 19:35:39,185 [ERROR] LogOutputStream:75 - [STDERR_REDIRECT] [Fatal Error] :1:1: Premature end of file.
2025-12-30 19:35:39,185 [ERROR] LogOutputStream:75 - [STDERR_REDIRECT] 
2025-12-30 19:35:40,287 [ERROR] LogOutputStream:75 - [STDERR_REDIRECT] [Fatal Error] :1:1: Premature end of file.
2025-12-30 19:35:40,288 [ERROR] LogOutputStream:75 - [STDERR_REDIRECT] 
2025-12-30 19:35:41,282 [ERROR] LogOutputStream:75 - [STDERR_REDIRECT] [Fatal Error] :1:1: Premature end of file.
2025-12-30 19:35:41,282 [ERROR] LogOutputStream:75 - [STDERR_REDIRECT] 
2025-12-30 19:35:42,165 [INFO] NvicIntPanel:101 - NVIC parent = com.st.microxplorer.plugins.ip.nvic.MultiNvicIntPanel[,0,0,0x0,invalid,layout=javax.swing.BoxLayout,alignmentX=0.0,alignmentY=0.0,border=,flags=9,maximumSize=,minimumSize=,preferredSize=]
2025-12-30 19:35:42,202 [ERROR] LogOutputStream:75 - [STDERR_REDIRECT] [Fatal Error] :1:1: Premature end of file.
2025-12-30 19:35:42,203 [ERROR] LogOutputStream:75 - [STDERR_REDIRECT] 
2025-12-30 19:35:43,187 [ERROR] LogOutputStream:75 - [STDERR_REDIRECT] [Fatal Error] :1:1: Premature end of file.
2025-12-30 19:35:43,187 [ERROR] LogOutputStream:75 - [STDERR_REDIRECT] 
2025-12-30 19:35:44,286 [ERROR] LogOutputStream:75 - [STDERR_REDIRECT] [Fatal Error] :1:1: Premature end of file.
2025-12-30 19:35:44,286 [ERROR] LogOutputStream:75 - [STDERR_REDIRECT] 
2025-12-30 19:35:45,187 [ERROR] LogOutputStream:75 - [STDERR_REDIRECT] [Fatal Error] :1:1: Premature end of file.
2025-12-30 19:35:45,187 [ERROR] LogOutputStream:75 - [STDERR_REDIRECT] 
2025-12-30 19:35:45,643 [INFO] NvicIntPanel:101 - NVIC parent = com.st.microxplorer.plugins.ip.nvic.MultiNvicIntPanel[,0,0,0x0,invalid,layout=javax.swing.BoxLayout,alignmentX=0.0,alignmentY=0.0,border=,flags=9,maximumSize=,minimumSize=,preferredSize=]
2025-12-30 19:35:46,189 [ERROR] LogOutputStream:75 - [STDERR_REDIRECT] [Fatal Error] :1:1: Premature end of file.
2025-12-30 19:35:46,190 [ERROR] LogOutputStream:75 - [STDERR_REDIRECT] 
2025-12-30 19:35:47,290 [ERROR] LogOutputStream:75 - [STDERR_REDIRECT] [Fatal Error] :1:1: Premature end of file.
2025-12-30 19:35:47,292 [ERROR] LogOutputStream:75 - [STDERR_REDIRECT] 
2025-12-30 19:35:48,208 [ERROR] LogOutputStream:75 - [STDERR_REDIRECT] [Fatal Error] :1:1: Premature end of file.
2025-12-30 19:35:48,209 [ERROR] LogOutputStream:75 - [STDERR_REDIRECT] 
2025-12-30 19:35:48,759 [INFO] NvicIntPanel:101 - NVIC parent = com.st.microxplorer.plugins.ip.nvic.MultiNvicIntPanel[,0,0,0x0,invalid,layout=javax.swing.BoxLayout,alignmentX=0.0,alignmentY=0.0,border=,flags=9,maximumSize=,minimumSize=,preferredSize=]
2025-12-30 19:35:49,187 [ERROR] LogOutputStream:75 - [STDERR_REDIRECT] [Fatal Error] :1:1: Premature end of file.
2025-12-30 19:35:49,188 [ERROR] LogOutputStream:75 - [STDERR_REDIRECT] 
2025-12-30 19:35:50,198 [ERROR] LogOutputStream:75 - [STDERR_REDIRECT] [Fatal Error] :1:1: Premature end of file.
2025-12-30 19:35:50,198 [ERROR] LogOutputStream:75 - [STDERR_REDIRECT] 
2025-12-30 19:35:51,182 [ERROR] LogOutputStream:75 - [STDERR_REDIRECT] [Fatal Error] :1:1: Premature end of file.
2025-12-30 19:35:51,183 [ERROR] LogOutputStream:75 - [STDERR_REDIRECT] 
2025-12-30 19:35:52,175 [INFO] NvicIntPanel:101 - NVIC parent = com.st.microxplorer.plugins.ip.nvic.MultiNvicIntPanel[,0,0,0x0,invalid,layout=javax.swing.BoxLayout,alignmentX=0.0,alignmentY=0.0,border=,flags=9,maximumSize=,minimumSize=,preferredSize=]
2025-12-30 19:35:52,191 [ERROR] LogOutputStream:75 - [STDERR_REDIRECT] [Fatal Error] :1:1: Premature end of file.
2025-12-30 19:35:52,191 [ERROR] LogOutputStream:75 - [STDERR_REDIRECT] 
2025-12-30 19:35:53,283 [ERROR] LogOutputStream:75 - [STDERR_REDIRECT] [Fatal Error] :1:1: Premature end of file.
2025-12-30 19:35:53,284 [ERROR] LogOutputStream:75 - [STDERR_REDIRECT] 
2025-12-30 19:35:54,240 [ERROR] LogOutputStream:75 - [STDERR_REDIRECT] [Fatal Error] :1:1: Premature end of file.
2025-12-30 19:35:54,240 [ERROR] LogOutputStream:75 - [STDERR_REDIRECT] 
2025-12-30 19:35:55,184 [ERROR] LogOutputStream:75 - [STDERR_REDIRECT] [Fatal Error] :1:1: Premature end of file.
2025-12-30 19:35:55,184 [ERROR] LogOutputStream:75 - [STDERR_REDIRECT] 
2025-12-30 19:35:55,559 [INFO] ParamManager:905 - [Generic UI] PropertyChangeEvent: TAB_STATUS_CHANGED , "dont care", "never mind"
2025-12-30 19:35:56,198 [ERROR] LogOutputStream:75 - [STDERR_REDIRECT] [Fatal Error] :1:1: Premature end of file.
2025-12-30 19:35:56,199 [ERROR] LogOutputStream:75 - [STDERR_REDIRECT] 
2025-12-30 19:35:57,183 [ERROR] LogOutputStream:75 - [STDERR_REDIRECT] [Fatal Error] :1:1: Premature end of file.
2025-12-30 19:35:57,183 [ERROR] LogOutputStream:75 - [STDERR_REDIRECT] 
2025-12-30 19:35:58,196 [ERROR] LogOutputStream:75 - [STDERR_REDIRECT] [Fatal Error] :1:1: Premature end of file.
2025-12-30 19:35:58,197 [ERROR] LogOutputStream:75 - [STDERR_REDIRECT] 
2025-12-30 19:35:59,192 [ERROR] LogOutputStream:75 - [STDERR_REDIRECT] [Fatal Error] :1:1: Premature end of file.
2025-12-30 19:35:59,192 [ERROR] LogOutputStream:75 - [STDERR_REDIRECT] 
2025-12-30 19:36:00,202 [ERROR] LogOutputStream:75 - [STDERR_REDIRECT] [Fatal Error] :1:1: Premature end of file.
2025-12-30 19:36:00,202 [ERROR] LogOutputStream:75 - [STDERR_REDIRECT] 
2025-12-30 19:36:01,302 [ERROR] LogOutputStream:75 - [STDERR_REDIRECT] [Fatal Error] :1:1: Premature end of file.
2025-12-30 19:36:01,303 [ERROR] LogOutputStream:75 - [STDERR_REDIRECT] 
2025-12-30 19:36:02,283 [ERROR] LogOutputStream:75 - [STDERR_REDIRECT] [Fatal Error] :1:1: Premature end of file.
2025-12-30 19:36:02,283 [ERROR] LogOutputStream:75 - [STDERR_REDIRECT] 
2025-12-30 19:36:03,181 [ERROR] LogOutputStream:75 - [STDERR_REDIRECT] [Fatal Error] :1:1: Premature end of file.
2025-12-30 19:36:03,181 [ERROR] LogOutputStream:75 - [STDERR_REDIRECT] 
2025-12-30 19:36:04,207 [ERROR] LogOutputStream:75 - [STDERR_REDIRECT] [Fatal Error] :1:1: Premature end of file.
2025-12-30 19:36:04,208 [ERROR] LogOutputStream:75 - [STDERR_REDIRECT] 
2025-12-30 19:36:05,192 [ERROR] LogOutputStream:75 - [STDERR_REDIRECT] [Fatal Error] :1:1: Premature end of file.
2025-12-30 19:36:05,192 [ERROR] LogOutputStream:75 - [STDERR_REDIRECT] 
2025-12-30 19:36:06,207 [ERROR] LogOutputStream:75 - [STDERR_REDIRECT] [Fatal Error] :1:1: Premature end of file.
2025-12-30 19:36:06,207 [ERROR] LogOutputStream:75 - [STDERR_REDIRECT] 
2025-12-30 19:36:07,198 [ERROR] LogOutputStream:75 - [STDERR_REDIRECT] [Fatal Error] :1:1: Premature end of file.
2025-12-30 19:36:07,198 [ERROR] LogOutputStream:75 - [STDERR_REDIRECT] 
2025-12-30 19:36:08,189 [ERROR] LogOutputStream:75 - [STDERR_REDIRECT] [Fatal Error] :1:1: Premature end of file.
2025-12-30 19:36:08,189 [ERROR] LogOutputStream:75 - [STDERR_REDIRECT] 
2025-12-30 19:36:09,193 [ERROR] LogOutputStream:75 - [STDERR_REDIRECT] [Fatal Error] :1:1: Premature end of file.
2025-12-30 19:36:09,193 [ERROR] LogOutputStream:75 - [STDERR_REDIRECT] 
2025-12-30 19:36:10,186 [ERROR] LogOutputStream:75 - [STDERR_REDIRECT] [Fatal Error] :1:1: Premature end of file.
2025-12-30 19:36:10,187 [ERROR] LogOutputStream:75 - [STDERR_REDIRECT] 
2025-12-30 19:36:11,201 [ERROR] LogOutputStream:75 - [STDERR_REDIRECT] [Fatal Error] :1:1: Premature end of file.
2025-12-30 19:36:11,201 [ERROR] LogOutputStream:75 - [STDERR_REDIRECT] 
2025-12-30 19:36:12,203 [ERROR] LogOutputStream:75 - [STDERR_REDIRECT] [Fatal Error] :1:1: Premature end of file.
2025-12-30 19:36:12,204 [ERROR] LogOutputStream:75 - [STDERR_REDIRECT] 
2025-12-30 19:36:13,200 [ERROR] LogOutputStream:75 - [STDERR_REDIRECT] [Fatal Error] :1:1: Premature end of file.
2025-12-30 19:36:13,200 [ERROR] LogOutputStream:75 - [STDERR_REDIRECT] 
2025-12-30 19:36:14,296 [ERROR] LogOutputStream:75 - [STDERR_REDIRECT] [Fatal Error] :1:1: Premature end of file.
2025-12-30 19:36:14,297 [ERROR] LogOutputStream:75 - [STDERR_REDIRECT] 
2025-12-30 19:36:15,226 [ERROR] LogOutputStream:75 - [STDERR_REDIRECT] [Fatal Error] :1:1: Premature end of file.
2025-12-30 19:36:15,227 [ERROR] LogOutputStream:75 - [STDERR_REDIRECT] 
2025-12-30 19:36:16,194 [ERROR] LogOutputStream:75 - [STDERR_REDIRECT] [Fatal Error] :1:1: Premature end of file.
2025-12-30 19:36:16,195 [ERROR] LogOutputStream:75 - [STDERR_REDIRECT] 
2025-12-30 19:36:17,184 [ERROR] LogOutputStream:75 - [STDERR_REDIRECT] [Fatal Error] :1:1: Premature end of file.
2025-12-30 19:36:17,184 [ERROR] LogOutputStream:75 - [STDERR_REDIRECT] 
2025-12-30 19:36:18,194 [ERROR] LogOutputStream:75 - [STDERR_REDIRECT] [Fatal Error] :1:1: Premature end of file.
2025-12-30 19:36:18,195 [ERROR] LogOutputStream:75 - [STDERR_REDIRECT] 
2025-12-30 19:36:19,188 [ERROR] LogOutputStream:75 - [STDERR_REDIRECT] [Fatal Error] :1:1: Premature end of file.
2025-12-30 19:36:19,188 [ERROR] LogOutputStream:75 - [STDERR_REDIRECT] 
2025-12-30 19:36:20,187 [ERROR] LogOutputStream:75 - [STDERR_REDIRECT] [Fatal Error] :1:1: Premature end of file.
2025-12-30 19:36:20,188 [ERROR] LogOutputStream:75 - [STDERR_REDIRECT] 
2025-12-30 19:36:21,186 [ERROR] LogOutputStream:75 - [STDERR_REDIRECT] [Fatal Error] :1:1: Premature end of file.
2025-12-30 19:36:21,186 [ERROR] LogOutputStream:75 - [STDERR_REDIRECT] 
2025-12-30 19:36:22,182 [ERROR] LogOutputStream:75 - [STDERR_REDIRECT] [Fatal Error] :1:1: Premature end of file.
2025-12-30 19:36:22,183 [ERROR] LogOutputStream:75 - [STDERR_REDIRECT] 
2025-12-30 19:36:23,195 [ERROR] LogOutputStream:75 - [STDERR_REDIRECT] [Fatal Error] :1:1: Premature end of file.
2025-12-30 19:36:23,195 [ERROR] LogOutputStream:75 - [STDERR_REDIRECT] 
2025-12-30 19:36:24,291 [ERROR] LogOutputStream:75 - [STDERR_REDIRECT] [Fatal Error] :1:1: Premature end of file.
2025-12-30 19:36:24,292 [ERROR] LogOutputStream:75 - [STDERR_REDIRECT] 
2025-12-30 19:36:25,293 [ERROR] LogOutputStream:75 - [STDERR_REDIRECT] [Fatal Error] :1:1: Premature end of file.
2025-12-30 19:36:25,294 [ERROR] LogOutputStream:75 - [STDERR_REDIRECT] 
2025-12-30 19:36:26,183 [ERROR] LogOutputStream:75 - [STDERR_REDIRECT] [Fatal Error] :1:1: Premature end of file.
2025-12-30 19:36:26,183 [ERROR] LogOutputStream:75 - [STDERR_REDIRECT] 
2025-12-30 19:36:27,187 [ERROR] LogOutputStream:75 - [STDERR_REDIRECT] [Fatal Error] :1:1: Premature end of file.
2025-12-30 19:36:27,188 [ERROR] LogOutputStream:75 - [STDERR_REDIRECT] 
2025-12-30 19:36:28,190 [ERROR] LogOutputStream:75 - [STDERR_REDIRECT] [Fatal Error] :1:1: Premature end of file.
2025-12-30 19:36:28,190 [ERROR] LogOutputStream:75 - [STDERR_REDIRECT] 
2025-12-30 19:36:29,282 [ERROR] LogOutputStream:75 - [STDERR_REDIRECT] [Fatal Error] :1:1: Premature end of file.
2025-12-30 19:36:29,283 [ERROR] LogOutputStream:75 - [STDERR_REDIRECT] 
2025-12-30 19:36:30,187 [ERROR] LogOutputStream:75 - [STDERR_REDIRECT] [Fatal Error] :1:1: Premature end of file.
2025-12-30 19:36:30,187 [ERROR] LogOutputStream:75 - [STDERR_REDIRECT] 
2025-12-30 19:36:31,209 [ERROR] LogOutputStream:75 - [STDERR_REDIRECT] [Fatal Error] :1:1: Premature end of file.
2025-12-30 19:36:31,210 [ERROR] LogOutputStream:75 - [STDERR_REDIRECT] 
2025-12-30 19:36:32,188 [ERROR] LogOutputStream:75 - [STDERR_REDIRECT] [Fatal Error] :1:1: Premature end of file.
2025-12-30 19:36:32,188 [ERROR] LogOutputStream:75 - [STDERR_REDIRECT] 
2025-12-30 19:36:33,184 [ERROR] LogOutputStream:75 - [STDERR_REDIRECT] [Fatal Error] :1:1: Premature end of file.
2025-12-30 19:36:33,184 [ERROR] LogOutputStream:75 - [STDERR_REDIRECT] 
2025-12-30 19:36:34,198 [ERROR] LogOutputStream:75 - [STDERR_REDIRECT] [Fatal Error] :1:1: Premature end of file.
2025-12-30 19:36:34,198 [ERROR] LogOutputStream:75 - [STDERR_REDIRECT] 
2025-12-30 19:36:35,282 [ERROR] LogOutputStream:75 - [STDERR_REDIRECT] [Fatal Error] :1:1: Premature end of file.
2025-12-30 19:36:35,283 [ERROR] LogOutputStream:75 - [STDERR_REDIRECT] 
2025-12-30 19:36:36,184 [ERROR] LogOutputStream:75 - [STDERR_REDIRECT] [Fatal Error] :1:1: Premature end of file.
2025-12-30 19:36:36,184 [ERROR] LogOutputStream:75 - [STDERR_REDIRECT] 
2025-12-30 19:36:37,189 [ERROR] LogOutputStream:75 - [STDERR_REDIRECT] [Fatal Error] :1:1: Premature end of file.
2025-12-30 19:36:37,190 [ERROR] LogOutputStream:75 - [STDERR_REDIRECT] 
2025-12-30 19:36:38,186 [ERROR] LogOutputStream:75 - [STDERR_REDIRECT] [Fatal Error] :1:1: Premature end of file.
2025-12-30 19:36:38,186 [ERROR] LogOutputStream:75 - [STDERR_REDIRECT] 
2025-12-30 19:36:39,189 [ERROR] LogOutputStream:75 - [STDERR_REDIRECT] [Fatal Error] :1:1: Premature end of file.
2025-12-30 19:36:39,190 [ERROR] LogOutputStream:75 - [STDERR_REDIRECT] 
2025-12-30 19:36:40,188 [ERROR] LogOutputStream:75 - [STDERR_REDIRECT] [Fatal Error] :1:1: Premature end of file.
2025-12-30 19:36:40,188 [ERROR] LogOutputStream:75 - [STDERR_REDIRECT] 
2025-12-30 19:36:41,184 [ERROR] LogOutputStream:75 - [STDERR_REDIRECT] [Fatal Error] :1:1: Premature end of file.
2025-12-30 19:36:41,185 [ERROR] LogOutputStream:75 - [STDERR_REDIRECT] 
2025-12-30 19:36:42,281 [ERROR] LogOutputStream:75 - [STDERR_REDIRECT] [Fatal Error] :1:1: Premature end of file.
2025-12-30 19:36:42,282 [ERROR] LogOutputStream:75 - [STDERR_REDIRECT] 
2025-12-30 19:36:43,193 [ERROR] LogOutputStream:75 - [STDERR_REDIRECT] [Fatal Error] :1:1: Premature end of file.
2025-12-30 19:36:43,193 [ERROR] LogOutputStream:75 - [STDERR_REDIRECT] 
2025-12-30 19:36:44,191 [ERROR] LogOutputStream:75 - [STDERR_REDIRECT] [Fatal Error] :1:1: Premature end of file.
2025-12-30 19:36:44,192 [ERROR] LogOutputStream:75 - [STDERR_REDIRECT] 
2025-12-30 19:36:45,190 [ERROR] LogOutputStream:75 - [STDERR_REDIRECT] [Fatal Error] :1:1: Premature end of file.
2025-12-30 19:36:45,191 [ERROR] LogOutputStream:75 - [STDERR_REDIRECT] 
2025-12-30 19:36:46,291 [ERROR] LogOutputStream:75 - [STDERR_REDIRECT] [Fatal Error] :1:1: Premature end of file.
2025-12-30 19:36:46,292 [ERROR] LogOutputStream:75 - [STDERR_REDIRECT] 
2025-12-30 19:36:47,187 [ERROR] LogOutputStream:75 - [STDERR_REDIRECT] [Fatal Error] :1:1: Premature end of file.
2025-12-30 19:36:47,188 [ERROR] LogOutputStream:75 - [STDERR_REDIRECT] 
2025-12-30 19:36:48,194 [ERROR] LogOutputStream:75 - [STDERR_REDIRECT] [Fatal Error] :1:1: Premature end of file.
2025-12-30 19:36:48,195 [ERROR] LogOutputStream:75 - [STDERR_REDIRECT] 
2025-12-30 19:36:49,304 [ERROR] LogOutputStream:75 - [STDERR_REDIRECT] [Fatal Error] :1:1: Premature end of file.
2025-12-30 19:36:49,305 [ERROR] LogOutputStream:75 - [STDERR_REDIRECT] 
2025-12-30 19:36:50,188 [ERROR] LogOutputStream:75 - [STDERR_REDIRECT] [Fatal Error] :1:1: Premature end of file.
2025-12-30 19:36:50,188 [ERROR] LogOutputStream:75 - [STDERR_REDIRECT] 
2025-12-30 19:36:51,208 [ERROR] LogOutputStream:75 - [STDERR_REDIRECT] [Fatal Error] :1:1: Premature end of file.
2025-12-30 19:36:51,208 [ERROR] LogOutputStream:75 - [STDERR_REDIRECT] 
2025-12-30 19:36:52,188 [ERROR] LogOutputStream:75 - [STDERR_REDIRECT] [Fatal Error] :1:1: Premature end of file.
2025-12-30 19:36:52,188 [ERROR] LogOutputStream:75 - [STDERR_REDIRECT] 
2025-12-30 19:36:53,269 [ERROR] LogOutputStream:75 - [STDERR_REDIRECT] [Fatal Error] :1:1: Premature end of file.
2025-12-30 19:36:53,270 [ERROR] LogOutputStream:75 - [STDERR_REDIRECT] 
2025-12-30 19:36:54,224 [ERROR] LogOutputStream:75 - [STDERR_REDIRECT] [Fatal Error] :1:1: Premature end of file.
2025-12-30 19:36:54,225 [ERROR] LogOutputStream:75 - [STDERR_REDIRECT] 
2025-12-30 19:36:55,287 [ERROR] LogOutputStream:75 - [STDERR_REDIRECT] [Fatal Error] :1:1: Premature end of file.
2025-12-30 19:36:55,288 [ERROR] LogOutputStream:75 - [STDERR_REDIRECT] 
2025-12-30 19:36:56,287 [ERROR] LogOutputStream:75 - [STDERR_REDIRECT] [Fatal Error] :1:1: Premature end of file.
2025-12-30 19:36:56,287 [ERROR] LogOutputStream:75 - [STDERR_REDIRECT] 
2025-12-30 19:36:57,273 [ERROR] LogOutputStream:75 - [STDERR_REDIRECT] [Fatal Error] :1:1: Premature end of file.
2025-12-30 19:36:57,273 [ERROR] LogOutputStream:75 - [STDERR_REDIRECT] 
2025-12-30 19:36:58,290 [ERROR] LogOutputStream:75 - [STDERR_REDIRECT] [Fatal Error] :1:1: Premature end of file.
2025-12-30 19:36:58,291 [ERROR] LogOutputStream:75 - [STDERR_REDIRECT] 
2025-12-30 19:36:59,190 [ERROR] LogOutputStream:75 - [STDERR_REDIRECT] [Fatal Error] :1:1: Premature end of file.
2025-12-30 19:36:59,190 [ERROR] LogOutputStream:75 - [STDERR_REDIRECT] 
2025-12-30 19:37:00,203 [ERROR] LogOutputStream:75 - [STDERR_REDIRECT] [Fatal Error] :1:1: Premature end of file.
2025-12-30 19:37:00,204 [ERROR] LogOutputStream:75 - [STDERR_REDIRECT] 
2025-12-30 19:37:01,244 [ERROR] LogOutputStream:75 - [STDERR_REDIRECT] [Fatal Error] :1:1: Premature end of file.
2025-12-30 19:37:01,244 [ERROR] LogOutputStream:75 - [STDERR_REDIRECT] 
2025-12-30 19:37:02,304 [ERROR] LogOutputStream:75 - [STDERR_REDIRECT] [Fatal Error] :1:1: Premature end of file.
2025-12-30 19:37:02,305 [ERROR] LogOutputStream:75 - [STDERR_REDIRECT] 
2025-12-30 19:37:03,275 [ERROR] LogOutputStream:75 - [STDERR_REDIRECT] [Fatal Error] :1:1: Premature end of file.
2025-12-30 19:37:03,275 [ERROR] LogOutputStream:75 - [STDERR_REDIRECT] 
2025-12-30 19:37:04,291 [ERROR] LogOutputStream:75 - [STDERR_REDIRECT] [Fatal Error] :1:1: Premature end of file.
2025-12-30 19:37:04,292 [ERROR] LogOutputStream:75 - [STDERR_REDIRECT] 
2025-12-30 19:37:05,316 [ERROR] LogOutputStream:75 - [STDERR_REDIRECT] [Fatal Error] :1:1: Premature end of file.
2025-12-30 19:37:05,316 [ERROR] LogOutputStream:75 - [STDERR_REDIRECT] 
2025-12-30 19:37:06,200 [ERROR] LogOutputStream:75 - [STDERR_REDIRECT] [Fatal Error] :1:1: Premature end of file.
2025-12-30 19:37:06,200 [ERROR] LogOutputStream:75 - [STDERR_REDIRECT] 
2025-12-30 19:37:07,310 [ERROR] LogOutputStream:75 - [STDERR_REDIRECT] [Fatal Error] :1:1: Premature end of file.
2025-12-30 19:37:07,310 [ERROR] LogOutputStream:75 - [STDERR_REDIRECT] 
2025-12-30 19:37:08,197 [ERROR] LogOutputStream:75 - [STDERR_REDIRECT] [Fatal Error] :1:1: Premature end of file.
2025-12-30 19:37:08,198 [ERROR] LogOutputStream:75 - [STDERR_REDIRECT] 
2025-12-30 19:37:09,191 [ERROR] LogOutputStream:75 - [STDERR_REDIRECT] [Fatal Error] :1:1: Premature end of file.
2025-12-30 19:37:09,191 [ERROR] LogOutputStream:75 - [STDERR_REDIRECT] 
2025-12-30 19:37:10,278 [ERROR] LogOutputStream:75 - [STDERR_REDIRECT] [Fatal Error] :1:1: Premature end of file.
2025-12-30 19:37:10,280 [ERROR] LogOutputStream:75 - [STDERR_REDIRECT] 
2025-12-30 19:37:11,210 [ERROR] LogOutputStream:75 - [STDERR_REDIRECT] [Fatal Error] :1:1: Premature end of file.
2025-12-30 19:37:11,211 [ERROR] LogOutputStream:75 - [STDERR_REDIRECT] 
2025-12-30 19:37:12,192 [ERROR] LogOutputStream:75 - [STDERR_REDIRECT] [Fatal Error] :1:1: Premature end of file.
2025-12-30 19:37:12,192 [ERROR] LogOutputStream:75 - [STDERR_REDIRECT] 
2025-12-30 19:37:13,215 [ERROR] LogOutputStream:75 - [STDERR_REDIRECT] [Fatal Error] :1:1: Premature end of file.
2025-12-30 19:37:13,215 [ERROR] LogOutputStream:75 - [STDERR_REDIRECT] 
2025-12-30 19:37:14,207 [ERROR] LogOutputStream:75 - [STDERR_REDIRECT] [Fatal Error] :1:1: Premature end of file.
2025-12-30 19:37:14,207 [ERROR] LogOutputStream:75 - [STDERR_REDIRECT] 
2025-12-30 19:37:15,306 [ERROR] LogOutputStream:75 - [STDERR_REDIRECT] [Fatal Error] :1:1: Premature end of file.
2025-12-30 19:37:15,307 [ERROR] LogOutputStream:75 - [STDERR_REDIRECT] 
2025-12-30 19:37:16,209 [ERROR] LogOutputStream:75 - [STDERR_REDIRECT] [Fatal Error] :1:1: Premature end of file.
2025-12-30 19:37:16,210 [ERROR] LogOutputStream:75 - [STDERR_REDIRECT] 
2025-12-30 19:37:17,187 [ERROR] LogOutputStream:75 - [STDERR_REDIRECT] [Fatal Error] :1:1: Premature end of file.
2025-12-30 19:37:17,188 [ERROR] LogOutputStream:75 - [STDERR_REDIRECT] 
2025-12-30 19:37:18,271 [ERROR] LogOutputStream:75 - [STDERR_REDIRECT] [Fatal Error] :1:1: Premature end of file.
2025-12-30 19:37:18,272 [ERROR] LogOutputStream:75 - [STDERR_REDIRECT] 
2025-12-30 19:37:19,285 [ERROR] LogOutputStream:75 - [STDERR_REDIRECT] [Fatal Error] :1:1: Premature end of file.
2025-12-30 19:37:19,286 [ERROR] LogOutputStream:75 - [STDERR_REDIRECT] 
2025-12-30 19:37:20,292 [ERROR] LogOutputStream:75 - [STDERR_REDIRECT] [Fatal Error] :1:1: Premature end of file.
2025-12-30 19:37:20,293 [ERROR] LogOutputStream:75 - [STDERR_REDIRECT] 
2025-12-30 19:37:21,313 [ERROR] LogOutputStream:75 - [STDERR_REDIRECT] [Fatal Error] :1:1: Premature end of file.
2025-12-30 19:37:21,314 [ERROR] LogOutputStream:75 - [STDERR_REDIRECT] 
2025-12-30 19:37:22,289 [ERROR] LogOutputStream:75 - [STDERR_REDIRECT] [Fatal Error] :1:1: Premature end of file.
2025-12-30 19:37:22,289 [ERROR] LogOutputStream:75 - [STDERR_REDIRECT] 
2025-12-30 19:37:23,289 [ERROR] LogOutputStream:75 - [STDERR_REDIRECT] [Fatal Error] :1:1: Premature end of file.
2025-12-30 19:37:23,289 [ERROR] LogOutputStream:75 - [STDERR_REDIRECT] 
2025-12-30 19:37:24,304 [ERROR] LogOutputStream:75 - [STDERR_REDIRECT] [Fatal Error] :1:1: Premature end of file.
2025-12-30 19:37:24,304 [ERROR] LogOutputStream:75 - [STDERR_REDIRECT] 
2025-12-30 19:37:25,191 [ERROR] LogOutputStream:75 - [STDERR_REDIRECT] [Fatal Error] :1:1: Premature end of file.
2025-12-30 19:37:25,191 [ERROR] LogOutputStream:75 - [STDERR_REDIRECT] 
2025-12-30 19:37:26,302 [ERROR] LogOutputStream:75 - [STDERR_REDIRECT] [Fatal Error] :1:1: Premature end of file.
2025-12-30 19:37:26,303 [ERROR] LogOutputStream:75 - [STDERR_REDIRECT] 
2025-12-30 19:37:27,294 [ERROR] LogOutputStream:75 - [STDERR_REDIRECT] [Fatal Error] :1:1: Premature end of file.
2025-12-30 19:37:27,295 [ERROR] LogOutputStream:75 - [STDERR_REDIRECT] 
2025-12-30 19:37:28,192 [ERROR] LogOutputStream:75 - [STDERR_REDIRECT] [Fatal Error] :1:1: Premature end of file.
2025-12-30 19:37:28,192 [ERROR] LogOutputStream:75 - [STDERR_REDIRECT] 
2025-12-30 19:37:29,226 [ERROR] LogOutputStream:75 - [STDERR_REDIRECT] [Fatal Error] :1:1: Premature end of file.
2025-12-30 19:37:29,226 [ERROR] LogOutputStream:75 - [STDERR_REDIRECT] 
2025-12-30 19:37:30,190 [ERROR] LogOutputStream:75 - [STDERR_REDIRECT] [Fatal Error] :1:1: Premature end of file.
2025-12-30 19:37:30,190 [ERROR] LogOutputStream:75 - [STDERR_REDIRECT] 
2025-12-30 19:37:31,293 [ERROR] LogOutputStream:75 - [STDERR_REDIRECT] [Fatal Error] :1:1: Premature end of file.
2025-12-30 19:37:31,293 [ERROR] LogOutputStream:75 - [STDERR_REDIRECT] 
2025-12-30 19:37:32,186 [ERROR] LogOutputStream:75 - [STDERR_REDIRECT] [Fatal Error] :1:1: Premature end of file.
2025-12-30 19:37:32,187 [ERROR] LogOutputStream:75 - [STDERR_REDIRECT] 
2025-12-30 19:37:33,187 [ERROR] LogOutputStream:75 - [STDERR_REDIRECT] [Fatal Error] :1:1: Premature end of file.
2025-12-30 19:37:33,187 [ERROR] LogOutputStream:75 - [STDERR_REDIRECT] 
2025-12-30 19:37:34,191 [ERROR] LogOutputStream:75 - [STDERR_REDIRECT] [Fatal Error] :1:1: Premature end of file.
2025-12-30 19:37:34,192 [ERROR] LogOutputStream:75 - [STDERR_REDIRECT] 
2025-12-30 19:37:35,187 [ERROR] LogOutputStream:75 - [STDERR_REDIRECT] [Fatal Error] :1:1: Premature end of file.
2025-12-30 19:37:35,187 [ERROR] LogOutputStream:75 - [STDERR_REDIRECT] 
2025-12-30 19:37:36,207 [ERROR] LogOutputStream:75 - [STDERR_REDIRECT] [Fatal Error] :1:1: Premature end of file.
2025-12-30 19:37:36,208 [ERROR] LogOutputStream:75 - [STDERR_REDIRECT] 
2025-12-30 19:37:37,184 [ERROR] LogOutputStream:75 - [STDERR_REDIRECT] [Fatal Error] :1:1: Premature end of file.
2025-12-30 19:37:37,184 [ERROR] LogOutputStream:75 - [STDERR_REDIRECT] 
2025-12-30 19:37:38,187 [ERROR] LogOutputStream:75 - [STDERR_REDIRECT] [Fatal Error] :1:1: Premature end of file.
2025-12-30 19:37:38,188 [ERROR] LogOutputStream:75 - [STDERR_REDIRECT] 
2025-12-30 19:37:39,186 [ERROR] LogOutputStream:75 - [STDERR_REDIRECT] [Fatal Error] :1:1: Premature end of file.
2025-12-30 19:37:39,187 [ERROR] LogOutputStream:75 - [STDERR_REDIRECT] 
2025-12-30 19:37:40,197 [ERROR] LogOutputStream:75 - [STDERR_REDIRECT] [Fatal Error] :1:1: Premature end of file.
2025-12-30 19:37:40,198 [ERROR] LogOutputStream:75 - [STDERR_REDIRECT] 
2025-12-30 19:37:41,189 [ERROR] LogOutputStream:75 - [STDERR_REDIRECT] [Fatal Error] :1:1: Premature end of file.
2025-12-30 19:37:41,189 [ERROR] LogOutputStream:75 - [STDERR_REDIRECT] 
2025-12-30 19:37:42,183 [ERROR] LogOutputStream:75 - [STDERR_REDIRECT] [Fatal Error] :1:1: Premature end of file.
2025-12-30 19:37:42,183 [ERROR] LogOutputStream:75 - [STDERR_REDIRECT] 
2025-12-30 19:37:43,190 [ERROR] LogOutputStream:75 - [STDERR_REDIRECT] [Fatal Error] :1:1: Premature end of file.
2025-12-30 19:37:43,190 [ERROR] LogOutputStream:75 - [STDERR_REDIRECT] 
2025-12-30 19:37:44,183 [ERROR] LogOutputStream:75 - [STDERR_REDIRECT] [Fatal Error] :1:1: Premature end of file.
2025-12-30 19:37:44,183 [ERROR] LogOutputStream:75 - [STDERR_REDIRECT] 
2025-12-30 19:37:45,193 [ERROR] LogOutputStream:75 - [STDERR_REDIRECT] [Fatal Error] :1:1: Premature end of file.
2025-12-30 19:37:45,193 [ERROR] LogOutputStream:75 - [STDERR_REDIRECT] 
2025-12-30 19:37:46,278 [ERROR] LogOutputStream:75 - [STDERR_REDIRECT] [Fatal Error] :1:1: Premature end of file.
2025-12-30 19:37:46,280 [ERROR] LogOutputStream:75 - [STDERR_REDIRECT] 
2025-12-30 19:37:47,291 [ERROR] LogOutputStream:75 - [STDERR_REDIRECT] [Fatal Error] :1:1: Premature end of file.
2025-12-30 19:37:47,291 [ERROR] LogOutputStream:75 - [STDERR_REDIRECT] 
2025-12-30 19:37:48,289 [ERROR] LogOutputStream:75 - [STDERR_REDIRECT] [Fatal Error] :1:1: Premature end of file.
2025-12-30 19:37:48,289 [ERROR] LogOutputStream:75 - [STDERR_REDIRECT] 
2025-12-30 19:37:49,189 [ERROR] LogOutputStream:75 - [STDERR_REDIRECT] [Fatal Error] :1:1: Premature end of file.
2025-12-30 19:37:49,189 [ERROR] LogOutputStream:75 - [STDERR_REDIRECT] 
2025-12-30 19:37:50,186 [ERROR] LogOutputStream:75 - [STDERR_REDIRECT] [Fatal Error] :1:1: Premature end of file.
2025-12-30 19:37:50,186 [ERROR] LogOutputStream:75 - [STDERR_REDIRECT] 
2025-12-30 19:37:51,189 [ERROR] LogOutputStream:75 - [STDERR_REDIRECT] [Fatal Error] :1:1: Premature end of file.
2025-12-30 19:37:51,190 [ERROR] LogOutputStream:75 - [STDERR_REDIRECT] 
2025-12-30 19:37:52,189 [ERROR] LogOutputStream:75 - [STDERR_REDIRECT] [Fatal Error] :1:1: Premature end of file.
2025-12-30 19:37:52,189 [ERROR] LogOutputStream:75 - [STDERR_REDIRECT] 
2025-12-30 19:37:53,284 [ERROR] LogOutputStream:75 - [STDERR_REDIRECT] [Fatal Error] :1:1: Premature end of file.
2025-12-30 19:37:53,285 [ERROR] LogOutputStream:75 - [STDERR_REDIRECT] 
2025-12-30 19:37:54,182 [ERROR] LogOutputStream:75 - [STDERR_REDIRECT] [Fatal Error] :1:1: Premature end of file.
2025-12-30 19:37:54,182 [ERROR] LogOutputStream:75 - [STDERR_REDIRECT] 
2025-12-30 19:37:55,184 [ERROR] LogOutputStream:75 - [STDERR_REDIRECT] [Fatal Error] :1:1: Premature end of file.
2025-12-30 19:37:55,184 [ERROR] LogOutputStream:75 - [STDERR_REDIRECT] 
2025-12-30 19:37:56,243 [ERROR] LogOutputStream:75 - [STDERR_REDIRECT] [Fatal Error] :1:1: Premature end of file.
2025-12-30 19:37:56,243 [ERROR] LogOutputStream:75 - [STDERR_REDIRECT] 
2025-12-30 19:37:57,182 [ERROR] LogOutputStream:75 - [STDERR_REDIRECT] [Fatal Error] :1:1: Premature end of file.
2025-12-30 19:37:57,182 [ERROR] LogOutputStream:75 - [STDERR_REDIRECT] 
2025-12-30 19:37:58,272 [ERROR] LogOutputStream:75 - [STDERR_REDIRECT] [Fatal Error] :1:1: Premature end of file.
2025-12-30 19:37:58,273 [ERROR] LogOutputStream:75 - [STDERR_REDIRECT] 
2025-12-30 19:37:59,277 [ERROR] LogOutputStream:75 - [STDERR_REDIRECT] [Fatal Error] :1:1: Premature end of file.
2025-12-30 19:37:59,277 [ERROR] LogOutputStream:75 - [STDERR_REDIRECT] 
2025-12-30 19:38:00,191 [ERROR] LogOutputStream:75 - [STDERR_REDIRECT] [Fatal Error] :1:1: Premature end of file.
2025-12-30 19:38:00,191 [ERROR] LogOutputStream:75 - [STDERR_REDIRECT] 
2025-12-30 19:38:01,278 [ERROR] LogOutputStream:75 - [STDERR_REDIRECT] [Fatal Error] :1:1: Premature end of file.
2025-12-30 19:38:01,278 [ERROR] LogOutputStream:75 - [STDERR_REDIRECT] 
2025-12-30 19:38:02,186 [ERROR] LogOutputStream:75 - [STDERR_REDIRECT] [Fatal Error] :1:1: Premature end of file.
2025-12-30 19:38:02,186 [ERROR] LogOutputStream:75 - [STDERR_REDIRECT] 
2025-12-30 19:38:03,270 [ERROR] LogOutputStream:75 - [STDERR_REDIRECT] [Fatal Error] :1:1: Premature end of file.
2025-12-30 19:38:03,271 [ERROR] LogOutputStream:75 - [STDERR_REDIRECT] 
2025-12-30 19:38:04,282 [ERROR] LogOutputStream:75 - [STDERR_REDIRECT] [Fatal Error] :1:1: Premature end of file.
2025-12-30 19:38:04,283 [ERROR] LogOutputStream:75 - [STDERR_REDIRECT] 
2025-12-30 19:38:05,274 [ERROR] LogOutputStream:75 - [STDERR_REDIRECT] [Fatal Error] :1:1: Premature end of file.
2025-12-30 19:38:05,275 [ERROR] LogOutputStream:75 - [STDERR_REDIRECT] 
2025-12-30 19:38:06,283 [ERROR] LogOutputStream:75 - [STDERR_REDIRECT] [Fatal Error] :1:1: Premature end of file.
2025-12-30 19:38:06,284 [ERROR] LogOutputStream:75 - [STDERR_REDIRECT] 
2025-12-30 19:38:07,206 [ERROR] LogOutputStream:75 - [STDERR_REDIRECT] [Fatal Error] :1:1: Premature end of file.
2025-12-30 19:38:07,206 [ERROR] LogOutputStream:75 - [STDERR_REDIRECT] 
2025-12-30 19:38:08,202 [ERROR] LogOutputStream:75 - [STDERR_REDIRECT] [Fatal Error] :1:1: Premature end of file.
2025-12-30 19:38:08,203 [ERROR] LogOutputStream:75 - [STDERR_REDIRECT] 
2025-12-30 19:38:09,326 [ERROR] LogOutputStream:75 - [STDERR_REDIRECT] [Fatal Error] :1:1: Premature end of file.
2025-12-30 19:38:09,327 [ERROR] LogOutputStream:75 - [STDERR_REDIRECT] 
2025-12-30 19:38:10,222 [ERROR] LogOutputStream:75 - [STDERR_REDIRECT] [Fatal Error] :1:1: Premature end of file.
2025-12-30 19:38:10,222 [ERROR] LogOutputStream:75 - [STDERR_REDIRECT] 
2025-12-30 19:38:11,192 [ERROR] LogOutputStream:75 - [STDERR_REDIRECT] [Fatal Error] :1:1: Premature end of file.
2025-12-30 19:38:11,192 [ERROR] LogOutputStream:75 - [STDERR_REDIRECT] 
2025-12-30 19:38:12,291 [ERROR] LogOutputStream:75 - [STDERR_REDIRECT] [Fatal Error] :1:1: Premature end of file.
2025-12-30 19:38:12,291 [ERROR] LogOutputStream:75 - [STDERR_REDIRECT] 
2025-12-30 19:38:13,275 [ERROR] LogOutputStream:75 - [STDERR_REDIRECT] [Fatal Error] :1:1: Premature end of file.
2025-12-30 19:38:13,275 [ERROR] LogOutputStream:75 - [STDERR_REDIRECT] 
2025-12-30 19:38:14,273 [ERROR] LogOutputStream:75 - [STDERR_REDIRECT] [Fatal Error] :1:1: Premature end of file.
2025-12-30 19:38:14,273 [ERROR] LogOutputStream:75 - [STDERR_REDIRECT] 
2025-12-30 19:38:15,276 [ERROR] LogOutputStream:75 - [STDERR_REDIRECT] [Fatal Error] :1:1: Premature end of file.
2025-12-30 19:38:15,276 [ERROR] LogOutputStream:75 - [STDERR_REDIRECT] 
2025-12-30 19:38:16,285 [ERROR] LogOutputStream:75 - [STDERR_REDIRECT] [Fatal Error] :1:1: Premature end of file.
2025-12-30 19:38:16,285 [ERROR] LogOutputStream:75 - [STDERR_REDIRECT] 
2025-12-30 19:38:17,243 [ERROR] LogOutputStream:75 - [STDERR_REDIRECT] [Fatal Error] :1:1: Premature end of file.
2025-12-30 19:38:17,244 [ERROR] LogOutputStream:75 - [STDERR_REDIRECT] 
2025-12-30 19:38:18,291 [ERROR] LogOutputStream:75 - [STDERR_REDIRECT] [Fatal Error] :1:1: Premature end of file.
2025-12-30 19:38:18,291 [ERROR] LogOutputStream:75 - [STDERR_REDIRECT] 
2025-12-30 19:38:19,188 [ERROR] LogOutputStream:75 - [STDERR_REDIRECT] [Fatal Error] :1:1: Premature end of file.
2025-12-30 19:38:19,188 [ERROR] LogOutputStream:75 - [STDERR_REDIRECT] 
2025-12-30 19:38:20,290 [ERROR] LogOutputStream:75 - [STDERR_REDIRECT] [Fatal Error] :1:1: Premature end of file.
2025-12-30 19:38:20,290 [ERROR] LogOutputStream:75 - [STDERR_REDIRECT] 
2025-12-30 19:38:21,278 [ERROR] LogOutputStream:75 - [STDERR_REDIRECT] [Fatal Error] :1:1: Premature end of file.
2025-12-30 19:38:21,279 [ERROR] LogOutputStream:75 - [STDERR_REDIRECT] 
2025-12-30 19:38:22,289 [ERROR] LogOutputStream:75 - [STDERR_REDIRECT] [Fatal Error] :1:1: Premature end of file.
2025-12-30 19:38:22,290 [ERROR] LogOutputStream:75 - [STDERR_REDIRECT] 
2025-12-30 19:38:23,190 [ERROR] LogOutputStream:75 - [STDERR_REDIRECT] [Fatal Error] :1:1: Premature end of file.
2025-12-30 19:38:23,190 [ERROR] LogOutputStream:75 - [STDERR_REDIRECT] 
2025-12-30 19:38:24,286 [ERROR] LogOutputStream:75 - [STDERR_REDIRECT] [Fatal Error] :1:1: Premature end of file.
2025-12-30 19:38:24,287 [ERROR] LogOutputStream:75 - [STDERR_REDIRECT] 
2025-12-30 19:38:25,280 [ERROR] LogOutputStream:75 - [STDERR_REDIRECT] [Fatal Error] :1:1: Premature end of file.
2025-12-30 19:38:25,281 [ERROR] LogOutputStream:75 - [STDERR_REDIRECT] 
2025-12-30 19:38:26,277 [ERROR] LogOutputStream:75 - [STDERR_REDIRECT] [Fatal Error] :1:1: Premature end of file.
2025-12-30 19:38:26,277 [ERROR] LogOutputStream:75 - [STDERR_REDIRECT] 
2025-12-30 19:38:27,277 [ERROR] LogOutputStream:75 - [STDERR_REDIRECT] [Fatal Error] :1:1: Premature end of file.
2025-12-30 19:38:27,278 [ERROR] LogOutputStream:75 - [STDERR_REDIRECT] 
2025-12-30 19:38:28,287 [ERROR] LogOutputStream:75 - [STDERR_REDIRECT] [Fatal Error] :1:1: Premature end of file.
2025-12-30 19:38:28,288 [ERROR] LogOutputStream:75 - [STDERR_REDIRECT] 
2025-12-30 19:38:29,277 [ERROR] LogOutputStream:75 - [STDERR_REDIRECT] [Fatal Error] :1:1: Premature end of file.
2025-12-30 19:38:29,278 [ERROR] LogOutputStream:75 - [STDERR_REDIRECT] 
2025-12-30 19:38:30,275 [ERROR] LogOutputStream:75 - [STDERR_REDIRECT] [Fatal Error] :1:1: Premature end of file.
2025-12-30 19:38:30,275 [ERROR] LogOutputStream:75 - [STDERR_REDIRECT] 
2025-12-30 19:38:31,241 [ERROR] LogOutputStream:75 - [STDERR_REDIRECT] [Fatal Error] :1:1: Premature end of file.
2025-12-30 19:38:31,241 [ERROR] LogOutputStream:75 - [STDERR_REDIRECT] 
2025-12-30 19:38:32,196 [ERROR] LogOutputStream:75 - [STDERR_REDIRECT] [Fatal Error] :1:1: Premature end of file.
2025-12-30 19:38:32,197 [ERROR] LogOutputStream:75 - [STDERR_REDIRECT] 
2025-12-30 19:38:33,311 [ERROR] LogOutputStream:75 - [STDERR_REDIRECT] [Fatal Error] :1:1: Premature end of file.
2025-12-30 19:38:33,312 [ERROR] LogOutputStream:75 - [STDERR_REDIRECT] 
2025-12-30 19:38:34,277 [ERROR] LogOutputStream:75 - [STDERR_REDIRECT] [Fatal Error] :1:1: Premature end of file.
2025-12-30 19:38:34,277 [ERROR] LogOutputStream:75 - [STDERR_REDIRECT] 
2025-12-30 19:38:35,223 [ERROR] LogOutputStream:75 - [STDERR_REDIRECT] [Fatal Error] :1:1: Premature end of file.
2025-12-30 19:38:35,223 [ERROR] LogOutputStream:75 - [STDERR_REDIRECT] 
2025-12-30 19:38:36,277 [ERROR] LogOutputStream:75 - [STDERR_REDIRECT] [Fatal Error] :1:1: Premature end of file.
2025-12-30 19:38:36,278 [ERROR] LogOutputStream:75 - [STDERR_REDIRECT] 
2025-12-30 19:38:37,186 [ERROR] LogOutputStream:75 - [STDERR_REDIRECT] [Fatal Error] :1:1: Premature end of file.
2025-12-30 19:38:37,187 [ERROR] LogOutputStream:75 - [STDERR_REDIRECT] 
2025-12-30 19:38:38,184 [ERROR] LogOutputStream:75 - [STDERR_REDIRECT] [Fatal Error] :1:1: Premature end of file.
2025-12-30 19:38:38,184 [ERROR] LogOutputStream:75 - [STDERR_REDIRECT] 
2025-12-30 19:38:39,274 [ERROR] LogOutputStream:75 - [STDERR_REDIRECT] [Fatal Error] :1:1: Premature end of file.
2025-12-30 19:38:39,274 [ERROR] LogOutputStream:75 - [STDERR_REDIRECT] 
2025-12-30 19:38:40,294 [ERROR] LogOutputStream:75 - [STDERR_REDIRECT] [Fatal Error] :1:1: Premature end of file.
2025-12-30 19:38:40,295 [ERROR] LogOutputStream:75 - [STDERR_REDIRECT] 
2025-12-30 19:38:41,240 [ERROR] LogOutputStream:75 - [STDERR_REDIRECT] [Fatal Error] :1:1: Premature end of file.
2025-12-30 19:38:41,240 [ERROR] LogOutputStream:75 - [STDERR_REDIRECT] 
2025-12-30 19:38:42,183 [ERROR] LogOutputStream:75 - [STDERR_REDIRECT] [Fatal Error] :1:1: Premature end of file.
2025-12-30 19:38:42,183 [ERROR] LogOutputStream:75 - [STDERR_REDIRECT] 
2025-12-30 19:38:43,185 [ERROR] LogOutputStream:75 - [STDERR_REDIRECT] [Fatal Error] :1:1: Premature end of file.
2025-12-30 19:38:43,185 [ERROR] LogOutputStream:75 - [STDERR_REDIRECT] 
2025-12-30 19:38:44,183 [ERROR] LogOutputStream:75 - [STDERR_REDIRECT] [Fatal Error] :1:1: Premature end of file.
2025-12-30 19:38:44,184 [ERROR] LogOutputStream:75 - [STDERR_REDIRECT] 
2025-12-30 19:38:45,274 [ERROR] LogOutputStream:75 - [STDERR_REDIRECT] [Fatal Error] :1:1: Premature end of file.
2025-12-30 19:38:45,275 [ERROR] LogOutputStream:75 - [STDERR_REDIRECT] 
2025-12-30 19:38:46,275 [ERROR] LogOutputStream:75 - [STDERR_REDIRECT] [Fatal Error] :1:1: Premature end of file.
2025-12-30 19:38:46,276 [ERROR] LogOutputStream:75 - [STDERR_REDIRECT] 
2025-12-30 19:38:47,190 [ERROR] LogOutputStream:75 - [STDERR_REDIRECT] [Fatal Error] :1:1: Premature end of file.
2025-12-30 19:38:47,190 [ERROR] LogOutputStream:75 - [STDERR_REDIRECT] 
2025-12-30 19:38:48,274 [ERROR] LogOutputStream:75 - [STDERR_REDIRECT] [Fatal Error] :1:1: Premature end of file.
2025-12-30 19:38:48,274 [ERROR] LogOutputStream:75 - [STDERR_REDIRECT] 
2025-12-30 19:38:49,271 [ERROR] LogOutputStream:75 - [STDERR_REDIRECT] [Fatal Error] :1:1: Premature end of file.
2025-12-30 19:38:49,271 [ERROR] LogOutputStream:75 - [STDERR_REDIRECT] 
2025-12-30 19:38:50,272 [ERROR] LogOutputStream:75 - [STDERR_REDIRECT] [Fatal Error] :1:1: Premature end of file.
2025-12-30 19:38:50,272 [ERROR] LogOutputStream:75 - [STDERR_REDIRECT] 
2025-12-30 19:38:51,285 [ERROR] LogOutputStream:75 - [STDERR_REDIRECT] [Fatal Error] :1:1: Premature end of file.
2025-12-30 19:38:51,285 [ERROR] LogOutputStream:75 - [STDERR_REDIRECT] 
2025-12-30 19:38:52,187 [ERROR] LogOutputStream:75 - [STDERR_REDIRECT] [Fatal Error] :1:1: Premature end of file.
2025-12-30 19:38:52,187 [ERROR] LogOutputStream:75 - [STDERR_REDIRECT] 
2025-12-30 19:38:53,281 [ERROR] LogOutputStream:75 - [STDERR_REDIRECT] [Fatal Error] :1:1: Premature end of file.
2025-12-30 19:38:53,282 [ERROR] LogOutputStream:75 - [STDERR_REDIRECT] 
2025-12-30 19:38:54,281 [ERROR] LogOutputStream:75 - [STDERR_REDIRECT] [Fatal Error] :1:1: Premature end of file.
2025-12-30 19:38:54,282 [ERROR] LogOutputStream:75 - [STDERR_REDIRECT] 
2025-12-30 19:38:55,283 [ERROR] LogOutputStream:75 - [STDERR_REDIRECT] [Fatal Error] :1:1: Premature end of file.
2025-12-30 19:38:55,283 [ERROR] LogOutputStream:75 - [STDERR_REDIRECT] 
2025-12-30 19:38:56,293 [ERROR] LogOutputStream:75 - [STDERR_REDIRECT] [Fatal Error] :1:1: Premature end of file.
2025-12-30 19:38:56,294 [ERROR] LogOutputStream:75 - [STDERR_REDIRECT] 
2025-12-30 19:38:57,203 [ERROR] LogOutputStream:75 - [STDERR_REDIRECT] [Fatal Error] :1:1: Premature end of file.
2025-12-30 19:38:57,203 [ERROR] LogOutputStream:75 - [STDERR_REDIRECT] 
2025-12-30 19:38:58,185 [ERROR] LogOutputStream:75 - [STDERR_REDIRECT] [Fatal Error] :1:1: Premature end of file.
2025-12-30 19:38:58,185 [ERROR] LogOutputStream:75 - [STDERR_REDIRECT] 
2025-12-30 19:38:59,230 [ERROR] LogOutputStream:75 - [STDERR_REDIRECT] [Fatal Error] :1:1: Premature end of file.
2025-12-30 19:38:59,231 [ERROR] LogOutputStream:75 - [STDERR_REDIRECT] 
2025-12-30 19:39:00,202 [ERROR] LogOutputStream:75 - [STDERR_REDIRECT] [Fatal Error] :1:1: Premature end of file.
2025-12-30 19:39:00,203 [ERROR] LogOutputStream:75 - [STDERR_REDIRECT] 
2025-12-30 19:39:01,242 [ERROR] LogOutputStream:75 - [STDERR_REDIRECT] [Fatal Error] :1:1: Premature end of file.
2025-12-30 19:39:01,243 [ERROR] LogOutputStream:75 - [STDERR_REDIRECT] 
2025-12-30 19:39:02,288 [ERROR] LogOutputStream:75 - [STDERR_REDIRECT] [Fatal Error] :1:1: Premature end of file.
2025-12-30 19:39:02,289 [ERROR] LogOutputStream:75 - [STDERR_REDIRECT] 
2025-12-30 19:39:03,293 [ERROR] LogOutputStream:75 - [STDERR_REDIRECT] [Fatal Error] :1:1: Premature end of file.
2025-12-30 19:39:03,294 [ERROR] LogOutputStream:75 - [STDERR_REDIRECT] 
2025-12-30 19:39:04,197 [ERROR] LogOutputStream:75 - [STDERR_REDIRECT] [Fatal Error] :1:1: Premature end of file.
2025-12-30 19:39:04,197 [ERROR] LogOutputStream:75 - [STDERR_REDIRECT] 
2025-12-30 19:39:05,186 [ERROR] LogOutputStream:75 - [STDERR_REDIRECT] [Fatal Error] :1:1: Premature end of file.
2025-12-30 19:39:05,187 [ERROR] LogOutputStream:75 - [STDERR_REDIRECT] 
2025-12-30 19:39:06,225 [ERROR] LogOutputStream:75 - [STDERR_REDIRECT] [Fatal Error] :1:1: Premature end of file.
2025-12-30 19:39:06,225 [ERROR] LogOutputStream:75 - [STDERR_REDIRECT] 
2025-12-30 19:39:07,204 [ERROR] LogOutputStream:75 - [STDERR_REDIRECT] [Fatal Error] :1:1: Premature end of file.
2025-12-30 19:39:07,205 [ERROR] LogOutputStream:75 - [STDERR_REDIRECT] 
2025-12-30 19:39:08,233 [ERROR] LogOutputStream:75 - [STDERR_REDIRECT] [Fatal Error] :1:1: Premature end of file.
2025-12-30 19:39:08,234 [ERROR] LogOutputStream:75 - [STDERR_REDIRECT] 
2025-12-30 19:39:09,278 [ERROR] LogOutputStream:75 - [STDERR_REDIRECT] [Fatal Error] :1:1: Premature end of file.
2025-12-30 19:39:09,278 [ERROR] LogOutputStream:75 - [STDERR_REDIRECT] 
2025-12-30 19:39:10,279 [ERROR] LogOutputStream:75 - [STDERR_REDIRECT] [Fatal Error] :1:1: Premature end of file.
2025-12-30 19:39:10,280 [ERROR] LogOutputStream:75 - [STDERR_REDIRECT] 
2025-12-30 19:39:11,235 [ERROR] LogOutputStream:75 - [STDERR_REDIRECT] [Fatal Error] :1:1: Premature end of file.
2025-12-30 19:39:11,235 [ERROR] LogOutputStream:75 - [STDERR_REDIRECT] 
2025-12-30 19:39:12,291 [ERROR] LogOutputStream:75 - [STDERR_REDIRECT] [Fatal Error] :1:1: Premature end of file.
2025-12-30 19:39:12,291 [ERROR] LogOutputStream:75 - [STDERR_REDIRECT] 
2025-12-30 19:39:13,249 [ERROR] LogOutputStream:75 - [STDERR_REDIRECT] [Fatal Error] :1:1: Premature end of file.
2025-12-30 19:39:13,249 [ERROR] LogOutputStream:75 - [STDERR_REDIRECT] 
2025-12-30 19:39:14,252 [ERROR] LogOutputStream:75 - [STDERR_REDIRECT] [Fatal Error] :1:1: Premature end of file.
2025-12-30 19:39:14,252 [ERROR] LogOutputStream:75 - [STDERR_REDIRECT] 
2025-12-30 19:39:15,307 [ERROR] LogOutputStream:75 - [STDERR_REDIRECT] [Fatal Error] :1:1: Premature end of file.
2025-12-30 19:39:15,308 [ERROR] LogOutputStream:75 - [STDERR_REDIRECT] 
2025-12-30 19:39:16,238 [ERROR] LogOutputStream:75 - [STDERR_REDIRECT] [Fatal Error] :1:1: Premature end of file.
2025-12-30 19:39:16,238 [ERROR] LogOutputStream:75 - [STDERR_REDIRECT] 
2025-12-30 19:39:17,290 [ERROR] LogOutputStream:75 - [STDERR_REDIRECT] [Fatal Error] :1:1: Premature end of file.
2025-12-30 19:39:17,291 [ERROR] LogOutputStream:75 - [STDERR_REDIRECT] 
2025-12-30 19:39:18,260 [ERROR] LogOutputStream:75 - [STDERR_REDIRECT] [Fatal Error] :1:1: Premature end of file.
2025-12-30 19:39:18,260 [ERROR] LogOutputStream:75 - [STDERR_REDIRECT] 
2025-12-30 19:39:19,309 [ERROR] LogOutputStream:75 - [STDERR_REDIRECT] [Fatal Error] :1:1: Premature end of file.
2025-12-30 19:39:19,309 [ERROR] LogOutputStream:75 - [STDERR_REDIRECT] 
2025-12-30 19:39:20,263 [ERROR] LogOutputStream:75 - [STDERR_REDIRECT] [Fatal Error] :1:1: Premature end of file.
2025-12-30 19:39:20,263 [ERROR] LogOutputStream:75 - [STDERR_REDIRECT] 
2025-12-30 19:39:21,191 [ERROR] LogOutputStream:75 - [STDERR_REDIRECT] [Fatal Error] :1:1: Premature end of file.
2025-12-30 19:39:21,192 [ERROR] LogOutputStream:75 - [STDERR_REDIRECT] 
2025-12-30 19:39:22,185 [ERROR] LogOutputStream:75 - [STDERR_REDIRECT] [Fatal Error] :1:1: Premature end of file.
2025-12-30 19:39:22,185 [ERROR] LogOutputStream:75 - [STDERR_REDIRECT] 
2025-12-30 19:39:23,183 [ERROR] LogOutputStream:75 - [STDERR_REDIRECT] [Fatal Error] :1:1: Premature end of file.
2025-12-30 19:39:23,183 [ERROR] LogOutputStream:75 - [STDERR_REDIRECT] 
2025-12-30 19:39:24,194 [ERROR] LogOutputStream:75 - [STDERR_REDIRECT] [Fatal Error] :1:1: Premature end of file.
2025-12-30 19:39:24,194 [ERROR] LogOutputStream:75 - [STDERR_REDIRECT] 
2025-12-30 19:39:25,192 [ERROR] LogOutputStream:75 - [STDERR_REDIRECT] [Fatal Error] :1:1: Premature end of file.
2025-12-30 19:39:25,192 [ERROR] LogOutputStream:75 - [STDERR_REDIRECT] 
2025-12-30 19:39:26,265 [ERROR] LogOutputStream:75 - [STDERR_REDIRECT] [Fatal Error] :1:1: Premature end of file.
2025-12-30 19:39:26,265 [ERROR] LogOutputStream:75 - [STDERR_REDIRECT] 
2025-12-30 19:39:27,237 [ERROR] LogOutputStream:75 - [STDERR_REDIRECT] [Fatal Error] :1:1: Premature end of file.
2025-12-30 19:39:27,237 [ERROR] LogOutputStream:75 - [STDERR_REDIRECT] 
2025-12-30 19:39:28,278 [ERROR] LogOutputStream:75 - [STDERR_REDIRECT] [Fatal Error] :1:1: Premature end of file.
2025-12-30 19:39:28,279 [ERROR] LogOutputStream:75 - [STDERR_REDIRECT] 
2025-12-30 19:39:29,290 [ERROR] LogOutputStream:75 - [STDERR_REDIRECT] [Fatal Error] :1:1: Premature end of file.
2025-12-30 19:39:29,290 [ERROR] LogOutputStream:75 - [STDERR_REDIRECT] 
2025-12-30 19:39:30,187 [ERROR] LogOutputStream:75 - [STDERR_REDIRECT] [Fatal Error] :1:1: Premature end of file.
2025-12-30 19:39:30,188 [ERROR] LogOutputStream:75 - [STDERR_REDIRECT] 
2025-12-30 19:39:31,260 [ERROR] LogOutputStream:75 - [STDERR_REDIRECT] [Fatal Error] :1:1: Premature end of file.
2025-12-30 19:39:31,260 [ERROR] LogOutputStream:75 - [STDERR_REDIRECT] 
2025-12-30 19:39:32,188 [ERROR] LogOutputStream:75 - [STDERR_REDIRECT] [Fatal Error] :1:1: Premature end of file.
2025-12-30 19:39:32,188 [ERROR] LogOutputStream:75 - [STDERR_REDIRECT] 
2025-12-30 19:39:33,261 [ERROR] LogOutputStream:75 - [STDERR_REDIRECT] [Fatal Error] :1:1: Premature end of file.
2025-12-30 19:39:33,261 [ERROR] LogOutputStream:75 - [STDERR_REDIRECT] 
2025-12-30 19:39:34,186 [ERROR] LogOutputStream:75 - [STDERR_REDIRECT] [Fatal Error] :1:1: Premature end of file.
2025-12-30 19:39:34,186 [ERROR] LogOutputStream:75 - [STDERR_REDIRECT] 
2025-12-30 19:39:35,300 [ERROR] LogOutputStream:75 - [STDERR_REDIRECT] [Fatal Error] :1:1: Premature end of file.
2025-12-30 19:39:35,301 [ERROR] LogOutputStream:75 - [STDERR_REDIRECT] 
2025-12-30 19:39:36,302 [ERROR] LogOutputStream:75 - [STDERR_REDIRECT] [Fatal Error] :1:1: Premature end of file.
2025-12-30 19:39:36,302 [ERROR] LogOutputStream:75 - [STDERR_REDIRECT] 
2025-12-30 19:39:37,284 [ERROR] LogOutputStream:75 - [STDERR_REDIRECT] [Fatal Error] :1:1: Premature end of file.
2025-12-30 19:39:37,285 [ERROR] LogOutputStream:75 - [STDERR_REDIRECT] 
2025-12-30 19:39:38,279 [ERROR] LogOutputStream:75 - [STDERR_REDIRECT] [Fatal Error] :1:1: Premature end of file.
2025-12-30 19:39:38,279 [ERROR] LogOutputStream:75 - [STDERR_REDIRECT] 
2025-12-30 19:39:39,256 [ERROR] LogOutputStream:75 - [STDERR_REDIRECT] [Fatal Error] :1:1: Premature end of file.
2025-12-30 19:39:39,256 [ERROR] LogOutputStream:75 - [STDERR_REDIRECT] 
2025-12-30 19:39:40,340 [ERROR] LogOutputStream:75 - [STDERR_REDIRECT] [Fatal Error] :1:1: Premature end of file.
2025-12-30 19:39:40,341 [ERROR] LogOutputStream:75 - [STDERR_REDIRECT] 
2025-12-30 19:39:41,291 [ERROR] LogOutputStream:75 - [STDERR_REDIRECT] [Fatal Error] :1:1: Premature end of file.
2025-12-30 19:39:41,292 [ERROR] LogOutputStream:75 - [STDERR_REDIRECT] 
2025-12-30 19:39:42,292 [ERROR] LogOutputStream:75 - [STDERR_REDIRECT] [Fatal Error] :1:1: Premature end of file.
2025-12-30 19:39:42,292 [ERROR] LogOutputStream:75 - [STDERR_REDIRECT] 
2025-12-30 19:39:43,187 [ERROR] LogOutputStream:75 - [STDERR_REDIRECT] [Fatal Error] :1:1: Premature end of file.
2025-12-30 19:39:43,187 [ERROR] LogOutputStream:75 - [STDERR_REDIRECT] 
2025-12-30 19:39:43,196 [INFO] ParamManager:905 - [Generic UI] PropertyChangeEvent: TAB_STATUS_CHANGED , "dont care", "never mind"
2025-12-30 19:39:43,205 [INFO] ADCParametersView:116 -                Rank 1 : false
2025-12-30 19:39:43,263 [INFO] ADCParametersView:116 -                Rank 1 : false
2025-12-30 19:39:43,264 [INFO] ADCParametersView:116 -                Rank 1 : false
2025-12-30 19:39:43,264 [INFO] ADCParametersView:116 -                Rank 1 : false
2025-12-30 19:39:43,264 [INFO] ADCParametersView:116 -                Rank 1 : false
2025-12-30 19:39:43,264 [INFO] ADCParametersView:116 -                Rank 1 : false
2025-12-30 19:39:43,265 [INFO] ADCParametersView:116 -                Rank 1 : false
2025-12-30 19:39:43,265 [INFO] ADCParametersView:116 -                Rank 1 : false
2025-12-30 19:39:43,265 [INFO] ADCParametersView:116 -                Rank 1 : false
2025-12-30 19:39:43,265 [INFO] ADCParametersView:116 -                Rank 1 : false
2025-12-30 19:39:43,266 [INFO] ADCParametersView:116 -                Rank 1 : false
2025-12-30 19:39:43,266 [INFO] ADCParametersView:116 -                Rank 1 : false
2025-12-30 19:39:43,266 [INFO] ADCParametersView:116 -                Rank 1 : false
2025-12-30 19:39:43,266 [INFO] ADCParametersView:116 -                Rank 1 : false
2025-12-30 19:39:43,266 [INFO] ADCParametersView:116 -                Rank 1 : false
2025-12-30 19:39:43,266 [INFO] ADCParametersView:116 -                Rank 1 : false
2025-12-30 19:39:43,266 [INFO] ADCParametersView:116 -                Rank 1 : false
2025-12-30 19:39:43,267 [INFO] ADCParametersView:116 -                Rank 1 : false
2025-12-30 19:39:43,267 [INFO] ADCParametersView:116 -                Rank 1 : false
2025-12-30 19:39:43,267 [INFO] ADCParametersView:116 -                Rank 1 : false
2025-12-30 19:39:43,267 [INFO] ADCParametersView:116 -                Rank 1 : false
2025-12-30 19:39:43,267 [INFO] ADCParametersView:116 -                Rank 1 : false
2025-12-30 19:39:43,286 [INFO] ADCParametersView:116 -                Rank 1 : false
2025-12-30 19:39:43,454 [INFO] NvicIntPanel:101 - NVIC parent = com.st.microxplorer.plugins.ip.nvic.MultiNvicIntPanel[,0,0,0x0,invalid,layout=javax.swing.BoxLayout,alignmentX=0.0,alignmentY=0.0,border=,flags=9,maximumSize=,minimumSize=,preferredSize=]
2025-12-30 19:39:43,667 [INFO] NvicIntPanel:101 - NVIC parent = com.st.microxplorer.plugins.ip.nvic.MultiNvicIntPanel[,0,0,0x0,invalid,layout=javax.swing.BoxLayout,alignmentX=0.0,alignmentY=0.0,border=,flags=9,maximumSize=,minimumSize=,preferredSize=]
2025-12-30 19:39:43,891 [INFO] NvicIntPanel:101 - NVIC parent = com.st.microxplorer.plugins.ip.nvic.MultiNvicIntPanel[,0,0,0x0,invalid,layout=javax.swing.BoxLayout,alignmentX=0.0,alignmentY=0.0,border=,flags=9,maximumSize=,minimumSize=,preferredSize=]
2025-12-30 19:39:43,993 [INFO] ADCParametersView:116 -                Rank 1 : false
2025-12-30 19:39:43,994 [INFO] ADCParametersView:116 -                Rank 1 : false
2025-12-30 19:39:43,994 [INFO] ADCParametersView:116 -                Rank 1 : false
2025-12-30 19:39:43,994 [INFO] ADCParametersView:116 -                Rank 1 : false
2025-12-30 19:39:43,994 [INFO] ADCParametersView:116 -                Rank 1 : false
2025-12-30 19:39:43,994 [INFO] ADCParametersView:116 -                Rank 1 : false
2025-12-30 19:39:43,995 [INFO] ADCParametersView:116 -                Rank 1 : false
2025-12-30 19:39:43,995 [INFO] ADCParametersView:116 -                Rank 1 : false
2025-12-30 19:39:43,995 [INFO] ADCParametersView:116 -                Rank 1 : false
2025-12-30 19:39:43,995 [INFO] ADCParametersView:116 -                Rank 1 : false
2025-12-30 19:39:43,995 [INFO] ADCParametersView:116 -                Rank 1 : false
2025-12-30 19:39:43,995 [INFO] ADCParametersView:116 -                Rank 1 : false
2025-12-30 19:39:43,996 [INFO] ADCParametersView:116 -                Rank 1 : false
2025-12-30 19:39:43,996 [INFO] ADCParametersView:116 -                Rank 1 : false
2025-12-30 19:39:43,996 [INFO] ADCParametersView:116 -                Rank 1 : false
2025-12-30 19:39:43,996 [INFO] ADCParametersView:116 -                Rank 1 : false
2025-12-30 19:39:43,996 [INFO] ADCParametersView:116 -                Rank 1 : false
2025-12-30 19:39:43,997 [INFO] ADCParametersView:116 -                Rank 1 : false
2025-12-30 19:39:43,997 [INFO] ADCParametersView:116 -                Rank 1 : false
2025-12-30 19:39:43,997 [INFO] ADCParametersView:116 -                Rank 1 : false
2025-12-30 19:39:43,997 [INFO] ADCParametersView:116 -                Rank 1 : false
2025-12-30 19:39:44,021 [INFO] ADCParametersView:116 -                Rank 1 : false
2025-12-30 19:39:44,065 [INFO] ADCParametersView:116 -                Rank 1 : false
2025-12-30 19:39:44,065 [INFO] ADCParametersView:116 -                Rank 1 : false
2025-12-30 19:39:44,065 [INFO] ADCParametersView:116 -                Rank 1 : false
2025-12-30 19:39:44,065 [INFO] ADCParametersView:116 -                Rank 1 : false
2025-12-30 19:39:44,066 [INFO] ADCParametersView:116 -                Rank 1 : false
2025-12-30 19:39:44,066 [INFO] ADCParametersView:116 -                Rank 1 : false
2025-12-30 19:39:44,066 [INFO] ADCParametersView:116 -                Rank 1 : false
2025-12-30 19:39:44,066 [INFO] ADCParametersView:116 -                Rank 1 : false
2025-12-30 19:39:44,066 [INFO] ADCParametersView:116 -                Rank 1 : false
2025-12-30 19:39:44,066 [INFO] ADCParametersView:116 -                Rank 1 : false
2025-12-30 19:39:44,067 [INFO] ADCParametersView:116 -                Rank 1 : false
2025-12-30 19:39:44,067 [INFO] ADCParametersView:116 -                Rank 1 : false
2025-12-30 19:39:44,067 [INFO] ADCParametersView:116 -                Rank 1 : false
2025-12-30 19:39:44,067 [INFO] ADCParametersView:116 -                Rank 1 : false
2025-12-30 19:39:44,067 [INFO] ADCParametersView:116 -                Rank 1 : false
2025-12-30 19:39:44,067 [INFO] ADCParametersView:116 -                Rank 1 : false
2025-12-30 19:39:44,067 [INFO] ADCParametersView:116 -                Rank 1 : false
2025-12-30 19:39:44,067 [INFO] ADCParametersView:116 -                Rank 1 : false
2025-12-30 19:39:44,067 [INFO] ADCParametersView:116 -                Rank 1 : false
2025-12-30 19:39:44,067 [INFO] ADCParametersView:116 -                Rank 1 : false
2025-12-30 19:39:44,067 [INFO] ADCParametersView:116 -                Rank 1 : false
2025-12-30 19:39:44,089 [INFO] ADCParametersView:116 -                Rank 1 : false
2025-12-30 19:39:44,261 [ERROR] LogOutputStream:75 - [STDERR_REDIRECT] [Fatal Error] :1:1: Premature end of file.
2025-12-30 19:39:44,262 [ERROR] LogOutputStream:75 - [STDERR_REDIRECT] 
2025-12-30 19:39:45,189 [ERROR] LogOutputStream:75 - [STDERR_REDIRECT] [Fatal Error] :1:1: Premature end of file.
2025-12-30 19:39:45,189 [ERROR] LogOutputStream:75 - [STDERR_REDIRECT] 
2025-12-30 19:39:46,186 [ERROR] LogOutputStream:75 - [STDERR_REDIRECT] [Fatal Error] :1:1: Premature end of file.
2025-12-30 19:39:46,186 [ERROR] LogOutputStream:75 - [STDERR_REDIRECT] 
2025-12-30 19:39:47,285 [ERROR] LogOutputStream:75 - [STDERR_REDIRECT] [Fatal Error] :1:1: Premature end of file.
2025-12-30 19:39:47,286 [ERROR] LogOutputStream:75 - [STDERR_REDIRECT] 
2025-12-30 19:39:47,394 [INFO] ADCParametersView:116 -                Rank 1 : false
2025-12-30 19:39:47,395 [INFO] ADCParametersView:116 -                Rank 1 : false
2025-12-30 19:39:47,395 [INFO] ADCParametersView:116 -                Rank 1 : false
2025-12-30 19:39:47,395 [INFO] ADCParametersView:116 -                Rank 1 : false
2025-12-30 19:39:47,396 [INFO] ADCParametersView:116 -                Rank 1 : false
2025-12-30 19:39:47,396 [INFO] ADCParametersView:116 -                Rank 1 : false
2025-12-30 19:39:47,396 [INFO] ADCParametersView:116 -                Rank 1 : false
2025-12-30 19:39:47,397 [INFO] ADCParametersView:116 -                Rank 1 : false
2025-12-30 19:39:47,397 [INFO] ADCParametersView:116 -                Rank 1 : false
2025-12-30 19:39:47,397 [INFO] ADCParametersView:116 -                Rank 1 : false
2025-12-30 19:39:47,398 [INFO] ADCParametersView:116 -                Rank 1 : false
2025-12-30 19:39:47,398 [INFO] ADCParametersView:116 -                Rank 1 : false
2025-12-30 19:39:47,399 [INFO] ADCParametersView:116 -                Rank 1 : false
2025-12-30 19:39:47,399 [INFO] ADCParametersView:116 -                Rank 1 : false
2025-12-30 19:39:47,400 [INFO] ADCParametersView:116 -                Rank 1 : false
2025-12-30 19:39:47,400 [INFO] ADCParametersView:116 -                Rank 1 : false
2025-12-30 19:39:47,401 [INFO] ADCParametersView:116 -                Rank 1 : false
2025-12-30 19:39:47,401 [INFO] ADCParametersView:116 -                Rank 1 : false
2025-12-30 19:39:47,401 [INFO] ADCParametersView:116 -                Rank 1 : false
2025-12-30 19:39:47,402 [INFO] ADCParametersView:116 -                Rank 1 : false
2025-12-30 19:39:47,402 [INFO] ADCParametersView:116 -                Rank 1 : false
2025-12-30 19:39:47,460 [INFO] ADCParametersView:116 -                Rank 1 : false
2025-12-30 19:39:47,515 [INFO] ParamManager:905 - [Generic UI] PropertyChangeEvent: TAB_STATUS_CHANGED , "dont care", "never mind"
2025-12-30 19:39:47,527 [INFO] ADCParametersView:116 -                Rank 1 : false
2025-12-30 19:39:47,528 [INFO] ADCParametersView:116 -                Rank 1 : false
2025-12-30 19:39:47,528 [INFO] ADCParametersView:116 -                Rank 1 : false
2025-12-30 19:39:47,528 [INFO] ADCParametersView:116 -                Rank 1 : false
2025-12-30 19:39:47,528 [INFO] ADCParametersView:116 -                Rank 1 : false
2025-12-30 19:39:47,528 [INFO] ADCParametersView:116 -                Rank 1 : false
2025-12-30 19:39:47,528 [INFO] ADCParametersView:116 -                Rank 1 : false
2025-12-30 19:39:47,529 [INFO] ADCParametersView:116 -                Rank 1 : false
2025-12-30 19:39:47,529 [INFO] ADCParametersView:116 -                Rank 1 : false
2025-12-30 19:39:47,529 [INFO] ADCParametersView:116 -                Rank 1 : false
2025-12-30 19:39:47,529 [INFO] ADCParametersView:116 -                Rank 1 : false
2025-12-30 19:39:47,529 [INFO] ADCParametersView:116 -                Rank 1 : false
2025-12-30 19:39:47,529 [INFO] ADCParametersView:116 -                Rank 1 : false
2025-12-30 19:39:47,529 [INFO] ADCParametersView:116 -                Rank 1 : false
2025-12-30 19:39:47,529 [INFO] ADCParametersView:116 -                Rank 1 : false
2025-12-30 19:39:47,529 [INFO] ADCParametersView:116 -                Rank 1 : false
2025-12-30 19:39:47,529 [INFO] ADCParametersView:116 -                Rank 1 : false
2025-12-30 19:39:47,529 [INFO] ADCParametersView:116 -                Rank 1 : false
2025-12-30 19:39:47,529 [INFO] ADCParametersView:116 -                Rank 1 : false
2025-12-30 19:39:47,529 [INFO] ADCParametersView:116 -                Rank 1 : false
2025-12-30 19:39:47,529 [INFO] ADCParametersView:116 -                Rank 1 : false
2025-12-30 19:39:47,550 [INFO] ParamManager:905 - [Generic UI] PropertyChangeEvent: TAB_STATUS_CHANGED , "dont care", "never mind"
2025-12-30 19:39:47,557 [INFO] ADCParametersView:116 -                Rank 1 : false
2025-12-30 19:39:47,641 [INFO] ADCParametersView:116 -                Rank 1 : false
2025-12-30 19:39:47,641 [INFO] ADCParametersView:116 -                Rank 1 : false
2025-12-30 19:39:47,641 [INFO] ADCParametersView:116 -                Rank 1 : false
2025-12-30 19:39:47,641 [INFO] ADCParametersView:116 -                Rank 1 : false
2025-12-30 19:39:47,641 [INFO] ADCParametersView:116 -                Rank 1 : false
2025-12-30 19:39:47,641 [INFO] ADCParametersView:116 -                Rank 1 : false
2025-12-30 19:39:47,641 [INFO] ADCParametersView:116 -                Rank 1 : false
2025-12-30 19:39:47,641 [INFO] ADCParametersView:116 -                Rank 1 : false
2025-12-30 19:39:47,642 [INFO] ADCParametersView:116 -                Rank 1 : false
2025-12-30 19:39:47,642 [INFO] ADCParametersView:116 -                Rank 1 : false
2025-12-30 19:39:47,642 [INFO] ADCParametersView:116 -                Rank 1 : false
2025-12-30 19:39:47,642 [INFO] ADCParametersView:116 -                Rank 1 : false
2025-12-30 19:39:47,642 [INFO] ADCParametersView:116 -                Rank 1 : false
2025-12-30 19:39:47,642 [INFO] ADCParametersView:116 -                Rank 1 : false
2025-12-30 19:39:47,642 [INFO] ADCParametersView:116 -                Rank 1 : false
2025-12-30 19:39:47,642 [INFO] ADCParametersView:116 -                Rank 1 : false
2025-12-30 19:39:47,642 [INFO] ADCParametersView:116 -                Rank 1 : false
2025-12-30 19:39:47,642 [INFO] ADCParametersView:116 -                Rank 1 : false
2025-12-30 19:39:47,642 [INFO] ADCParametersView:116 -                Rank 1 : false
2025-12-30 19:39:47,642 [INFO] ADCParametersView:116 -                Rank 1 : false
2025-12-30 19:39:47,642 [INFO] ADCParametersView:116 -                Rank 1 : false
2025-12-30 19:39:47,653 [INFO] ADCParametersView:116 -                Rank 1 : false
2025-12-30 19:39:47,676 [INFO] ADCParametersView:116 -                Rank 1 : false
2025-12-30 19:39:47,676 [INFO] ADCParametersView:116 -                Rank 1 : false
2025-12-30 19:39:47,676 [INFO] ADCParametersView:116 -                Rank 1 : false
2025-12-30 19:39:47,676 [INFO] ADCParametersView:116 -                Rank 1 : false
2025-12-30 19:39:47,676 [INFO] ADCParametersView:116 -                Rank 1 : false
2025-12-30 19:39:47,677 [INFO] ADCParametersView:116 -                Rank 1 : false
2025-12-30 19:39:47,677 [INFO] ADCParametersView:116 -                Rank 1 : false
2025-12-30 19:39:47,677 [INFO] ADCParametersView:116 -                Rank 1 : false
2025-12-30 19:39:47,677 [INFO] ADCParametersView:116 -                Rank 1 : false
2025-12-30 19:39:47,677 [INFO] ADCParametersView:116 -                Rank 1 : false
2025-12-30 19:39:47,677 [INFO] ADCParametersView:116 -                Rank 1 : false
2025-12-30 19:39:47,677 [INFO] ADCParametersView:116 -                Rank 1 : false
2025-12-30 19:39:47,677 [INFO] ADCParametersView:116 -                Rank 1 : false
2025-12-30 19:39:47,677 [INFO] ADCParametersView:116 -                Rank 1 : false
2025-12-30 19:39:47,677 [INFO] ADCParametersView:116 -                Rank 1 : false
2025-12-30 19:39:47,677 [INFO] ADCParametersView:116 -                Rank 1 : false
2025-12-30 19:39:47,677 [INFO] ADCParametersView:116 -                Rank 1 : false
2025-12-30 19:39:47,677 [INFO] ADCParametersView:116 -                Rank 1 : false
2025-12-30 19:39:47,677 [INFO] ADCParametersView:116 -                Rank 1 : false
2025-12-30 19:39:47,677 [INFO] ADCParametersView:116 -                Rank 1 : false
2025-12-30 19:39:47,677 [INFO] ADCParametersView:116 -                Rank 1 : false
2025-12-30 19:39:47,689 [INFO] ADCParametersView:116 -                Rank 1 : false
2025-12-30 19:39:48,193 [ERROR] LogOutputStream:75 - [STDERR_REDIRECT] [Fatal Error] :1:1: Premature end of file.
2025-12-30 19:39:48,193 [ERROR] LogOutputStream:75 - [STDERR_REDIRECT] 
2025-12-30 19:39:48,346 [INFO] NvicIntPanel:101 - NVIC parent = com.st.microxplorer.plugins.ip.nvic.MultiNvicIntPanel[,0,0,526x270,invalid,layout=javax.swing.BoxLayout,alignmentX=0.0,alignmentY=0.0,border=,flags=9,maximumSize=,minimumSize=,preferredSize=]
2025-12-30 19:39:48,944 [INFO] ADCParametersView:116 -                Rank 1 : false
2025-12-30 19:39:48,945 [INFO] ADCParametersView:116 -                Rank 1 : false
2025-12-30 19:39:48,945 [INFO] ADCParametersView:116 -                Rank 1 : false
2025-12-30 19:39:48,945 [INFO] ADCParametersView:116 -                Rank 1 : false
2025-12-30 19:39:48,946 [INFO] ADCParametersView:116 -                Rank 1 : false
2025-12-30 19:39:48,946 [INFO] ADCParametersView:116 -                Rank 1 : false
2025-12-30 19:39:48,946 [INFO] ADCParametersView:116 -                Rank 1 : false
2025-12-30 19:39:48,946 [INFO] ADCParametersView:116 -                Rank 1 : false
2025-12-30 19:39:48,946 [INFO] ADCParametersView:116 -                Rank 1 : false
2025-12-30 19:39:48,946 [INFO] ADCParametersView:116 -                Rank 1 : false
2025-12-30 19:39:48,947 [INFO] ADCParametersView:116 -                Rank 1 : false
2025-12-30 19:39:48,947 [INFO] ADCParametersView:116 -                Rank 1 : false
2025-12-30 19:39:48,947 [INFO] ADCParametersView:116 -                Rank 1 : false
2025-12-30 19:39:48,948 [INFO] ADCParametersView:116 -                Rank 1 : false
2025-12-30 19:39:48,948 [INFO] ADCParametersView:116 -                Rank 1 : false
2025-12-30 19:39:48,948 [INFO] ADCParametersView:116 -                Rank 1 : false
2025-12-30 19:39:48,948 [INFO] ADCParametersView:116 -                Rank 1 : false
2025-12-30 19:39:48,949 [INFO] ADCParametersView:116 -                Rank 1 : false
2025-12-30 19:39:48,949 [INFO] ADCParametersView:116 -                Rank 1 : false
2025-12-30 19:39:48,949 [INFO] ADCParametersView:116 -                Rank 1 : false
2025-12-30 19:39:48,949 [INFO] ADCParametersView:116 -                Rank 1 : false
2025-12-30 19:39:48,985 [INFO] ADCParametersView:116 -                Rank 1 : false
2025-12-30 19:39:49,184 [ERROR] LogOutputStream:75 - [STDERR_REDIRECT] [Fatal Error] :1:1: Premature end of file.
2025-12-30 19:39:49,185 [ERROR] LogOutputStream:75 - [STDERR_REDIRECT] 
2025-12-30 19:39:50,288 [ERROR] LogOutputStream:75 - [STDERR_REDIRECT] [Fatal Error] :1:1: Premature end of file.
2025-12-30 19:39:50,288 [ERROR] LogOutputStream:75 - [STDERR_REDIRECT] 
2025-12-30 19:39:51,283 [ERROR] LogOutputStream:75 - [STDERR_REDIRECT] [Fatal Error] :1:1: Premature end of file.
2025-12-30 19:39:51,284 [ERROR] LogOutputStream:75 - [STDERR_REDIRECT] 
2025-12-30 19:39:52,210 [ERROR] LogOutputStream:75 - [STDERR_REDIRECT] [Fatal Error] :1:1: Premature end of file.
2025-12-30 19:39:52,211 [ERROR] LogOutputStream:75 - [STDERR_REDIRECT] 
2025-12-30 19:39:53,243 [ERROR] LogOutputStream:75 - [STDERR_REDIRECT] [Fatal Error] :1:1: Premature end of file.
2025-12-30 19:39:53,244 [ERROR] LogOutputStream:75 - [STDERR_REDIRECT] 
2025-12-30 19:39:54,188 [ERROR] LogOutputStream:75 - [STDERR_REDIRECT] [Fatal Error] :1:1: Premature end of file.
2025-12-30 19:39:54,188 [ERROR] LogOutputStream:75 - [STDERR_REDIRECT] 
2025-12-30 19:39:55,185 [ERROR] LogOutputStream:75 - [STDERR_REDIRECT] [Fatal Error] :1:1: Premature end of file.
2025-12-30 19:39:55,185 [ERROR] LogOutputStream:75 - [STDERR_REDIRECT] 
2025-12-30 19:39:56,205 [ERROR] LogOutputStream:75 - [STDERR_REDIRECT] [Fatal Error] :1:1: Premature end of file.
2025-12-30 19:39:56,205 [ERROR] LogOutputStream:75 - [STDERR_REDIRECT] 
2025-12-30 19:39:57,192 [ERROR] LogOutputStream:75 - [STDERR_REDIRECT] [Fatal Error] :1:1: Premature end of file.
2025-12-30 19:39:57,192 [ERROR] LogOutputStream:75 - [STDERR_REDIRECT] 
2025-12-30 19:39:58,277 [ERROR] LogOutputStream:75 - [STDERR_REDIRECT] [Fatal Error] :1:1: Premature end of file.
2025-12-30 19:39:58,277 [ERROR] LogOutputStream:75 - [STDERR_REDIRECT] 
2025-12-30 19:39:59,275 [ERROR] LogOutputStream:75 - [STDERR_REDIRECT] [Fatal Error] :1:1: Premature end of file.
2025-12-30 19:39:59,276 [ERROR] LogOutputStream:75 - [STDERR_REDIRECT] 
2025-12-30 19:40:00,283 [ERROR] LogOutputStream:75 - [STDERR_REDIRECT] [Fatal Error] :1:1: Premature end of file.
2025-12-30 19:40:00,284 [ERROR] LogOutputStream:75 - [STDERR_REDIRECT] 
2025-12-30 19:40:01,276 [ERROR] LogOutputStream:75 - [STDERR_REDIRECT] [Fatal Error] :1:1: Premature end of file.
2025-12-30 19:40:01,277 [ERROR] LogOutputStream:75 - [STDERR_REDIRECT] 
2025-12-30 19:40:02,215 [ERROR] LogOutputStream:75 - [STDERR_REDIRECT] [Fatal Error] :1:1: Premature end of file.
2025-12-30 19:40:02,215 [ERROR] LogOutputStream:75 - [STDERR_REDIRECT] 
2025-12-30 19:40:03,191 [ERROR] LogOutputStream:75 - [STDERR_REDIRECT] [Fatal Error] :1:1: Premature end of file.
2025-12-30 19:40:03,192 [ERROR] LogOutputStream:75 - [STDERR_REDIRECT] 
2025-12-30 19:40:04,273 [ERROR] LogOutputStream:75 - [STDERR_REDIRECT] [Fatal Error] :1:1: Premature end of file.
2025-12-30 19:40:04,273 [ERROR] LogOutputStream:75 - [STDERR_REDIRECT] 
2025-12-30 19:40:05,289 [ERROR] LogOutputStream:75 - [STDERR_REDIRECT] [Fatal Error] :1:1: Premature end of file.
2025-12-30 19:40:05,290 [ERROR] LogOutputStream:75 - [STDERR_REDIRECT] 
2025-12-30 19:40:06,194 [ERROR] LogOutputStream:75 - [STDERR_REDIRECT] [Fatal Error] :1:1: Premature end of file.
2025-12-30 19:40:06,194 [ERROR] LogOutputStream:75 - [STDERR_REDIRECT] 
2025-12-30 19:40:07,213 [ERROR] LogOutputStream:75 - [STDERR_REDIRECT] [Fatal Error] :1:1: Premature end of file.
2025-12-30 19:40:07,213 [ERROR] LogOutputStream:75 - [STDERR_REDIRECT] 
2025-12-30 19:40:08,186 [ERROR] LogOutputStream:75 - [STDERR_REDIRECT] [Fatal Error] :1:1: Premature end of file.
2025-12-30 19:40:08,187 [ERROR] LogOutputStream:75 - [STDERR_REDIRECT] 
2025-12-30 19:40:09,275 [ERROR] LogOutputStream:75 - [STDERR_REDIRECT] [Fatal Error] :1:1: Premature end of file.
2025-12-30 19:40:09,276 [ERROR] LogOutputStream:75 - [STDERR_REDIRECT] 
2025-12-30 19:40:10,200 [ERROR] LogOutputStream:75 - [STDERR_REDIRECT] [Fatal Error] :1:1: Premature end of file.
2025-12-30 19:40:10,201 [ERROR] LogOutputStream:75 - [STDERR_REDIRECT] 
2025-12-30 19:40:11,286 [ERROR] LogOutputStream:75 - [STDERR_REDIRECT] [Fatal Error] :1:1: Premature end of file.
2025-12-30 19:40:11,286 [ERROR] LogOutputStream:75 - [STDERR_REDIRECT] 
2025-12-30 19:40:12,275 [ERROR] LogOutputStream:75 - [STDERR_REDIRECT] [Fatal Error] :1:1: Premature end of file.
2025-12-30 19:40:12,276 [ERROR] LogOutputStream:75 - [STDERR_REDIRECT] 
2025-12-30 19:40:13,184 [ERROR] LogOutputStream:75 - [STDERR_REDIRECT] [Fatal Error] :1:1: Premature end of file.
2025-12-30 19:40:13,185 [ERROR] LogOutputStream:75 - [STDERR_REDIRECT] 
2025-12-30 19:40:14,195 [ERROR] LogOutputStream:75 - [STDERR_REDIRECT] [Fatal Error] :1:1: Premature end of file.
2025-12-30 19:40:14,196 [ERROR] LogOutputStream:75 - [STDERR_REDIRECT] 
2025-12-30 19:40:15,277 [ERROR] LogOutputStream:75 - [STDERR_REDIRECT] [Fatal Error] :1:1: Premature end of file.
2025-12-30 19:40:15,277 [ERROR] LogOutputStream:75 - [STDERR_REDIRECT] 
2025-12-30 19:40:16,261 [ERROR] LogOutputStream:75 - [STDERR_REDIRECT] [Fatal Error] :1:1: Premature end of file.
2025-12-30 19:40:16,262 [ERROR] LogOutputStream:75 - [STDERR_REDIRECT] 
2025-12-30 19:40:17,190 [ERROR] LogOutputStream:75 - [STDERR_REDIRECT] [Fatal Error] :1:1: Premature end of file.
2025-12-30 19:40:17,190 [ERROR] LogOutputStream:75 - [STDERR_REDIRECT] 
2025-12-30 19:40:18,290 [ERROR] LogOutputStream:75 - [STDERR_REDIRECT] [Fatal Error] :1:1: Premature end of file.
2025-12-30 19:40:18,290 [ERROR] LogOutputStream:75 - [STDERR_REDIRECT] 
2025-12-30 19:40:19,184 [ERROR] LogOutputStream:75 - [STDERR_REDIRECT] [Fatal Error] :1:1: Premature end of file.
2025-12-30 19:40:19,184 [ERROR] LogOutputStream:75 - [STDERR_REDIRECT] 
2025-12-30 19:40:20,188 [ERROR] LogOutputStream:75 - [STDERR_REDIRECT] [Fatal Error] :1:1: Premature end of file.
2025-12-30 19:40:20,188 [ERROR] LogOutputStream:75 - [STDERR_REDIRECT] 
2025-12-30 19:40:21,271 [ERROR] LogOutputStream:75 - [STDERR_REDIRECT] [Fatal Error] :1:1: Premature end of file.
2025-12-30 19:40:21,272 [ERROR] LogOutputStream:75 - [STDERR_REDIRECT] 
2025-12-30 19:40:22,276 [ERROR] LogOutputStream:75 - [STDERR_REDIRECT] [Fatal Error] :1:1: Premature end of file.
2025-12-30 19:40:22,276 [ERROR] LogOutputStream:75 - [STDERR_REDIRECT] 
2025-12-30 19:40:23,235 [ERROR] LogOutputStream:75 - [STDERR_REDIRECT] [Fatal Error] :1:1: Premature end of file.
2025-12-30 19:40:23,235 [ERROR] LogOutputStream:75 - [STDERR_REDIRECT] 
2025-12-30 19:40:24,212 [ERROR] LogOutputStream:75 - [STDERR_REDIRECT] [Fatal Error] :1:1: Premature end of file.
2025-12-30 19:40:24,212 [ERROR] LogOutputStream:75 - [STDERR_REDIRECT] 
2025-12-30 19:40:25,194 [ERROR] LogOutputStream:75 - [STDERR_REDIRECT] [Fatal Error] :1:1: Premature end of file.
2025-12-30 19:40:25,194 [ERROR] LogOutputStream:75 - [STDERR_REDIRECT] 
2025-12-30 19:40:26,209 [ERROR] LogOutputStream:75 - [STDERR_REDIRECT] [Fatal Error] :1:1: Premature end of file.
2025-12-30 19:40:26,209 [ERROR] LogOutputStream:75 - [STDERR_REDIRECT] 
2025-12-30 19:40:27,189 [ERROR] LogOutputStream:75 - [STDERR_REDIRECT] [Fatal Error] :1:1: Premature end of file.
2025-12-30 19:40:27,190 [ERROR] LogOutputStream:75 - [STDERR_REDIRECT] 
2025-12-30 19:40:28,211 [ERROR] LogOutputStream:75 - [STDERR_REDIRECT] [Fatal Error] :1:1: Premature end of file.
2025-12-30 19:40:28,211 [ERROR] LogOutputStream:75 - [STDERR_REDIRECT] 
2025-12-30 19:40:29,229 [ERROR] LogOutputStream:75 - [STDERR_REDIRECT] [Fatal Error] :1:1: Premature end of file.
2025-12-30 19:40:29,230 [ERROR] LogOutputStream:75 - [STDERR_REDIRECT] 
2025-12-30 19:40:30,188 [ERROR] LogOutputStream:75 - [STDERR_REDIRECT] [Fatal Error] :1:1: Premature end of file.
2025-12-30 19:40:30,188 [ERROR] LogOutputStream:75 - [STDERR_REDIRECT] 
2025-12-30 19:40:31,185 [ERROR] LogOutputStream:75 - [STDERR_REDIRECT] [Fatal Error] :1:1: Premature end of file.
2025-12-30 19:40:31,185 [ERROR] LogOutputStream:75 - [STDERR_REDIRECT] 
2025-12-30 19:40:32,186 [ERROR] LogOutputStream:75 - [STDERR_REDIRECT] [Fatal Error] :1:1: Premature end of file.
2025-12-30 19:40:32,186 [ERROR] LogOutputStream:75 - [STDERR_REDIRECT] 
2025-12-30 19:40:33,203 [ERROR] LogOutputStream:75 - [STDERR_REDIRECT] [Fatal Error] :1:1: Premature end of file.
2025-12-30 19:40:33,203 [ERROR] LogOutputStream:75 - [STDERR_REDIRECT] 
2025-12-30 19:40:33,568 [INFO] NvicIntPanel:101 - NVIC parent = com.st.microxplorer.plugins.ip.nvic.MultiNvicIntPanel[,0,0,0x0,invalid,layout=javax.swing.BoxLayout,alignmentX=0.0,alignmentY=0.0,border=,flags=9,maximumSize=,minimumSize=,preferredSize=]
2025-12-30 19:40:33,630 [INFO] ADCParametersView:116 -                Rank 1 : false
2025-12-30 19:40:33,630 [INFO] ADCParametersView:116 -                Rank 1 : false
2025-12-30 19:40:33,631 [INFO] ADCParametersView:116 -                Rank 1 : false
2025-12-30 19:40:33,631 [INFO] ADCParametersView:116 -                Rank 1 : false
2025-12-30 19:40:33,631 [INFO] ADCParametersView:116 -                Rank 1 : false
2025-12-30 19:40:33,631 [INFO] ADCParametersView:116 -                Rank 1 : false
2025-12-30 19:40:33,631 [INFO] ADCParametersView:116 -                Rank 1 : false
2025-12-30 19:40:33,631 [INFO] ADCParametersView:116 -                Rank 1 : false
2025-12-30 19:40:33,631 [INFO] ADCParametersView:116 -                Rank 1 : false
2025-12-30 19:40:33,631 [INFO] ADCParametersView:116 -                Rank 1 : false
2025-12-30 19:40:33,631 [INFO] ADCParametersView:116 -                Rank 1 : false
2025-12-30 19:40:33,632 [INFO] ADCParametersView:116 -                Rank 1 : false
2025-12-30 19:40:33,632 [INFO] ADCParametersView:116 -                Rank 1 : false
2025-12-30 19:40:33,632 [INFO] ADCParametersView:116 -                Rank 1 : false
2025-12-30 19:40:33,632 [INFO] ADCParametersView:116 -                Rank 1 : false
2025-12-30 19:40:33,632 [INFO] ADCParametersView:116 -                Rank 1 : false
2025-12-30 19:40:33,632 [INFO] ADCParametersView:116 -                Rank 1 : false
2025-12-30 19:40:33,632 [INFO] ADCParametersView:116 -                Rank 1 : false
2025-12-30 19:40:33,632 [INFO] ADCParametersView:116 -                Rank 1 : false
2025-12-30 19:40:33,632 [INFO] ADCParametersView:116 -                Rank 1 : false
2025-12-30 19:40:33,632 [INFO] ADCParametersView:116 -                Rank 1 : false
2025-12-30 19:40:33,643 [INFO] ADCParametersView:116 -                Rank 1 : false
2025-12-30 19:40:33,668 [INFO] ADCParametersView:116 -                Rank 1 : false
2025-12-30 19:40:33,668 [INFO] ADCParametersView:116 -                Rank 1 : false
2025-12-30 19:40:33,668 [INFO] ADCParametersView:116 -                Rank 1 : false
2025-12-30 19:40:33,668 [INFO] ADCParametersView:116 -                Rank 1 : false
2025-12-30 19:40:33,668 [INFO] ADCParametersView:116 -                Rank 1 : false
2025-12-30 19:40:33,669 [INFO] ADCParametersView:116 -                Rank 1 : false
2025-12-30 19:40:33,669 [INFO] ADCParametersView:116 -                Rank 1 : false
2025-12-30 19:40:33,669 [INFO] ADCParametersView:116 -                Rank 1 : false
2025-12-30 19:40:33,669 [INFO] ADCParametersView:116 -                Rank 1 : false
2025-12-30 19:40:33,669 [INFO] ADCParametersView:116 -                Rank 1 : false
2025-12-30 19:40:33,669 [INFO] ADCParametersView:116 -                Rank 1 : false
2025-12-30 19:40:33,669 [INFO] ADCParametersView:116 -                Rank 1 : false
2025-12-30 19:40:33,669 [INFO] ADCParametersView:116 -                Rank 1 : false
2025-12-30 19:40:33,669 [INFO] ADCParametersView:116 -                Rank 1 : false
2025-12-30 19:40:33,669 [INFO] ADCParametersView:116 -                Rank 1 : false
2025-12-30 19:40:33,669 [INFO] ADCParametersView:116 -                Rank 1 : false
2025-12-30 19:40:33,669 [INFO] ADCParametersView:116 -                Rank 1 : false
2025-12-30 19:40:33,669 [INFO] ADCParametersView:116 -                Rank 1 : false
2025-12-30 19:40:33,669 [INFO] ADCParametersView:116 -                Rank 1 : false
2025-12-30 19:40:33,669 [INFO] ADCParametersView:116 -                Rank 1 : false
2025-12-30 19:40:33,669 [INFO] ADCParametersView:116 -                Rank 1 : false
2025-12-30 19:40:33,680 [INFO] ADCParametersView:116 -                Rank 1 : false
2025-12-30 19:40:34,185 [ERROR] LogOutputStream:75 - [STDERR_REDIRECT] [Fatal Error] :1:1: Premature end of file.
2025-12-30 19:40:34,185 [ERROR] LogOutputStream:75 - [STDERR_REDIRECT] 
2025-12-30 19:40:34,189 [INFO] ADCParametersView:116 -                Rank 1 : false
2025-12-30 19:40:34,189 [INFO] ADCParametersView:116 -                Rank 1 : false
2025-12-30 19:40:34,189 [INFO] ADCParametersView:116 -                Rank 1 : false
2025-12-30 19:40:34,189 [INFO] ADCParametersView:116 -                Rank 1 : false
2025-12-30 19:40:34,189 [INFO] ADCParametersView:116 -                Rank 1 : false
2025-12-30 19:40:34,189 [INFO] ADCParametersView:116 -                Rank 1 : false
2025-12-30 19:40:34,189 [INFO] ADCParametersView:116 -                Rank 1 : false
2025-12-30 19:40:34,189 [INFO] ADCParametersView:116 -                Rank 1 : false
2025-12-30 19:40:34,189 [INFO] ADCParametersView:116 -                Rank 1 : false
2025-12-30 19:40:34,189 [INFO] ADCParametersView:116 -                Rank 1 : false
2025-12-30 19:40:34,189 [INFO] ADCParametersView:116 -                Rank 1 : false
2025-12-30 19:40:34,190 [INFO] ADCParametersView:116 -                Rank 1 : false
2025-12-30 19:40:34,190 [INFO] ADCParametersView:116 -                Rank 1 : false
2025-12-30 19:40:34,190 [INFO] ADCParametersView:116 -                Rank 1 : false
2025-12-30 19:40:34,190 [INFO] ADCParametersView:116 -                Rank 1 : false
2025-12-30 19:40:34,190 [INFO] ADCParametersView:116 -                Rank 1 : false
2025-12-30 19:40:34,190 [INFO] ADCParametersView:116 -                Rank 1 : false
2025-12-30 19:40:34,190 [INFO] ADCParametersView:116 -                Rank 1 : false
2025-12-30 19:40:34,190 [INFO] ADCParametersView:116 -                Rank 1 : false
2025-12-30 19:40:34,190 [INFO] ADCParametersView:116 -                Rank 1 : false
2025-12-30 19:40:34,190 [INFO] ADCParametersView:116 -                Rank 1 : false
2025-12-30 19:40:34,201 [INFO] ADCParametersView:116 -                Rank 1 : false
2025-12-30 19:40:34,224 [INFO] ADCParametersView:116 -                Rank 1 : false
2025-12-30 19:40:34,224 [INFO] ADCParametersView:116 -                Rank 1 : false
2025-12-30 19:40:34,224 [INFO] ADCParametersView:116 -                Rank 1 : false
2025-12-30 19:40:34,224 [INFO] ADCParametersView:116 -                Rank 1 : false
2025-12-30 19:40:34,224 [INFO] ADCParametersView:116 -                Rank 1 : false
2025-12-30 19:40:34,224 [INFO] ADCParametersView:116 -                Rank 1 : false
2025-12-30 19:40:34,224 [INFO] ADCParametersView:116 -                Rank 1 : false
2025-12-30 19:40:34,224 [INFO] ADCParametersView:116 -                Rank 1 : false
2025-12-30 19:40:34,224 [INFO] ADCParametersView:116 -                Rank 1 : false
2025-12-30 19:40:34,224 [INFO] ADCParametersView:116 -                Rank 1 : false
2025-12-30 19:40:34,225 [INFO] ADCParametersView:116 -                Rank 1 : false
2025-12-30 19:40:34,225 [INFO] ADCParametersView:116 -                Rank 1 : false
2025-12-30 19:40:34,225 [INFO] ADCParametersView:116 -                Rank 1 : false
2025-12-30 19:40:34,225 [INFO] ADCParametersView:116 -                Rank 1 : false
2025-12-30 19:40:34,225 [INFO] ADCParametersView:116 -                Rank 1 : false
2025-12-30 19:40:34,225 [INFO] ADCParametersView:116 -                Rank 1 : false
2025-12-30 19:40:34,225 [INFO] ADCParametersView:116 -                Rank 1 : false
2025-12-30 19:40:34,225 [INFO] ADCParametersView:116 -                Rank 1 : false
2025-12-30 19:40:34,225 [INFO] ADCParametersView:116 -                Rank 1 : false
2025-12-30 19:40:34,225 [INFO] ADCParametersView:116 -                Rank 1 : false
2025-12-30 19:40:34,225 [INFO] ADCParametersView:116 -                Rank 1 : false
2025-12-30 19:40:34,236 [INFO] ADCParametersView:116 -                Rank 1 : false
2025-12-30 19:40:35,272 [ERROR] LogOutputStream:75 - [STDERR_REDIRECT] [Fatal Error] :1:1: Premature end of file.
2025-12-30 19:40:35,273 [ERROR] LogOutputStream:75 - [STDERR_REDIRECT] 
2025-12-30 19:40:36,207 [ERROR] LogOutputStream:75 - [STDERR_REDIRECT] [Fatal Error] :1:1: Premature end of file.
2025-12-30 19:40:36,207 [ERROR] LogOutputStream:75 - [STDERR_REDIRECT] 
2025-12-30 19:40:37,273 [ERROR] LogOutputStream:75 - [STDERR_REDIRECT] [Fatal Error] :1:1: Premature end of file.
2025-12-30 19:40:37,273 [ERROR] LogOutputStream:75 - [STDERR_REDIRECT] 
2025-12-30 19:40:38,232 [ERROR] LogOutputStream:75 - [STDERR_REDIRECT] [Fatal Error] :1:1: Premature end of file.
2025-12-30 19:40:38,232 [ERROR] LogOutputStream:75 - [STDERR_REDIRECT] 
2025-12-30 19:40:38,563 [INFO] NvicIntPanel:101 - NVIC parent = com.st.microxplorer.plugins.ip.nvic.MultiNvicIntPanel[,0,0,0x0,invalid,layout=javax.swing.BoxLayout,alignmentX=0.0,alignmentY=0.0,border=,flags=9,maximumSize=,minimumSize=,preferredSize=]
2025-12-30 19:40:38,626 [INFO] ADCParametersView:116 -                Rank 1 : false
2025-12-30 19:40:38,626 [INFO] ADCParametersView:116 -                Rank 1 : false
2025-12-30 19:40:38,626 [INFO] ADCParametersView:116 -                Rank 1 : false
2025-12-30 19:40:38,626 [INFO] ADCParametersView:116 -                Rank 1 : false
2025-12-30 19:40:38,626 [INFO] ADCParametersView:116 -                Rank 1 : false
2025-12-30 19:40:38,626 [INFO] ADCParametersView:116 -                Rank 1 : false
2025-12-30 19:40:38,626 [INFO] ADCParametersView:116 -                Rank 1 : false
2025-12-30 19:40:38,626 [INFO] ADCParametersView:116 -                Rank 1 : false
2025-12-30 19:40:38,626 [INFO] ADCParametersView:116 -                Rank 1 : false
2025-12-30 19:40:38,627 [INFO] ADCParametersView:116 -                Rank 1 : false
2025-12-30 19:40:38,627 [INFO] ADCParametersView:116 -                Rank 1 : false
2025-12-30 19:40:38,627 [INFO] ADCParametersView:116 -                Rank 1 : false
2025-12-30 19:40:38,627 [INFO] ADCParametersView:116 -                Rank 1 : false
2025-12-30 19:40:38,627 [INFO] ADCParametersView:116 -                Rank 1 : false
2025-12-30 19:40:38,627 [INFO] ADCParametersView:116 -                Rank 1 : false
2025-12-30 19:40:38,627 [INFO] ADCParametersView:116 -                Rank 1 : false
2025-12-30 19:40:38,627 [INFO] ADCParametersView:116 -                Rank 1 : false
2025-12-30 19:40:38,627 [INFO] ADCParametersView:116 -                Rank 1 : false
2025-12-30 19:40:38,627 [INFO] ADCParametersView:116 -                Rank 1 : false
2025-12-30 19:40:38,627 [INFO] ADCParametersView:116 -                Rank 1 : false
2025-12-30 19:40:38,627 [INFO] ADCParametersView:116 -                Rank 1 : false
2025-12-30 19:40:38,638 [INFO] ADCParametersView:116 -                Rank 1 : false
2025-12-30 19:40:38,661 [INFO] ADCParametersView:116 -                Rank 1 : false
2025-12-30 19:40:38,661 [INFO] ADCParametersView:116 -                Rank 1 : false
2025-12-30 19:40:38,662 [INFO] ADCParametersView:116 -                Rank 1 : false
2025-12-30 19:40:38,662 [INFO] ADCParametersView:116 -                Rank 1 : false
2025-12-30 19:40:38,662 [INFO] ADCParametersView:116 -                Rank 1 : false
2025-12-30 19:40:38,662 [INFO] ADCParametersView:116 -                Rank 1 : false
2025-12-30 19:40:38,662 [INFO] ADCParametersView:116 -                Rank 1 : false
2025-12-30 19:40:38,662 [INFO] ADCParametersView:116 -                Rank 1 : false
2025-12-30 19:40:38,662 [INFO] ADCParametersView:116 -                Rank 1 : false
2025-12-30 19:40:38,662 [INFO] ADCParametersView:116 -                Rank 1 : false
2025-12-30 19:40:38,662 [INFO] ADCParametersView:116 -                Rank 1 : false
2025-12-30 19:40:38,662 [INFO] ADCParametersView:116 -                Rank 1 : false
2025-12-30 19:40:38,662 [INFO] ADCParametersView:116 -                Rank 1 : false
2025-12-30 19:40:38,662 [INFO] ADCParametersView:116 -                Rank 1 : false
2025-12-30 19:40:38,662 [INFO] ADCParametersView:116 -                Rank 1 : false
2025-12-30 19:40:38,662 [INFO] ADCParametersView:116 -                Rank 1 : false
2025-12-30 19:40:38,662 [INFO] ADCParametersView:116 -                Rank 1 : false
2025-12-30 19:40:38,663 [INFO] ADCParametersView:116 -                Rank 1 : false
2025-12-30 19:40:38,663 [INFO] ADCParametersView:116 -                Rank 1 : false
2025-12-30 19:40:38,663 [INFO] ADCParametersView:116 -                Rank 1 : false
2025-12-30 19:40:38,663 [INFO] ADCParametersView:116 -                Rank 1 : false
2025-12-30 19:40:38,674 [INFO] ADCParametersView:116 -                Rank 1 : false
2025-12-30 19:40:38,831 [INFO] ADCParametersView:116 -                Rank 1 : false
2025-12-30 19:40:38,831 [INFO] ADCParametersView:116 -                Rank 1 : false
2025-12-30 19:40:38,831 [INFO] ADCParametersView:116 -                Rank 1 : false
2025-12-30 19:40:38,832 [INFO] ADCParametersView:116 -                Rank 1 : false
2025-12-30 19:40:38,832 [INFO] ADCParametersView:116 -                Rank 1 : false
2025-12-30 19:40:38,832 [INFO] ADCParametersView:116 -                Rank 1 : false
2025-12-30 19:40:38,832 [INFO] ADCParametersView:116 -                Rank 1 : false
2025-12-30 19:40:38,832 [INFO] ADCParametersView:116 -                Rank 1 : false
2025-12-30 19:40:38,832 [INFO] ADCParametersView:116 -                Rank 1 : false
2025-12-30 19:40:38,832 [INFO] ADCParametersView:116 -                Rank 1 : false
2025-12-30 19:40:38,833 [INFO] ADCParametersView:116 -                Rank 1 : false
2025-12-30 19:40:38,833 [INFO] ADCParametersView:116 -                Rank 1 : false
2025-12-30 19:40:38,833 [INFO] ADCParametersView:116 -                Rank 1 : false
2025-12-30 19:40:38,833 [INFO] ADCParametersView:116 -                Rank 1 : false
2025-12-30 19:40:38,833 [INFO] ADCParametersView:116 -                Rank 1 : false
2025-12-30 19:40:38,833 [INFO] ADCParametersView:116 -                Rank 1 : false
2025-12-30 19:40:38,833 [INFO] ADCParametersView:116 -                Rank 1 : false
2025-12-30 19:40:38,833 [INFO] ADCParametersView:116 -                Rank 1 : false
2025-12-30 19:40:38,833 [INFO] ADCParametersView:116 -                Rank 1 : false
2025-12-30 19:40:38,833 [INFO] ADCParametersView:116 -                Rank 1 : false
2025-12-30 19:40:38,833 [INFO] ADCParametersView:116 -                Rank 1 : false
2025-12-30 19:40:38,846 [INFO] ADCParametersView:116 -                Rank 1 : false
2025-12-30 19:40:38,880 [INFO] ADCParametersView:116 -                Rank 1 : false
2025-12-30 19:40:38,881 [INFO] ADCParametersView:116 -                Rank 1 : false
2025-12-30 19:40:38,881 [INFO] ADCParametersView:116 -                Rank 1 : false
2025-12-30 19:40:38,881 [INFO] ADCParametersView:116 -                Rank 1 : false
2025-12-30 19:40:38,881 [INFO] ADCParametersView:116 -                Rank 1 : false
2025-12-30 19:40:38,882 [INFO] ADCParametersView:116 -                Rank 1 : false
2025-12-30 19:40:38,882 [INFO] ADCParametersView:116 -                Rank 1 : false
2025-12-30 19:40:38,882 [INFO] ADCParametersView:116 -                Rank 1 : false
2025-12-30 19:40:38,882 [INFO] ADCParametersView:116 -                Rank 1 : false
2025-12-30 19:40:38,882 [INFO] ADCParametersView:116 -                Rank 1 : false
2025-12-30 19:40:38,882 [INFO] ADCParametersView:116 -                Rank 1 : false
2025-12-30 19:40:38,882 [INFO] ADCParametersView:116 -                Rank 1 : false
2025-12-30 19:40:38,882 [INFO] ADCParametersView:116 -                Rank 1 : false
2025-12-30 19:40:38,882 [INFO] ADCParametersView:116 -                Rank 1 : false
2025-12-30 19:40:38,882 [INFO] ADCParametersView:116 -                Rank 1 : false
2025-12-30 19:40:38,882 [INFO] ADCParametersView:116 -                Rank 1 : false
2025-12-30 19:40:38,883 [INFO] ADCParametersView:116 -                Rank 1 : false
2025-12-30 19:40:38,883 [INFO] ADCParametersView:116 -                Rank 1 : false
2025-12-30 19:40:38,883 [INFO] ADCParametersView:116 -                Rank 1 : false
2025-12-30 19:40:38,883 [INFO] ADCParametersView:116 -                Rank 1 : false
2025-12-30 19:40:38,883 [INFO] ADCParametersView:116 -                Rank 1 : false
2025-12-30 19:40:38,899 [INFO] ADCParametersView:116 -                Rank 1 : false
2025-12-30 19:40:39,194 [ERROR] LogOutputStream:75 - [STDERR_REDIRECT] [Fatal Error] :1:1: Premature end of file.
2025-12-30 19:40:39,195 [ERROR] LogOutputStream:75 - [STDERR_REDIRECT] 
2025-12-30 19:40:40,247 [ERROR] LogOutputStream:75 - [STDERR_REDIRECT] [Fatal Error] :1:1: Premature end of file.
2025-12-30 19:40:40,247 [ERROR] LogOutputStream:75 - [STDERR_REDIRECT] 
2025-12-30 19:40:41,183 [ERROR] LogOutputStream:75 - [STDERR_REDIRECT] [Fatal Error] :1:1: Premature end of file.
2025-12-30 19:40:41,184 [ERROR] LogOutputStream:75 - [STDERR_REDIRECT] 
2025-12-30 19:40:42,269 [ERROR] LogOutputStream:75 - [STDERR_REDIRECT] [Fatal Error] :1:1: Premature end of file.
2025-12-30 19:40:42,269 [ERROR] LogOutputStream:75 - [STDERR_REDIRECT] 
2025-12-30 19:40:43,270 [ERROR] LogOutputStream:75 - [STDERR_REDIRECT] [Fatal Error] :1:1: Premature end of file.
2025-12-30 19:40:43,270 [ERROR] LogOutputStream:75 - [STDERR_REDIRECT] 
2025-12-30 19:40:44,289 [ERROR] LogOutputStream:75 - [STDERR_REDIRECT] [Fatal Error] :1:1: Premature end of file.
2025-12-30 19:40:44,290 [ERROR] LogOutputStream:75 - [STDERR_REDIRECT] 
2025-12-30 19:40:45,275 [ERROR] LogOutputStream:75 - [STDERR_REDIRECT] [Fatal Error] :1:1: Premature end of file.
2025-12-30 19:40:45,276 [ERROR] LogOutputStream:75 - [STDERR_REDIRECT] 
2025-12-30 19:40:46,279 [ERROR] LogOutputStream:75 - [STDERR_REDIRECT] [Fatal Error] :1:1: Premature end of file.
2025-12-30 19:40:46,280 [ERROR] LogOutputStream:75 - [STDERR_REDIRECT] 
2025-12-30 19:40:47,183 [ERROR] LogOutputStream:75 - [STDERR_REDIRECT] [Fatal Error] :1:1: Premature end of file.
2025-12-30 19:40:47,183 [ERROR] LogOutputStream:75 - [STDERR_REDIRECT] 
2025-12-30 19:40:48,185 [ERROR] LogOutputStream:75 - [STDERR_REDIRECT] [Fatal Error] :1:1: Premature end of file.
2025-12-30 19:40:48,185 [ERROR] LogOutputStream:75 - [STDERR_REDIRECT] 
2025-12-30 19:40:49,181 [ERROR] LogOutputStream:75 - [STDERR_REDIRECT] [Fatal Error] :1:1: Premature end of file.
2025-12-30 19:40:49,181 [ERROR] LogOutputStream:75 - [STDERR_REDIRECT] 
2025-12-30 19:40:50,182 [ERROR] LogOutputStream:75 - [STDERR_REDIRECT] [Fatal Error] :1:1: Premature end of file.
2025-12-30 19:40:50,183 [ERROR] LogOutputStream:75 - [STDERR_REDIRECT] 
2025-12-30 19:40:51,185 [ERROR] LogOutputStream:75 - [STDERR_REDIRECT] [Fatal Error] :1:1: Premature end of file.
2025-12-30 19:40:51,185 [ERROR] LogOutputStream:75 - [STDERR_REDIRECT] 
2025-12-30 19:40:52,184 [ERROR] LogOutputStream:75 - [STDERR_REDIRECT] [Fatal Error] :1:1: Premature end of file.
2025-12-30 19:40:52,185 [ERROR] LogOutputStream:75 - [STDERR_REDIRECT] 
2025-12-30 19:40:53,192 [ERROR] LogOutputStream:75 - [STDERR_REDIRECT] [Fatal Error] :1:1: Premature end of file.
2025-12-30 19:40:53,192 [ERROR] LogOutputStream:75 - [STDERR_REDIRECT] 
2025-12-30 19:40:54,183 [ERROR] LogOutputStream:75 - [STDERR_REDIRECT] [Fatal Error] :1:1: Premature end of file.
2025-12-30 19:40:54,183 [ERROR] LogOutputStream:75 - [STDERR_REDIRECT] 
2025-12-30 19:40:55,272 [ERROR] LogOutputStream:75 - [STDERR_REDIRECT] [Fatal Error] :1:1: Premature end of file.
2025-12-30 19:40:55,272 [ERROR] LogOutputStream:75 - [STDERR_REDIRECT] 
2025-12-30 19:40:56,277 [ERROR] LogOutputStream:75 - [STDERR_REDIRECT] [Fatal Error] :1:1: Premature end of file.
2025-12-30 19:40:56,278 [ERROR] LogOutputStream:75 - [STDERR_REDIRECT] 
2025-12-30 19:40:57,276 [ERROR] LogOutputStream:75 - [STDERR_REDIRECT] [Fatal Error] :1:1: Premature end of file.
2025-12-30 19:40:57,276 [ERROR] LogOutputStream:75 - [STDERR_REDIRECT] 
2025-12-30 19:40:58,281 [ERROR] LogOutputStream:75 - [STDERR_REDIRECT] [Fatal Error] :1:1: Premature end of file.
2025-12-30 19:40:58,281 [ERROR] LogOutputStream:75 - [STDERR_REDIRECT] 
2025-12-30 19:40:59,228 [ERROR] LogOutputStream:75 - [STDERR_REDIRECT] [Fatal Error] :1:1: Premature end of file.
2025-12-30 19:40:59,229 [ERROR] LogOutputStream:75 - [STDERR_REDIRECT] 
2025-12-30 19:41:00,192 [ERROR] LogOutputStream:75 - [STDERR_REDIRECT] [Fatal Error] :1:1: Premature end of file.
2025-12-30 19:41:00,192 [ERROR] LogOutputStream:75 - [STDERR_REDIRECT] 
2025-12-30 19:41:01,288 [ERROR] LogOutputStream:75 - [STDERR_REDIRECT] [Fatal Error] :1:1: Premature end of file.
2025-12-30 19:41:01,288 [ERROR] LogOutputStream:75 - [STDERR_REDIRECT] 
2025-12-30 19:41:02,304 [ERROR] LogOutputStream:75 - [STDERR_REDIRECT] [Fatal Error] :1:1: Premature end of file.
2025-12-30 19:41:02,305 [ERROR] LogOutputStream:75 - [STDERR_REDIRECT] 
2025-12-30 19:41:03,275 [ERROR] LogOutputStream:75 - [STDERR_REDIRECT] [Fatal Error] :1:1: Premature end of file.
2025-12-30 19:41:03,276 [ERROR] LogOutputStream:75 - [STDERR_REDIRECT] 
2025-12-30 19:41:04,185 [ERROR] LogOutputStream:75 - [STDERR_REDIRECT] [Fatal Error] :1:1: Premature end of file.
2025-12-30 19:41:04,185 [ERROR] LogOutputStream:75 - [STDERR_REDIRECT] 
2025-12-30 19:41:05,280 [ERROR] LogOutputStream:75 - [STDERR_REDIRECT] [Fatal Error] :1:1: Premature end of file.
2025-12-30 19:41:05,281 [ERROR] LogOutputStream:75 - [STDERR_REDIRECT] 
2025-12-30 19:41:06,240 [ERROR] LogOutputStream:75 - [STDERR_REDIRECT] [Fatal Error] :1:1: Premature end of file.
2025-12-30 19:41:06,240 [ERROR] LogOutputStream:75 - [STDERR_REDIRECT] 
2025-12-30 19:41:07,219 [ERROR] LogOutputStream:75 - [STDERR_REDIRECT] [Fatal Error] :1:1: Premature end of file.
2025-12-30 19:41:07,219 [ERROR] LogOutputStream:75 - [STDERR_REDIRECT] 
2025-12-30 19:41:08,190 [ERROR] LogOutputStream:75 - [STDERR_REDIRECT] [Fatal Error] :1:1: Premature end of file.
2025-12-30 19:41:08,190 [ERROR] LogOutputStream:75 - [STDERR_REDIRECT] 
2025-12-30 19:41:09,057 [INFO] ADCParametersView:116 -                Rank 1 : false
2025-12-30 19:41:09,058 [INFO] ADCParametersView:116 -                Rank 1 : false
2025-12-30 19:41:09,058 [INFO] ADCParametersView:116 -                Rank 1 : false
2025-12-30 19:41:09,058 [INFO] ADCParametersView:116 -                Rank 1 : false
2025-12-30 19:41:09,058 [INFO] ADCParametersView:116 -                Rank 1 : false
2025-12-30 19:41:09,058 [INFO] ADCParametersView:116 -                Rank 1 : false
2025-12-30 19:41:09,058 [INFO] ADCParametersView:116 -                Rank 1 : false
2025-12-30 19:41:09,058 [INFO] ADCParametersView:116 -                Rank 1 : false
2025-12-30 19:41:09,058 [INFO] ADCParametersView:116 -                Rank 1 : false
2025-12-30 19:41:09,058 [INFO] ADCParametersView:116 -                Rank 1 : false
2025-12-30 19:41:09,058 [INFO] ADCParametersView:116 -                Rank 1 : false
2025-12-30 19:41:09,058 [INFO] ADCParametersView:116 -                Rank 1 : false
2025-12-30 19:41:09,058 [INFO] ADCParametersView:116 -                Rank 1 : false
2025-12-30 19:41:09,058 [INFO] ADCParametersView:116 -                Rank 1 : false
2025-12-30 19:41:09,058 [INFO] ADCParametersView:116 -                Rank 1 : false
2025-12-30 19:41:09,059 [INFO] ADCParametersView:116 -                Rank 1 : false
2025-12-30 19:41:09,059 [INFO] ADCParametersView:116 -                Rank 1 : false
2025-12-30 19:41:09,059 [INFO] ADCParametersView:116 -                Rank 1 : false
2025-12-30 19:41:09,059 [INFO] ADCParametersView:116 -                Rank 1 : false
2025-12-30 19:41:09,059 [INFO] ADCParametersView:116 -                Rank 1 : false
2025-12-30 19:41:09,059 [INFO] ADCParametersView:116 -                Rank 1 : false
2025-12-30 19:41:09,074 [INFO] ADCParametersView:116 -                Rank 1 : false
2025-12-30 19:41:09,101 [INFO] ADCParametersView:116 -                Rank 1 : false
2025-12-30 19:41:09,101 [INFO] ADCParametersView:116 -                Rank 1 : false
2025-12-30 19:41:09,102 [INFO] ADCParametersView:116 -                Rank 1 : false
2025-12-30 19:41:09,102 [INFO] ADCParametersView:116 -                Rank 1 : false
2025-12-30 19:41:09,102 [INFO] ADCParametersView:116 -                Rank 1 : false
2025-12-30 19:41:09,102 [INFO] ADCParametersView:116 -                Rank 1 : false
2025-12-30 19:41:09,102 [INFO] ADCParametersView:116 -                Rank 1 : false
2025-12-30 19:41:09,102 [INFO] ADCParametersView:116 -                Rank 1 : false
2025-12-30 19:41:09,102 [INFO] ADCParametersView:116 -                Rank 1 : false
2025-12-30 19:41:09,102 [INFO] ADCParametersView:116 -                Rank 1 : false
2025-12-30 19:41:09,102 [INFO] ADCParametersView:116 -                Rank 1 : false
2025-12-30 19:41:09,102 [INFO] ADCParametersView:116 -                Rank 1 : false
2025-12-30 19:41:09,102 [INFO] ADCParametersView:116 -                Rank 1 : false
2025-12-30 19:41:09,102 [INFO] ADCParametersView:116 -                Rank 1 : false
2025-12-30 19:41:09,102 [INFO] ADCParametersView:116 -                Rank 1 : false
2025-12-30 19:41:09,102 [INFO] ADCParametersView:116 -                Rank 1 : false
2025-12-30 19:41:09,102 [INFO] ADCParametersView:116 -                Rank 1 : false
2025-12-30 19:41:09,103 [INFO] ADCParametersView:116 -                Rank 1 : false
2025-12-30 19:41:09,103 [INFO] ADCParametersView:116 -                Rank 1 : false
2025-12-30 19:41:09,103 [INFO] ADCParametersView:116 -                Rank 1 : false
2025-12-30 19:41:09,103 [INFO] ADCParametersView:116 -                Rank 1 : false
2025-12-30 19:41:09,115 [INFO] ADCParametersView:116 -                Rank 1 : false
2025-12-30 19:41:09,194 [ERROR] LogOutputStream:75 - [STDERR_REDIRECT] [Fatal Error] :1:1: Premature end of file.
2025-12-30 19:41:09,194 [ERROR] LogOutputStream:75 - [STDERR_REDIRECT] 
2025-12-30 19:41:10,224 [ERROR] LogOutputStream:75 - [STDERR_REDIRECT] [Fatal Error] :1:1: Premature end of file.
2025-12-30 19:41:10,225 [ERROR] LogOutputStream:75 - [STDERR_REDIRECT] 
2025-12-30 19:41:11,188 [ERROR] LogOutputStream:75 - [STDERR_REDIRECT] [Fatal Error] :1:1: Premature end of file.
2025-12-30 19:41:11,188 [ERROR] LogOutputStream:75 - [STDERR_REDIRECT] 
2025-12-30 19:41:12,187 [ERROR] LogOutputStream:75 - [STDERR_REDIRECT] [Fatal Error] :1:1: Premature end of file.
2025-12-30 19:41:12,187 [ERROR] LogOutputStream:75 - [STDERR_REDIRECT] 
2025-12-30 19:41:13,187 [ERROR] LogOutputStream:75 - [STDERR_REDIRECT] [Fatal Error] :1:1: Premature end of file.
2025-12-30 19:41:13,187 [ERROR] LogOutputStream:75 - [STDERR_REDIRECT] 
2025-12-30 19:41:14,244 [ERROR] LogOutputStream:75 - [STDERR_REDIRECT] [Fatal Error] :1:1: Premature end of file.
2025-12-30 19:41:14,244 [ERROR] LogOutputStream:75 - [STDERR_REDIRECT] 
2025-12-30 19:41:15,183 [ERROR] LogOutputStream:75 - [STDERR_REDIRECT] [Fatal Error] :1:1: Premature end of file.
2025-12-30 19:41:15,185 [ERROR] LogOutputStream:75 - [STDERR_REDIRECT] 
2025-12-30 19:41:16,306 [ERROR] LogOutputStream:75 - [STDERR_REDIRECT] [Fatal Error] :1:1: Premature end of file.
2025-12-30 19:41:16,306 [ERROR] LogOutputStream:75 - [STDERR_REDIRECT] 
2025-12-30 19:41:17,274 [ERROR] LogOutputStream:75 - [STDERR_REDIRECT] [Fatal Error] :1:1: Premature end of file.
2025-12-30 19:41:17,274 [ERROR] LogOutputStream:75 - [STDERR_REDIRECT] 
2025-12-30 19:41:18,288 [ERROR] LogOutputStream:75 - [STDERR_REDIRECT] [Fatal Error] :1:1: Premature end of file.
2025-12-30 19:41:18,288 [ERROR] LogOutputStream:75 - [STDERR_REDIRECT] 
2025-12-30 19:41:19,314 [ERROR] LogOutputStream:75 - [STDERR_REDIRECT] [Fatal Error] :1:1: Premature end of file.
2025-12-30 19:41:19,315 [ERROR] LogOutputStream:75 - [STDERR_REDIRECT] 
2025-12-30 19:41:20,188 [ERROR] LogOutputStream:75 - [STDERR_REDIRECT] [Fatal Error] :1:1: Premature end of file.
2025-12-30 19:41:20,188 [ERROR] LogOutputStream:75 - [STDERR_REDIRECT] 
2025-12-30 19:41:21,187 [ERROR] LogOutputStream:75 - [STDERR_REDIRECT] [Fatal Error] :1:1: Premature end of file.
2025-12-30 19:41:21,187 [ERROR] LogOutputStream:75 - [STDERR_REDIRECT] 
2025-12-30 19:41:22,241 [ERROR] LogOutputStream:75 - [STDERR_REDIRECT] [Fatal Error] :1:1: Premature end of file.
2025-12-30 19:41:22,241 [ERROR] LogOutputStream:75 - [STDERR_REDIRECT] 
2025-12-30 19:41:23,272 [ERROR] LogOutputStream:75 - [STDERR_REDIRECT] [Fatal Error] :1:1: Premature end of file.
2025-12-30 19:41:23,273 [ERROR] LogOutputStream:75 - [STDERR_REDIRECT] 
2025-12-30 19:41:24,278 [ERROR] LogOutputStream:75 - [STDERR_REDIRECT] [Fatal Error] :1:1: Premature end of file.
2025-12-30 19:41:24,279 [ERROR] LogOutputStream:75 - [STDERR_REDIRECT] 
2025-12-30 19:41:25,285 [ERROR] LogOutputStream:75 - [STDERR_REDIRECT] [Fatal Error] :1:1: Premature end of file.
2025-12-30 19:41:25,285 [ERROR] LogOutputStream:75 - [STDERR_REDIRECT] 
2025-12-30 19:41:26,275 [ERROR] LogOutputStream:75 - [STDERR_REDIRECT] [Fatal Error] :1:1: Premature end of file.
2025-12-30 19:41:26,275 [ERROR] LogOutputStream:75 - [STDERR_REDIRECT] 
2025-12-30 19:41:27,274 [ERROR] LogOutputStream:75 - [STDERR_REDIRECT] [Fatal Error] :1:1: Premature end of file.
2025-12-30 19:41:27,275 [ERROR] LogOutputStream:75 - [STDERR_REDIRECT] 
2025-12-30 19:41:28,277 [ERROR] LogOutputStream:75 - [STDERR_REDIRECT] [Fatal Error] :1:1: Premature end of file.
2025-12-30 19:41:28,277 [ERROR] LogOutputStream:75 - [STDERR_REDIRECT] 
2025-12-30 19:41:29,282 [ERROR] LogOutputStream:75 - [STDERR_REDIRECT] [Fatal Error] :1:1: Premature end of file.
2025-12-30 19:41:29,283 [ERROR] LogOutputStream:75 - [STDERR_REDIRECT] 
2025-12-30 19:41:30,271 [ERROR] LogOutputStream:75 - [STDERR_REDIRECT] [Fatal Error] :1:1: Premature end of file.
2025-12-30 19:41:30,272 [ERROR] LogOutputStream:75 - [STDERR_REDIRECT] 
2025-12-30 19:41:31,282 [ERROR] LogOutputStream:75 - [STDERR_REDIRECT] [Fatal Error] :1:1: Premature end of file.
2025-12-30 19:41:31,282 [ERROR] LogOutputStream:75 - [STDERR_REDIRECT] 
2025-12-30 19:41:32,219 [ERROR] LogOutputStream:75 - [STDERR_REDIRECT] [Fatal Error] :1:1: Premature end of file.
2025-12-30 19:41:32,219 [ERROR] LogOutputStream:75 - [STDERR_REDIRECT] 
2025-12-30 19:41:33,272 [ERROR] LogOutputStream:75 - [STDERR_REDIRECT] [Fatal Error] :1:1: Premature end of file.
2025-12-30 19:41:33,272 [ERROR] LogOutputStream:75 - [STDERR_REDIRECT] 
2025-12-30 19:41:34,269 [ERROR] LogOutputStream:75 - [STDERR_REDIRECT] [Fatal Error] :1:1: Premature end of file.
2025-12-30 19:41:34,270 [ERROR] LogOutputStream:75 - [STDERR_REDIRECT] 
2025-12-30 19:41:35,272 [ERROR] LogOutputStream:75 - [STDERR_REDIRECT] [Fatal Error] :1:1: Premature end of file.
2025-12-30 19:41:35,272 [ERROR] LogOutputStream:75 - [STDERR_REDIRECT] 
2025-12-30 19:41:36,204 [ERROR] LogOutputStream:75 - [STDERR_REDIRECT] [Fatal Error] :1:1: Premature end of file.
2025-12-30 19:41:36,204 [ERROR] LogOutputStream:75 - [STDERR_REDIRECT] 
2025-12-30 19:41:37,289 [ERROR] LogOutputStream:75 - [STDERR_REDIRECT] [Fatal Error] :1:1: Premature end of file.
2025-12-30 19:41:37,290 [ERROR] LogOutputStream:75 - [STDERR_REDIRECT] 
2025-12-30 19:41:38,243 [ERROR] LogOutputStream:75 - [STDERR_REDIRECT] [Fatal Error] :1:1: Premature end of file.
2025-12-30 19:41:38,243 [ERROR] LogOutputStream:75 - [STDERR_REDIRECT] 
2025-12-30 19:41:39,263 [ERROR] LogOutputStream:75 - [STDERR_REDIRECT] [Fatal Error] :1:1: Premature end of file.
2025-12-30 19:41:39,263 [ERROR] LogOutputStream:75 - [STDERR_REDIRECT] 
2025-12-30 19:41:40,194 [ERROR] LogOutputStream:75 - [STDERR_REDIRECT] [Fatal Error] :1:1: Premature end of file.
2025-12-30 19:41:40,195 [ERROR] LogOutputStream:75 - [STDERR_REDIRECT] 
2025-12-30 19:41:41,277 [ERROR] LogOutputStream:75 - [STDERR_REDIRECT] [Fatal Error] :1:1: Premature end of file.
2025-12-30 19:41:41,277 [ERROR] LogOutputStream:75 - [STDERR_REDIRECT] 
2025-12-30 19:41:42,272 [ERROR] LogOutputStream:75 - [STDERR_REDIRECT] [Fatal Error] :1:1: Premature end of file.
2025-12-30 19:41:42,272 [ERROR] LogOutputStream:75 - [STDERR_REDIRECT] 
2025-12-30 19:41:43,270 [ERROR] LogOutputStream:75 - [STDERR_REDIRECT] [Fatal Error] :1:1: Premature end of file.
2025-12-30 19:41:43,270 [ERROR] LogOutputStream:75 - [STDERR_REDIRECT] 
2025-12-30 19:41:44,288 [ERROR] LogOutputStream:75 - [STDERR_REDIRECT] [Fatal Error] :1:1: Premature end of file.
2025-12-30 19:41:44,288 [ERROR] LogOutputStream:75 - [STDERR_REDIRECT] 
2025-12-30 19:41:45,221 [ERROR] LogOutputStream:75 - [STDERR_REDIRECT] [Fatal Error] :1:1: Premature end of file.
2025-12-30 19:41:45,221 [ERROR] LogOutputStream:75 - [STDERR_REDIRECT] 
2025-12-30 19:41:46,278 [ERROR] LogOutputStream:75 - [STDERR_REDIRECT] [Fatal Error] :1:1: Premature end of file.
2025-12-30 19:41:46,278 [ERROR] LogOutputStream:75 - [STDERR_REDIRECT] 
2025-12-30 19:41:47,270 [ERROR] LogOutputStream:75 - [STDERR_REDIRECT] [Fatal Error] :1:1: Premature end of file.
2025-12-30 19:41:47,271 [ERROR] LogOutputStream:75 - [STDERR_REDIRECT] 
2025-12-30 19:41:48,231 [ERROR] LogOutputStream:75 - [STDERR_REDIRECT] [Fatal Error] :1:1: Premature end of file.
2025-12-30 19:41:48,231 [ERROR] LogOutputStream:75 - [STDERR_REDIRECT] 
2025-12-30 19:41:49,259 [ERROR] LogOutputStream:75 - [STDERR_REDIRECT] [Fatal Error] :1:1: Premature end of file.
2025-12-30 19:41:49,259 [ERROR] LogOutputStream:75 - [STDERR_REDIRECT] 
2025-12-30 19:41:50,275 [ERROR] LogOutputStream:75 - [STDERR_REDIRECT] [Fatal Error] :1:1: Premature end of file.
2025-12-30 19:41:50,275 [ERROR] LogOutputStream:75 - [STDERR_REDIRECT] 
2025-12-30 19:41:51,277 [ERROR] LogOutputStream:75 - [STDERR_REDIRECT] [Fatal Error] :1:1: Premature end of file.
2025-12-30 19:41:51,278 [ERROR] LogOutputStream:75 - [STDERR_REDIRECT] 
2025-12-30 19:41:52,277 [ERROR] LogOutputStream:75 - [STDERR_REDIRECT] [Fatal Error] :1:1: Premature end of file.
2025-12-30 19:41:52,277 [ERROR] LogOutputStream:75 - [STDERR_REDIRECT] 
2025-12-30 19:41:53,277 [ERROR] LogOutputStream:75 - [STDERR_REDIRECT] [Fatal Error] :1:1: Premature end of file.
2025-12-30 19:41:53,277 [ERROR] LogOutputStream:75 - [STDERR_REDIRECT] 
2025-12-30 19:41:54,193 [ERROR] LogOutputStream:75 - [STDERR_REDIRECT] [Fatal Error] :1:1: Premature end of file.
2025-12-30 19:41:54,193 [ERROR] LogOutputStream:75 - [STDERR_REDIRECT] 
2025-12-30 19:41:55,193 [ERROR] LogOutputStream:75 - [STDERR_REDIRECT] [Fatal Error] :1:1: Premature end of file.
2025-12-30 19:41:55,193 [ERROR] LogOutputStream:75 - [STDERR_REDIRECT] 
2025-12-30 19:41:56,184 [ERROR] LogOutputStream:75 - [STDERR_REDIRECT] [Fatal Error] :1:1: Premature end of file.
2025-12-30 19:41:56,184 [ERROR] LogOutputStream:75 - [STDERR_REDIRECT] 
2025-12-30 19:41:57,186 [ERROR] LogOutputStream:75 - [STDERR_REDIRECT] [Fatal Error] :1:1: Premature end of file.
2025-12-30 19:41:57,187 [ERROR] LogOutputStream:75 - [STDERR_REDIRECT] 
2025-12-30 19:41:58,211 [ERROR] LogOutputStream:75 - [STDERR_REDIRECT] [Fatal Error] :1:1: Premature end of file.
2025-12-30 19:41:58,212 [ERROR] LogOutputStream:75 - [STDERR_REDIRECT] 
2025-12-30 19:41:59,305 [ERROR] LogOutputStream:75 - [STDERR_REDIRECT] [Fatal Error] :1:1: Premature end of file.
2025-12-30 19:41:59,306 [ERROR] LogOutputStream:75 - [STDERR_REDIRECT] 
2025-12-30 19:42:00,211 [ERROR] LogOutputStream:75 - [STDERR_REDIRECT] [Fatal Error] :1:1: Premature end of file.
2025-12-30 19:42:00,211 [ERROR] LogOutputStream:75 - [STDERR_REDIRECT] 
2025-12-30 19:42:01,319 [ERROR] LogOutputStream:75 - [STDERR_REDIRECT] [Fatal Error] :1:1: Premature end of file.
2025-12-30 19:42:01,320 [ERROR] LogOutputStream:75 - [STDERR_REDIRECT] 
2025-12-30 19:42:02,295 [ERROR] LogOutputStream:75 - [STDERR_REDIRECT] [Fatal Error] :1:1: Premature end of file.
2025-12-30 19:42:02,296 [ERROR] LogOutputStream:75 - [STDERR_REDIRECT] 
2025-12-30 19:42:03,213 [ERROR] LogOutputStream:75 - [STDERR_REDIRECT] [Fatal Error] :1:1: Premature end of file.
2025-12-30 19:42:03,213 [ERROR] LogOutputStream:75 - [STDERR_REDIRECT] 
2025-12-30 19:42:04,294 [ERROR] LogOutputStream:75 - [STDERR_REDIRECT] [Fatal Error] :1:1: Premature end of file.
2025-12-30 19:42:04,295 [ERROR] LogOutputStream:75 - [STDERR_REDIRECT] 
2025-12-30 19:42:05,202 [ERROR] LogOutputStream:75 - [STDERR_REDIRECT] [Fatal Error] :1:1: Premature end of file.
2025-12-30 19:42:05,202 [ERROR] LogOutputStream:75 - [STDERR_REDIRECT] 
2025-12-30 19:42:06,308 [ERROR] LogOutputStream:75 - [STDERR_REDIRECT] [Fatal Error] :1:1: Premature end of file.
2025-12-30 19:42:06,309 [ERROR] LogOutputStream:75 - [STDERR_REDIRECT] 
2025-12-30 19:42:07,232 [ERROR] LogOutputStream:75 - [STDERR_REDIRECT] [Fatal Error] :1:1: Premature end of file.
2025-12-30 19:42:07,232 [ERROR] LogOutputStream:75 - [STDERR_REDIRECT] 
2025-12-30 19:42:08,222 [ERROR] LogOutputStream:75 - [STDERR_REDIRECT] [Fatal Error] :1:1: Premature end of file.
2025-12-30 19:42:08,223 [ERROR] LogOutputStream:75 - [STDERR_REDIRECT] 
2025-12-30 19:42:09,212 [ERROR] LogOutputStream:75 - [STDERR_REDIRECT] [Fatal Error] :1:1: Premature end of file.
2025-12-30 19:42:09,212 [ERROR] LogOutputStream:75 - [STDERR_REDIRECT] 
2025-12-30 19:42:10,191 [ERROR] LogOutputStream:75 - [STDERR_REDIRECT] [Fatal Error] :1:1: Premature end of file.
2025-12-30 19:42:10,192 [ERROR] LogOutputStream:75 - [STDERR_REDIRECT] 
2025-12-30 19:42:11,194 [ERROR] LogOutputStream:75 - [STDERR_REDIRECT] [Fatal Error] :1:1: Premature end of file.
2025-12-30 19:42:11,194 [ERROR] LogOutputStream:75 - [STDERR_REDIRECT] 
2025-12-30 19:42:11,929 [INFO] ADCParametersView:116 -                Rank 1 : false
2025-12-30 19:42:11,929 [INFO] ADCParametersView:116 -                Rank 1 : false
2025-12-30 19:42:11,929 [INFO] ADCParametersView:116 -                Rank 1 : false
2025-12-30 19:42:11,929 [INFO] ADCParametersView:116 -                Rank 1 : false
2025-12-30 19:42:11,929 [INFO] ADCParametersView:116 -                Rank 1 : false
2025-12-30 19:42:11,929 [INFO] ADCParametersView:116 -                Rank 1 : false
2025-12-30 19:42:11,929 [INFO] ADCParametersView:116 -                Rank 1 : false
2025-12-30 19:42:11,929 [INFO] ADCParametersView:116 -                Rank 1 : false
2025-12-30 19:42:11,929 [INFO] ADCParametersView:116 -                Rank 1 : false
2025-12-30 19:42:11,930 [INFO] ADCParametersView:116 -                Rank 1 : false
2025-12-30 19:42:11,930 [INFO] ADCParametersView:116 -                Rank 1 : false
2025-12-30 19:42:11,930 [INFO] ADCParametersView:116 -                Rank 1 : false
2025-12-30 19:42:11,930 [INFO] ADCParametersView:116 -                Rank 1 : false
2025-12-30 19:42:11,930 [INFO] ADCParametersView:116 -                Rank 1 : false
2025-12-30 19:42:11,930 [INFO] ADCParametersView:116 -                Rank 1 : false
2025-12-30 19:42:11,930 [INFO] ADCParametersView:116 -                Rank 1 : false
2025-12-30 19:42:11,930 [INFO] ADCParametersView:116 -                Rank 1 : false
2025-12-30 19:42:11,930 [INFO] ADCParametersView:116 -                Rank 1 : false
2025-12-30 19:42:11,930 [INFO] ADCParametersView:116 -                Rank 1 : false
2025-12-30 19:42:11,930 [INFO] ADCParametersView:116 -                Rank 1 : false
2025-12-30 19:42:11,930 [INFO] ADCParametersView:116 -                Rank 1 : false
2025-12-30 19:42:11,943 [INFO] ADCParametersView:116 -                Rank 1 : false
2025-12-30 19:42:11,971 [INFO] ADCParametersView:116 -                Rank 1 : false
2025-12-30 19:42:11,971 [INFO] ADCParametersView:116 -                Rank 1 : false
2025-12-30 19:42:11,972 [INFO] ADCParametersView:116 -                Rank 1 : false
2025-12-30 19:42:11,972 [INFO] ADCParametersView:116 -                Rank 1 : false
2025-12-30 19:42:11,972 [INFO] ADCParametersView:116 -                Rank 1 : false
2025-12-30 19:42:11,972 [INFO] ADCParametersView:116 -                Rank 1 : false
2025-12-30 19:42:11,972 [INFO] ADCParametersView:116 -                Rank 1 : false
2025-12-30 19:42:11,972 [INFO] ADCParametersView:116 -                Rank 1 : false
2025-12-30 19:42:11,972 [INFO] ADCParametersView:116 -                Rank 1 : false
2025-12-30 19:42:11,972 [INFO] ADCParametersView:116 -                Rank 1 : false
2025-12-30 19:42:11,972 [INFO] ADCParametersView:116 -                Rank 1 : false
2025-12-30 19:42:11,972 [INFO] ADCParametersView:116 -                Rank 1 : false
2025-12-30 19:42:11,972 [INFO] ADCParametersView:116 -                Rank 1 : false
2025-12-30 19:42:11,972 [INFO] ADCParametersView:116 -                Rank 1 : false
2025-12-30 19:42:11,972 [INFO] ADCParametersView:116 -                Rank 1 : false
2025-12-30 19:42:11,972 [INFO] ADCParametersView:116 -                Rank 1 : false
2025-12-30 19:42:11,972 [INFO] ADCParametersView:116 -                Rank 1 : false
2025-12-30 19:42:11,973 [INFO] ADCParametersView:116 -                Rank 1 : false
2025-12-30 19:42:11,973 [INFO] ADCParametersView:116 -                Rank 1 : false
2025-12-30 19:42:11,973 [INFO] ADCParametersView:116 -                Rank 1 : false
2025-12-30 19:42:11,973 [INFO] ADCParametersView:116 -                Rank 1 : false
2025-12-30 19:42:11,984 [INFO] ADCParametersView:116 -                Rank 1 : false
2025-12-30 19:42:12,197 [ERROR] LogOutputStream:75 - [STDERR_REDIRECT] [Fatal Error] :1:1: Premature end of file.
2025-12-30 19:42:12,197 [ERROR] LogOutputStream:75 - [STDERR_REDIRECT] 
2025-12-30 19:42:12,608 [INFO] ADCParametersView:116 -                Rank 1 : false
2025-12-30 19:42:12,608 [INFO] ADCParametersView:116 -                Rank 1 : false
2025-12-30 19:42:12,608 [INFO] ADCParametersView:116 -                Rank 1 : false
2025-12-30 19:42:12,609 [INFO] ADCParametersView:116 -                Rank 1 : false
2025-12-30 19:42:12,609 [INFO] ADCParametersView:116 -                Rank 1 : false
2025-12-30 19:42:12,609 [INFO] ADCParametersView:116 -                Rank 1 : false
2025-12-30 19:42:12,609 [INFO] ADCParametersView:116 -                Rank 1 : false
2025-12-30 19:42:12,609 [INFO] ADCParametersView:116 -                Rank 1 : false
2025-12-30 19:42:12,609 [INFO] ADCParametersView:116 -                Rank 1 : false
2025-12-30 19:42:12,609 [INFO] ADCParametersView:116 -                Rank 1 : false
2025-12-30 19:42:12,609 [INFO] ADCParametersView:116 -                Rank 1 : false
2025-12-30 19:42:12,609 [INFO] ADCParametersView:116 -                Rank 1 : false
2025-12-30 19:42:12,609 [INFO] ADCParametersView:116 -                Rank 1 : false
2025-12-30 19:42:12,609 [INFO] ADCParametersView:116 -                Rank 1 : false
2025-12-30 19:42:12,609 [INFO] ADCParametersView:116 -                Rank 1 : false
2025-12-30 19:42:12,609 [INFO] ADCParametersView:116 -                Rank 1 : false
2025-12-30 19:42:12,609 [INFO] ADCParametersView:116 -                Rank 1 : false
2025-12-30 19:42:12,609 [INFO] ADCParametersView:116 -                Rank 1 : false
2025-12-30 19:42:12,609 [INFO] ADCParametersView:116 -                Rank 1 : false
2025-12-30 19:42:12,609 [INFO] ADCParametersView:116 -                Rank 1 : false
2025-12-30 19:42:12,609 [INFO] ADCParametersView:116 -                Rank 1 : false
2025-12-30 19:42:12,625 [INFO] ADCParametersView:116 -                Rank 1 : false
2025-12-30 19:42:12,654 [INFO] ADCParametersView:116 -                Rank 1 : false
2025-12-30 19:42:12,654 [INFO] ADCParametersView:116 -                Rank 1 : false
2025-12-30 19:42:12,654 [INFO] ADCParametersView:116 -                Rank 1 : false
2025-12-30 19:42:12,654 [INFO] ADCParametersView:116 -                Rank 1 : false
2025-12-30 19:42:12,654 [INFO] ADCParametersView:116 -                Rank 1 : false
2025-12-30 19:42:12,654 [INFO] ADCParametersView:116 -                Rank 1 : false
2025-12-30 19:42:12,655 [INFO] ADCParametersView:116 -                Rank 1 : false
2025-12-30 19:42:12,655 [INFO] ADCParametersView:116 -                Rank 1 : false
2025-12-30 19:42:12,655 [INFO] ADCParametersView:116 -                Rank 1 : false
2025-12-30 19:42:12,655 [INFO] ADCParametersView:116 -                Rank 1 : false
2025-12-30 19:42:12,655 [INFO] ADCParametersView:116 -                Rank 1 : false
2025-12-30 19:42:12,655 [INFO] ADCParametersView:116 -                Rank 1 : false
2025-12-30 19:42:12,655 [INFO] ADCParametersView:116 -                Rank 1 : false
2025-12-30 19:42:12,655 [INFO] ADCParametersView:116 -                Rank 1 : false
2025-12-30 19:42:12,655 [INFO] ADCParametersView:116 -                Rank 1 : false
2025-12-30 19:42:12,655 [INFO] ADCParametersView:116 -                Rank 1 : false
2025-12-30 19:42:12,655 [INFO] ADCParametersView:116 -                Rank 1 : false
2025-12-30 19:42:12,655 [INFO] ADCParametersView:116 -                Rank 1 : false
2025-12-30 19:42:12,655 [INFO] ADCParametersView:116 -                Rank 1 : false
2025-12-30 19:42:12,655 [INFO] ADCParametersView:116 -                Rank 1 : false
2025-12-30 19:42:12,656 [INFO] ADCParametersView:116 -                Rank 1 : false
2025-12-30 19:42:12,667 [INFO] ADCParametersView:116 -                Rank 1 : false
2025-12-30 19:42:13,183 [ERROR] LogOutputStream:75 - [STDERR_REDIRECT] [Fatal Error] :1:1: Premature end of file.
2025-12-30 19:42:13,183 [ERROR] LogOutputStream:75 - [STDERR_REDIRECT] 
2025-12-30 19:42:14,185 [ERROR] LogOutputStream:75 - [STDERR_REDIRECT] [Fatal Error] :1:1: Premature end of file.
2025-12-30 19:42:14,185 [ERROR] LogOutputStream:75 - [STDERR_REDIRECT] 
2025-12-30 19:42:15,191 [ERROR] LogOutputStream:75 - [STDERR_REDIRECT] [Fatal Error] :1:1: Premature end of file.
2025-12-30 19:42:15,192 [ERROR] LogOutputStream:75 - [STDERR_REDIRECT] 
2025-12-30 19:42:15,470 [INFO] ADCParametersView:116 -                Rank 1 : false
2025-12-30 19:42:15,470 [INFO] ADCParametersView:116 -                Rank 1 : false
2025-12-30 19:42:15,470 [INFO] ADCParametersView:116 -                Rank 1 : false
2025-12-30 19:42:15,470 [INFO] ADCParametersView:116 -                Rank 1 : false
2025-12-30 19:42:15,470 [INFO] ADCParametersView:116 -                Rank 1 : false
2025-12-30 19:42:15,471 [INFO] ADCParametersView:116 -                Rank 1 : false
2025-12-30 19:42:15,471 [INFO] ADCParametersView:116 -                Rank 1 : false
2025-12-30 19:42:15,471 [INFO] ADCParametersView:116 -                Rank 1 : false
2025-12-30 19:42:15,471 [INFO] ADCParametersView:116 -                Rank 1 : false
2025-12-30 19:42:15,471 [INFO] ADCParametersView:116 -                Rank 1 : false
2025-12-30 19:42:15,471 [INFO] ADCParametersView:116 -                Rank 1 : false
2025-12-30 19:42:15,471 [INFO] ADCParametersView:116 -                Rank 1 : false
2025-12-30 19:42:15,471 [INFO] ADCParametersView:116 -                Rank 1 : false
2025-12-30 19:42:15,471 [INFO] ADCParametersView:116 -                Rank 1 : false
2025-12-30 19:42:15,471 [INFO] ADCParametersView:116 -                Rank 1 : false
2025-12-30 19:42:15,471 [INFO] ADCParametersView:116 -                Rank 1 : false
2025-12-30 19:42:15,471 [INFO] ADCParametersView:116 -                Rank 1 : false
2025-12-30 19:42:15,471 [INFO] ADCParametersView:116 -                Rank 1 : false
2025-12-30 19:42:15,471 [INFO] ADCParametersView:116 -                Rank 1 : false
2025-12-30 19:42:15,471 [INFO] ADCParametersView:116 -                Rank 1 : false
2025-12-30 19:42:15,471 [INFO] ADCParametersView:116 -                Rank 1 : false
2025-12-30 19:42:15,484 [INFO] ADCParametersView:116 -                Rank 1 : false
2025-12-30 19:42:15,514 [INFO] ADCParametersView:116 -                Rank 1 : false
2025-12-30 19:42:15,515 [INFO] ADCParametersView:116 -                Rank 1 : false
2025-12-30 19:42:15,515 [INFO] ADCParametersView:116 -                Rank 1 : false
2025-12-30 19:42:15,515 [INFO] ADCParametersView:116 -                Rank 1 : false
2025-12-30 19:42:15,515 [INFO] ADCParametersView:116 -                Rank 1 : false
2025-12-30 19:42:15,515 [INFO] ADCParametersView:116 -                Rank 1 : false
2025-12-30 19:42:15,515 [INFO] ADCParametersView:116 -                Rank 1 : false
2025-12-30 19:42:15,515 [INFO] ADCParametersView:116 -                Rank 1 : false
2025-12-30 19:42:15,515 [INFO] ADCParametersView:116 -                Rank 1 : false
2025-12-30 19:42:15,515 [INFO] ADCParametersView:116 -                Rank 1 : false
2025-12-30 19:42:15,515 [INFO] ADCParametersView:116 -                Rank 1 : false
2025-12-30 19:42:15,515 [INFO] ADCParametersView:116 -                Rank 1 : false
2025-12-30 19:42:15,515 [INFO] ADCParametersView:116 -                Rank 1 : false
2025-12-30 19:42:15,515 [INFO] ADCParametersView:116 -                Rank 1 : false
2025-12-30 19:42:15,516 [INFO] ADCParametersView:116 -                Rank 1 : false
2025-12-30 19:42:15,516 [INFO] ADCParametersView:116 -                Rank 1 : false
2025-12-30 19:42:15,516 [INFO] ADCParametersView:116 -                Rank 1 : false
2025-12-30 19:42:15,516 [INFO] ADCParametersView:116 -                Rank 1 : false
2025-12-30 19:42:15,516 [INFO] ADCParametersView:116 -                Rank 1 : false
2025-12-30 19:42:15,516 [INFO] ADCParametersView:116 -                Rank 1 : false
2025-12-30 19:42:15,516 [INFO] ADCParametersView:116 -                Rank 1 : false
2025-12-30 19:42:15,533 [INFO] ADCParametersView:116 -                Rank 1 : false
2025-12-30 19:42:16,062 [INFO] ADCParametersView:116 -                Rank 1 : false
2025-12-30 19:42:16,062 [INFO] ADCParametersView:116 -                Rank 1 : false
2025-12-30 19:42:16,062 [INFO] ADCParametersView:116 -                Rank 1 : false
2025-12-30 19:42:16,062 [INFO] ADCParametersView:116 -                Rank 1 : false
2025-12-30 19:42:16,062 [INFO] ADCParametersView:116 -                Rank 1 : false
2025-12-30 19:42:16,062 [INFO] ADCParametersView:116 -                Rank 1 : false
2025-12-30 19:42:16,062 [INFO] ADCParametersView:116 -                Rank 1 : false
2025-12-30 19:42:16,062 [INFO] ADCParametersView:116 -                Rank 1 : false
2025-12-30 19:42:16,062 [INFO] ADCParametersView:116 -                Rank 1 : false
2025-12-30 19:42:16,062 [INFO] ADCParametersView:116 -                Rank 1 : false
2025-12-30 19:42:16,062 [INFO] ADCParametersView:116 -                Rank 1 : false
2025-12-30 19:42:16,062 [INFO] ADCParametersView:116 -                Rank 1 : false
2025-12-30 19:42:16,062 [INFO] ADCParametersView:116 -                Rank 1 : false
2025-12-30 19:42:16,063 [INFO] ADCParametersView:116 -                Rank 1 : false
2025-12-30 19:42:16,063 [INFO] ADCParametersView:116 -                Rank 1 : false
2025-12-30 19:42:16,063 [INFO] ADCParametersView:116 -                Rank 1 : false
2025-12-30 19:42:16,063 [INFO] ADCParametersView:116 -                Rank 1 : false
2025-12-30 19:42:16,063 [INFO] ADCParametersView:116 -                Rank 1 : false
2025-12-30 19:42:16,063 [INFO] ADCParametersView:116 -                Rank 1 : false
2025-12-30 19:42:16,063 [INFO] ADCParametersView:116 -                Rank 1 : false
2025-12-30 19:42:16,063 [INFO] ADCParametersView:116 -                Rank 1 : false
2025-12-30 19:42:16,074 [INFO] ADCParametersView:116 -                Rank 1 : false
2025-12-30 19:42:16,099 [INFO] ADCParametersView:116 -                Rank 1 : false
2025-12-30 19:42:16,099 [INFO] ADCParametersView:116 -                Rank 1 : false
2025-12-30 19:42:16,099 [INFO] ADCParametersView:116 -                Rank 1 : false
2025-12-30 19:42:16,099 [INFO] ADCParametersView:116 -                Rank 1 : false
2025-12-30 19:42:16,100 [INFO] ADCParametersView:116 -                Rank 1 : false
2025-12-30 19:42:16,100 [INFO] ADCParametersView:116 -                Rank 1 : false
2025-12-30 19:42:16,100 [INFO] ADCParametersView:116 -                Rank 1 : false
2025-12-30 19:42:16,100 [INFO] ADCParametersView:116 -                Rank 1 : false
2025-12-30 19:42:16,100 [INFO] ADCParametersView:116 -                Rank 1 : false
2025-12-30 19:42:16,100 [INFO] ADCParametersView:116 -                Rank 1 : false
2025-12-30 19:42:16,100 [INFO] ADCParametersView:116 -                Rank 1 : false
2025-12-30 19:42:16,100 [INFO] ADCParametersView:116 -                Rank 1 : false
2025-12-30 19:42:16,100 [INFO] ADCParametersView:116 -                Rank 1 : false
2025-12-30 19:42:16,100 [INFO] ADCParametersView:116 -                Rank 1 : false
2025-12-30 19:42:16,100 [INFO] ADCParametersView:116 -                Rank 1 : false
2025-12-30 19:42:16,101 [INFO] ADCParametersView:116 -                Rank 1 : false
2025-12-30 19:42:16,101 [INFO] ADCParametersView:116 -                Rank 1 : false
2025-12-30 19:42:16,101 [INFO] ADCParametersView:116 -                Rank 1 : false
2025-12-30 19:42:16,101 [INFO] ADCParametersView:116 -                Rank 1 : false
2025-12-30 19:42:16,101 [INFO] ADCParametersView:116 -                Rank 1 : false
2025-12-30 19:42:16,101 [INFO] ADCParametersView:116 -                Rank 1 : false
2025-12-30 19:42:16,112 [INFO] ADCParametersView:116 -                Rank 1 : false
2025-12-30 19:42:16,190 [ERROR] LogOutputStream:75 - [STDERR_REDIRECT] [Fatal Error] :1:1: Premature end of file.
2025-12-30 19:42:16,190 [ERROR] LogOutputStream:75 - [STDERR_REDIRECT] 
2025-12-30 19:42:17,192 [ERROR] LogOutputStream:75 - [STDERR_REDIRECT] [Fatal Error] :1:1: Premature end of file.
2025-12-30 19:42:17,192 [ERROR] LogOutputStream:75 - [STDERR_REDIRECT] 
2025-12-30 19:42:18,194 [ERROR] LogOutputStream:75 - [STDERR_REDIRECT] [Fatal Error] :1:1: Premature end of file.
2025-12-30 19:42:18,194 [ERROR] LogOutputStream:75 - [STDERR_REDIRECT] 
2025-12-30 19:42:18,679 [INFO] ADCParametersView:116 -                Rank 1 : false
2025-12-30 19:42:18,679 [INFO] ADCParametersView:116 -                Rank 1 : false
2025-12-30 19:42:18,679 [INFO] ADCParametersView:116 -                Rank 1 : false
2025-12-30 19:42:18,679 [INFO] ADCParametersView:116 -                Rank 1 : false
2025-12-30 19:42:18,679 [INFO] ADCParametersView:116 -                Rank 1 : false
2025-12-30 19:42:18,679 [INFO] ADCParametersView:116 -                Rank 1 : false
2025-12-30 19:42:18,679 [INFO] ADCParametersView:116 -                Rank 1 : false
2025-12-30 19:42:18,679 [INFO] ADCParametersView:116 -                Rank 1 : false
2025-12-30 19:42:18,679 [INFO] ADCParametersView:116 -                Rank 1 : false
2025-12-30 19:42:18,679 [INFO] ADCParametersView:116 -                Rank 1 : false
2025-12-30 19:42:18,679 [INFO] ADCParametersView:116 -                Rank 1 : false
2025-12-30 19:42:18,679 [INFO] ADCParametersView:116 -                Rank 1 : false
2025-12-30 19:42:18,680 [INFO] ADCParametersView:116 -                Rank 1 : false
2025-12-30 19:42:18,680 [INFO] ADCParametersView:116 -                Rank 1 : false
2025-12-30 19:42:18,680 [INFO] ADCParametersView:116 -                Rank 1 : false
2025-12-30 19:42:18,680 [INFO] ADCParametersView:116 -                Rank 1 : false
2025-12-30 19:42:18,680 [INFO] ADCParametersView:116 -                Rank 1 : false
2025-12-30 19:42:18,680 [INFO] ADCParametersView:116 -                Rank 1 : false
2025-12-30 19:42:18,680 [INFO] ADCParametersView:116 -                Rank 1 : false
2025-12-30 19:42:18,680 [INFO] ADCParametersView:116 -                Rank 1 : false
2025-12-30 19:42:18,680 [INFO] ADCParametersView:116 -                Rank 1 : false
2025-12-30 19:42:18,692 [INFO] ADCParametersView:116 -                Rank 1 : false
2025-12-30 19:42:18,717 [INFO] ADCParametersView:116 -                Rank 1 : false
2025-12-30 19:42:18,718 [INFO] ADCParametersView:116 -                Rank 1 : false
2025-12-30 19:42:18,718 [INFO] ADCParametersView:116 -                Rank 1 : false
2025-12-30 19:42:18,718 [INFO] ADCParametersView:116 -                Rank 1 : false
2025-12-30 19:42:18,718 [INFO] ADCParametersView:116 -                Rank 1 : false
2025-12-30 19:42:18,718 [INFO] ADCParametersView:116 -                Rank 1 : false
2025-12-30 19:42:18,718 [INFO] ADCParametersView:116 -                Rank 1 : false
2025-12-30 19:42:18,718 [INFO] ADCParametersView:116 -                Rank 1 : false
2025-12-30 19:42:18,718 [INFO] ADCParametersView:116 -                Rank 1 : false
2025-12-30 19:42:18,718 [INFO] ADCParametersView:116 -                Rank 1 : false
2025-12-30 19:42:18,718 [INFO] ADCParametersView:116 -                Rank 1 : false
2025-12-30 19:42:18,718 [INFO] ADCParametersView:116 -                Rank 1 : false
2025-12-30 19:42:18,718 [INFO] ADCParametersView:116 -                Rank 1 : false
2025-12-30 19:42:18,718 [INFO] ADCParametersView:116 -                Rank 1 : false
2025-12-30 19:42:18,718 [INFO] ADCParametersView:116 -                Rank 1 : false
2025-12-30 19:42:18,718 [INFO] ADCParametersView:116 -                Rank 1 : false
2025-12-30 19:42:18,718 [INFO] ADCParametersView:116 -                Rank 1 : false
2025-12-30 19:42:18,718 [INFO] ADCParametersView:116 -                Rank 1 : false
2025-12-30 19:42:18,718 [INFO] ADCParametersView:116 -                Rank 1 : false
2025-12-30 19:42:18,719 [INFO] ADCParametersView:116 -                Rank 1 : false
2025-12-30 19:42:18,719 [INFO] ADCParametersView:116 -                Rank 1 : false
2025-12-30 19:42:18,731 [INFO] ADCParametersView:116 -                Rank 1 : false
2025-12-30 19:42:19,231 [ERROR] LogOutputStream:75 - [STDERR_REDIRECT] [Fatal Error] :1:1: Premature end of file.
2025-12-30 19:42:19,231 [ERROR] LogOutputStream:75 - [STDERR_REDIRECT] 
2025-12-30 19:42:19,281 [INFO] ADCParametersView:116 -                Rank 1 : false
2025-12-30 19:42:19,281 [INFO] ADCParametersView:116 -                Rank 1 : false
2025-12-30 19:42:19,281 [INFO] ADCParametersView:116 -                Rank 1 : false
2025-12-30 19:42:19,281 [INFO] ADCParametersView:116 -                Rank 1 : false
2025-12-30 19:42:19,281 [INFO] ADCParametersView:116 -                Rank 1 : false
2025-12-30 19:42:19,281 [INFO] ADCParametersView:116 -                Rank 1 : false
2025-12-30 19:42:19,281 [INFO] ADCParametersView:116 -                Rank 1 : false
2025-12-30 19:42:19,282 [INFO] ADCParametersView:116 -                Rank 1 : false
2025-12-30 19:42:19,282 [INFO] ADCParametersView:116 -                Rank 1 : false
2025-12-30 19:42:19,282 [INFO] ADCParametersView:116 -                Rank 1 : false
2025-12-30 19:42:19,282 [INFO] ADCParametersView:116 -                Rank 1 : false
2025-12-30 19:42:19,282 [INFO] ADCParametersView:116 -                Rank 1 : false
2025-12-30 19:42:19,282 [INFO] ADCParametersView:116 -                Rank 1 : false
2025-12-30 19:42:19,282 [INFO] ADCParametersView:116 -                Rank 1 : false
2025-12-30 19:42:19,283 [INFO] ADCParametersView:116 -                Rank 1 : false
2025-12-30 19:42:19,283 [INFO] ADCParametersView:116 -                Rank 1 : false
2025-12-30 19:42:19,283 [INFO] ADCParametersView:116 -                Rank 1 : false
2025-12-30 19:42:19,283 [INFO] ADCParametersView:116 -                Rank 1 : false
2025-12-30 19:42:19,283 [INFO] ADCParametersView:116 -                Rank 1 : false
2025-12-30 19:42:19,283 [INFO] ADCParametersView:116 -                Rank 1 : false
2025-12-30 19:42:19,283 [INFO] ADCParametersView:116 -                Rank 1 : false
2025-12-30 19:42:19,301 [INFO] ADCParametersView:116 -                Rank 1 : false
2025-12-30 19:42:19,336 [INFO] ADCParametersView:116 -                Rank 1 : false
2025-12-30 19:42:19,336 [INFO] ADCParametersView:116 -                Rank 1 : false
2025-12-30 19:42:19,336 [INFO] ADCParametersView:116 -                Rank 1 : false
2025-12-30 19:42:19,336 [INFO] ADCParametersView:116 -                Rank 1 : false
2025-12-30 19:42:19,337 [INFO] ADCParametersView:116 -                Rank 1 : false
2025-12-30 19:42:19,337 [INFO] ADCParametersView:116 -                Rank 1 : false
2025-12-30 19:42:19,337 [INFO] ADCParametersView:116 -                Rank 1 : false
2025-12-30 19:42:19,337 [INFO] ADCParametersView:116 -                Rank 1 : false
2025-12-30 19:42:19,337 [INFO] ADCParametersView:116 -                Rank 1 : false
2025-12-30 19:42:19,337 [INFO] ADCParametersView:116 -                Rank 1 : false
2025-12-30 19:42:19,337 [INFO] ADCParametersView:116 -                Rank 1 : false
2025-12-30 19:42:19,337 [INFO] ADCParametersView:116 -                Rank 1 : false
2025-12-30 19:42:19,337 [INFO] ADCParametersView:116 -                Rank 1 : false
2025-12-30 19:42:19,337 [INFO] ADCParametersView:116 -                Rank 1 : false
2025-12-30 19:42:19,337 [INFO] ADCParametersView:116 -                Rank 1 : false
2025-12-30 19:42:19,337 [INFO] ADCParametersView:116 -                Rank 1 : false
2025-12-30 19:42:19,337 [INFO] ADCParametersView:116 -                Rank 1 : false
2025-12-30 19:42:19,337 [INFO] ADCParametersView:116 -                Rank 1 : false
2025-12-30 19:42:19,337 [INFO] ADCParametersView:116 -                Rank 1 : false
2025-12-30 19:42:19,338 [INFO] ADCParametersView:116 -                Rank 1 : false
2025-12-30 19:42:19,338 [INFO] ADCParametersView:116 -                Rank 1 : false
2025-12-30 19:42:19,355 [INFO] ADCParametersView:116 -                Rank 1 : false
2025-12-30 19:42:20,320 [ERROR] LogOutputStream:75 - [STDERR_REDIRECT] [Fatal Error] :1:1: Premature end of file.
2025-12-30 19:42:20,321 [ERROR] LogOutputStream:75 - [STDERR_REDIRECT] 
2025-12-30 19:42:21,240 [ERROR] LogOutputStream:75 - [STDERR_REDIRECT] [Fatal Error] :1:1: Premature end of file.
2025-12-30 19:42:21,241 [ERROR] LogOutputStream:75 - [STDERR_REDIRECT] 
2025-12-30 19:42:22,325 [ERROR] LogOutputStream:75 - [STDERR_REDIRECT] [Fatal Error] :1:1: Premature end of file.
2025-12-30 19:42:22,326 [ERROR] LogOutputStream:75 - [STDERR_REDIRECT] 
2025-12-30 19:42:23,198 [ERROR] LogOutputStream:75 - [STDERR_REDIRECT] [Fatal Error] :1:1: Premature end of file.
2025-12-30 19:42:23,198 [ERROR] LogOutputStream:75 - [STDERR_REDIRECT] 
2025-12-30 19:42:24,304 [ERROR] LogOutputStream:75 - [STDERR_REDIRECT] [Fatal Error] :1:1: Premature end of file.
2025-12-30 19:42:24,305 [ERROR] LogOutputStream:75 - [STDERR_REDIRECT] 
2025-12-30 19:42:25,210 [ERROR] LogOutputStream:75 - [STDERR_REDIRECT] [Fatal Error] :1:1: Premature end of file.
2025-12-30 19:42:25,211 [ERROR] LogOutputStream:75 - [STDERR_REDIRECT] 
2025-12-30 19:42:26,231 [ERROR] LogOutputStream:75 - [STDERR_REDIRECT] [Fatal Error] :1:1: Premature end of file.
2025-12-30 19:42:26,232 [ERROR] LogOutputStream:75 - [STDERR_REDIRECT] 
2025-12-30 19:42:27,310 [ERROR] LogOutputStream:75 - [STDERR_REDIRECT] [Fatal Error] :1:1: Premature end of file.
2025-12-30 19:42:27,311 [ERROR] LogOutputStream:75 - [STDERR_REDIRECT] 
2025-12-30 19:42:28,192 [ERROR] LogOutputStream:75 - [STDERR_REDIRECT] [Fatal Error] :1:1: Premature end of file.
2025-12-30 19:42:28,192 [ERROR] LogOutputStream:75 - [STDERR_REDIRECT] 
2025-12-30 19:42:29,187 [ERROR] LogOutputStream:75 - [STDERR_REDIRECT] [Fatal Error] :1:1: Premature end of file.
2025-12-30 19:42:29,187 [ERROR] LogOutputStream:75 - [STDERR_REDIRECT] 
2025-12-30 19:42:30,289 [ERROR] LogOutputStream:75 - [STDERR_REDIRECT] [Fatal Error] :1:1: Premature end of file.
2025-12-30 19:42:30,291 [ERROR] LogOutputStream:75 - [STDERR_REDIRECT] 
2025-12-30 19:42:31,238 [ERROR] LogOutputStream:75 - [STDERR_REDIRECT] [Fatal Error] :1:1: Premature end of file.
2025-12-30 19:42:31,238 [ERROR] LogOutputStream:75 - [STDERR_REDIRECT] 
2025-12-30 19:42:32,192 [ERROR] LogOutputStream:75 - [STDERR_REDIRECT] [Fatal Error] :1:1: Premature end of file.
2025-12-30 19:42:32,192 [ERROR] LogOutputStream:75 - [STDERR_REDIRECT] 
2025-12-30 19:42:33,313 [ERROR] LogOutputStream:75 - [STDERR_REDIRECT] [Fatal Error] :1:1: Premature end of file.
2025-12-30 19:42:33,313 [ERROR] LogOutputStream:75 - [STDERR_REDIRECT] 
2025-12-30 19:42:34,294 [ERROR] LogOutputStream:75 - [STDERR_REDIRECT] [Fatal Error] :1:1: Premature end of file.
2025-12-30 19:42:34,295 [ERROR] LogOutputStream:75 - [STDERR_REDIRECT] 
2025-12-30 19:42:35,293 [ERROR] LogOutputStream:75 - [STDERR_REDIRECT] [Fatal Error] :1:1: Premature end of file.
2025-12-30 19:42:35,294 [ERROR] LogOutputStream:75 - [STDERR_REDIRECT] 
2025-12-30 19:42:36,204 [ERROR] LogOutputStream:75 - [STDERR_REDIRECT] [Fatal Error] :1:1: Premature end of file.
2025-12-30 19:42:36,204 [ERROR] LogOutputStream:75 - [STDERR_REDIRECT] 
2025-12-30 19:42:37,294 [ERROR] LogOutputStream:75 - [STDERR_REDIRECT] [Fatal Error] :1:1: Premature end of file.
2025-12-30 19:42:37,294 [ERROR] LogOutputStream:75 - [STDERR_REDIRECT] 
2025-12-30 19:42:38,306 [ERROR] LogOutputStream:75 - [STDERR_REDIRECT] [Fatal Error] :1:1: Premature end of file.
2025-12-30 19:42:38,306 [ERROR] LogOutputStream:75 - [STDERR_REDIRECT] 
2025-12-30 19:42:39,228 [ERROR] LogOutputStream:75 - [STDERR_REDIRECT] [Fatal Error] :1:1: Premature end of file.
2025-12-30 19:42:39,229 [ERROR] LogOutputStream:75 - [STDERR_REDIRECT] 
2025-12-30 19:42:40,294 [ERROR] LogOutputStream:75 - [STDERR_REDIRECT] [Fatal Error] :1:1: Premature end of file.
2025-12-30 19:42:40,294 [ERROR] LogOutputStream:75 - [STDERR_REDIRECT] 
2025-12-30 19:42:41,255 [ERROR] LogOutputStream:75 - [STDERR_REDIRECT] [Fatal Error] :1:1: Premature end of file.
2025-12-30 19:42:41,255 [ERROR] LogOutputStream:75 - [STDERR_REDIRECT] 
2025-12-30 19:42:42,184 [ERROR] LogOutputStream:75 - [STDERR_REDIRECT] [Fatal Error] :1:1: Premature end of file.
2025-12-30 19:42:42,184 [ERROR] LogOutputStream:75 - [STDERR_REDIRECT] 
2025-12-30 19:42:43,191 [ERROR] LogOutputStream:75 - [STDERR_REDIRECT] [Fatal Error] :1:1: Premature end of file.
2025-12-30 19:42:43,192 [ERROR] LogOutputStream:75 - [STDERR_REDIRECT] 
2025-12-30 19:42:43,507 [INFO] ADCParametersView:116 -                Rank 1 : false
2025-12-30 19:42:43,507 [INFO] ADCParametersView:116 -                Rank 1 : false
2025-12-30 19:42:43,507 [INFO] ADCParametersView:116 -                Rank 1 : false
2025-12-30 19:42:43,508 [INFO] ADCParametersView:116 -                Rank 1 : false
2025-12-30 19:42:43,508 [INFO] ADCParametersView:116 -                Rank 1 : false
2025-12-30 19:42:43,508 [INFO] ADCParametersView:116 -                Rank 1 : false
2025-12-30 19:42:43,508 [INFO] ADCParametersView:116 -                Rank 1 : false
2025-12-30 19:42:43,508 [INFO] ADCParametersView:116 -                Rank 1 : false
2025-12-30 19:42:43,508 [INFO] ADCParametersView:116 -                Rank 1 : false
2025-12-30 19:42:43,508 [INFO] ADCParametersView:116 -                Rank 1 : false
2025-12-30 19:42:43,508 [INFO] ADCParametersView:116 -                Rank 1 : false
2025-12-30 19:42:43,508 [INFO] ADCParametersView:116 -                Rank 1 : false
2025-12-30 19:42:43,508 [INFO] ADCParametersView:116 -                Rank 1 : false
2025-12-30 19:42:43,508 [INFO] ADCParametersView:116 -                Rank 1 : false
2025-12-30 19:42:43,508 [INFO] ADCParametersView:116 -                Rank 1 : false
2025-12-30 19:42:43,509 [INFO] ADCParametersView:116 -                Rank 1 : false
2025-12-30 19:42:43,509 [INFO] ADCParametersView:116 -                Rank 1 : false
2025-12-30 19:42:43,509 [INFO] ADCParametersView:116 -                Rank 1 : false
2025-12-30 19:42:43,509 [INFO] ADCParametersView:116 -                Rank 1 : false
2025-12-30 19:42:43,509 [INFO] ADCParametersView:116 -                Rank 1 : false
2025-12-30 19:42:43,509 [INFO] ADCParametersView:116 -                Rank 1 : false
2025-12-30 19:42:43,524 [INFO] ADCParametersView:116 -                Rank 1 : false
2025-12-30 19:42:43,551 [INFO] ADCParametersView:116 -                Rank 1 : false
2025-12-30 19:42:43,551 [INFO] ADCParametersView:116 -                Rank 1 : false
2025-12-30 19:42:43,551 [INFO] ADCParametersView:116 -                Rank 1 : false
2025-12-30 19:42:43,551 [INFO] ADCParametersView:116 -                Rank 1 : false
2025-12-30 19:42:43,551 [INFO] ADCParametersView:116 -                Rank 1 : false
2025-12-30 19:42:43,552 [INFO] ADCParametersView:116 -                Rank 1 : false
2025-12-30 19:42:43,552 [INFO] ADCParametersView:116 -                Rank 1 : false
2025-12-30 19:42:43,552 [INFO] ADCParametersView:116 -                Rank 1 : false
2025-12-30 19:42:43,552 [INFO] ADCParametersView:116 -                Rank 1 : false
2025-12-30 19:42:43,552 [INFO] ADCParametersView:116 -                Rank 1 : false
2025-12-30 19:42:43,552 [INFO] ADCParametersView:116 -                Rank 1 : false
2025-12-30 19:42:43,552 [INFO] ADCParametersView:116 -                Rank 1 : false
2025-12-30 19:42:43,552 [INFO] ADCParametersView:116 -                Rank 1 : false
2025-12-30 19:42:43,552 [INFO] ADCParametersView:116 -                Rank 1 : false
2025-12-30 19:42:43,552 [INFO] ADCParametersView:116 -                Rank 1 : false
2025-12-30 19:42:43,552 [INFO] ADCParametersView:116 -                Rank 1 : false
2025-12-30 19:42:43,552 [INFO] ADCParametersView:116 -                Rank 1 : false
2025-12-30 19:42:43,552 [INFO] ADCParametersView:116 -                Rank 1 : false
2025-12-30 19:42:43,552 [INFO] ADCParametersView:116 -                Rank 1 : false
2025-12-30 19:42:43,552 [INFO] ADCParametersView:116 -                Rank 1 : false
2025-12-30 19:42:43,553 [INFO] ADCParametersView:116 -                Rank 1 : false
2025-12-30 19:42:43,567 [INFO] ADCParametersView:116 -                Rank 1 : false
2025-12-30 19:42:43,673 [INFO] ADCParametersView:116 -                Rank 1 : false
2025-12-30 19:42:43,674 [INFO] ADCParametersView:116 -                Rank 1 : false
2025-12-30 19:42:43,674 [INFO] ADCParametersView:116 -                Rank 1 : false
2025-12-30 19:42:43,674 [INFO] ADCParametersView:116 -                Rank 1 : false
2025-12-30 19:42:43,674 [INFO] ADCParametersView:116 -                Rank 1 : false
2025-12-30 19:42:43,674 [INFO] ADCParametersView:116 -                Rank 1 : false
2025-12-30 19:42:43,674 [INFO] ADCParametersView:116 -                Rank 1 : false
2025-12-30 19:42:43,674 [INFO] ADCParametersView:116 -                Rank 1 : false
2025-12-30 19:42:43,674 [INFO] ADCParametersView:116 -                Rank 1 : false
2025-12-30 19:42:43,674 [INFO] ADCParametersView:116 -                Rank 1 : false
2025-12-30 19:42:43,674 [INFO] ADCParametersView:116 -                Rank 1 : false
2025-12-30 19:42:43,674 [INFO] ADCParametersView:116 -                Rank 1 : false
2025-12-30 19:42:43,674 [INFO] ADCParametersView:116 -                Rank 1 : false
2025-12-30 19:42:43,675 [INFO] ADCParametersView:116 -                Rank 1 : false
2025-12-30 19:42:43,675 [INFO] ADCParametersView:116 -                Rank 1 : false
2025-12-30 19:42:43,675 [INFO] ADCParametersView:116 -                Rank 1 : false
2025-12-30 19:42:43,675 [INFO] ADCParametersView:116 -                Rank 1 : false
2025-12-30 19:42:43,675 [INFO] ADCParametersView:116 -                Rank 1 : false
2025-12-30 19:42:43,675 [INFO] ADCParametersView:116 -                Rank 1 : false
2025-12-30 19:42:43,675 [INFO] ADCParametersView:116 -                Rank 1 : false
2025-12-30 19:42:43,675 [INFO] ADCParametersView:116 -                Rank 1 : false
2025-12-30 19:42:43,689 [INFO] ADCParametersView:116 -                Rank 1 : false
2025-12-30 19:42:43,714 [INFO] ADCParametersView:116 -                Rank 1 : false
2025-12-30 19:42:43,714 [INFO] ADCParametersView:116 -                Rank 1 : false
2025-12-30 19:42:43,714 [INFO] ADCParametersView:116 -                Rank 1 : false
2025-12-30 19:42:43,714 [INFO] ADCParametersView:116 -                Rank 1 : false
2025-12-30 19:42:43,714 [INFO] ADCParametersView:116 -                Rank 1 : false
2025-12-30 19:42:43,714 [INFO] ADCParametersView:116 -                Rank 1 : false
2025-12-30 19:42:43,714 [INFO] ADCParametersView:116 -                Rank 1 : false
2025-12-30 19:42:43,714 [INFO] ADCParametersView:116 -                Rank 1 : false
2025-12-30 19:42:43,714 [INFO] ADCParametersView:116 -                Rank 1 : false
2025-12-30 19:42:43,714 [INFO] ADCParametersView:116 -                Rank 1 : false
2025-12-30 19:42:43,714 [INFO] ADCParametersView:116 -                Rank 1 : false
2025-12-30 19:42:43,715 [INFO] ADCParametersView:116 -                Rank 1 : false
2025-12-30 19:42:43,715 [INFO] ADCParametersView:116 -                Rank 1 : false
2025-12-30 19:42:43,715 [INFO] ADCParametersView:116 -                Rank 1 : false
2025-12-30 19:42:43,715 [INFO] ADCParametersView:116 -                Rank 1 : false
2025-12-30 19:42:43,715 [INFO] ADCParametersView:116 -                Rank 1 : false
2025-12-30 19:42:43,715 [INFO] ADCParametersView:116 -                Rank 1 : false
2025-12-30 19:42:43,715 [INFO] ADCParametersView:116 -                Rank 1 : false
2025-12-30 19:42:43,715 [INFO] ADCParametersView:116 -                Rank 1 : false
2025-12-30 19:42:43,715 [INFO] ADCParametersView:116 -                Rank 1 : false
2025-12-30 19:42:43,715 [INFO] ADCParametersView:116 -                Rank 1 : false
2025-12-30 19:42:43,726 [INFO] ADCParametersView:116 -                Rank 1 : false
2025-12-30 19:42:44,188 [ERROR] LogOutputStream:75 - [STDERR_REDIRECT] [Fatal Error] :1:1: Premature end of file.
2025-12-30 19:42:44,188 [ERROR] LogOutputStream:75 - [STDERR_REDIRECT] 
2025-12-30 19:42:44,250 [INFO] ADCParametersView:116 -                Rank 1 : false
2025-12-30 19:42:44,251 [INFO] ADCParametersView:116 -                Rank 1 : false
2025-12-30 19:42:44,251 [INFO] ADCParametersView:116 -                Rank 1 : false
2025-12-30 19:42:44,251 [INFO] ADCParametersView:116 -                Rank 1 : false
2025-12-30 19:42:44,251 [INFO] ADCParametersView:116 -                Rank 1 : false
2025-12-30 19:42:44,251 [INFO] ADCParametersView:116 -                Rank 1 : false
2025-12-30 19:42:44,251 [INFO] ADCParametersView:116 -                Rank 1 : false
2025-12-30 19:42:44,251 [INFO] ADCParametersView:116 -                Rank 1 : false
2025-12-30 19:42:44,251 [INFO] ADCParametersView:116 -                Rank 1 : false
2025-12-30 19:42:44,251 [INFO] ADCParametersView:116 -                Rank 1 : false
2025-12-30 19:42:44,251 [INFO] ADCParametersView:116 -                Rank 1 : false
2025-12-30 19:42:44,251 [INFO] ADCParametersView:116 -                Rank 1 : false
2025-12-30 19:42:44,251 [INFO] ADCParametersView:116 -                Rank 1 : false
2025-12-30 19:42:44,251 [INFO] ADCParametersView:116 -                Rank 1 : false
2025-12-30 19:42:44,252 [INFO] ADCParametersView:116 -                Rank 1 : false
2025-12-30 19:42:44,252 [INFO] ADCParametersView:116 -                Rank 1 : false
2025-12-30 19:42:44,252 [INFO] ADCParametersView:116 -                Rank 1 : false
2025-12-30 19:42:44,252 [INFO] ADCParametersView:116 -                Rank 1 : false
2025-12-30 19:42:44,252 [INFO] ADCParametersView:116 -                Rank 1 : false
2025-12-30 19:42:44,252 [INFO] ADCParametersView:116 -                Rank 1 : false
2025-12-30 19:42:44,252 [INFO] ADCParametersView:116 -                Rank 1 : false
2025-12-30 19:42:44,262 [INFO] ADCParametersView:116 -                Rank 1 : false
2025-12-30 19:42:44,289 [INFO] ADCParametersView:116 -                Rank 1 : false
2025-12-30 19:42:44,290 [INFO] ADCParametersView:116 -                Rank 1 : false
2025-12-30 19:42:44,290 [INFO] ADCParametersView:116 -                Rank 1 : false
2025-12-30 19:42:44,290 [INFO] ADCParametersView:116 -                Rank 1 : false
2025-12-30 19:42:44,290 [INFO] ADCParametersView:116 -                Rank 1 : false
2025-12-30 19:42:44,290 [INFO] ADCParametersView:116 -                Rank 1 : false
2025-12-30 19:42:44,290 [INFO] ADCParametersView:116 -                Rank 1 : false
2025-12-30 19:42:44,290 [INFO] ADCParametersView:116 -                Rank 1 : false
2025-12-30 19:42:44,290 [INFO] ADCParametersView:116 -                Rank 1 : false
2025-12-30 19:42:44,290 [INFO] ADCParametersView:116 -                Rank 1 : false
2025-12-30 19:42:44,290 [INFO] ADCParametersView:116 -                Rank 1 : false
2025-12-30 19:42:44,290 [INFO] ADCParametersView:116 -                Rank 1 : false
2025-12-30 19:42:44,290 [INFO] ADCParametersView:116 -                Rank 1 : false
2025-12-30 19:42:44,290 [INFO] ADCParametersView:116 -                Rank 1 : false
2025-12-30 19:42:44,290 [INFO] ADCParametersView:116 -                Rank 1 : false
2025-12-30 19:42:44,290 [INFO] ADCParametersView:116 -                Rank 1 : false
2025-12-30 19:42:44,290 [INFO] ADCParametersView:116 -                Rank 1 : false
2025-12-30 19:42:44,290 [INFO] ADCParametersView:116 -                Rank 1 : false
2025-12-30 19:42:44,291 [INFO] ADCParametersView:116 -                Rank 1 : false
2025-12-30 19:42:44,291 [INFO] ADCParametersView:116 -                Rank 1 : false
2025-12-30 19:42:44,291 [INFO] ADCParametersView:116 -                Rank 1 : false
2025-12-30 19:42:44,302 [INFO] ADCParametersView:116 -                Rank 1 : false
2025-12-30 19:42:45,246 [ERROR] LogOutputStream:75 - [STDERR_REDIRECT] [Fatal Error] :1:1: Premature end of file.
2025-12-30 19:42:45,247 [ERROR] LogOutputStream:75 - [STDERR_REDIRECT] 
2025-12-30 19:42:46,181 [ERROR] LogOutputStream:75 - [STDERR_REDIRECT] [Fatal Error] :1:1: Premature end of file.
2025-12-30 19:42:46,182 [ERROR] LogOutputStream:75 - [STDERR_REDIRECT] 
2025-12-30 19:42:47,183 [ERROR] LogOutputStream:75 - [STDERR_REDIRECT] [Fatal Error] :1:1: Premature end of file.
2025-12-30 19:42:47,184 [ERROR] LogOutputStream:75 - [STDERR_REDIRECT] 
2025-12-30 19:42:48,270 [ERROR] LogOutputStream:75 - [STDERR_REDIRECT] [Fatal Error] :1:1: Premature end of file.
2025-12-30 19:42:48,270 [ERROR] LogOutputStream:75 - [STDERR_REDIRECT] 
2025-12-30 19:42:49,282 [ERROR] LogOutputStream:75 - [STDERR_REDIRECT] [Fatal Error] :1:1: Premature end of file.
2025-12-30 19:42:49,282 [ERROR] LogOutputStream:75 - [STDERR_REDIRECT] 
2025-12-30 19:42:50,274 [ERROR] LogOutputStream:75 - [STDERR_REDIRECT] [Fatal Error] :1:1: Premature end of file.
2025-12-30 19:42:50,274 [ERROR] LogOutputStream:75 - [STDERR_REDIRECT] 
2025-12-30 19:42:51,296 [ERROR] LogOutputStream:75 - [STDERR_REDIRECT] [Fatal Error] :1:1: Premature end of file.
2025-12-30 19:42:51,296 [ERROR] LogOutputStream:75 - [STDERR_REDIRECT] 
2025-12-30 19:42:52,304 [ERROR] LogOutputStream:75 - [STDERR_REDIRECT] [Fatal Error] :1:1: Premature end of file.
2025-12-30 19:42:52,305 [ERROR] LogOutputStream:75 - [STDERR_REDIRECT] 
2025-12-30 19:42:53,295 [ERROR] LogOutputStream:75 - [STDERR_REDIRECT] [Fatal Error] :1:1: Premature end of file.
2025-12-30 19:42:53,295 [ERROR] LogOutputStream:75 - [STDERR_REDIRECT] 
2025-12-30 19:42:54,284 [ERROR] LogOutputStream:75 - [STDERR_REDIRECT] [Fatal Error] :1:1: Premature end of file.
2025-12-30 19:42:54,285 [ERROR] LogOutputStream:75 - [STDERR_REDIRECT] 
2025-12-30 19:42:55,260 [ERROR] LogOutputStream:75 - [STDERR_REDIRECT] [Fatal Error] :1:1: Premature end of file.
2025-12-30 19:42:55,261 [ERROR] LogOutputStream:75 - [STDERR_REDIRECT] 
2025-12-30 19:42:56,287 [ERROR] LogOutputStream:75 - [STDERR_REDIRECT] [Fatal Error] :1:1: Premature end of file.
2025-12-30 19:42:56,288 [ERROR] LogOutputStream:75 - [STDERR_REDIRECT] 
2025-12-30 19:42:57,271 [ERROR] LogOutputStream:75 - [STDERR_REDIRECT] [Fatal Error] :1:1: Premature end of file.
2025-12-30 19:42:57,272 [ERROR] LogOutputStream:75 - [STDERR_REDIRECT] 
2025-12-30 19:42:58,280 [ERROR] LogOutputStream:75 - [STDERR_REDIRECT] [Fatal Error] :1:1: Premature end of file.
2025-12-30 19:42:58,280 [ERROR] LogOutputStream:75 - [STDERR_REDIRECT] 
2025-12-30 19:42:59,278 [ERROR] LogOutputStream:75 - [STDERR_REDIRECT] [Fatal Error] :1:1: Premature end of file.
2025-12-30 19:42:59,278 [ERROR] LogOutputStream:75 - [STDERR_REDIRECT] 
2025-12-30 19:43:00,223 [ERROR] LogOutputStream:75 - [STDERR_REDIRECT] [Fatal Error] :1:1: Premature end of file.
2025-12-30 19:43:00,224 [ERROR] LogOutputStream:75 - [STDERR_REDIRECT] 
2025-12-30 19:43:01,196 [ERROR] LogOutputStream:75 - [STDERR_REDIRECT] [Fatal Error] :1:1: Premature end of file.
2025-12-30 19:43:01,196 [ERROR] LogOutputStream:75 - [STDERR_REDIRECT] 
2025-12-30 19:43:02,190 [ERROR] LogOutputStream:75 - [STDERR_REDIRECT] [Fatal Error] :1:1: Premature end of file.
2025-12-30 19:43:02,190 [ERROR] LogOutputStream:75 - [STDERR_REDIRECT] 
2025-12-30 19:43:03,188 [ERROR] LogOutputStream:75 - [STDERR_REDIRECT] [Fatal Error] :1:1: Premature end of file.
2025-12-30 19:43:03,188 [ERROR] LogOutputStream:75 - [STDERR_REDIRECT] 
2025-12-30 19:43:04,226 [ERROR] LogOutputStream:75 - [STDERR_REDIRECT] [Fatal Error] :1:1: Premature end of file.
2025-12-30 19:43:04,227 [ERROR] LogOutputStream:75 - [STDERR_REDIRECT] 
2025-12-30 19:43:05,245 [ERROR] LogOutputStream:75 - [STDERR_REDIRECT] [Fatal Error] :1:1: Premature end of file.
2025-12-30 19:43:05,246 [ERROR] LogOutputStream:75 - [STDERR_REDIRECT] 
2025-12-30 19:43:06,278 [ERROR] LogOutputStream:75 - [STDERR_REDIRECT] [Fatal Error] :1:1: Premature end of file.
2025-12-30 19:43:06,278 [ERROR] LogOutputStream:75 - [STDERR_REDIRECT] 
2025-12-30 19:43:07,279 [ERROR] LogOutputStream:75 - [STDERR_REDIRECT] [Fatal Error] :1:1: Premature end of file.
2025-12-30 19:43:07,280 [ERROR] LogOutputStream:75 - [STDERR_REDIRECT] 
2025-12-30 19:43:08,286 [ERROR] LogOutputStream:75 - [STDERR_REDIRECT] [Fatal Error] :1:1: Premature end of file.
2025-12-30 19:43:08,287 [ERROR] LogOutputStream:75 - [STDERR_REDIRECT] 
2025-12-30 19:43:09,212 [ERROR] LogOutputStream:75 - [STDERR_REDIRECT] [Fatal Error] :1:1: Premature end of file.
2025-12-30 19:43:09,212 [ERROR] LogOutputStream:75 - [STDERR_REDIRECT] 
2025-12-30 19:43:10,193 [ERROR] LogOutputStream:75 - [STDERR_REDIRECT] [Fatal Error] :1:1: Premature end of file.
2025-12-30 19:43:10,194 [ERROR] LogOutputStream:75 - [STDERR_REDIRECT] 
2025-12-30 19:43:11,221 [ERROR] LogOutputStream:75 - [STDERR_REDIRECT] [Fatal Error] :1:1: Premature end of file.
2025-12-30 19:43:11,222 [ERROR] LogOutputStream:75 - [STDERR_REDIRECT] 
2025-12-30 19:43:12,188 [ERROR] LogOutputStream:75 - [STDERR_REDIRECT] [Fatal Error] :1:1: Premature end of file.
2025-12-30 19:43:12,188 [ERROR] LogOutputStream:75 - [STDERR_REDIRECT] 
2025-12-30 19:43:13,188 [ERROR] LogOutputStream:75 - [STDERR_REDIRECT] [Fatal Error] :1:1: Premature end of file.
2025-12-30 19:43:13,188 [ERROR] LogOutputStream:75 - [STDERR_REDIRECT] 
2025-12-30 19:43:14,272 [ERROR] LogOutputStream:75 - [STDERR_REDIRECT] [Fatal Error] :1:1: Premature end of file.
2025-12-30 19:43:14,272 [ERROR] LogOutputStream:75 - [STDERR_REDIRECT] 
2025-12-30 19:43:15,187 [ERROR] LogOutputStream:75 - [STDERR_REDIRECT] [Fatal Error] :1:1: Premature end of file.
2025-12-30 19:43:15,187 [ERROR] LogOutputStream:75 - [STDERR_REDIRECT] 
2025-12-30 19:43:16,271 [ERROR] LogOutputStream:75 - [STDERR_REDIRECT] [Fatal Error] :1:1: Premature end of file.
2025-12-30 19:43:16,271 [ERROR] LogOutputStream:75 - [STDERR_REDIRECT] 
2025-12-30 19:43:17,271 [ERROR] LogOutputStream:75 - [STDERR_REDIRECT] [Fatal Error] :1:1: Premature end of file.
2025-12-30 19:43:17,272 [ERROR] LogOutputStream:75 - [STDERR_REDIRECT] 
2025-12-30 19:43:18,285 [ERROR] LogOutputStream:75 - [STDERR_REDIRECT] [Fatal Error] :1:1: Premature end of file.
2025-12-30 19:43:18,286 [ERROR] LogOutputStream:75 - [STDERR_REDIRECT] 
2025-12-30 19:43:19,192 [ERROR] LogOutputStream:75 - [STDERR_REDIRECT] [Fatal Error] :1:1: Premature end of file.
2025-12-30 19:43:19,193 [ERROR] LogOutputStream:75 - [STDERR_REDIRECT] 
2025-12-30 19:43:20,282 [ERROR] LogOutputStream:75 - [STDERR_REDIRECT] [Fatal Error] :1:1: Premature end of file.
2025-12-30 19:43:20,283 [ERROR] LogOutputStream:75 - [STDERR_REDIRECT] 
2025-12-30 19:43:21,320 [ERROR] LogOutputStream:75 - [STDERR_REDIRECT] [Fatal Error] :1:1: Premature end of file.
2025-12-30 19:43:21,321 [ERROR] LogOutputStream:75 - [STDERR_REDIRECT] 
2025-12-30 19:43:22,180 [ERROR] LogOutputStream:75 - [STDERR_REDIRECT] [Fatal Error] :1:1: Premature end of file.
2025-12-30 19:43:22,180 [ERROR] LogOutputStream:75 - [STDERR_REDIRECT] 
2025-12-30 19:43:23,190 [ERROR] LogOutputStream:75 - [STDERR_REDIRECT] [Fatal Error] :1:1: Premature end of file.
2025-12-30 19:43:23,190 [ERROR] LogOutputStream:75 - [STDERR_REDIRECT] 
2025-12-30 19:43:24,290 [ERROR] LogOutputStream:75 - [STDERR_REDIRECT] [Fatal Error] :1:1: Premature end of file.
2025-12-30 19:43:24,291 [ERROR] LogOutputStream:75 - [STDERR_REDIRECT] 
2025-12-30 19:43:25,193 [ERROR] LogOutputStream:75 - [STDERR_REDIRECT] [Fatal Error] :1:1: Premature end of file.
2025-12-30 19:43:25,193 [ERROR] LogOutputStream:75 - [STDERR_REDIRECT] 
2025-12-30 19:43:26,193 [ERROR] LogOutputStream:75 - [STDERR_REDIRECT] [Fatal Error] :1:1: Premature end of file.
2025-12-30 19:43:26,194 [ERROR] LogOutputStream:75 - [STDERR_REDIRECT] 
2025-12-30 19:43:27,185 [ERROR] LogOutputStream:75 - [STDERR_REDIRECT] [Fatal Error] :1:1: Premature end of file.
2025-12-30 19:43:27,186 [ERROR] LogOutputStream:75 - [STDERR_REDIRECT] 
2025-12-30 19:43:28,186 [ERROR] LogOutputStream:75 - [STDERR_REDIRECT] [Fatal Error] :1:1: Premature end of file.
2025-12-30 19:43:28,186 [ERROR] LogOutputStream:75 - [STDERR_REDIRECT] 
2025-12-30 19:43:29,191 [ERROR] LogOutputStream:75 - [STDERR_REDIRECT] [Fatal Error] :1:1: Premature end of file.
2025-12-30 19:43:29,191 [ERROR] LogOutputStream:75 - [STDERR_REDIRECT] 
2025-12-30 19:43:30,184 [ERROR] LogOutputStream:75 - [STDERR_REDIRECT] [Fatal Error] :1:1: Premature end of file.
2025-12-30 19:43:30,185 [ERROR] LogOutputStream:75 - [STDERR_REDIRECT] 
2025-12-30 19:43:31,183 [ERROR] LogOutputStream:75 - [STDERR_REDIRECT] [Fatal Error] :1:1: Premature end of file.
2025-12-30 19:43:31,183 [ERROR] LogOutputStream:75 - [STDERR_REDIRECT] 
2025-12-30 19:43:32,193 [ERROR] LogOutputStream:75 - [STDERR_REDIRECT] [Fatal Error] :1:1: Premature end of file.
2025-12-30 19:43:32,193 [ERROR] LogOutputStream:75 - [STDERR_REDIRECT] 
2025-12-30 19:43:32,747 [INFO] ADCParametersView:116 -                Rank 1 : false
2025-12-30 19:43:32,747 [INFO] ADCParametersView:116 -                Rank 1 : false
2025-12-30 19:43:32,747 [INFO] ADCParametersView:116 -                Rank 1 : false
2025-12-30 19:43:32,748 [INFO] ADCParametersView:116 -                Rank 1 : false
2025-12-30 19:43:32,748 [INFO] ADCParametersView:116 -                Rank 1 : false
2025-12-30 19:43:32,748 [INFO] ADCParametersView:116 -                Rank 1 : false
2025-12-30 19:43:32,748 [INFO] ADCParametersView:116 -                Rank 1 : false
2025-12-30 19:43:32,748 [INFO] ADCParametersView:116 -                Rank 1 : false
2025-12-30 19:43:32,748 [INFO] ADCParametersView:116 -                Rank 1 : false
2025-12-30 19:43:32,748 [INFO] ADCParametersView:116 -                Rank 1 : false
2025-12-30 19:43:32,748 [INFO] ADCParametersView:116 -                Rank 1 : false
2025-12-30 19:43:32,748 [INFO] ADCParametersView:116 -                Rank 1 : false
2025-12-30 19:43:32,748 [INFO] ADCParametersView:116 -                Rank 1 : false
2025-12-30 19:43:32,748 [INFO] ADCParametersView:116 -                Rank 1 : false
2025-12-30 19:43:32,748 [INFO] ADCParametersView:116 -                Rank 1 : false
2025-12-30 19:43:32,748 [INFO] ADCParametersView:116 -                Rank 1 : false
2025-12-30 19:43:32,748 [INFO] ADCParametersView:116 -                Rank 1 : false
2025-12-30 19:43:32,748 [INFO] ADCParametersView:116 -                Rank 1 : false
2025-12-30 19:43:32,748 [INFO] ADCParametersView:116 -                Rank 1 : false
2025-12-30 19:43:32,748 [INFO] ADCParametersView:116 -                Rank 1 : false
2025-12-30 19:43:32,748 [INFO] ADCParametersView:116 -                Rank 1 : false
2025-12-30 19:43:32,762 [INFO] ADCParametersView:116 -                Rank 1 : false
2025-12-30 19:43:32,793 [INFO] ADCParametersView:116 -                Rank 1 : false
2025-12-30 19:43:32,793 [INFO] ADCParametersView:116 -                Rank 1 : false
2025-12-30 19:43:32,793 [INFO] ADCParametersView:116 -                Rank 1 : false
2025-12-30 19:43:32,793 [INFO] ADCParametersView:116 -                Rank 1 : false
2025-12-30 19:43:32,793 [INFO] ADCParametersView:116 -                Rank 1 : false
2025-12-30 19:43:32,793 [INFO] ADCParametersView:116 -                Rank 1 : false
2025-12-30 19:43:32,794 [INFO] ADCParametersView:116 -                Rank 1 : false
2025-12-30 19:43:32,794 [INFO] ADCParametersView:116 -                Rank 1 : false
2025-12-30 19:43:32,794 [INFO] ADCParametersView:116 -                Rank 1 : false
2025-12-30 19:43:32,794 [INFO] ADCParametersView:116 -                Rank 1 : false
2025-12-30 19:43:32,794 [INFO] ADCParametersView:116 -                Rank 1 : false
2025-12-30 19:43:32,794 [INFO] ADCParametersView:116 -                Rank 1 : false
2025-12-30 19:43:32,794 [INFO] ADCParametersView:116 -                Rank 1 : false
2025-12-30 19:43:32,794 [INFO] ADCParametersView:116 -                Rank 1 : false
2025-12-30 19:43:32,794 [INFO] ADCParametersView:116 -                Rank 1 : false
2025-12-30 19:43:32,794 [INFO] ADCParametersView:116 -                Rank 1 : false
2025-12-30 19:43:32,794 [INFO] ADCParametersView:116 -                Rank 1 : false
2025-12-30 19:43:32,794 [INFO] ADCParametersView:116 -                Rank 1 : false
2025-12-30 19:43:32,794 [INFO] ADCParametersView:116 -                Rank 1 : false
2025-12-30 19:43:32,794 [INFO] ADCParametersView:116 -                Rank 1 : false
2025-12-30 19:43:32,794 [INFO] ADCParametersView:116 -                Rank 1 : false
2025-12-30 19:43:32,805 [INFO] ADCParametersView:116 -                Rank 1 : false
2025-12-30 19:43:33,181 [ERROR] LogOutputStream:75 - [STDERR_REDIRECT] [Fatal Error] :1:1: Premature end of file.
2025-12-30 19:43:33,182 [ERROR] LogOutputStream:75 - [STDERR_REDIRECT] 
2025-12-30 19:43:33,311 [INFO] ADCParametersView:116 -                Rank 1 : false
2025-12-30 19:43:33,311 [INFO] ADCParametersView:116 -                Rank 1 : false
2025-12-30 19:43:33,311 [INFO] ADCParametersView:116 -                Rank 1 : false
2025-12-30 19:43:33,311 [INFO] ADCParametersView:116 -                Rank 1 : false
2025-12-30 19:43:33,311 [INFO] ADCParametersView:116 -                Rank 1 : false
2025-12-30 19:43:33,311 [INFO] ADCParametersView:116 -                Rank 1 : false
2025-12-30 19:43:33,311 [INFO] ADCParametersView:116 -                Rank 1 : false
2025-12-30 19:43:33,311 [INFO] ADCParametersView:116 -                Rank 1 : false
2025-12-30 19:43:33,311 [INFO] ADCParametersView:116 -                Rank 1 : false
2025-12-30 19:43:33,311 [INFO] ADCParametersView:116 -                Rank 1 : false
2025-12-30 19:43:33,311 [INFO] ADCParametersView:116 -                Rank 1 : false
2025-12-30 19:43:33,311 [INFO] ADCParametersView:116 -                Rank 1 : false
2025-12-30 19:43:33,311 [INFO] ADCParametersView:116 -                Rank 1 : false
2025-12-30 19:43:33,311 [INFO] ADCParametersView:116 -                Rank 1 : false
2025-12-30 19:43:33,311 [INFO] ADCParametersView:116 -                Rank 1 : false
2025-12-30 19:43:33,311 [INFO] ADCParametersView:116 -                Rank 1 : false
2025-12-30 19:43:33,311 [INFO] ADCParametersView:116 -                Rank 1 : false
2025-12-30 19:43:33,312 [INFO] ADCParametersView:116 -                Rank 1 : false
2025-12-30 19:43:33,312 [INFO] ADCParametersView:116 -                Rank 1 : false
2025-12-30 19:43:33,312 [INFO] ADCParametersView:116 -                Rank 1 : false
2025-12-30 19:43:33,312 [INFO] ADCParametersView:116 -                Rank 1 : false
2025-12-30 19:43:33,322 [INFO] ADCParametersView:116 -                Rank 1 : false
2025-12-30 19:43:33,345 [INFO] ADCParametersView:116 -                Rank 1 : false
2025-12-30 19:43:33,345 [INFO] ADCParametersView:116 -                Rank 1 : false
2025-12-30 19:43:33,345 [INFO] ADCParametersView:116 -                Rank 1 : false
2025-12-30 19:43:33,345 [INFO] ADCParametersView:116 -                Rank 1 : false
2025-12-30 19:43:33,345 [INFO] ADCParametersView:116 -                Rank 1 : false
2025-12-30 19:43:33,346 [INFO] ADCParametersView:116 -                Rank 1 : false
2025-12-30 19:43:33,346 [INFO] ADCParametersView:116 -                Rank 1 : false
2025-12-30 19:43:33,346 [INFO] ADCParametersView:116 -                Rank 1 : false
2025-12-30 19:43:33,346 [INFO] ADCParametersView:116 -                Rank 1 : false
2025-12-30 19:43:33,346 [INFO] ADCParametersView:116 -                Rank 1 : false
2025-12-30 19:43:33,346 [INFO] ADCParametersView:116 -                Rank 1 : false
2025-12-30 19:43:33,346 [INFO] ADCParametersView:116 -                Rank 1 : false
2025-12-30 19:43:33,346 [INFO] ADCParametersView:116 -                Rank 1 : false
2025-12-30 19:43:33,346 [INFO] ADCParametersView:116 -                Rank 1 : false
2025-12-30 19:43:33,346 [INFO] ADCParametersView:116 -                Rank 1 : false
2025-12-30 19:43:33,346 [INFO] ADCParametersView:116 -                Rank 1 : false
2025-12-30 19:43:33,346 [INFO] ADCParametersView:116 -                Rank 1 : false
2025-12-30 19:43:33,346 [INFO] ADCParametersView:116 -                Rank 1 : false
2025-12-30 19:43:33,346 [INFO] ADCParametersView:116 -                Rank 1 : false
2025-12-30 19:43:33,346 [INFO] ADCParametersView:116 -                Rank 1 : false
2025-12-30 19:43:33,346 [INFO] ADCParametersView:116 -                Rank 1 : false
2025-12-30 19:43:33,358 [INFO] ADCParametersView:116 -                Rank 1 : false
2025-12-30 19:43:34,193 [ERROR] LogOutputStream:75 - [STDERR_REDIRECT] [Fatal Error] :1:1: Premature end of file.
2025-12-30 19:43:34,194 [ERROR] LogOutputStream:75 - [STDERR_REDIRECT] 
2025-12-30 19:43:35,216 [ERROR] LogOutputStream:75 - [STDERR_REDIRECT] [Fatal Error] :1:1: Premature end of file.
2025-12-30 19:43:35,216 [ERROR] LogOutputStream:75 - [STDERR_REDIRECT] 
2025-12-30 19:43:36,296 [ERROR] LogOutputStream:75 - [STDERR_REDIRECT] [Fatal Error] :1:1: Premature end of file.
2025-12-30 19:43:36,296 [ERROR] LogOutputStream:75 - [STDERR_REDIRECT] 
2025-12-30 19:43:37,240 [ERROR] LogOutputStream:75 - [STDERR_REDIRECT] [Fatal Error] :1:1: Premature end of file.
2025-12-30 19:43:37,240 [ERROR] LogOutputStream:75 - [STDERR_REDIRECT] 
2025-12-30 19:43:38,276 [ERROR] LogOutputStream:75 - [STDERR_REDIRECT] [Fatal Error] :1:1: Premature end of file.
2025-12-30 19:43:38,277 [ERROR] LogOutputStream:75 - [STDERR_REDIRECT] 
2025-12-30 19:43:39,307 [ERROR] LogOutputStream:75 - [STDERR_REDIRECT] [Fatal Error] :1:1: Premature end of file.
2025-12-30 19:43:39,308 [ERROR] LogOutputStream:75 - [STDERR_REDIRECT] 
2025-12-30 19:43:40,235 [ERROR] LogOutputStream:75 - [STDERR_REDIRECT] [Fatal Error] :1:1: Premature end of file.
2025-12-30 19:43:40,236 [ERROR] LogOutputStream:75 - [STDERR_REDIRECT] 
2025-12-30 19:43:41,282 [ERROR] LogOutputStream:75 - [STDERR_REDIRECT] [Fatal Error] :1:1: Premature end of file.
2025-12-30 19:43:41,282 [ERROR] LogOutputStream:75 - [STDERR_REDIRECT] 
2025-12-30 19:43:42,182 [ERROR] LogOutputStream:75 - [STDERR_REDIRECT] [Fatal Error] :1:1: Premature end of file.
2025-12-30 19:43:42,182 [ERROR] LogOutputStream:75 - [STDERR_REDIRECT] 
2025-12-30 19:43:43,209 [ERROR] LogOutputStream:75 - [STDERR_REDIRECT] [Fatal Error] :1:1: Premature end of file.
2025-12-30 19:43:43,209 [ERROR] LogOutputStream:75 - [STDERR_REDIRECT] 
2025-12-30 19:43:44,185 [ERROR] LogOutputStream:75 - [STDERR_REDIRECT] [Fatal Error] :1:1: Premature end of file.
2025-12-30 19:43:44,186 [ERROR] LogOutputStream:75 - [STDERR_REDIRECT] 
2025-12-30 19:43:45,281 [ERROR] LogOutputStream:75 - [STDERR_REDIRECT] [Fatal Error] :1:1: Premature end of file.
2025-12-30 19:43:45,282 [ERROR] LogOutputStream:75 - [STDERR_REDIRECT] 
2025-12-30 19:43:46,290 [ERROR] LogOutputStream:75 - [STDERR_REDIRECT] [Fatal Error] :1:1: Premature end of file.
2025-12-30 19:43:46,290 [ERROR] LogOutputStream:75 - [STDERR_REDIRECT] 
2025-12-30 19:43:47,255 [ERROR] LogOutputStream:75 - [STDERR_REDIRECT] [Fatal Error] :1:1: Premature end of file.
2025-12-30 19:43:47,255 [ERROR] LogOutputStream:75 - [STDERR_REDIRECT] 
2025-12-30 19:43:48,181 [ERROR] LogOutputStream:75 - [STDERR_REDIRECT] [Fatal Error] :1:1: Premature end of file.
2025-12-30 19:43:48,181 [ERROR] LogOutputStream:75 - [STDERR_REDIRECT] 
2025-12-30 19:43:49,195 [ERROR] LogOutputStream:75 - [STDERR_REDIRECT] [Fatal Error] :1:1: Premature end of file.
2025-12-30 19:43:49,195 [ERROR] LogOutputStream:75 - [STDERR_REDIRECT] 
2025-12-30 19:43:50,182 [ERROR] LogOutputStream:75 - [STDERR_REDIRECT] [Fatal Error] :1:1: Premature end of file.
2025-12-30 19:43:50,182 [ERROR] LogOutputStream:75 - [STDERR_REDIRECT] 
2025-12-30 19:43:51,279 [ERROR] LogOutputStream:75 - [STDERR_REDIRECT] [Fatal Error] :1:1: Premature end of file.
2025-12-30 19:43:51,279 [ERROR] LogOutputStream:75 - [STDERR_REDIRECT] 
2025-12-30 19:43:52,186 [ERROR] LogOutputStream:75 - [STDERR_REDIRECT] [Fatal Error] :1:1: Premature end of file.
2025-12-30 19:43:52,187 [ERROR] LogOutputStream:75 - [STDERR_REDIRECT] 
2025-12-30 19:43:53,273 [ERROR] LogOutputStream:75 - [STDERR_REDIRECT] [Fatal Error] :1:1: Premature end of file.
2025-12-30 19:43:53,273 [ERROR] LogOutputStream:75 - [STDERR_REDIRECT] 
2025-12-30 19:43:54,275 [ERROR] LogOutputStream:75 - [STDERR_REDIRECT] [Fatal Error] :1:1: Premature end of file.
2025-12-30 19:43:54,275 [ERROR] LogOutputStream:75 - [STDERR_REDIRECT] 
2025-12-30 19:43:55,276 [ERROR] LogOutputStream:75 - [STDERR_REDIRECT] [Fatal Error] :1:1: Premature end of file.
2025-12-30 19:43:55,276 [ERROR] LogOutputStream:75 - [STDERR_REDIRECT] 
2025-12-30 19:43:56,278 [ERROR] LogOutputStream:75 - [STDERR_REDIRECT] [Fatal Error] :1:1: Premature end of file.
2025-12-30 19:43:56,279 [ERROR] LogOutputStream:75 - [STDERR_REDIRECT] 
2025-12-30 19:43:57,203 [ERROR] LogOutputStream:75 - [STDERR_REDIRECT] [Fatal Error] :1:1: Premature end of file.
2025-12-30 19:43:57,203 [ERROR] LogOutputStream:75 - [STDERR_REDIRECT] 
2025-12-30 19:43:58,282 [ERROR] LogOutputStream:75 - [STDERR_REDIRECT] [Fatal Error] :1:1: Premature end of file.
2025-12-30 19:43:58,283 [ERROR] LogOutputStream:75 - [STDERR_REDIRECT] 
2025-12-30 19:43:59,270 [ERROR] LogOutputStream:75 - [STDERR_REDIRECT] [Fatal Error] :1:1: Premature end of file.
2025-12-30 19:43:59,270 [ERROR] LogOutputStream:75 - [STDERR_REDIRECT] 
2025-12-30 19:44:00,282 [ERROR] LogOutputStream:75 - [STDERR_REDIRECT] [Fatal Error] :1:1: Premature end of file.
2025-12-30 19:44:00,282 [ERROR] LogOutputStream:75 - [STDERR_REDIRECT] 
2025-12-30 19:44:01,293 [ERROR] LogOutputStream:75 - [STDERR_REDIRECT] [Fatal Error] :1:1: Premature end of file.
2025-12-30 19:44:01,294 [ERROR] LogOutputStream:75 - [STDERR_REDIRECT] 
2025-12-30 19:44:02,218 [ERROR] LogOutputStream:75 - [STDERR_REDIRECT] [Fatal Error] :1:1: Premature end of file.
2025-12-30 19:44:02,218 [ERROR] LogOutputStream:75 - [STDERR_REDIRECT] 
2025-12-30 19:44:03,290 [ERROR] LogOutputStream:75 - [STDERR_REDIRECT] [Fatal Error] :1:1: Premature end of file.
2025-12-30 19:44:03,291 [ERROR] LogOutputStream:75 - [STDERR_REDIRECT] 
2025-12-30 19:44:04,275 [ERROR] LogOutputStream:75 - [STDERR_REDIRECT] [Fatal Error] :1:1: Premature end of file.
2025-12-30 19:44:04,275 [ERROR] LogOutputStream:75 - [STDERR_REDIRECT] 
2025-12-30 19:44:05,279 [ERROR] LogOutputStream:75 - [STDERR_REDIRECT] [Fatal Error] :1:1: Premature end of file.
2025-12-30 19:44:05,280 [ERROR] LogOutputStream:75 - [STDERR_REDIRECT] 
2025-12-30 19:44:06,301 [ERROR] LogOutputStream:75 - [STDERR_REDIRECT] [Fatal Error] :1:1: Premature end of file.
2025-12-30 19:44:06,302 [ERROR] LogOutputStream:75 - [STDERR_REDIRECT] 
2025-12-30 19:44:07,277 [ERROR] LogOutputStream:75 - [STDERR_REDIRECT] [Fatal Error] :1:1: Premature end of file.
2025-12-30 19:44:07,277 [ERROR] LogOutputStream:75 - [STDERR_REDIRECT] 
2025-12-30 19:44:08,273 [ERROR] LogOutputStream:75 - [STDERR_REDIRECT] [Fatal Error] :1:1: Premature end of file.
2025-12-30 19:44:08,274 [ERROR] LogOutputStream:75 - [STDERR_REDIRECT] 
2025-12-30 19:44:09,288 [ERROR] LogOutputStream:75 - [STDERR_REDIRECT] [Fatal Error] :1:1: Premature end of file.
2025-12-30 19:44:09,289 [ERROR] LogOutputStream:75 - [STDERR_REDIRECT] 
2025-12-30 19:44:10,274 [ERROR] LogOutputStream:75 - [STDERR_REDIRECT] [Fatal Error] :1:1: Premature end of file.
2025-12-30 19:44:10,274 [ERROR] LogOutputStream:75 - [STDERR_REDIRECT] 
2025-12-30 19:44:11,316 [ERROR] LogOutputStream:75 - [STDERR_REDIRECT] [Fatal Error] :1:1: Premature end of file.
2025-12-30 19:44:11,316 [ERROR] LogOutputStream:75 - [STDERR_REDIRECT] 
2025-12-30 19:44:12,271 [ERROR] LogOutputStream:75 - [STDERR_REDIRECT] [Fatal Error] :1:1: Premature end of file.
2025-12-30 19:44:12,272 [ERROR] LogOutputStream:75 - [STDERR_REDIRECT] 
2025-12-30 19:44:13,249 [ERROR] LogOutputStream:75 - [STDERR_REDIRECT] [Fatal Error] :1:1: Premature end of file.
2025-12-30 19:44:13,249 [ERROR] LogOutputStream:75 - [STDERR_REDIRECT] 
2025-12-30 19:44:14,213 [ERROR] LogOutputStream:75 - [STDERR_REDIRECT] [Fatal Error] :1:1: Premature end of file.
2025-12-30 19:44:14,214 [ERROR] LogOutputStream:75 - [STDERR_REDIRECT] 
2025-12-30 19:44:15,184 [ERROR] LogOutputStream:75 - [STDERR_REDIRECT] [Fatal Error] :1:1: Premature end of file.
2025-12-30 19:44:15,184 [ERROR] LogOutputStream:75 - [STDERR_REDIRECT] 
2025-12-30 19:44:16,278 [ERROR] LogOutputStream:75 - [STDERR_REDIRECT] [Fatal Error] :1:1: Premature end of file.
2025-12-30 19:44:16,278 [ERROR] LogOutputStream:75 - [STDERR_REDIRECT] 
2025-12-30 19:44:17,339 [ERROR] LogOutputStream:75 - [STDERR_REDIRECT] [Fatal Error] :1:1: Premature end of file.
2025-12-30 19:44:17,339 [ERROR] LogOutputStream:75 - [STDERR_REDIRECT] 
2025-12-30 19:44:18,325 [ERROR] LogOutputStream:75 - [STDERR_REDIRECT] [Fatal Error] :1:1: Premature end of file.
2025-12-30 19:44:18,326 [ERROR] LogOutputStream:75 - [STDERR_REDIRECT] 
2025-12-30 19:44:19,283 [ERROR] LogOutputStream:75 - [STDERR_REDIRECT] [Fatal Error] :1:1: Premature end of file.
2025-12-30 19:44:19,283 [ERROR] LogOutputStream:75 - [STDERR_REDIRECT] 
2025-12-30 19:44:20,183 [ERROR] LogOutputStream:75 - [STDERR_REDIRECT] [Fatal Error] :1:1: Premature end of file.
2025-12-30 19:44:20,183 [ERROR] LogOutputStream:75 - [STDERR_REDIRECT] 
2025-12-30 19:44:21,189 [ERROR] LogOutputStream:75 - [STDERR_REDIRECT] [Fatal Error] :1:1: Premature end of file.
2025-12-30 19:44:21,189 [ERROR] LogOutputStream:75 - [STDERR_REDIRECT] 
2025-12-30 19:44:22,183 [ERROR] LogOutputStream:75 - [STDERR_REDIRECT] [Fatal Error] :1:1: Premature end of file.
2025-12-30 19:44:22,183 [ERROR] LogOutputStream:75 - [STDERR_REDIRECT] 
2025-12-30 19:44:23,190 [ERROR] LogOutputStream:75 - [STDERR_REDIRECT] [Fatal Error] :1:1: Premature end of file.
2025-12-30 19:44:23,191 [ERROR] LogOutputStream:75 - [STDERR_REDIRECT] 
2025-12-30 19:44:24,186 [ERROR] LogOutputStream:75 - [STDERR_REDIRECT] [Fatal Error] :1:1: Premature end of file.
2025-12-30 19:44:24,186 [ERROR] LogOutputStream:75 - [STDERR_REDIRECT] 
2025-12-30 19:44:25,199 [ERROR] LogOutputStream:75 - [STDERR_REDIRECT] [Fatal Error] :1:1: Premature end of file.
2025-12-30 19:44:25,199 [ERROR] LogOutputStream:75 - [STDERR_REDIRECT] 
2025-12-30 19:44:26,182 [ERROR] LogOutputStream:75 - [STDERR_REDIRECT] [Fatal Error] :1:1: Premature end of file.
2025-12-30 19:44:26,182 [ERROR] LogOutputStream:75 - [STDERR_REDIRECT] 
2025-12-30 19:44:27,290 [ERROR] LogOutputStream:75 - [STDERR_REDIRECT] [Fatal Error] :1:1: Premature end of file.
2025-12-30 19:44:27,291 [ERROR] LogOutputStream:75 - [STDERR_REDIRECT] 
2025-12-30 19:44:28,204 [ERROR] LogOutputStream:75 - [STDERR_REDIRECT] [Fatal Error] :1:1: Premature end of file.
2025-12-30 19:44:28,205 [ERROR] LogOutputStream:75 - [STDERR_REDIRECT] 
2025-12-30 19:44:29,182 [ERROR] LogOutputStream:75 - [STDERR_REDIRECT] [Fatal Error] :1:1: Premature end of file.
2025-12-30 19:44:29,182 [ERROR] LogOutputStream:75 - [STDERR_REDIRECT] 
2025-12-30 19:44:30,187 [ERROR] LogOutputStream:75 - [STDERR_REDIRECT] [Fatal Error] :1:1: Premature end of file.
2025-12-30 19:44:30,188 [ERROR] LogOutputStream:75 - [STDERR_REDIRECT] 
2025-12-30 19:44:31,182 [ERROR] LogOutputStream:75 - [STDERR_REDIRECT] [Fatal Error] :1:1: Premature end of file.
2025-12-30 19:44:31,182 [ERROR] LogOutputStream:75 - [STDERR_REDIRECT] 
2025-12-30 19:44:32,197 [ERROR] LogOutputStream:75 - [STDERR_REDIRECT] [Fatal Error] :1:1: Premature end of file.
2025-12-30 19:44:32,197 [ERROR] LogOutputStream:75 - [STDERR_REDIRECT] 
2025-12-30 19:44:33,209 [ERROR] LogOutputStream:75 - [STDERR_REDIRECT] [Fatal Error] :1:1: Premature end of file.
2025-12-30 19:44:33,209 [ERROR] LogOutputStream:75 - [STDERR_REDIRECT] 
2025-12-30 19:44:34,217 [ERROR] LogOutputStream:75 - [STDERR_REDIRECT] [Fatal Error] :1:1: Premature end of file.
2025-12-30 19:44:34,217 [ERROR] LogOutputStream:75 - [STDERR_REDIRECT] 
2025-12-30 19:44:35,270 [ERROR] LogOutputStream:75 - [STDERR_REDIRECT] [Fatal Error] :1:1: Premature end of file.
2025-12-30 19:44:35,271 [ERROR] LogOutputStream:75 - [STDERR_REDIRECT] 
2025-12-30 19:44:36,276 [ERROR] LogOutputStream:75 - [STDERR_REDIRECT] [Fatal Error] :1:1: Premature end of file.
2025-12-30 19:44:36,277 [ERROR] LogOutputStream:75 - [STDERR_REDIRECT] 
2025-12-30 19:44:37,294 [ERROR] LogOutputStream:75 - [STDERR_REDIRECT] [Fatal Error] :1:1: Premature end of file.
2025-12-30 19:44:37,294 [ERROR] LogOutputStream:75 - [STDERR_REDIRECT] 
2025-12-30 19:44:38,276 [ERROR] LogOutputStream:75 - [STDERR_REDIRECT] [Fatal Error] :1:1: Premature end of file.
2025-12-30 19:44:38,276 [ERROR] LogOutputStream:75 - [STDERR_REDIRECT] 
2025-12-30 19:44:39,274 [ERROR] LogOutputStream:75 - [STDERR_REDIRECT] [Fatal Error] :1:1: Premature end of file.
2025-12-30 19:44:39,274 [ERROR] LogOutputStream:75 - [STDERR_REDIRECT] 
2025-12-30 19:44:40,295 [ERROR] LogOutputStream:75 - [STDERR_REDIRECT] [Fatal Error] :1:1: Premature end of file.
2025-12-30 19:44:40,295 [ERROR] LogOutputStream:75 - [STDERR_REDIRECT] 
2025-12-30 19:44:41,280 [ERROR] LogOutputStream:75 - [STDERR_REDIRECT] [Fatal Error] :1:1: Premature end of file.
2025-12-30 19:44:41,280 [ERROR] LogOutputStream:75 - [STDERR_REDIRECT] 
2025-12-30 19:44:42,217 [ERROR] LogOutputStream:75 - [STDERR_REDIRECT] [Fatal Error] :1:1: Premature end of file.
2025-12-30 19:44:42,218 [ERROR] LogOutputStream:75 - [STDERR_REDIRECT] 
2025-12-30 19:44:43,181 [ERROR] LogOutputStream:75 - [STDERR_REDIRECT] [Fatal Error] :1:1: Premature end of file.
2025-12-30 19:44:43,181 [ERROR] LogOutputStream:75 - [STDERR_REDIRECT] 
2025-12-30 19:44:44,278 [ERROR] LogOutputStream:75 - [STDERR_REDIRECT] [Fatal Error] :1:1: Premature end of file.
2025-12-30 19:44:44,278 [ERROR] LogOutputStream:75 - [STDERR_REDIRECT] 
2025-12-30 19:44:45,298 [ERROR] LogOutputStream:75 - [STDERR_REDIRECT] [Fatal Error] :1:1: Premature end of file.
2025-12-30 19:44:45,298 [ERROR] LogOutputStream:75 - [STDERR_REDIRECT] 
2025-12-30 19:44:46,274 [ERROR] LogOutputStream:75 - [STDERR_REDIRECT] [Fatal Error] :1:1: Premature end of file.
2025-12-30 19:44:46,274 [ERROR] LogOutputStream:75 - [STDERR_REDIRECT] 
2025-12-30 19:44:47,284 [ERROR] LogOutputStream:75 - [STDERR_REDIRECT] [Fatal Error] :1:1: Premature end of file.
2025-12-30 19:44:47,285 [ERROR] LogOutputStream:75 - [STDERR_REDIRECT] 
2025-12-30 19:44:48,279 [ERROR] LogOutputStream:75 - [STDERR_REDIRECT] [Fatal Error] :1:1: Premature end of file.
2025-12-30 19:44:48,280 [ERROR] LogOutputStream:75 - [STDERR_REDIRECT] 
2025-12-30 19:44:49,295 [ERROR] LogOutputStream:75 - [STDERR_REDIRECT] [Fatal Error] :1:1: Premature end of file.
2025-12-30 19:44:49,295 [ERROR] LogOutputStream:75 - [STDERR_REDIRECT] 
2025-12-30 19:44:50,289 [ERROR] LogOutputStream:75 - [STDERR_REDIRECT] [Fatal Error] :1:1: Premature end of file.
2025-12-30 19:44:50,289 [ERROR] LogOutputStream:75 - [STDERR_REDIRECT] 
2025-12-30 19:44:51,272 [ERROR] LogOutputStream:75 - [STDERR_REDIRECT] [Fatal Error] :1:1: Premature end of file.
2025-12-30 19:44:51,273 [ERROR] LogOutputStream:75 - [STDERR_REDIRECT] 
2025-12-30 19:44:52,295 [ERROR] LogOutputStream:75 - [STDERR_REDIRECT] [Fatal Error] :1:1: Premature end of file.
2025-12-30 19:44:52,295 [ERROR] LogOutputStream:75 - [STDERR_REDIRECT] 
2025-12-30 19:44:53,309 [ERROR] LogOutputStream:75 - [STDERR_REDIRECT] [Fatal Error] :1:1: Premature end of file.
2025-12-30 19:44:53,310 [ERROR] LogOutputStream:75 - [STDERR_REDIRECT] 
2025-12-30 19:44:54,277 [ERROR] LogOutputStream:75 - [STDERR_REDIRECT] [Fatal Error] :1:1: Premature end of file.
2025-12-30 19:44:54,278 [ERROR] LogOutputStream:75 - [STDERR_REDIRECT] 
2025-12-30 19:44:55,181 [ERROR] LogOutputStream:75 - [STDERR_REDIRECT] [Fatal Error] :1:1: Premature end of file.
2025-12-30 19:44:55,181 [ERROR] LogOutputStream:75 - [STDERR_REDIRECT] 
2025-12-30 19:44:56,294 [ERROR] LogOutputStream:75 - [STDERR_REDIRECT] [Fatal Error] :1:1: Premature end of file.
2025-12-30 19:44:56,295 [ERROR] LogOutputStream:75 - [STDERR_REDIRECT] 
2025-12-30 19:44:57,198 [ERROR] LogOutputStream:75 - [STDERR_REDIRECT] [Fatal Error] :1:1: Premature end of file.
2025-12-30 19:44:57,198 [ERROR] LogOutputStream:75 - [STDERR_REDIRECT] 
2025-12-30 19:44:58,267 [ERROR] LogOutputStream:75 - [STDERR_REDIRECT] [Fatal Error] :1:1: Premature end of file.
2025-12-30 19:44:58,268 [ERROR] LogOutputStream:75 - [STDERR_REDIRECT] 
2025-12-30 19:44:59,133 [INFO] NvicIntPanel:101 - NVIC parent = com.st.microxplorer.plugins.ip.nvic.MultiNvicIntPanel[,0,0,0x0,invalid,layout=javax.swing.BoxLayout,alignmentX=0.0,alignmentY=0.0,border=,flags=9,maximumSize=,minimumSize=,preferredSize=]
2025-12-30 19:44:59,188 [ERROR] LogOutputStream:75 - [STDERR_REDIRECT] [Fatal Error] :1:1: Premature end of file.
2025-12-30 19:44:59,188 [ERROR] LogOutputStream:75 - [STDERR_REDIRECT] 
2025-12-30 19:44:59,500 [INFO] NvicIntPanel:101 - NVIC parent = com.st.microxplorer.plugins.ip.nvic.MultiNvicIntPanel[,0,0,0x0,invalid,layout=javax.swing.BoxLayout,alignmentX=0.0,alignmentY=0.0,border=,flags=9,maximumSize=,minimumSize=,preferredSize=]
2025-12-30 19:45:00,183 [ERROR] LogOutputStream:75 - [STDERR_REDIRECT] [Fatal Error] :1:1: Premature end of file.
2025-12-30 19:45:00,183 [ERROR] LogOutputStream:75 - [STDERR_REDIRECT] 
2025-12-30 19:45:01,272 [ERROR] LogOutputStream:75 - [STDERR_REDIRECT] [Fatal Error] :1:1: Premature end of file.
2025-12-30 19:45:01,273 [ERROR] LogOutputStream:75 - [STDERR_REDIRECT] 
2025-12-30 19:45:02,297 [ERROR] LogOutputStream:75 - [STDERR_REDIRECT] [Fatal Error] :1:1: Premature end of file.
2025-12-30 19:45:02,297 [ERROR] LogOutputStream:75 - [STDERR_REDIRECT] 
2025-12-30 19:45:03,271 [ERROR] LogOutputStream:75 - [STDERR_REDIRECT] [Fatal Error] :1:1: Premature end of file.
2025-12-30 19:45:03,271 [ERROR] LogOutputStream:75 - [STDERR_REDIRECT] 
2025-12-30 19:45:04,289 [ERROR] LogOutputStream:75 - [STDERR_REDIRECT] [Fatal Error] :1:1: Premature end of file.
2025-12-30 19:45:04,290 [ERROR] LogOutputStream:75 - [STDERR_REDIRECT] 
2025-12-30 19:45:05,279 [ERROR] LogOutputStream:75 - [STDERR_REDIRECT] [Fatal Error] :1:1: Premature end of file.
2025-12-30 19:45:05,280 [ERROR] LogOutputStream:75 - [STDERR_REDIRECT] 
2025-12-30 19:45:06,182 [ERROR] LogOutputStream:75 - [STDERR_REDIRECT] [Fatal Error] :1:1: Premature end of file.
2025-12-30 19:45:06,182 [ERROR] LogOutputStream:75 - [STDERR_REDIRECT] 
2025-12-30 19:45:07,175 [ERROR] LogOutputStream:75 - [STDERR_REDIRECT] [Fatal Error] :1:1: Premature end of file.
2025-12-30 19:45:07,176 [ERROR] LogOutputStream:75 - [STDERR_REDIRECT] 
2025-12-30 19:45:08,184 [ERROR] LogOutputStream:75 - [STDERR_REDIRECT] [Fatal Error] :1:1: Premature end of file.
2025-12-30 19:45:08,185 [ERROR] LogOutputStream:75 - [STDERR_REDIRECT] 
2025-12-30 19:45:09,221 [ERROR] LogOutputStream:75 - [STDERR_REDIRECT] [Fatal Error] :1:1: Premature end of file.
2025-12-30 19:45:09,222 [ERROR] LogOutputStream:75 - [STDERR_REDIRECT] 
2025-12-30 19:45:09,300 [INFO] NvicIntPanel:101 - NVIC parent = com.st.microxplorer.plugins.ip.nvic.MultiNvicIntPanel[,0,0,526x270,layout=javax.swing.BoxLayout,alignmentX=0.0,alignmentY=0.0,border=,flags=9,maximumSize=,minimumSize=,preferredSize=]
2025-12-30 19:45:10,274 [ERROR] LogOutputStream:75 - [STDERR_REDIRECT] [Fatal Error] :1:1: Premature end of file.
2025-12-30 19:45:10,275 [ERROR] LogOutputStream:75 - [STDERR_REDIRECT] 
2025-12-30 19:45:10,853 [INFO] NvicIntPanel:101 - NVIC parent = com.st.microxplorer.plugins.ip.nvic.MultiNvicIntPanel[,0,0,0x0,invalid,layout=javax.swing.BoxLayout,alignmentX=0.0,alignmentY=0.0,border=,flags=9,maximumSize=,minimumSize=,preferredSize=]
2025-12-30 19:45:11,194 [ERROR] LogOutputStream:75 - [STDERR_REDIRECT] [Fatal Error] :1:1: Premature end of file.
2025-12-30 19:45:11,195 [ERROR] LogOutputStream:75 - [STDERR_REDIRECT] 
2025-12-30 19:45:12,183 [ERROR] LogOutputStream:75 - [STDERR_REDIRECT] [Fatal Error] :1:1: Premature end of file.
2025-12-30 19:45:12,183 [ERROR] LogOutputStream:75 - [STDERR_REDIRECT] 
2025-12-30 19:45:13,188 [ERROR] LogOutputStream:75 - [STDERR_REDIRECT] [Fatal Error] :1:1: Premature end of file.
2025-12-30 19:45:13,188 [ERROR] LogOutputStream:75 - [STDERR_REDIRECT] 
2025-12-30 19:45:14,284 [ERROR] LogOutputStream:75 - [STDERR_REDIRECT] [Fatal Error] :1:1: Premature end of file.
2025-12-30 19:45:14,285 [ERROR] LogOutputStream:75 - [STDERR_REDIRECT] 
2025-12-30 19:45:15,187 [ERROR] LogOutputStream:75 - [STDERR_REDIRECT] [Fatal Error] :1:1: Premature end of file.
2025-12-30 19:45:15,187 [ERROR] LogOutputStream:75 - [STDERR_REDIRECT] 
2025-12-30 19:45:16,192 [ERROR] LogOutputStream:75 - [STDERR_REDIRECT] [Fatal Error] :1:1: Premature end of file.
2025-12-30 19:45:16,192 [ERROR] LogOutputStream:75 - [STDERR_REDIRECT] 
2025-12-30 19:45:17,189 [ERROR] LogOutputStream:75 - [STDERR_REDIRECT] [Fatal Error] :1:1: Premature end of file.
2025-12-30 19:45:17,190 [ERROR] LogOutputStream:75 - [STDERR_REDIRECT] 
2025-12-30 19:45:18,287 [ERROR] LogOutputStream:75 - [STDERR_REDIRECT] [Fatal Error] :1:1: Premature end of file.
2025-12-30 19:45:18,288 [ERROR] LogOutputStream:75 - [STDERR_REDIRECT] 
2025-12-30 19:45:19,203 [ERROR] LogOutputStream:75 - [STDERR_REDIRECT] [Fatal Error] :1:1: Premature end of file.
2025-12-30 19:45:19,203 [ERROR] LogOutputStream:75 - [STDERR_REDIRECT] 
2025-12-30 19:45:20,277 [ERROR] LogOutputStream:75 - [STDERR_REDIRECT] [Fatal Error] :1:1: Premature end of file.
2025-12-30 19:45:20,277 [ERROR] LogOutputStream:75 - [STDERR_REDIRECT] 
2025-12-30 19:45:21,272 [ERROR] LogOutputStream:75 - [STDERR_REDIRECT] [Fatal Error] :1:1: Premature end of file.
2025-12-30 19:45:21,273 [ERROR] LogOutputStream:75 - [STDERR_REDIRECT] 
2025-12-30 19:45:22,275 [ERROR] LogOutputStream:75 - [STDERR_REDIRECT] [Fatal Error] :1:1: Premature end of file.
2025-12-30 19:45:22,275 [ERROR] LogOutputStream:75 - [STDERR_REDIRECT] 
2025-12-30 19:45:23,273 [ERROR] LogOutputStream:75 - [STDERR_REDIRECT] [Fatal Error] :1:1: Premature end of file.
2025-12-30 19:45:23,273 [ERROR] LogOutputStream:75 - [STDERR_REDIRECT] 
2025-12-30 19:45:24,193 [ERROR] LogOutputStream:75 - [STDERR_REDIRECT] [Fatal Error] :1:1: Premature end of file.
2025-12-30 19:45:24,193 [ERROR] LogOutputStream:75 - [STDERR_REDIRECT] 
2025-12-30 19:45:25,197 [ERROR] LogOutputStream:75 - [STDERR_REDIRECT] [Fatal Error] :1:1: Premature end of file.
2025-12-30 19:45:25,197 [ERROR] LogOutputStream:75 - [STDERR_REDIRECT] 
2025-12-30 19:45:26,188 [ERROR] LogOutputStream:75 - [STDERR_REDIRECT] [Fatal Error] :1:1: Premature end of file.
2025-12-30 19:45:26,188 [ERROR] LogOutputStream:75 - [STDERR_REDIRECT] 
2025-12-30 19:45:27,200 [ERROR] LogOutputStream:75 - [STDERR_REDIRECT] [Fatal Error] :1:1: Premature end of file.
2025-12-30 19:45:27,200 [ERROR] LogOutputStream:75 - [STDERR_REDIRECT] 
2025-12-30 19:45:28,367 [ERROR] LogOutputStream:75 - [STDERR_REDIRECT] [Fatal Error] :1:1: Premature end of file.
2025-12-30 19:45:28,367 [ERROR] LogOutputStream:75 - [STDERR_REDIRECT] 
2025-12-30 19:45:29,234 [ERROR] LogOutputStream:75 - [STDERR_REDIRECT] [Fatal Error] :1:1: Premature end of file.
2025-12-30 19:45:29,237 [ERROR] LogOutputStream:75 - [STDERR_REDIRECT] 
2025-12-30 19:45:30,224 [ERROR] LogOutputStream:75 - [STDERR_REDIRECT] [Fatal Error] :1:1: Premature end of file.
2025-12-30 19:45:30,224 [ERROR] LogOutputStream:75 - [STDERR_REDIRECT] 
2025-12-30 19:45:31,314 [ERROR] LogOutputStream:75 - [STDERR_REDIRECT] [Fatal Error] :1:1: Premature end of file.
2025-12-30 19:45:31,314 [ERROR] LogOutputStream:75 - [STDERR_REDIRECT] 
2025-12-30 19:45:32,301 [ERROR] LogOutputStream:75 - [STDERR_REDIRECT] [Fatal Error] :1:1: Premature end of file.
2025-12-30 19:45:32,301 [ERROR] LogOutputStream:75 - [STDERR_REDIRECT] 
2025-12-30 19:45:33,286 [ERROR] LogOutputStream:75 - [STDERR_REDIRECT] [Fatal Error] :1:1: Premature end of file.
2025-12-30 19:45:33,287 [ERROR] LogOutputStream:75 - [STDERR_REDIRECT] 
2025-12-30 19:45:34,250 [ERROR] LogOutputStream:75 - [STDERR_REDIRECT] [Fatal Error] :1:1: Premature end of file.
2025-12-30 19:45:34,251 [ERROR] LogOutputStream:75 - [STDERR_REDIRECT] 
2025-12-30 19:45:35,190 [ERROR] LogOutputStream:75 - [STDERR_REDIRECT] [Fatal Error] :1:1: Premature end of file.
2025-12-30 19:45:35,190 [ERROR] LogOutputStream:75 - [STDERR_REDIRECT] 
2025-12-30 19:45:36,201 [ERROR] LogOutputStream:75 - [STDERR_REDIRECT] [Fatal Error] :1:1: Premature end of file.
2025-12-30 19:45:36,201 [ERROR] LogOutputStream:75 - [STDERR_REDIRECT] 
2025-12-30 19:45:37,209 [ERROR] LogOutputStream:75 - [STDERR_REDIRECT] [Fatal Error] :1:1: Premature end of file.
2025-12-30 19:45:37,209 [ERROR] LogOutputStream:75 - [STDERR_REDIRECT] 
2025-12-30 19:45:38,284 [ERROR] LogOutputStream:75 - [STDERR_REDIRECT] [Fatal Error] :1:1: Premature end of file.
2025-12-30 19:45:38,284 [ERROR] LogOutputStream:75 - [STDERR_REDIRECT] 
2025-12-30 19:45:39,203 [ERROR] LogOutputStream:75 - [STDERR_REDIRECT] [Fatal Error] :1:1: Premature end of file.
2025-12-30 19:45:39,204 [ERROR] LogOutputStream:75 - [STDERR_REDIRECT] 
2025-12-30 19:45:40,197 [ERROR] LogOutputStream:75 - [STDERR_REDIRECT] [Fatal Error] :1:1: Premature end of file.
2025-12-30 19:45:40,197 [ERROR] LogOutputStream:75 - [STDERR_REDIRECT] 
2025-12-30 19:45:41,304 [ERROR] LogOutputStream:75 - [STDERR_REDIRECT] [Fatal Error] :1:1: Premature end of file.
2025-12-30 19:45:41,305 [ERROR] LogOutputStream:75 - [STDERR_REDIRECT] 
2025-12-30 19:45:42,187 [ERROR] LogOutputStream:75 - [STDERR_REDIRECT] [Fatal Error] :1:1: Premature end of file.
2025-12-30 19:45:42,187 [ERROR] LogOutputStream:75 - [STDERR_REDIRECT] 
2025-12-30 19:45:43,184 [ERROR] LogOutputStream:75 - [STDERR_REDIRECT] [Fatal Error] :1:1: Premature end of file.
2025-12-30 19:45:43,185 [ERROR] LogOutputStream:75 - [STDERR_REDIRECT] 
2025-12-30 19:45:44,300 [ERROR] LogOutputStream:75 - [STDERR_REDIRECT] [Fatal Error] :1:1: Premature end of file.
2025-12-30 19:45:44,302 [ERROR] LogOutputStream:75 - [STDERR_REDIRECT] 
2025-12-30 19:45:45,207 [ERROR] LogOutputStream:75 - [STDERR_REDIRECT] [Fatal Error] :1:1: Premature end of file.
2025-12-30 19:45:45,207 [ERROR] LogOutputStream:75 - [STDERR_REDIRECT] 
2025-12-30 19:45:46,190 [ERROR] LogOutputStream:75 - [STDERR_REDIRECT] [Fatal Error] :1:1: Premature end of file.
2025-12-30 19:45:46,190 [ERROR] LogOutputStream:75 - [STDERR_REDIRECT] 
2025-12-30 19:45:47,187 [ERROR] LogOutputStream:75 - [STDERR_REDIRECT] [Fatal Error] :1:1: Premature end of file.
2025-12-30 19:45:47,188 [ERROR] LogOutputStream:75 - [STDERR_REDIRECT] 
2025-12-30 19:45:47,337 [INFO] NvicIntPanel:101 - NVIC parent = com.st.microxplorer.plugins.ip.nvic.MultiNvicIntPanel[,0,0,0x0,invalid,layout=javax.swing.BoxLayout,alignmentX=0.0,alignmentY=0.0,border=,flags=9,maximumSize=,minimumSize=,preferredSize=]
2025-12-30 19:45:47,998 [INFO] NvicIntPanel:101 - NVIC parent = com.st.microxplorer.plugins.ip.nvic.MultiNvicIntPanel[,0,0,0x0,invalid,layout=javax.swing.BoxLayout,alignmentX=0.0,alignmentY=0.0,border=,flags=9,maximumSize=,minimumSize=,preferredSize=]
2025-12-30 19:45:48,195 [ERROR] LogOutputStream:75 - [STDERR_REDIRECT] [Fatal Error] :1:1: Premature end of file.
2025-12-30 19:45:48,195 [ERROR] LogOutputStream:75 - [STDERR_REDIRECT] 
2025-12-30 19:45:49,277 [ERROR] LogOutputStream:75 - [STDERR_REDIRECT] [Fatal Error] :1:1: Premature end of file.
2025-12-30 19:45:49,277 [ERROR] LogOutputStream:75 - [STDERR_REDIRECT] 
2025-12-30 19:45:50,279 [ERROR] LogOutputStream:75 - [STDERR_REDIRECT] [Fatal Error] :1:1: Premature end of file.
2025-12-30 19:45:50,279 [ERROR] LogOutputStream:75 - [STDERR_REDIRECT] 
2025-12-30 19:45:51,275 [ERROR] LogOutputStream:75 - [STDERR_REDIRECT] [Fatal Error] :1:1: Premature end of file.
2025-12-30 19:45:51,276 [ERROR] LogOutputStream:75 - [STDERR_REDIRECT] 
2025-12-30 19:45:52,255 [ERROR] LogOutputStream:75 - [STDERR_REDIRECT] [Fatal Error] :1:1: Premature end of file.
2025-12-30 19:45:52,255 [ERROR] LogOutputStream:75 - [STDERR_REDIRECT] 
2025-12-30 19:45:53,304 [ERROR] LogOutputStream:75 - [STDERR_REDIRECT] [Fatal Error] :1:1: Premature end of file.
2025-12-30 19:45:53,305 [ERROR] LogOutputStream:75 - [STDERR_REDIRECT] 
2025-12-30 19:45:54,272 [ERROR] LogOutputStream:75 - [STDERR_REDIRECT] [Fatal Error] :1:1: Premature end of file.
2025-12-30 19:45:54,273 [ERROR] LogOutputStream:75 - [STDERR_REDIRECT] 
2025-12-30 19:45:55,276 [ERROR] LogOutputStream:75 - [STDERR_REDIRECT] [Fatal Error] :1:1: Premature end of file.
2025-12-30 19:45:55,277 [ERROR] LogOutputStream:75 - [STDERR_REDIRECT] 
2025-12-30 19:45:56,277 [ERROR] LogOutputStream:75 - [STDERR_REDIRECT] [Fatal Error] :1:1: Premature end of file.
2025-12-30 19:45:56,277 [ERROR] LogOutputStream:75 - [STDERR_REDIRECT] 
2025-12-30 19:45:57,274 [ERROR] LogOutputStream:75 - [STDERR_REDIRECT] [Fatal Error] :1:1: Premature end of file.
2025-12-30 19:45:57,274 [ERROR] LogOutputStream:75 - [STDERR_REDIRECT] 
2025-12-30 19:45:58,288 [ERROR] LogOutputStream:75 - [STDERR_REDIRECT] [Fatal Error] :1:1: Premature end of file.
2025-12-30 19:45:58,289 [ERROR] LogOutputStream:75 - [STDERR_REDIRECT] 
2025-12-30 19:45:59,277 [ERROR] LogOutputStream:75 - [STDERR_REDIRECT] [Fatal Error] :1:1: Premature end of file.
2025-12-30 19:45:59,278 [ERROR] LogOutputStream:75 - [STDERR_REDIRECT] 
2025-12-30 19:46:00,288 [ERROR] LogOutputStream:75 - [STDERR_REDIRECT] [Fatal Error] :1:1: Premature end of file.
2025-12-30 19:46:00,289 [ERROR] LogOutputStream:75 - [STDERR_REDIRECT] 
2025-12-30 19:46:01,271 [ERROR] LogOutputStream:75 - [STDERR_REDIRECT] [Fatal Error] :1:1: Premature end of file.
2025-12-30 19:46:01,271 [ERROR] LogOutputStream:75 - [STDERR_REDIRECT] 
2025-12-30 19:46:02,192 [ERROR] LogOutputStream:75 - [STDERR_REDIRECT] [Fatal Error] :1:1: Premature end of file.
2025-12-30 19:46:02,192 [ERROR] LogOutputStream:75 - [STDERR_REDIRECT] 
2025-12-30 19:46:03,273 [ERROR] LogOutputStream:75 - [STDERR_REDIRECT] [Fatal Error] :1:1: Premature end of file.
2025-12-30 19:46:03,274 [ERROR] LogOutputStream:75 - [STDERR_REDIRECT] 
2025-12-30 19:46:04,230 [ERROR] LogOutputStream:75 - [STDERR_REDIRECT] [Fatal Error] :1:1: Premature end of file.
2025-12-30 19:46:04,231 [ERROR] LogOutputStream:75 - [STDERR_REDIRECT] 
2025-12-30 19:46:05,244 [ERROR] LogOutputStream:75 - [STDERR_REDIRECT] [Fatal Error] :1:1: Premature end of file.
2025-12-30 19:46:05,244 [ERROR] LogOutputStream:75 - [STDERR_REDIRECT] 
2025-12-30 19:46:06,194 [ERROR] LogOutputStream:75 - [STDERR_REDIRECT] [Fatal Error] :1:1: Premature end of file.
2025-12-30 19:46:06,194 [ERROR] LogOutputStream:75 - [STDERR_REDIRECT] 
2025-12-30 19:46:07,300 [ERROR] LogOutputStream:75 - [STDERR_REDIRECT] [Fatal Error] :1:1: Premature end of file.
2025-12-30 19:46:07,300 [ERROR] LogOutputStream:75 - [STDERR_REDIRECT] 
2025-12-30 19:46:08,249 [ERROR] LogOutputStream:75 - [STDERR_REDIRECT] [Fatal Error] :1:1: Premature end of file.
2025-12-30 19:46:08,249 [ERROR] LogOutputStream:75 - [STDERR_REDIRECT] 
2025-12-30 19:46:09,191 [ERROR] LogOutputStream:75 - [STDERR_REDIRECT] [Fatal Error] :1:1: Premature end of file.
2025-12-30 19:46:09,192 [ERROR] LogOutputStream:75 - [STDERR_REDIRECT] 
2025-12-30 19:46:10,182 [ERROR] LogOutputStream:75 - [STDERR_REDIRECT] [Fatal Error] :1:1: Premature end of file.
2025-12-30 19:46:10,183 [ERROR] LogOutputStream:75 - [STDERR_REDIRECT] 
2025-12-30 19:46:11,188 [ERROR] LogOutputStream:75 - [STDERR_REDIRECT] [Fatal Error] :1:1: Premature end of file.
2025-12-30 19:46:11,188 [ERROR] LogOutputStream:75 - [STDERR_REDIRECT] 
2025-12-30 19:46:12,182 [ERROR] LogOutputStream:75 - [STDERR_REDIRECT] [Fatal Error] :1:1: Premature end of file.
2025-12-30 19:46:12,182 [ERROR] LogOutputStream:75 - [STDERR_REDIRECT] 
2025-12-30 19:46:13,183 [ERROR] LogOutputStream:75 - [STDERR_REDIRECT] [Fatal Error] :1:1: Premature end of file.
2025-12-30 19:46:13,183 [ERROR] LogOutputStream:75 - [STDERR_REDIRECT] 
2025-12-30 19:46:14,189 [ERROR] LogOutputStream:75 - [STDERR_REDIRECT] [Fatal Error] :1:1: Premature end of file.
2025-12-30 19:46:14,190 [ERROR] LogOutputStream:75 - [STDERR_REDIRECT] 
2025-12-30 19:46:14,873 [INFO] NvicIntPanel:101 - NVIC parent = com.st.microxplorer.plugins.ip.nvic.MultiNvicIntPanel[,0,0,0x0,invalid,layout=javax.swing.BoxLayout,alignmentX=0.0,alignmentY=0.0,border=,flags=9,maximumSize=,minimumSize=,preferredSize=]
2025-12-30 19:46:15,276 [ERROR] LogOutputStream:75 - [STDERR_REDIRECT] [Fatal Error] :1:1: Premature end of file.
2025-12-30 19:46:15,277 [ERROR] LogOutputStream:75 - [STDERR_REDIRECT] 
2025-12-30 19:46:16,293 [ERROR] LogOutputStream:75 - [STDERR_REDIRECT] [Fatal Error] :1:1: Premature end of file.
2025-12-30 19:46:16,293 [ERROR] LogOutputStream:75 - [STDERR_REDIRECT] 
2025-12-30 19:46:17,191 [ERROR] LogOutputStream:75 - [STDERR_REDIRECT] [Fatal Error] :1:1: Premature end of file.
2025-12-30 19:46:17,192 [ERROR] LogOutputStream:75 - [STDERR_REDIRECT] 
2025-12-30 19:46:18,284 [ERROR] LogOutputStream:75 - [STDERR_REDIRECT] [Fatal Error] :1:1: Premature end of file.
2025-12-30 19:46:18,285 [ERROR] LogOutputStream:75 - [STDERR_REDIRECT] 
2025-12-30 19:46:19,214 [ERROR] LogOutputStream:75 - [STDERR_REDIRECT] [Fatal Error] :1:1: Premature end of file.
2025-12-30 19:46:19,214 [ERROR] LogOutputStream:75 - [STDERR_REDIRECT] 
2025-12-30 19:46:20,197 [ERROR] LogOutputStream:75 - [STDERR_REDIRECT] [Fatal Error] :1:1: Premature end of file.
2025-12-30 19:46:20,197 [ERROR] LogOutputStream:75 - [STDERR_REDIRECT] 
2025-12-30 19:46:21,174 [ERROR] LogOutputStream:75 - [STDERR_REDIRECT] [Fatal Error] :1:1: Premature end of file.
2025-12-30 19:46:21,175 [ERROR] LogOutputStream:75 - [STDERR_REDIRECT] 
2025-12-30 19:46:22,172 [ERROR] LogOutputStream:75 - [STDERR_REDIRECT] [Fatal Error] :1:1: Premature end of file.
2025-12-30 19:46:22,172 [ERROR] LogOutputStream:75 - [STDERR_REDIRECT] 
2025-12-30 19:46:23,192 [ERROR] LogOutputStream:75 - [STDERR_REDIRECT] [Fatal Error] :1:1: Premature end of file.
2025-12-30 19:46:23,192 [ERROR] LogOutputStream:75 - [STDERR_REDIRECT] 
2025-12-30 19:46:24,268 [ERROR] LogOutputStream:75 - [STDERR_REDIRECT] [Fatal Error] :1:1: Premature end of file.
2025-12-30 19:46:24,268 [ERROR] LogOutputStream:75 - [STDERR_REDIRECT] 
2025-12-30 19:46:25,289 [ERROR] LogOutputStream:75 - [STDERR_REDIRECT] [Fatal Error] :1:1: Premature end of file.
2025-12-30 19:46:25,290 [ERROR] LogOutputStream:75 - [STDERR_REDIRECT] 
2025-12-30 19:46:26,279 [ERROR] LogOutputStream:75 - [STDERR_REDIRECT] [Fatal Error] :1:1: Premature end of file.
2025-12-30 19:46:26,279 [ERROR] LogOutputStream:75 - [STDERR_REDIRECT] 
2025-12-30 19:46:27,287 [ERROR] LogOutputStream:75 - [STDERR_REDIRECT] [Fatal Error] :1:1: Premature end of file.
2025-12-30 19:46:27,288 [ERROR] LogOutputStream:75 - [STDERR_REDIRECT] 
2025-12-30 19:46:28,237 [ERROR] LogOutputStream:75 - [STDERR_REDIRECT] [Fatal Error] :1:1: Premature end of file.
2025-12-30 19:46:28,237 [ERROR] LogOutputStream:75 - [STDERR_REDIRECT] 
2025-12-30 19:46:29,188 [ERROR] LogOutputStream:75 - [STDERR_REDIRECT] [Fatal Error] :1:1: Premature end of file.
2025-12-30 19:46:29,188 [ERROR] LogOutputStream:75 - [STDERR_REDIRECT] 
2025-12-30 19:46:30,289 [ERROR] LogOutputStream:75 - [STDERR_REDIRECT] [Fatal Error] :1:1: Premature end of file.
2025-12-30 19:46:30,290 [ERROR] LogOutputStream:75 - [STDERR_REDIRECT] 
2025-12-30 19:46:31,182 [ERROR] LogOutputStream:75 - [STDERR_REDIRECT] [Fatal Error] :1:1: Premature end of file.
2025-12-30 19:46:31,182 [ERROR] LogOutputStream:75 - [STDERR_REDIRECT] 
2025-12-30 19:46:32,183 [ERROR] LogOutputStream:75 - [STDERR_REDIRECT] [Fatal Error] :1:1: Premature end of file.
2025-12-30 19:46:32,184 [ERROR] LogOutputStream:75 - [STDERR_REDIRECT] 
2025-12-30 19:46:33,294 [ERROR] LogOutputStream:75 - [STDERR_REDIRECT] [Fatal Error] :1:1: Premature end of file.
2025-12-30 19:46:33,294 [ERROR] LogOutputStream:75 - [STDERR_REDIRECT] 
2025-12-30 19:46:34,307 [ERROR] LogOutputStream:75 - [STDERR_REDIRECT] [Fatal Error] :1:1: Premature end of file.
2025-12-30 19:46:34,308 [ERROR] LogOutputStream:75 - [STDERR_REDIRECT] 
2025-12-30 19:46:35,290 [ERROR] LogOutputStream:75 - [STDERR_REDIRECT] [Fatal Error] :1:1: Premature end of file.
2025-12-30 19:46:35,291 [ERROR] LogOutputStream:75 - [STDERR_REDIRECT] 
2025-12-30 19:46:36,294 [ERROR] LogOutputStream:75 - [STDERR_REDIRECT] [Fatal Error] :1:1: Premature end of file.
2025-12-30 19:46:36,294 [ERROR] LogOutputStream:75 - [STDERR_REDIRECT] 
2025-12-30 19:46:37,310 [ERROR] LogOutputStream:75 - [STDERR_REDIRECT] [Fatal Error] :1:1: Premature end of file.
2025-12-30 19:46:37,311 [ERROR] LogOutputStream:75 - [STDERR_REDIRECT] 
2025-12-30 19:46:38,295 [ERROR] LogOutputStream:75 - [STDERR_REDIRECT] [Fatal Error] :1:1: Premature end of file.
2025-12-30 19:46:38,296 [ERROR] LogOutputStream:75 - [STDERR_REDIRECT] 
2025-12-30 19:46:39,275 [ERROR] LogOutputStream:75 - [STDERR_REDIRECT] [Fatal Error] :1:1: Premature end of file.
2025-12-30 19:46:39,276 [ERROR] LogOutputStream:75 - [STDERR_REDIRECT] 
2025-12-30 19:46:40,295 [ERROR] LogOutputStream:75 - [STDERR_REDIRECT] [Fatal Error] :1:1: Premature end of file.
2025-12-30 19:46:40,295 [ERROR] LogOutputStream:75 - [STDERR_REDIRECT] 
2025-12-30 19:46:41,294 [ERROR] LogOutputStream:75 - [STDERR_REDIRECT] [Fatal Error] :1:1: Premature end of file.
2025-12-30 19:46:41,294 [ERROR] LogOutputStream:75 - [STDERR_REDIRECT] 
2025-12-30 19:46:42,280 [ERROR] LogOutputStream:75 - [STDERR_REDIRECT] [Fatal Error] :1:1: Premature end of file.
2025-12-30 19:46:42,280 [ERROR] LogOutputStream:75 - [STDERR_REDIRECT] 
2025-12-30 19:46:43,290 [ERROR] LogOutputStream:75 - [STDERR_REDIRECT] [Fatal Error] :1:1: Premature end of file.
2025-12-30 19:46:43,290 [ERROR] LogOutputStream:75 - [STDERR_REDIRECT] 
2025-12-30 19:46:44,225 [ERROR] LogOutputStream:75 - [STDERR_REDIRECT] [Fatal Error] :1:1: Premature end of file.
2025-12-30 19:46:44,225 [ERROR] LogOutputStream:75 - [STDERR_REDIRECT] 
2025-12-30 19:46:45,196 [ERROR] LogOutputStream:75 - [STDERR_REDIRECT] [Fatal Error] :1:1: Premature end of file.
2025-12-30 19:46:45,197 [ERROR] LogOutputStream:75 - [STDERR_REDIRECT] 
2025-12-30 19:46:46,296 [ERROR] LogOutputStream:75 - [STDERR_REDIRECT] [Fatal Error] :1:1: Premature end of file.
2025-12-30 19:46:46,296 [ERROR] LogOutputStream:75 - [STDERR_REDIRECT] 
2025-12-30 19:46:47,187 [ERROR] LogOutputStream:75 - [STDERR_REDIRECT] [Fatal Error] :1:1: Premature end of file.
2025-12-30 19:46:47,187 [ERROR] LogOutputStream:75 - [STDERR_REDIRECT] 
2025-12-30 19:46:48,183 [ERROR] LogOutputStream:75 - [STDERR_REDIRECT] [Fatal Error] :1:1: Premature end of file.
2025-12-30 19:46:48,183 [ERROR] LogOutputStream:75 - [STDERR_REDIRECT] 
2025-12-30 19:46:49,272 [ERROR] LogOutputStream:75 - [STDERR_REDIRECT] [Fatal Error] :1:1: Premature end of file.
2025-12-30 19:46:49,273 [ERROR] LogOutputStream:75 - [STDERR_REDIRECT] 
2025-12-30 19:46:50,296 [ERROR] LogOutputStream:75 - [STDERR_REDIRECT] [Fatal Error] :1:1: Premature end of file.
2025-12-30 19:46:50,297 [ERROR] LogOutputStream:75 - [STDERR_REDIRECT] 
2025-12-30 19:46:51,273 [ERROR] LogOutputStream:75 - [STDERR_REDIRECT] [Fatal Error] :1:1: Premature end of file.
2025-12-30 19:46:51,273 [ERROR] LogOutputStream:75 - [STDERR_REDIRECT] 
2025-12-30 19:46:52,183 [ERROR] LogOutputStream:75 - [STDERR_REDIRECT] [Fatal Error] :1:1: Premature end of file.
2025-12-30 19:46:52,183 [ERROR] LogOutputStream:75 - [STDERR_REDIRECT] 
2025-12-30 19:46:53,260 [ERROR] LogOutputStream:75 - [STDERR_REDIRECT] [Fatal Error] :1:1: Premature end of file.
2025-12-30 19:46:53,260 [ERROR] LogOutputStream:75 - [STDERR_REDIRECT] 
2025-12-30 19:46:54,195 [ERROR] LogOutputStream:75 - [STDERR_REDIRECT] [Fatal Error] :1:1: Premature end of file.
2025-12-30 19:46:54,195 [ERROR] LogOutputStream:75 - [STDERR_REDIRECT] 
2025-12-30 19:46:55,280 [ERROR] LogOutputStream:75 - [STDERR_REDIRECT] [Fatal Error] :1:1: Premature end of file.
2025-12-30 19:46:55,280 [ERROR] LogOutputStream:75 - [STDERR_REDIRECT] 
2025-12-30 19:46:56,260 [ERROR] LogOutputStream:75 - [STDERR_REDIRECT] [Fatal Error] :1:1: Premature end of file.
2025-12-30 19:46:56,260 [ERROR] LogOutputStream:75 - [STDERR_REDIRECT] 
2025-12-30 19:46:57,274 [ERROR] LogOutputStream:75 - [STDERR_REDIRECT] [Fatal Error] :1:1: Premature end of file.
2025-12-30 19:46:57,274 [ERROR] LogOutputStream:75 - [STDERR_REDIRECT] 
2025-12-30 19:46:58,317 [ERROR] LogOutputStream:75 - [STDERR_REDIRECT] [Fatal Error] :1:1: Premature end of file.
2025-12-30 19:46:58,317 [ERROR] LogOutputStream:75 - [STDERR_REDIRECT] 
2025-12-30 19:46:59,205 [ERROR] LogOutputStream:75 - [STDERR_REDIRECT] [Fatal Error] :1:1: Premature end of file.
2025-12-30 19:46:59,205 [ERROR] LogOutputStream:75 - [STDERR_REDIRECT] 
2025-12-30 19:47:00,195 [ERROR] LogOutputStream:75 - [STDERR_REDIRECT] [Fatal Error] :1:1: Premature end of file.
2025-12-30 19:47:00,195 [ERROR] LogOutputStream:75 - [STDERR_REDIRECT] 
2025-12-30 19:47:01,281 [ERROR] LogOutputStream:75 - [STDERR_REDIRECT] [Fatal Error] :1:1: Premature end of file.
2025-12-30 19:47:01,281 [ERROR] LogOutputStream:75 - [STDERR_REDIRECT] 
2025-12-30 19:47:02,204 [ERROR] LogOutputStream:75 - [STDERR_REDIRECT] [Fatal Error] :1:1: Premature end of file.
2025-12-30 19:47:02,204 [ERROR] LogOutputStream:75 - [STDERR_REDIRECT] 
2025-12-30 19:47:03,292 [ERROR] LogOutputStream:75 - [STDERR_REDIRECT] [Fatal Error] :1:1: Premature end of file.
2025-12-30 19:47:03,292 [ERROR] LogOutputStream:75 - [STDERR_REDIRECT] 
2025-12-30 19:47:04,278 [ERROR] LogOutputStream:75 - [STDERR_REDIRECT] [Fatal Error] :1:1: Premature end of file.
2025-12-30 19:47:04,278 [ERROR] LogOutputStream:75 - [STDERR_REDIRECT] 
2025-12-30 19:47:05,195 [ERROR] LogOutputStream:75 - [STDERR_REDIRECT] [Fatal Error] :1:1: Premature end of file.
2025-12-30 19:47:05,195 [ERROR] LogOutputStream:75 - [STDERR_REDIRECT] 
2025-12-30 19:47:06,190 [ERROR] LogOutputStream:75 - [STDERR_REDIRECT] [Fatal Error] :1:1: Premature end of file.
2025-12-30 19:47:06,190 [ERROR] LogOutputStream:75 - [STDERR_REDIRECT] 
2025-12-30 19:47:07,285 [ERROR] LogOutputStream:75 - [STDERR_REDIRECT] [Fatal Error] :1:1: Premature end of file.
2025-12-30 19:47:07,286 [ERROR] LogOutputStream:75 - [STDERR_REDIRECT] 
2025-12-30 19:47:08,216 [ERROR] LogOutputStream:75 - [STDERR_REDIRECT] [Fatal Error] :1:1: Premature end of file.
2025-12-30 19:47:08,216 [ERROR] LogOutputStream:75 - [STDERR_REDIRECT] 
2025-12-30 19:47:09,188 [ERROR] LogOutputStream:75 - [STDERR_REDIRECT] [Fatal Error] :1:1: Premature end of file.
2025-12-30 19:47:09,188 [ERROR] LogOutputStream:75 - [STDERR_REDIRECT] 
2025-12-30 19:47:10,185 [ERROR] LogOutputStream:75 - [STDERR_REDIRECT] [Fatal Error] :1:1: Premature end of file.
2025-12-30 19:47:10,185 [ERROR] LogOutputStream:75 - [STDERR_REDIRECT] 
2025-12-30 19:47:11,184 [ERROR] LogOutputStream:75 - [STDERR_REDIRECT] [Fatal Error] :1:1: Premature end of file.
2025-12-30 19:47:11,184 [ERROR] LogOutputStream:75 - [STDERR_REDIRECT] 
2025-12-30 19:47:12,195 [ERROR] LogOutputStream:75 - [STDERR_REDIRECT] [Fatal Error] :1:1: Premature end of file.
2025-12-30 19:47:12,196 [ERROR] LogOutputStream:75 - [STDERR_REDIRECT] 
2025-12-30 19:47:13,183 [ERROR] LogOutputStream:75 - [STDERR_REDIRECT] [Fatal Error] :1:1: Premature end of file.
2025-12-30 19:47:13,183 [ERROR] LogOutputStream:75 - [STDERR_REDIRECT] 
2025-12-30 19:47:14,273 [ERROR] LogOutputStream:75 - [STDERR_REDIRECT] [Fatal Error] :1:1: Premature end of file.
2025-12-30 19:47:14,274 [ERROR] LogOutputStream:75 - [STDERR_REDIRECT] 
2025-12-30 19:47:15,195 [ERROR] LogOutputStream:75 - [STDERR_REDIRECT] [Fatal Error] :1:1: Premature end of file.
2025-12-30 19:47:15,195 [ERROR] LogOutputStream:75 - [STDERR_REDIRECT] 
2025-12-30 19:47:16,191 [ERROR] LogOutputStream:75 - [STDERR_REDIRECT] [Fatal Error] :1:1: Premature end of file.
2025-12-30 19:47:16,191 [ERROR] LogOutputStream:75 - [STDERR_REDIRECT] 
2025-12-30 19:47:17,188 [ERROR] LogOutputStream:75 - [STDERR_REDIRECT] [Fatal Error] :1:1: Premature end of file.
2025-12-30 19:47:17,188 [ERROR] LogOutputStream:75 - [STDERR_REDIRECT] 
2025-12-30 19:47:18,187 [ERROR] LogOutputStream:75 - [STDERR_REDIRECT] [Fatal Error] :1:1: Premature end of file.
2025-12-30 19:47:18,188 [ERROR] LogOutputStream:75 - [STDERR_REDIRECT] 
2025-12-30 19:47:19,183 [ERROR] LogOutputStream:75 - [STDERR_REDIRECT] [Fatal Error] :1:1: Premature end of file.
2025-12-30 19:47:19,183 [ERROR] LogOutputStream:75 - [STDERR_REDIRECT] 
2025-12-30 19:47:20,188 [ERROR] LogOutputStream:75 - [STDERR_REDIRECT] [Fatal Error] :1:1: Premature end of file.
2025-12-30 19:47:20,189 [ERROR] LogOutputStream:75 - [STDERR_REDIRECT] 
2025-12-30 19:47:21,189 [ERROR] LogOutputStream:75 - [STDERR_REDIRECT] [Fatal Error] :1:1: Premature end of file.
2025-12-30 19:47:21,190 [ERROR] LogOutputStream:75 - [STDERR_REDIRECT] 
2025-12-30 19:47:22,196 [ERROR] LogOutputStream:75 - [STDERR_REDIRECT] [Fatal Error] :1:1: Premature end of file.
2025-12-30 19:47:22,197 [ERROR] LogOutputStream:75 - [STDERR_REDIRECT] 
2025-12-30 19:47:23,184 [ERROR] LogOutputStream:75 - [STDERR_REDIRECT] [Fatal Error] :1:1: Premature end of file.
2025-12-30 19:47:23,184 [ERROR] LogOutputStream:75 - [STDERR_REDIRECT] 
2025-12-30 19:47:24,182 [ERROR] LogOutputStream:75 - [STDERR_REDIRECT] [Fatal Error] :1:1: Premature end of file.
2025-12-30 19:47:24,182 [ERROR] LogOutputStream:75 - [STDERR_REDIRECT] 
2025-12-30 19:47:25,195 [ERROR] LogOutputStream:75 - [STDERR_REDIRECT] [Fatal Error] :1:1: Premature end of file.
2025-12-30 19:47:25,196 [ERROR] LogOutputStream:75 - [STDERR_REDIRECT] 
2025-12-30 19:47:26,276 [ERROR] LogOutputStream:75 - [STDERR_REDIRECT] [Fatal Error] :1:1: Premature end of file.
2025-12-30 19:47:26,277 [ERROR] LogOutputStream:75 - [STDERR_REDIRECT] 
2025-12-30 19:47:27,282 [ERROR] LogOutputStream:75 - [STDERR_REDIRECT] [Fatal Error] :1:1: Premature end of file.
2025-12-30 19:47:27,282 [ERROR] LogOutputStream:75 - [STDERR_REDIRECT] 
2025-12-30 19:47:28,276 [ERROR] LogOutputStream:75 - [STDERR_REDIRECT] [Fatal Error] :1:1: Premature end of file.
2025-12-30 19:47:28,277 [ERROR] LogOutputStream:75 - [STDERR_REDIRECT] 
2025-12-30 19:47:29,224 [ERROR] LogOutputStream:75 - [STDERR_REDIRECT] [Fatal Error] :1:1: Premature end of file.
2025-12-30 19:47:29,224 [ERROR] LogOutputStream:75 - [STDERR_REDIRECT] 
2025-12-30 19:47:30,228 [ERROR] LogOutputStream:75 - [STDERR_REDIRECT] [Fatal Error] :1:1: Premature end of file.
2025-12-30 19:47:30,228 [ERROR] LogOutputStream:75 - [STDERR_REDIRECT] 
2025-12-30 19:47:31,233 [ERROR] LogOutputStream:75 - [STDERR_REDIRECT] [Fatal Error] :1:1: Premature end of file.
2025-12-30 19:47:31,234 [ERROR] LogOutputStream:75 - [STDERR_REDIRECT] 
2025-12-30 19:47:32,258 [ERROR] LogOutputStream:75 - [STDERR_REDIRECT] [Fatal Error] :1:1: Premature end of file.
2025-12-30 19:47:32,258 [ERROR] LogOutputStream:75 - [STDERR_REDIRECT] 
2025-12-30 19:47:33,214 [ERROR] LogOutputStream:75 - [STDERR_REDIRECT] [Fatal Error] :1:1: Premature end of file.
2025-12-30 19:47:33,214 [ERROR] LogOutputStream:75 - [STDERR_REDIRECT] 
2025-12-30 19:47:34,188 [ERROR] LogOutputStream:75 - [STDERR_REDIRECT] [Fatal Error] :1:1: Premature end of file.
2025-12-30 19:47:34,189 [ERROR] LogOutputStream:75 - [STDERR_REDIRECT] 
2025-12-30 19:47:35,259 [ERROR] LogOutputStream:75 - [STDERR_REDIRECT] [Fatal Error] :1:1: Premature end of file.
2025-12-30 19:47:35,259 [ERROR] LogOutputStream:75 - [STDERR_REDIRECT] 
2025-12-30 19:47:36,196 [ERROR] LogOutputStream:75 - [STDERR_REDIRECT] [Fatal Error] :1:1: Premature end of file.
2025-12-30 19:47:36,197 [ERROR] LogOutputStream:75 - [STDERR_REDIRECT] 
2025-12-30 19:47:37,279 [ERROR] LogOutputStream:75 - [STDERR_REDIRECT] [Fatal Error] :1:1: Premature end of file.
2025-12-30 19:47:37,280 [ERROR] LogOutputStream:75 - [STDERR_REDIRECT] 
2025-12-30 19:47:38,301 [ERROR] LogOutputStream:75 - [STDERR_REDIRECT] [Fatal Error] :1:1: Premature end of file.
2025-12-30 19:47:38,302 [ERROR] LogOutputStream:75 - [STDERR_REDIRECT] 
2025-12-30 19:47:39,279 [ERROR] LogOutputStream:75 - [STDERR_REDIRECT] [Fatal Error] :1:1: Premature end of file.
2025-12-30 19:47:39,279 [ERROR] LogOutputStream:75 - [STDERR_REDIRECT] 
2025-12-30 19:47:40,198 [ERROR] LogOutputStream:75 - [STDERR_REDIRECT] [Fatal Error] :1:1: Premature end of file.
2025-12-30 19:47:40,199 [ERROR] LogOutputStream:75 - [STDERR_REDIRECT] 
2025-12-30 19:47:41,273 [ERROR] LogOutputStream:75 - [STDERR_REDIRECT] [Fatal Error] :1:1: Premature end of file.
2025-12-30 19:47:41,274 [ERROR] LogOutputStream:75 - [STDERR_REDIRECT] 
2025-12-30 19:47:42,276 [ERROR] LogOutputStream:75 - [STDERR_REDIRECT] [Fatal Error] :1:1: Premature end of file.
2025-12-30 19:47:42,277 [ERROR] LogOutputStream:75 - [STDERR_REDIRECT] 
2025-12-30 19:47:43,273 [ERROR] LogOutputStream:75 - [STDERR_REDIRECT] [Fatal Error] :1:1: Premature end of file.
2025-12-30 19:47:43,274 [ERROR] LogOutputStream:75 - [STDERR_REDIRECT] 
2025-12-30 19:47:44,285 [ERROR] LogOutputStream:75 - [STDERR_REDIRECT] [Fatal Error] :1:1: Premature end of file.
2025-12-30 19:47:44,285 [ERROR] LogOutputStream:75 - [STDERR_REDIRECT] 
2025-12-30 19:47:45,190 [ERROR] LogOutputStream:75 - [STDERR_REDIRECT] [Fatal Error] :1:1: Premature end of file.
2025-12-30 19:47:45,190 [ERROR] LogOutputStream:75 - [STDERR_REDIRECT] 
2025-12-30 19:47:46,189 [ERROR] LogOutputStream:75 - [STDERR_REDIRECT] [Fatal Error] :1:1: Premature end of file.
2025-12-30 19:47:46,190 [ERROR] LogOutputStream:75 - [STDERR_REDIRECT] 
2025-12-30 19:47:47,279 [ERROR] LogOutputStream:75 - [STDERR_REDIRECT] [Fatal Error] :1:1: Premature end of file.
2025-12-30 19:47:47,280 [ERROR] LogOutputStream:75 - [STDERR_REDIRECT] 
2025-12-30 19:47:48,240 [ERROR] LogOutputStream:75 - [STDERR_REDIRECT] [Fatal Error] :1:1: Premature end of file.
2025-12-30 19:47:48,241 [ERROR] LogOutputStream:75 - [STDERR_REDIRECT] 
2025-12-30 19:47:49,246 [ERROR] LogOutputStream:75 - [STDERR_REDIRECT] [Fatal Error] :1:1: Premature end of file.
2025-12-30 19:47:49,247 [ERROR] LogOutputStream:75 - [STDERR_REDIRECT] 
2025-12-30 19:47:50,193 [ERROR] LogOutputStream:75 - [STDERR_REDIRECT] [Fatal Error] :1:1: Premature end of file.
2025-12-30 19:47:50,193 [ERROR] LogOutputStream:75 - [STDERR_REDIRECT] 
2025-12-30 19:47:51,191 [ERROR] LogOutputStream:75 - [STDERR_REDIRECT] [Fatal Error] :1:1: Premature end of file.
2025-12-30 19:47:51,191 [ERROR] LogOutputStream:75 - [STDERR_REDIRECT] 
2025-12-30 19:47:52,187 [ERROR] LogOutputStream:75 - [STDERR_REDIRECT] [Fatal Error] :1:1: Premature end of file.
2025-12-30 19:47:52,188 [ERROR] LogOutputStream:75 - [STDERR_REDIRECT] 
2025-12-30 19:47:53,189 [ERROR] LogOutputStream:75 - [STDERR_REDIRECT] [Fatal Error] :1:1: Premature end of file.
2025-12-30 19:47:53,189 [ERROR] LogOutputStream:75 - [STDERR_REDIRECT] 
2025-12-30 19:47:54,186 [ERROR] LogOutputStream:75 - [STDERR_REDIRECT] [Fatal Error] :1:1: Premature end of file.
2025-12-30 19:47:54,187 [ERROR] LogOutputStream:75 - [STDERR_REDIRECT] 
2025-12-30 19:47:55,193 [ERROR] LogOutputStream:75 - [STDERR_REDIRECT] [Fatal Error] :1:1: Premature end of file.
2025-12-30 19:47:55,193 [ERROR] LogOutputStream:75 - [STDERR_REDIRECT] 
2025-12-30 19:47:56,196 [ERROR] LogOutputStream:75 - [STDERR_REDIRECT] [Fatal Error] :1:1: Premature end of file.
2025-12-30 19:47:56,196 [ERROR] LogOutputStream:75 - [STDERR_REDIRECT] 
2025-12-30 19:47:57,185 [ERROR] LogOutputStream:75 - [STDERR_REDIRECT] [Fatal Error] :1:1: Premature end of file.
2025-12-30 19:47:57,185 [ERROR] LogOutputStream:75 - [STDERR_REDIRECT] 
2025-12-30 19:47:58,190 [ERROR] LogOutputStream:75 - [STDERR_REDIRECT] [Fatal Error] :1:1: Premature end of file.
2025-12-30 19:47:58,190 [ERROR] LogOutputStream:75 - [STDERR_REDIRECT] 
2025-12-30 19:47:59,182 [ERROR] LogOutputStream:75 - [STDERR_REDIRECT] [Fatal Error] :1:1: Premature end of file.
2025-12-30 19:47:59,182 [ERROR] LogOutputStream:75 - [STDERR_REDIRECT] 
2025-12-30 19:48:00,184 [ERROR] LogOutputStream:75 - [STDERR_REDIRECT] [Fatal Error] :1:1: Premature end of file.
2025-12-30 19:48:00,184 [ERROR] LogOutputStream:75 - [STDERR_REDIRECT] 
2025-12-30 19:48:01,192 [ERROR] LogOutputStream:75 - [STDERR_REDIRECT] [Fatal Error] :1:1: Premature end of file.
2025-12-30 19:48:01,192 [ERROR] LogOutputStream:75 - [STDERR_REDIRECT] 
2025-12-30 19:48:02,185 [ERROR] LogOutputStream:75 - [STDERR_REDIRECT] [Fatal Error] :1:1: Premature end of file.
2025-12-30 19:48:02,185 [ERROR] LogOutputStream:75 - [STDERR_REDIRECT] 
2025-12-30 19:48:03,187 [ERROR] LogOutputStream:75 - [STDERR_REDIRECT] [Fatal Error] :1:1: Premature end of file.
2025-12-30 19:48:03,187 [ERROR] LogOutputStream:75 - [STDERR_REDIRECT] 
2025-12-30 19:48:04,200 [ERROR] LogOutputStream:75 - [STDERR_REDIRECT] [Fatal Error] :1:1: Premature end of file.
2025-12-30 19:48:04,200 [ERROR] LogOutputStream:75 - [STDERR_REDIRECT] 
2025-12-30 19:48:05,188 [ERROR] LogOutputStream:75 - [STDERR_REDIRECT] [Fatal Error] :1:1: Premature end of file.
2025-12-30 19:48:05,188 [ERROR] LogOutputStream:75 - [STDERR_REDIRECT] 
2025-12-30 19:48:06,194 [ERROR] LogOutputStream:75 - [STDERR_REDIRECT] [Fatal Error] :1:1: Premature end of file.
2025-12-30 19:48:06,194 [ERROR] LogOutputStream:75 - [STDERR_REDIRECT] 
2025-12-30 19:48:07,232 [ERROR] LogOutputStream:75 - [STDERR_REDIRECT] [Fatal Error] :1:1: Premature end of file.
2025-12-30 19:48:07,233 [ERROR] LogOutputStream:75 - [STDERR_REDIRECT] 
2025-12-30 19:48:08,274 [ERROR] LogOutputStream:75 - [STDERR_REDIRECT] [Fatal Error] :1:1: Premature end of file.
2025-12-30 19:48:08,274 [ERROR] LogOutputStream:75 - [STDERR_REDIRECT] 
2025-12-30 19:48:09,189 [ERROR] LogOutputStream:75 - [STDERR_REDIRECT] [Fatal Error] :1:1: Premature end of file.
2025-12-30 19:48:09,189 [ERROR] LogOutputStream:75 - [STDERR_REDIRECT] 
2025-12-30 19:48:10,183 [ERROR] LogOutputStream:75 - [STDERR_REDIRECT] [Fatal Error] :1:1: Premature end of file.
2025-12-30 19:48:10,183 [ERROR] LogOutputStream:75 - [STDERR_REDIRECT] 
2025-12-30 19:48:11,196 [ERROR] LogOutputStream:75 - [STDERR_REDIRECT] [Fatal Error] :1:1: Premature end of file.
2025-12-30 19:48:11,197 [ERROR] LogOutputStream:75 - [STDERR_REDIRECT] 
2025-12-30 19:48:12,190 [ERROR] LogOutputStream:75 - [STDERR_REDIRECT] [Fatal Error] :1:1: Premature end of file.
2025-12-30 19:48:12,190 [ERROR] LogOutputStream:75 - [STDERR_REDIRECT] 
2025-12-30 19:48:13,184 [ERROR] LogOutputStream:75 - [STDERR_REDIRECT] [Fatal Error] :1:1: Premature end of file.
2025-12-30 19:48:13,185 [ERROR] LogOutputStream:75 - [STDERR_REDIRECT] 
2025-12-30 19:48:14,190 [ERROR] LogOutputStream:75 - [STDERR_REDIRECT] [Fatal Error] :1:1: Premature end of file.
2025-12-30 19:48:14,191 [ERROR] LogOutputStream:75 - [STDERR_REDIRECT] 
2025-12-30 19:48:15,183 [ERROR] LogOutputStream:75 - [STDERR_REDIRECT] [Fatal Error] :1:1: Premature end of file.
2025-12-30 19:48:15,184 [ERROR] LogOutputStream:75 - [STDERR_REDIRECT] 
2025-12-30 19:48:16,188 [ERROR] LogOutputStream:75 - [STDERR_REDIRECT] [Fatal Error] :1:1: Premature end of file.
2025-12-30 19:48:16,189 [ERROR] LogOutputStream:75 - [STDERR_REDIRECT] 
2025-12-30 19:48:17,184 [ERROR] LogOutputStream:75 - [STDERR_REDIRECT] [Fatal Error] :1:1: Premature end of file.
2025-12-30 19:48:17,185 [ERROR] LogOutputStream:75 - [STDERR_REDIRECT] 
2025-12-30 19:48:18,188 [ERROR] LogOutputStream:75 - [STDERR_REDIRECT] [Fatal Error] :1:1: Premature end of file.
2025-12-30 19:48:18,189 [ERROR] LogOutputStream:75 - [STDERR_REDIRECT] 
2025-12-30 19:48:19,188 [ERROR] LogOutputStream:75 - [STDERR_REDIRECT] [Fatal Error] :1:1: Premature end of file.
2025-12-30 19:48:19,188 [ERROR] LogOutputStream:75 - [STDERR_REDIRECT] 
2025-12-30 19:48:20,182 [ERROR] LogOutputStream:75 - [STDERR_REDIRECT] [Fatal Error] :1:1: Premature end of file.
2025-12-30 19:48:20,183 [ERROR] LogOutputStream:75 - [STDERR_REDIRECT] 
2025-12-30 19:48:21,194 [ERROR] LogOutputStream:75 - [STDERR_REDIRECT] [Fatal Error] :1:1: Premature end of file.
2025-12-30 19:48:21,194 [ERROR] LogOutputStream:75 - [STDERR_REDIRECT] 
2025-12-30 19:48:22,193 [ERROR] LogOutputStream:75 - [STDERR_REDIRECT] [Fatal Error] :1:1: Premature end of file.
2025-12-30 19:48:22,194 [ERROR] LogOutputStream:75 - [STDERR_REDIRECT] 
2025-12-30 19:48:23,185 [ERROR] LogOutputStream:75 - [STDERR_REDIRECT] [Fatal Error] :1:1: Premature end of file.
2025-12-30 19:48:23,186 [ERROR] LogOutputStream:75 - [STDERR_REDIRECT] 
2025-12-30 19:48:24,198 [ERROR] LogOutputStream:75 - [STDERR_REDIRECT] [Fatal Error] :1:1: Premature end of file.
2025-12-30 19:48:24,199 [ERROR] LogOutputStream:75 - [STDERR_REDIRECT] 
2025-12-30 19:48:25,188 [ERROR] LogOutputStream:75 - [STDERR_REDIRECT] [Fatal Error] :1:1: Premature end of file.
2025-12-30 19:48:25,188 [ERROR] LogOutputStream:75 - [STDERR_REDIRECT] 
2025-12-30 19:48:26,189 [ERROR] LogOutputStream:75 - [STDERR_REDIRECT] [Fatal Error] :1:1: Premature end of file.
2025-12-30 19:48:26,189 [ERROR] LogOutputStream:75 - [STDERR_REDIRECT] 
2025-12-30 19:48:27,185 [ERROR] LogOutputStream:75 - [STDERR_REDIRECT] [Fatal Error] :1:1: Premature end of file.
2025-12-30 19:48:27,185 [ERROR] LogOutputStream:75 - [STDERR_REDIRECT] 
2025-12-30 19:48:28,189 [ERROR] LogOutputStream:75 - [STDERR_REDIRECT] [Fatal Error] :1:1: Premature end of file.
2025-12-30 19:48:28,190 [ERROR] LogOutputStream:75 - [STDERR_REDIRECT] 
2025-12-30 19:48:29,182 [ERROR] LogOutputStream:75 - [STDERR_REDIRECT] [Fatal Error] :1:1: Premature end of file.
2025-12-30 19:48:29,183 [ERROR] LogOutputStream:75 - [STDERR_REDIRECT] 
2025-12-30 19:48:30,183 [ERROR] LogOutputStream:75 - [STDERR_REDIRECT] [Fatal Error] :1:1: Premature end of file.
2025-12-30 19:48:30,183 [ERROR] LogOutputStream:75 - [STDERR_REDIRECT] 
2025-12-30 19:48:31,188 [ERROR] LogOutputStream:75 - [STDERR_REDIRECT] [Fatal Error] :1:1: Premature end of file.
2025-12-30 19:48:31,189 [ERROR] LogOutputStream:75 - [STDERR_REDIRECT] 
2025-12-30 19:48:32,276 [ERROR] LogOutputStream:75 - [STDERR_REDIRECT] [Fatal Error] :1:1: Premature end of file.
2025-12-30 19:48:32,277 [ERROR] LogOutputStream:75 - [STDERR_REDIRECT] 
2025-12-30 19:48:33,269 [ERROR] LogOutputStream:75 - [STDERR_REDIRECT] [Fatal Error] :1:1: Premature end of file.
2025-12-30 19:48:33,270 [ERROR] LogOutputStream:75 - [STDERR_REDIRECT] 
2025-12-30 19:48:34,278 [ERROR] LogOutputStream:75 - [STDERR_REDIRECT] [Fatal Error] :1:1: Premature end of file.
2025-12-30 19:48:34,279 [ERROR] LogOutputStream:75 - [STDERR_REDIRECT] 
2025-12-30 19:48:35,274 [ERROR] LogOutputStream:75 - [STDERR_REDIRECT] [Fatal Error] :1:1: Premature end of file.
2025-12-30 19:48:35,275 [ERROR] LogOutputStream:75 - [STDERR_REDIRECT] 
2025-12-30 19:48:36,275 [ERROR] LogOutputStream:75 - [STDERR_REDIRECT] [Fatal Error] :1:1: Premature end of file.
2025-12-30 19:48:36,275 [ERROR] LogOutputStream:75 - [STDERR_REDIRECT] 
2025-12-30 19:48:37,275 [ERROR] LogOutputStream:75 - [STDERR_REDIRECT] [Fatal Error] :1:1: Premature end of file.
2025-12-30 19:48:37,276 [ERROR] LogOutputStream:75 - [STDERR_REDIRECT] 
2025-12-30 19:48:38,181 [ERROR] LogOutputStream:75 - [STDERR_REDIRECT] [Fatal Error] :1:1: Premature end of file.
2025-12-30 19:48:38,181 [ERROR] LogOutputStream:75 - [STDERR_REDIRECT] 
2025-12-30 19:48:39,176 [ERROR] LogOutputStream:75 - [STDERR_REDIRECT] [Fatal Error] :1:1: Premature end of file.
2025-12-30 19:48:39,176 [ERROR] LogOutputStream:75 - [STDERR_REDIRECT] 
2025-12-30 19:48:40,274 [ERROR] LogOutputStream:75 - [STDERR_REDIRECT] [Fatal Error] :1:1: Premature end of file.
2025-12-30 19:48:40,275 [ERROR] LogOutputStream:75 - [STDERR_REDIRECT] 
2025-12-30 19:48:41,283 [ERROR] LogOutputStream:75 - [STDERR_REDIRECT] [Fatal Error] :1:1: Premature end of file.
2025-12-30 19:48:41,284 [ERROR] LogOutputStream:75 - [STDERR_REDIRECT] 
2025-12-30 19:48:42,271 [ERROR] LogOutputStream:75 - [STDERR_REDIRECT] [Fatal Error] :1:1: Premature end of file.
2025-12-30 19:48:42,272 [ERROR] LogOutputStream:75 - [STDERR_REDIRECT] 
2025-12-30 19:48:43,275 [ERROR] LogOutputStream:75 - [STDERR_REDIRECT] [Fatal Error] :1:1: Premature end of file.
2025-12-30 19:48:43,275 [ERROR] LogOutputStream:75 - [STDERR_REDIRECT] 
2025-12-30 19:48:44,272 [ERROR] LogOutputStream:75 - [STDERR_REDIRECT] [Fatal Error] :1:1: Premature end of file.
2025-12-30 19:48:44,273 [ERROR] LogOutputStream:75 - [STDERR_REDIRECT] 
2025-12-30 19:48:45,289 [ERROR] LogOutputStream:75 - [STDERR_REDIRECT] [Fatal Error] :1:1: Premature end of file.
2025-12-30 19:48:45,290 [ERROR] LogOutputStream:75 - [STDERR_REDIRECT] 
2025-12-30 19:48:46,279 [ERROR] LogOutputStream:75 - [STDERR_REDIRECT] [Fatal Error] :1:1: Premature end of file.
2025-12-30 19:48:46,279 [ERROR] LogOutputStream:75 - [STDERR_REDIRECT] 
2025-12-30 19:48:47,188 [ERROR] LogOutputStream:75 - [STDERR_REDIRECT] [Fatal Error] :1:1: Premature end of file.
2025-12-30 19:48:47,189 [ERROR] LogOutputStream:75 - [STDERR_REDIRECT] 
2025-12-30 19:48:48,232 [ERROR] LogOutputStream:75 - [STDERR_REDIRECT] [Fatal Error] :1:1: Premature end of file.
2025-12-30 19:48:48,233 [ERROR] LogOutputStream:75 - [STDERR_REDIRECT] 
2025-12-30 19:48:49,275 [ERROR] LogOutputStream:75 - [STDERR_REDIRECT] [Fatal Error] :1:1: Premature end of file.
2025-12-30 19:48:49,276 [ERROR] LogOutputStream:75 - [STDERR_REDIRECT] 
2025-12-30 19:48:50,296 [ERROR] LogOutputStream:75 - [STDERR_REDIRECT] [Fatal Error] :1:1: Premature end of file.
2025-12-30 19:48:50,296 [ERROR] LogOutputStream:75 - [STDERR_REDIRECT] 
2025-12-30 19:48:51,278 [ERROR] LogOutputStream:75 - [STDERR_REDIRECT] [Fatal Error] :1:1: Premature end of file.
2025-12-30 19:48:51,279 [ERROR] LogOutputStream:75 - [STDERR_REDIRECT] 
2025-12-30 19:48:52,238 [ERROR] LogOutputStream:75 - [STDERR_REDIRECT] [Fatal Error] :1:1: Premature end of file.
2025-12-30 19:48:52,238 [ERROR] LogOutputStream:75 - [STDERR_REDIRECT] 
2025-12-30 19:48:53,293 [ERROR] LogOutputStream:75 - [STDERR_REDIRECT] [Fatal Error] :1:1: Premature end of file.
2025-12-30 19:48:53,293 [ERROR] LogOutputStream:75 - [STDERR_REDIRECT] 
2025-12-30 19:48:54,274 [ERROR] LogOutputStream:75 - [STDERR_REDIRECT] [Fatal Error] :1:1: Premature end of file.
2025-12-30 19:48:54,275 [ERROR] LogOutputStream:75 - [STDERR_REDIRECT] 
2025-12-30 19:48:55,194 [ERROR] LogOutputStream:75 - [STDERR_REDIRECT] [Fatal Error] :1:1: Premature end of file.
2025-12-30 19:48:55,194 [ERROR] LogOutputStream:75 - [STDERR_REDIRECT] 
2025-12-30 19:48:56,271 [ERROR] LogOutputStream:75 - [STDERR_REDIRECT] [Fatal Error] :1:1: Premature end of file.
2025-12-30 19:48:56,272 [ERROR] LogOutputStream:75 - [STDERR_REDIRECT] 
2025-12-30 19:48:57,277 [ERROR] LogOutputStream:75 - [STDERR_REDIRECT] [Fatal Error] :1:1: Premature end of file.
2025-12-30 19:48:57,278 [ERROR] LogOutputStream:75 - [STDERR_REDIRECT] 
2025-12-30 19:48:58,269 [ERROR] LogOutputStream:75 - [STDERR_REDIRECT] [Fatal Error] :1:1: Premature end of file.
2025-12-30 19:48:58,270 [ERROR] LogOutputStream:75 - [STDERR_REDIRECT] 
2025-12-30 19:48:59,268 [ERROR] LogOutputStream:75 - [STDERR_REDIRECT] [Fatal Error] :1:1: Premature end of file.
2025-12-30 19:48:59,269 [ERROR] LogOutputStream:75 - [STDERR_REDIRECT] 
2025-12-30 19:49:00,267 [ERROR] LogOutputStream:75 - [STDERR_REDIRECT] [Fatal Error] :1:1: Premature end of file.
2025-12-30 19:49:00,268 [ERROR] LogOutputStream:75 - [STDERR_REDIRECT] 
2025-12-30 19:49:01,270 [ERROR] LogOutputStream:75 - [STDERR_REDIRECT] [Fatal Error] :1:1: Premature end of file.
2025-12-30 19:49:01,270 [ERROR] LogOutputStream:75 - [STDERR_REDIRECT] 
2025-12-30 19:49:02,270 [ERROR] LogOutputStream:75 - [STDERR_REDIRECT] [Fatal Error] :1:1: Premature end of file.
2025-12-30 19:49:02,270 [ERROR] LogOutputStream:75 - [STDERR_REDIRECT] 
2025-12-30 19:49:03,218 [ERROR] LogOutputStream:75 - [STDERR_REDIRECT] [Fatal Error] :1:1: Premature end of file.
2025-12-30 19:49:03,219 [ERROR] LogOutputStream:75 - [STDERR_REDIRECT] 
2025-12-30 19:49:04,274 [ERROR] LogOutputStream:75 - [STDERR_REDIRECT] [Fatal Error] :1:1: Premature end of file.
2025-12-30 19:49:04,274 [ERROR] LogOutputStream:75 - [STDERR_REDIRECT] 
2025-12-30 19:49:05,286 [ERROR] LogOutputStream:75 - [STDERR_REDIRECT] [Fatal Error] :1:1: Premature end of file.
2025-12-30 19:49:05,287 [ERROR] LogOutputStream:75 - [STDERR_REDIRECT] 
2025-12-30 19:49:06,187 [ERROR] LogOutputStream:75 - [STDERR_REDIRECT] [Fatal Error] :1:1: Premature end of file.
2025-12-30 19:49:06,187 [ERROR] LogOutputStream:75 - [STDERR_REDIRECT] 
2025-12-30 19:49:07,270 [ERROR] LogOutputStream:75 - [STDERR_REDIRECT] [Fatal Error] :1:1: Premature end of file.
2025-12-30 19:49:07,271 [ERROR] LogOutputStream:75 - [STDERR_REDIRECT] 
2025-12-30 19:49:08,256 [ERROR] LogOutputStream:75 - [STDERR_REDIRECT] [Fatal Error] :1:1: Premature end of file.
2025-12-30 19:49:08,256 [ERROR] LogOutputStream:75 - [STDERR_REDIRECT] 
2025-12-30 19:49:09,280 [ERROR] LogOutputStream:75 - [STDERR_REDIRECT] [Fatal Error] :1:1: Premature end of file.
2025-12-30 19:49:09,281 [ERROR] LogOutputStream:75 - [STDERR_REDIRECT] 
2025-12-30 19:49:10,275 [ERROR] LogOutputStream:75 - [STDERR_REDIRECT] [Fatal Error] :1:1: Premature end of file.
2025-12-30 19:49:10,276 [ERROR] LogOutputStream:75 - [STDERR_REDIRECT] 
2025-12-30 19:49:11,197 [ERROR] LogOutputStream:75 - [STDERR_REDIRECT] [Fatal Error] :1:1: Premature end of file.
2025-12-30 19:49:11,197 [ERROR] LogOutputStream:75 - [STDERR_REDIRECT] 
2025-12-30 19:49:12,277 [ERROR] LogOutputStream:75 - [STDERR_REDIRECT] [Fatal Error] :1:1: Premature end of file.
2025-12-30 19:49:12,278 [ERROR] LogOutputStream:75 - [STDERR_REDIRECT] 
2025-12-30 19:49:13,260 [ERROR] LogOutputStream:75 - [STDERR_REDIRECT] [Fatal Error] :1:1: Premature end of file.
2025-12-30 19:49:13,261 [ERROR] LogOutputStream:75 - [STDERR_REDIRECT] 
2025-12-30 19:49:14,275 [ERROR] LogOutputStream:75 - [STDERR_REDIRECT] [Fatal Error] :1:1: Premature end of file.
2025-12-30 19:49:14,275 [ERROR] LogOutputStream:75 - [STDERR_REDIRECT] 
2025-12-30 19:49:15,300 [ERROR] LogOutputStream:75 - [STDERR_REDIRECT] [Fatal Error] :1:1: Premature end of file.
2025-12-30 19:49:15,300 [ERROR] LogOutputStream:75 - [STDERR_REDIRECT] 
2025-12-30 19:49:16,199 [ERROR] LogOutputStream:75 - [STDERR_REDIRECT] [Fatal Error] :1:1: Premature end of file.
2025-12-30 19:49:16,199 [ERROR] LogOutputStream:75 - [STDERR_REDIRECT] 
2025-12-30 19:49:17,211 [ERROR] LogOutputStream:75 - [STDERR_REDIRECT] [Fatal Error] :1:1: Premature end of file.
2025-12-30 19:49:17,211 [ERROR] LogOutputStream:75 - [STDERR_REDIRECT] 
2025-12-30 19:49:18,190 [ERROR] LogOutputStream:75 - [STDERR_REDIRECT] [Fatal Error] :1:1: Premature end of file.
2025-12-30 19:49:18,190 [ERROR] LogOutputStream:75 - [STDERR_REDIRECT] 
2025-12-30 19:49:19,192 [ERROR] LogOutputStream:75 - [STDERR_REDIRECT] [Fatal Error] :1:1: Premature end of file.
2025-12-30 19:49:19,192 [ERROR] LogOutputStream:75 - [STDERR_REDIRECT] 
2025-12-30 19:49:20,184 [ERROR] LogOutputStream:75 - [STDERR_REDIRECT] [Fatal Error] :1:1: Premature end of file.
2025-12-30 19:49:20,185 [ERROR] LogOutputStream:75 - [STDERR_REDIRECT] 
2025-12-30 19:49:21,232 [ERROR] LogOutputStream:75 - [STDERR_REDIRECT] [Fatal Error] :1:1: Premature end of file.
2025-12-30 19:49:21,232 [ERROR] LogOutputStream:75 - [STDERR_REDIRECT] 
2025-12-30 19:49:22,281 [ERROR] LogOutputStream:75 - [STDERR_REDIRECT] [Fatal Error] :1:1: Premature end of file.
2025-12-30 19:49:22,281 [ERROR] LogOutputStream:75 - [STDERR_REDIRECT] 
2025-12-30 19:49:23,200 [ERROR] LogOutputStream:75 - [STDERR_REDIRECT] [Fatal Error] :1:1: Premature end of file.
2025-12-30 19:49:23,201 [ERROR] LogOutputStream:75 - [STDERR_REDIRECT] 
2025-12-30 19:49:24,186 [ERROR] LogOutputStream:75 - [STDERR_REDIRECT] [Fatal Error] :1:1: Premature end of file.
2025-12-30 19:49:24,186 [ERROR] LogOutputStream:75 - [STDERR_REDIRECT] 
2025-12-30 19:49:25,186 [ERROR] LogOutputStream:75 - [STDERR_REDIRECT] [Fatal Error] :1:1: Premature end of file.
2025-12-30 19:49:25,187 [ERROR] LogOutputStream:75 - [STDERR_REDIRECT] 
2025-12-30 19:49:26,196 [ERROR] LogOutputStream:75 - [STDERR_REDIRECT] [Fatal Error] :1:1: Premature end of file.
2025-12-30 19:49:26,196 [ERROR] LogOutputStream:75 - [STDERR_REDIRECT] 
2025-12-30 19:49:27,189 [ERROR] LogOutputStream:75 - [STDERR_REDIRECT] [Fatal Error] :1:1: Premature end of file.
2025-12-30 19:49:27,189 [ERROR] LogOutputStream:75 - [STDERR_REDIRECT] 
2025-12-30 19:49:28,196 [ERROR] LogOutputStream:75 - [STDERR_REDIRECT] [Fatal Error] :1:1: Premature end of file.
2025-12-30 19:49:28,197 [ERROR] LogOutputStream:75 - [STDERR_REDIRECT] 
2025-12-30 19:49:29,186 [ERROR] LogOutputStream:75 - [STDERR_REDIRECT] [Fatal Error] :1:1: Premature end of file.
2025-12-30 19:49:29,186 [ERROR] LogOutputStream:75 - [STDERR_REDIRECT] 
2025-12-30 19:49:30,189 [ERROR] LogOutputStream:75 - [STDERR_REDIRECT] [Fatal Error] :1:1: Premature end of file.
2025-12-30 19:49:30,189 [ERROR] LogOutputStream:75 - [STDERR_REDIRECT] 
2025-12-30 19:49:31,281 [ERROR] LogOutputStream:75 - [STDERR_REDIRECT] [Fatal Error] :1:1: Premature end of file.
2025-12-30 19:49:31,282 [ERROR] LogOutputStream:75 - [STDERR_REDIRECT] 
2025-12-30 19:49:32,181 [ERROR] LogOutputStream:75 - [STDERR_REDIRECT] [Fatal Error] :1:1: Premature end of file.
2025-12-30 19:49:32,181 [ERROR] LogOutputStream:75 - [STDERR_REDIRECT] 
2025-12-30 19:49:33,192 [ERROR] LogOutputStream:75 - [STDERR_REDIRECT] [Fatal Error] :1:1: Premature end of file.
2025-12-30 19:49:33,192 [ERROR] LogOutputStream:75 - [STDERR_REDIRECT] 
2025-12-30 19:49:34,207 [ERROR] LogOutputStream:75 - [STDERR_REDIRECT] [Fatal Error] :1:1: Premature end of file.
2025-12-30 19:49:34,207 [ERROR] LogOutputStream:75 - [STDERR_REDIRECT] 
2025-12-30 19:49:35,294 [ERROR] LogOutputStream:75 - [STDERR_REDIRECT] [Fatal Error] :1:1: Premature end of file.
2025-12-30 19:49:35,295 [ERROR] LogOutputStream:75 - [STDERR_REDIRECT] 
2025-12-30 19:49:36,301 [ERROR] LogOutputStream:75 - [STDERR_REDIRECT] [Fatal Error] :1:1: Premature end of file.
2025-12-30 19:49:36,301 [ERROR] LogOutputStream:75 - [STDERR_REDIRECT] 
2025-12-30 19:49:37,281 [ERROR] LogOutputStream:75 - [STDERR_REDIRECT] [Fatal Error] :1:1: Premature end of file.
2025-12-30 19:49:37,282 [ERROR] LogOutputStream:75 - [STDERR_REDIRECT] 
2025-12-30 19:49:38,189 [ERROR] LogOutputStream:75 - [STDERR_REDIRECT] [Fatal Error] :1:1: Premature end of file.
2025-12-30 19:49:38,189 [ERROR] LogOutputStream:75 - [STDERR_REDIRECT] 
2025-12-30 19:49:39,299 [ERROR] LogOutputStream:75 - [STDERR_REDIRECT] [Fatal Error] :1:1: Premature end of file.
2025-12-30 19:49:39,299 [ERROR] LogOutputStream:75 - [STDERR_REDIRECT] 
2025-12-30 19:49:40,195 [ERROR] LogOutputStream:75 - [STDERR_REDIRECT] [Fatal Error] :1:1: Premature end of file.
2025-12-30 19:49:40,195 [ERROR] LogOutputStream:75 - [STDERR_REDIRECT] 
2025-12-30 19:49:41,319 [ERROR] LogOutputStream:75 - [STDERR_REDIRECT] [Fatal Error] :1:1: Premature end of file.
2025-12-30 19:49:41,320 [ERROR] LogOutputStream:75 - [STDERR_REDIRECT] 
2025-12-30 19:49:42,277 [ERROR] LogOutputStream:75 - [STDERR_REDIRECT] [Fatal Error] :1:1: Premature end of file.
2025-12-30 19:49:42,278 [ERROR] LogOutputStream:75 - [STDERR_REDIRECT] 
2025-12-30 19:49:43,256 [ERROR] LogOutputStream:75 - [STDERR_REDIRECT] [Fatal Error] :1:1: Premature end of file.
2025-12-30 19:49:43,257 [ERROR] LogOutputStream:75 - [STDERR_REDIRECT] 
2025-12-30 19:49:44,341 [ERROR] LogOutputStream:75 - [STDERR_REDIRECT] [Fatal Error] :1:1: Premature end of file.
2025-12-30 19:49:44,341 [ERROR] LogOutputStream:75 - [STDERR_REDIRECT] 
2025-12-30 19:49:45,290 [ERROR] LogOutputStream:75 - [STDERR_REDIRECT] [Fatal Error] :1:1: Premature end of file.
2025-12-30 19:49:45,291 [ERROR] LogOutputStream:75 - [STDERR_REDIRECT] 
2025-12-30 19:49:46,257 [ERROR] LogOutputStream:75 - [STDERR_REDIRECT] [Fatal Error] :1:1: Premature end of file.
2025-12-30 19:49:46,258 [ERROR] LogOutputStream:75 - [STDERR_REDIRECT] 
2025-12-30 19:49:47,211 [ERROR] LogOutputStream:75 - [STDERR_REDIRECT] [Fatal Error] :1:1: Premature end of file.
2025-12-30 19:49:47,211 [ERROR] LogOutputStream:75 - [STDERR_REDIRECT] 
2025-12-30 19:49:48,211 [ERROR] LogOutputStream:75 - [STDERR_REDIRECT] [Fatal Error] :1:1: Premature end of file.
2025-12-30 19:49:48,211 [ERROR] LogOutputStream:75 - [STDERR_REDIRECT] 
2025-12-30 19:49:49,283 [ERROR] LogOutputStream:75 - [STDERR_REDIRECT] [Fatal Error] :1:1: Premature end of file.
2025-12-30 19:49:49,284 [ERROR] LogOutputStream:75 - [STDERR_REDIRECT] 
2025-12-30 19:49:50,181 [ERROR] LogOutputStream:75 - [STDERR_REDIRECT] [Fatal Error] :1:1: Premature end of file.
2025-12-30 19:49:50,181 [ERROR] LogOutputStream:75 - [STDERR_REDIRECT] 
2025-12-30 19:49:51,185 [ERROR] LogOutputStream:75 - [STDERR_REDIRECT] [Fatal Error] :1:1: Premature end of file.
2025-12-30 19:49:51,186 [ERROR] LogOutputStream:75 - [STDERR_REDIRECT] 
2025-12-30 19:49:52,195 [ERROR] LogOutputStream:75 - [STDERR_REDIRECT] [Fatal Error] :1:1: Premature end of file.
2025-12-30 19:49:52,195 [ERROR] LogOutputStream:75 - [STDERR_REDIRECT] 
2025-12-30 19:49:53,185 [ERROR] LogOutputStream:75 - [STDERR_REDIRECT] [Fatal Error] :1:1: Premature end of file.
2025-12-30 19:49:53,186 [ERROR] LogOutputStream:75 - [STDERR_REDIRECT] 
2025-12-30 19:49:54,185 [ERROR] LogOutputStream:75 - [STDERR_REDIRECT] [Fatal Error] :1:1: Premature end of file.
2025-12-30 19:49:54,185 [ERROR] LogOutputStream:75 - [STDERR_REDIRECT] 
2025-12-30 19:49:55,277 [ERROR] LogOutputStream:75 - [STDERR_REDIRECT] [Fatal Error] :1:1: Premature end of file.
2025-12-30 19:49:55,278 [ERROR] LogOutputStream:75 - [STDERR_REDIRECT] 
2025-12-30 19:49:56,274 [ERROR] LogOutputStream:75 - [STDERR_REDIRECT] [Fatal Error] :1:1: Premature end of file.
2025-12-30 19:49:56,275 [ERROR] LogOutputStream:75 - [STDERR_REDIRECT] 
2025-12-30 19:49:57,188 [ERROR] LogOutputStream:75 - [STDERR_REDIRECT] [Fatal Error] :1:1: Premature end of file.
2025-12-30 19:49:57,188 [ERROR] LogOutputStream:75 - [STDERR_REDIRECT] 
2025-12-30 19:49:58,278 [ERROR] LogOutputStream:75 - [STDERR_REDIRECT] [Fatal Error] :1:1: Premature end of file.
2025-12-30 19:49:58,279 [ERROR] LogOutputStream:75 - [STDERR_REDIRECT] 
2025-12-30 19:49:59,188 [ERROR] LogOutputStream:75 - [STDERR_REDIRECT] [Fatal Error] :1:1: Premature end of file.
2025-12-30 19:49:59,189 [ERROR] LogOutputStream:75 - [STDERR_REDIRECT] 
2025-12-30 19:50:00,182 [ERROR] LogOutputStream:75 - [STDERR_REDIRECT] [Fatal Error] :1:1: Premature end of file.
2025-12-30 19:50:00,182 [ERROR] LogOutputStream:75 - [STDERR_REDIRECT] 
2025-12-30 19:50:01,204 [ERROR] LogOutputStream:75 - [STDERR_REDIRECT] [Fatal Error] :1:1: Premature end of file.
2025-12-30 19:50:01,204 [ERROR] LogOutputStream:75 - [STDERR_REDIRECT] 
2025-12-30 19:50:02,192 [ERROR] LogOutputStream:75 - [STDERR_REDIRECT] [Fatal Error] :1:1: Premature end of file.
2025-12-30 19:50:02,192 [ERROR] LogOutputStream:75 - [STDERR_REDIRECT] 
2025-12-30 19:50:03,294 [ERROR] LogOutputStream:75 - [STDERR_REDIRECT] [Fatal Error] :1:1: Premature end of file.
2025-12-30 19:50:03,294 [ERROR] LogOutputStream:75 - [STDERR_REDIRECT] 
2025-12-30 19:50:04,217 [ERROR] LogOutputStream:75 - [STDERR_REDIRECT] [Fatal Error] :1:1: Premature end of file.
2025-12-30 19:50:04,217 [ERROR] LogOutputStream:75 - [STDERR_REDIRECT] 
2025-12-30 19:50:05,183 [ERROR] LogOutputStream:75 - [STDERR_REDIRECT] [Fatal Error] :1:1: Premature end of file.
2025-12-30 19:50:05,183 [ERROR] LogOutputStream:75 - [STDERR_REDIRECT] 
2025-12-30 19:50:06,182 [ERROR] LogOutputStream:75 - [STDERR_REDIRECT] [Fatal Error] :1:1: Premature end of file.
2025-12-30 19:50:06,183 [ERROR] LogOutputStream:75 - [STDERR_REDIRECT] 
2025-12-30 19:50:07,185 [ERROR] LogOutputStream:75 - [STDERR_REDIRECT] [Fatal Error] :1:1: Premature end of file.
2025-12-30 19:50:07,185 [ERROR] LogOutputStream:75 - [STDERR_REDIRECT] 
2025-12-30 19:50:08,283 [ERROR] LogOutputStream:75 - [STDERR_REDIRECT] [Fatal Error] :1:1: Premature end of file.
2025-12-30 19:50:08,284 [ERROR] LogOutputStream:75 - [STDERR_REDIRECT] 
2025-12-30 19:50:09,294 [ERROR] LogOutputStream:75 - [STDERR_REDIRECT] [Fatal Error] :1:1: Premature end of file.
2025-12-30 19:50:09,295 [ERROR] LogOutputStream:75 - [STDERR_REDIRECT] 
2025-12-30 19:50:10,279 [ERROR] LogOutputStream:75 - [STDERR_REDIRECT] [Fatal Error] :1:1: Premature end of file.
2025-12-30 19:50:10,280 [ERROR] LogOutputStream:75 - [STDERR_REDIRECT] 
2025-12-30 19:50:11,270 [ERROR] LogOutputStream:75 - [STDERR_REDIRECT] [Fatal Error] :1:1: Premature end of file.
2025-12-30 19:50:11,271 [ERROR] LogOutputStream:75 - [STDERR_REDIRECT] 
2025-12-30 19:50:12,287 [ERROR] LogOutputStream:75 - [STDERR_REDIRECT] [Fatal Error] :1:1: Premature end of file.
2025-12-30 19:50:12,287 [ERROR] LogOutputStream:75 - [STDERR_REDIRECT] 
2025-12-30 19:50:13,270 [ERROR] LogOutputStream:75 - [STDERR_REDIRECT] [Fatal Error] :1:1: Premature end of file.
2025-12-30 19:50:13,271 [ERROR] LogOutputStream:75 - [STDERR_REDIRECT] 
2025-12-30 19:50:14,274 [ERROR] LogOutputStream:75 - [STDERR_REDIRECT] [Fatal Error] :1:1: Premature end of file.
2025-12-30 19:50:14,275 [ERROR] LogOutputStream:75 - [STDERR_REDIRECT] 
2025-12-30 19:50:15,270 [ERROR] LogOutputStream:75 - [STDERR_REDIRECT] [Fatal Error] :1:1: Premature end of file.
2025-12-30 19:50:15,270 [ERROR] LogOutputStream:75 - [STDERR_REDIRECT] 
2025-12-30 19:50:16,270 [ERROR] LogOutputStream:75 - [STDERR_REDIRECT] [Fatal Error] :1:1: Premature end of file.
2025-12-30 19:50:16,270 [ERROR] LogOutputStream:75 - [STDERR_REDIRECT] 
2025-12-30 19:50:17,195 [ERROR] LogOutputStream:75 - [STDERR_REDIRECT] [Fatal Error] :1:1: Premature end of file.
2025-12-30 19:50:17,196 [ERROR] LogOutputStream:75 - [STDERR_REDIRECT] 
2025-12-30 19:50:18,188 [ERROR] LogOutputStream:75 - [STDERR_REDIRECT] [Fatal Error] :1:1: Premature end of file.
2025-12-30 19:50:18,189 [ERROR] LogOutputStream:75 - [STDERR_REDIRECT] 
2025-12-30 19:50:19,233 [ERROR] LogOutputStream:75 - [STDERR_REDIRECT] [Fatal Error] :1:1: Premature end of file.
2025-12-30 19:50:19,234 [ERROR] LogOutputStream:75 - [STDERR_REDIRECT] 
2025-12-30 19:50:20,242 [ERROR] LogOutputStream:75 - [STDERR_REDIRECT] [Fatal Error] :1:1: Premature end of file.
2025-12-30 19:50:20,242 [ERROR] LogOutputStream:75 - [STDERR_REDIRECT] 
2025-12-30 19:50:21,276 [ERROR] LogOutputStream:75 - [STDERR_REDIRECT] [Fatal Error] :1:1: Premature end of file.
2025-12-30 19:50:21,277 [ERROR] LogOutputStream:75 - [STDERR_REDIRECT] 
2025-12-30 19:50:22,182 [ERROR] LogOutputStream:75 - [STDERR_REDIRECT] [Fatal Error] :1:1: Premature end of file.
2025-12-30 19:50:22,182 [ERROR] LogOutputStream:75 - [STDERR_REDIRECT] 
2025-12-30 19:50:23,182 [ERROR] LogOutputStream:75 - [STDERR_REDIRECT] [Fatal Error] :1:1: Premature end of file.
2025-12-30 19:50:23,182 [ERROR] LogOutputStream:75 - [STDERR_REDIRECT] 
2025-12-30 19:50:24,281 [ERROR] LogOutputStream:75 - [STDERR_REDIRECT] [Fatal Error] :1:1: Premature end of file.
2025-12-30 19:50:24,282 [ERROR] LogOutputStream:75 - [STDERR_REDIRECT] 
2025-12-30 19:50:25,193 [ERROR] LogOutputStream:75 - [STDERR_REDIRECT] [Fatal Error] :1:1: Premature end of file.
2025-12-30 19:50:25,194 [ERROR] LogOutputStream:75 - [STDERR_REDIRECT] 
2025-12-30 19:50:26,301 [ERROR] LogOutputStream:75 - [STDERR_REDIRECT] [Fatal Error] :1:1: Premature end of file.
2025-12-30 19:50:26,302 [ERROR] LogOutputStream:75 - [STDERR_REDIRECT] 
2025-12-30 19:50:27,278 [ERROR] LogOutputStream:75 - [STDERR_REDIRECT] [Fatal Error] :1:1: Premature end of file.
2025-12-30 19:50:27,279 [ERROR] LogOutputStream:75 - [STDERR_REDIRECT] 
2025-12-30 19:50:28,198 [ERROR] LogOutputStream:75 - [STDERR_REDIRECT] [Fatal Error] :1:1: Premature end of file.
2025-12-30 19:50:28,198 [ERROR] LogOutputStream:75 - [STDERR_REDIRECT] 
2025-12-30 19:50:29,203 [ERROR] LogOutputStream:75 - [STDERR_REDIRECT] [Fatal Error] :1:1: Premature end of file.
2025-12-30 19:50:29,204 [ERROR] LogOutputStream:75 - [STDERR_REDIRECT] 
2025-12-30 19:50:30,288 [ERROR] LogOutputStream:75 - [STDERR_REDIRECT] [Fatal Error] :1:1: Premature end of file.
2025-12-30 19:50:30,289 [ERROR] LogOutputStream:75 - [STDERR_REDIRECT] 
2025-12-30 19:50:31,295 [ERROR] LogOutputStream:75 - [STDERR_REDIRECT] [Fatal Error] :1:1: Premature end of file.
2025-12-30 19:50:31,296 [ERROR] LogOutputStream:75 - [STDERR_REDIRECT] 
2025-12-30 19:50:32,194 [ERROR] LogOutputStream:75 - [STDERR_REDIRECT] [Fatal Error] :1:1: Premature end of file.
2025-12-30 19:50:32,194 [ERROR] LogOutputStream:75 - [STDERR_REDIRECT] 
2025-12-30 19:50:33,269 [ERROR] LogOutputStream:75 - [STDERR_REDIRECT] [Fatal Error] :1:1: Premature end of file.
2025-12-30 19:50:33,270 [ERROR] LogOutputStream:75 - [STDERR_REDIRECT] 
2025-12-30 19:50:34,268 [ERROR] LogOutputStream:75 - [STDERR_REDIRECT] [Fatal Error] :1:1: Premature end of file.
2025-12-30 19:50:34,269 [ERROR] LogOutputStream:75 - [STDERR_REDIRECT] 
2025-12-30 19:50:35,270 [ERROR] LogOutputStream:75 - [STDERR_REDIRECT] [Fatal Error] :1:1: Premature end of file.
2025-12-30 19:50:35,270 [ERROR] LogOutputStream:75 - [STDERR_REDIRECT] 
2025-12-30 19:50:36,253 [ERROR] LogOutputStream:75 - [STDERR_REDIRECT] [Fatal Error] :1:1: Premature end of file.
2025-12-30 19:50:36,253 [ERROR] LogOutputStream:75 - [STDERR_REDIRECT] 
2025-12-30 19:50:37,174 [ERROR] LogOutputStream:75 - [STDERR_REDIRECT] [Fatal Error] :1:1: Premature end of file.
2025-12-30 19:50:37,174 [ERROR] LogOutputStream:75 - [STDERR_REDIRECT] 
2025-12-30 19:50:38,178 [ERROR] LogOutputStream:75 - [STDERR_REDIRECT] [Fatal Error] :1:1: Premature end of file.
2025-12-30 19:50:38,178 [ERROR] LogOutputStream:75 - [STDERR_REDIRECT] 
2025-12-30 19:50:39,271 [ERROR] LogOutputStream:75 - [STDERR_REDIRECT] [Fatal Error] :1:1: Premature end of file.
2025-12-30 19:50:39,272 [ERROR] LogOutputStream:75 - [STDERR_REDIRECT] 
2025-12-30 19:50:40,285 [ERROR] LogOutputStream:75 - [STDERR_REDIRECT] [Fatal Error] :1:1: Premature end of file.
2025-12-30 19:50:40,286 [ERROR] LogOutputStream:75 - [STDERR_REDIRECT] 
2025-12-30 19:50:41,193 [ERROR] LogOutputStream:75 - [STDERR_REDIRECT] [Fatal Error] :1:1: Premature end of file.
2025-12-30 19:50:41,193 [ERROR] LogOutputStream:75 - [STDERR_REDIRECT] 
2025-12-30 19:50:42,183 [ERROR] LogOutputStream:75 - [STDERR_REDIRECT] [Fatal Error] :1:1: Premature end of file.
2025-12-30 19:50:42,184 [ERROR] LogOutputStream:75 - [STDERR_REDIRECT] 
2025-12-30 19:50:43,278 [ERROR] LogOutputStream:75 - [STDERR_REDIRECT] [Fatal Error] :1:1: Premature end of file.
2025-12-30 19:50:43,278 [ERROR] LogOutputStream:75 - [STDERR_REDIRECT] 
2025-12-30 19:50:44,245 [ERROR] LogOutputStream:75 - [STDERR_REDIRECT] [Fatal Error] :1:1: Premature end of file.
2025-12-30 19:50:44,245 [ERROR] LogOutputStream:75 - [STDERR_REDIRECT] 
2025-12-30 19:50:45,199 [ERROR] LogOutputStream:75 - [STDERR_REDIRECT] [Fatal Error] :1:1: Premature end of file.
2025-12-30 19:50:45,200 [ERROR] LogOutputStream:75 - [STDERR_REDIRECT] 
2025-12-30 19:50:46,271 [ERROR] LogOutputStream:75 - [STDERR_REDIRECT] [Fatal Error] :1:1: Premature end of file.
2025-12-30 19:50:46,271 [ERROR] LogOutputStream:75 - [STDERR_REDIRECT] 
2025-12-30 19:50:47,270 [ERROR] LogOutputStream:75 - [STDERR_REDIRECT] [Fatal Error] :1:1: Premature end of file.
2025-12-30 19:50:47,270 [ERROR] LogOutputStream:75 - [STDERR_REDIRECT] 
2025-12-30 19:50:48,280 [ERROR] LogOutputStream:75 - [STDERR_REDIRECT] [Fatal Error] :1:1: Premature end of file.
2025-12-30 19:50:48,280 [ERROR] LogOutputStream:75 - [STDERR_REDIRECT] 
2025-12-30 19:50:49,216 [ERROR] LogOutputStream:75 - [STDERR_REDIRECT] [Fatal Error] :1:1: Premature end of file.
2025-12-30 19:50:49,216 [ERROR] LogOutputStream:75 - [STDERR_REDIRECT] 
2025-12-30 19:50:50,286 [ERROR] LogOutputStream:75 - [STDERR_REDIRECT] [Fatal Error] :1:1: Premature end of file.
2025-12-30 19:50:50,286 [ERROR] LogOutputStream:75 - [STDERR_REDIRECT] 
2025-12-30 19:50:51,239 [ERROR] LogOutputStream:75 - [STDERR_REDIRECT] [Fatal Error] :1:1: Premature end of file.
2025-12-30 19:50:51,240 [ERROR] LogOutputStream:75 - [STDERR_REDIRECT] 
2025-12-30 19:50:52,211 [ERROR] LogOutputStream:75 - [STDERR_REDIRECT] [Fatal Error] :1:1: Premature end of file.
2025-12-30 19:50:52,211 [ERROR] LogOutputStream:75 - [STDERR_REDIRECT] 
2025-12-30 19:50:53,216 [ERROR] LogOutputStream:75 - [STDERR_REDIRECT] [Fatal Error] :1:1: Premature end of file.
2025-12-30 19:50:53,216 [ERROR] LogOutputStream:75 - [STDERR_REDIRECT] 
2025-12-30 19:50:54,202 [ERROR] LogOutputStream:75 - [STDERR_REDIRECT] [Fatal Error] :1:1: Premature end of file.
2025-12-30 19:50:54,202 [ERROR] LogOutputStream:75 - [STDERR_REDIRECT] 
2025-12-30 19:50:55,198 [ERROR] LogOutputStream:75 - [STDERR_REDIRECT] [Fatal Error] :1:1: Premature end of file.
2025-12-30 19:50:55,198 [ERROR] LogOutputStream:75 - [STDERR_REDIRECT] 
2025-12-30 19:50:56,201 [ERROR] LogOutputStream:75 - [STDERR_REDIRECT] [Fatal Error] :1:1: Premature end of file.
2025-12-30 19:50:56,202 [ERROR] LogOutputStream:75 - [STDERR_REDIRECT] 
2025-12-30 19:50:57,186 [ERROR] LogOutputStream:75 - [STDERR_REDIRECT] [Fatal Error] :1:1: Premature end of file.
2025-12-30 19:50:57,186 [ERROR] LogOutputStream:75 - [STDERR_REDIRECT] 
2025-12-30 19:50:58,263 [ERROR] LogOutputStream:75 - [STDERR_REDIRECT] [Fatal Error] :1:1: Premature end of file.
2025-12-30 19:50:58,263 [ERROR] LogOutputStream:75 - [STDERR_REDIRECT] 
2025-12-30 19:50:59,212 [ERROR] LogOutputStream:75 - [STDERR_REDIRECT] [Fatal Error] :1:1: Premature end of file.
2025-12-30 19:50:59,212 [ERROR] LogOutputStream:75 - [STDERR_REDIRECT] 
2025-12-30 19:51:00,249 [ERROR] LogOutputStream:75 - [STDERR_REDIRECT] [Fatal Error] :1:1: Premature end of file.
2025-12-30 19:51:00,249 [ERROR] LogOutputStream:75 - [STDERR_REDIRECT] 
2025-12-30 19:51:01,287 [ERROR] LogOutputStream:75 - [STDERR_REDIRECT] [Fatal Error] :1:1: Premature end of file.
2025-12-30 19:51:01,288 [ERROR] LogOutputStream:75 - [STDERR_REDIRECT] 
2025-12-30 19:51:02,191 [ERROR] LogOutputStream:75 - [STDERR_REDIRECT] [Fatal Error] :1:1: Premature end of file.
2025-12-30 19:51:02,191 [ERROR] LogOutputStream:75 - [STDERR_REDIRECT] 
2025-12-30 19:51:03,284 [ERROR] LogOutputStream:75 - [STDERR_REDIRECT] [Fatal Error] :1:1: Premature end of file.
2025-12-30 19:51:03,285 [ERROR] LogOutputStream:75 - [STDERR_REDIRECT] 
2025-12-30 19:51:04,278 [ERROR] LogOutputStream:75 - [STDERR_REDIRECT] [Fatal Error] :1:1: Premature end of file.
2025-12-30 19:51:04,278 [ERROR] LogOutputStream:75 - [STDERR_REDIRECT] 
2025-12-30 19:51:05,281 [ERROR] LogOutputStream:75 - [STDERR_REDIRECT] [Fatal Error] :1:1: Premature end of file.
2025-12-30 19:51:05,282 [ERROR] LogOutputStream:75 - [STDERR_REDIRECT] 
2025-12-30 19:51:06,280 [ERROR] LogOutputStream:75 - [STDERR_REDIRECT] [Fatal Error] :1:1: Premature end of file.
2025-12-30 19:51:06,280 [ERROR] LogOutputStream:75 - [STDERR_REDIRECT] 
2025-12-30 19:51:07,281 [ERROR] LogOutputStream:75 - [STDERR_REDIRECT] [Fatal Error] :1:1: Premature end of file.
2025-12-30 19:51:07,281 [ERROR] LogOutputStream:75 - [STDERR_REDIRECT] 
2025-12-30 19:51:08,288 [ERROR] LogOutputStream:75 - [STDERR_REDIRECT] [Fatal Error] :1:1: Premature end of file.
2025-12-30 19:51:08,289 [ERROR] LogOutputStream:75 - [STDERR_REDIRECT] 
2025-12-30 19:51:09,270 [ERROR] LogOutputStream:75 - [STDERR_REDIRECT] [Fatal Error] :1:1: Premature end of file.
2025-12-30 19:51:09,270 [ERROR] LogOutputStream:75 - [STDERR_REDIRECT] 
2025-12-30 19:51:10,203 [ERROR] LogOutputStream:75 - [STDERR_REDIRECT] [Fatal Error] :1:1: Premature end of file.
2025-12-30 19:51:10,203 [ERROR] LogOutputStream:75 - [STDERR_REDIRECT] 
2025-12-30 19:51:11,263 [ERROR] LogOutputStream:75 - [STDERR_REDIRECT] [Fatal Error] :1:1: Premature end of file.
2025-12-30 19:51:11,263 [ERROR] LogOutputStream:75 - [STDERR_REDIRECT] 
2025-12-30 19:51:12,250 [ERROR] LogOutputStream:75 - [STDERR_REDIRECT] [Fatal Error] :1:1: Premature end of file.
2025-12-30 19:51:12,251 [ERROR] LogOutputStream:75 - [STDERR_REDIRECT] 
2025-12-30 19:51:13,223 [ERROR] LogOutputStream:75 - [STDERR_REDIRECT] [Fatal Error] :1:1: Premature end of file.
2025-12-30 19:51:13,224 [ERROR] LogOutputStream:75 - [STDERR_REDIRECT] 
2025-12-30 19:51:14,184 [ERROR] LogOutputStream:75 - [STDERR_REDIRECT] [Fatal Error] :1:1: Premature end of file.
2025-12-30 19:51:14,184 [ERROR] LogOutputStream:75 - [STDERR_REDIRECT] 
2025-12-30 19:51:15,282 [ERROR] LogOutputStream:75 - [STDERR_REDIRECT] [Fatal Error] :1:1: Premature end of file.
2025-12-30 19:51:15,283 [ERROR] LogOutputStream:75 - [STDERR_REDIRECT] 
2025-12-30 19:51:16,184 [ERROR] LogOutputStream:75 - [STDERR_REDIRECT] [Fatal Error] :1:1: Premature end of file.
2025-12-30 19:51:16,184 [ERROR] LogOutputStream:75 - [STDERR_REDIRECT] 
2025-12-30 19:51:17,184 [ERROR] LogOutputStream:75 - [STDERR_REDIRECT] [Fatal Error] :1:1: Premature end of file.
2025-12-30 19:51:17,184 [ERROR] LogOutputStream:75 - [STDERR_REDIRECT] 
2025-12-30 19:51:18,276 [ERROR] LogOutputStream:75 - [STDERR_REDIRECT] [Fatal Error] :1:1: Premature end of file.
2025-12-30 19:51:18,277 [ERROR] LogOutputStream:75 - [STDERR_REDIRECT] 
2025-12-30 19:51:19,269 [ERROR] LogOutputStream:75 - [STDERR_REDIRECT] [Fatal Error] :1:1: Premature end of file.
2025-12-30 19:51:19,270 [ERROR] LogOutputStream:75 - [STDERR_REDIRECT] 
2025-12-30 19:51:20,276 [ERROR] LogOutputStream:75 - [STDERR_REDIRECT] [Fatal Error] :1:1: Premature end of file.
2025-12-30 19:51:20,277 [ERROR] LogOutputStream:75 - [STDERR_REDIRECT] 
2025-12-30 19:51:21,293 [ERROR] LogOutputStream:75 - [STDERR_REDIRECT] [Fatal Error] :1:1: Premature end of file.
2025-12-30 19:51:21,293 [ERROR] LogOutputStream:75 - [STDERR_REDIRECT] 
2025-12-30 19:51:22,287 [ERROR] LogOutputStream:75 - [STDERR_REDIRECT] [Fatal Error] :1:1: Premature end of file.
2025-12-30 19:51:22,287 [ERROR] LogOutputStream:75 - [STDERR_REDIRECT] 
2025-12-30 19:51:23,293 [ERROR] LogOutputStream:75 - [STDERR_REDIRECT] [Fatal Error] :1:1: Premature end of file.
2025-12-30 19:51:23,293 [ERROR] LogOutputStream:75 - [STDERR_REDIRECT] 
2025-12-30 19:51:24,182 [ERROR] LogOutputStream:75 - [STDERR_REDIRECT] [Fatal Error] :1:1: Premature end of file.
2025-12-30 19:51:24,182 [ERROR] LogOutputStream:75 - [STDERR_REDIRECT] 
2025-12-30 19:51:25,279 [ERROR] LogOutputStream:75 - [STDERR_REDIRECT] [Fatal Error] :1:1: Premature end of file.
2025-12-30 19:51:25,279 [ERROR] LogOutputStream:75 - [STDERR_REDIRECT] 
2025-12-30 19:51:26,182 [ERROR] LogOutputStream:75 - [STDERR_REDIRECT] [Fatal Error] :1:1: Premature end of file.
2025-12-30 19:51:26,182 [ERROR] LogOutputStream:75 - [STDERR_REDIRECT] 
2025-12-30 19:51:27,269 [ERROR] LogOutputStream:75 - [STDERR_REDIRECT] [Fatal Error] :1:1: Premature end of file.
2025-12-30 19:51:27,269 [ERROR] LogOutputStream:75 - [STDERR_REDIRECT] 
2025-12-30 19:51:28,275 [ERROR] LogOutputStream:75 - [STDERR_REDIRECT] [Fatal Error] :1:1: Premature end of file.
2025-12-30 19:51:28,276 [ERROR] LogOutputStream:75 - [STDERR_REDIRECT] 
2025-12-30 19:51:29,293 [ERROR] LogOutputStream:75 - [STDERR_REDIRECT] [Fatal Error] :1:1: Premature end of file.
2025-12-30 19:51:29,294 [ERROR] LogOutputStream:75 - [STDERR_REDIRECT] 
2025-12-30 19:51:30,201 [ERROR] LogOutputStream:75 - [STDERR_REDIRECT] [Fatal Error] :1:1: Premature end of file.
2025-12-30 19:51:30,202 [ERROR] LogOutputStream:75 - [STDERR_REDIRECT] 
2025-12-30 19:51:31,200 [ERROR] LogOutputStream:75 - [STDERR_REDIRECT] [Fatal Error] :1:1: Premature end of file.
2025-12-30 19:51:31,200 [ERROR] LogOutputStream:75 - [STDERR_REDIRECT] 
2025-12-30 19:51:32,290 [ERROR] LogOutputStream:75 - [STDERR_REDIRECT] [Fatal Error] :1:1: Premature end of file.
2025-12-30 19:51:32,291 [ERROR] LogOutputStream:75 - [STDERR_REDIRECT] 
2025-12-30 19:51:33,190 [ERROR] LogOutputStream:75 - [STDERR_REDIRECT] [Fatal Error] :1:1: Premature end of file.
2025-12-30 19:51:33,191 [ERROR] LogOutputStream:75 - [STDERR_REDIRECT] 
2025-12-30 19:51:34,299 [ERROR] LogOutputStream:75 - [STDERR_REDIRECT] [Fatal Error] :1:1: Premature end of file.
2025-12-30 19:51:34,300 [ERROR] LogOutputStream:75 - [STDERR_REDIRECT] 
2025-12-30 19:51:35,286 [ERROR] LogOutputStream:75 - [STDERR_REDIRECT] [Fatal Error] :1:1: Premature end of file.
2025-12-30 19:51:35,288 [ERROR] LogOutputStream:75 - [STDERR_REDIRECT] 
2025-12-30 19:51:36,232 [ERROR] LogOutputStream:75 - [STDERR_REDIRECT] [Fatal Error] :1:1: Premature end of file.
2025-12-30 19:51:36,232 [ERROR] LogOutputStream:75 - [STDERR_REDIRECT] 
2025-12-30 19:51:37,278 [ERROR] LogOutputStream:75 - [STDERR_REDIRECT] [Fatal Error] :1:1: Premature end of file.
2025-12-30 19:51:37,278 [ERROR] LogOutputStream:75 - [STDERR_REDIRECT] 
2025-12-30 19:51:38,295 [ERROR] LogOutputStream:75 - [STDERR_REDIRECT] [Fatal Error] :1:1: Premature end of file.
2025-12-30 19:51:38,296 [ERROR] LogOutputStream:75 - [STDERR_REDIRECT] 
2025-12-30 19:51:39,290 [ERROR] LogOutputStream:75 - [STDERR_REDIRECT] [Fatal Error] :1:1: Premature end of file.
2025-12-30 19:51:39,291 [ERROR] LogOutputStream:75 - [STDERR_REDIRECT] 
2025-12-30 19:51:40,313 [ERROR] LogOutputStream:75 - [STDERR_REDIRECT] [Fatal Error] :1:1: Premature end of file.
2025-12-30 19:51:40,314 [ERROR] LogOutputStream:75 - [STDERR_REDIRECT] 
2025-12-30 19:51:41,296 [ERROR] LogOutputStream:75 - [STDERR_REDIRECT] [Fatal Error] :1:1: Premature end of file.
2025-12-30 19:51:41,296 [ERROR] LogOutputStream:75 - [STDERR_REDIRECT] 
2025-12-30 19:51:42,278 [ERROR] LogOutputStream:75 - [STDERR_REDIRECT] [Fatal Error] :1:1: Premature end of file.
2025-12-30 19:51:42,278 [ERROR] LogOutputStream:75 - [STDERR_REDIRECT] 
2025-12-30 19:51:43,231 [ERROR] LogOutputStream:75 - [STDERR_REDIRECT] [Fatal Error] :1:1: Premature end of file.
2025-12-30 19:51:43,231 [ERROR] LogOutputStream:75 - [STDERR_REDIRECT] 
2025-12-30 19:51:44,296 [ERROR] LogOutputStream:75 - [STDERR_REDIRECT] [Fatal Error] :1:1: Premature end of file.
2025-12-30 19:51:44,297 [ERROR] LogOutputStream:75 - [STDERR_REDIRECT] 
2025-12-30 19:51:45,283 [ERROR] LogOutputStream:75 - [STDERR_REDIRECT] [Fatal Error] :1:1: Premature end of file.
2025-12-30 19:51:45,283 [ERROR] LogOutputStream:75 - [STDERR_REDIRECT] 
2025-12-30 19:51:46,282 [ERROR] LogOutputStream:75 - [STDERR_REDIRECT] [Fatal Error] :1:1: Premature end of file.
2025-12-30 19:51:46,282 [ERROR] LogOutputStream:75 - [STDERR_REDIRECT] 
2025-12-30 19:51:47,264 [ERROR] LogOutputStream:75 - [STDERR_REDIRECT] [Fatal Error] :1:1: Premature end of file.
2025-12-30 19:51:47,264 [ERROR] LogOutputStream:75 - [STDERR_REDIRECT] 
2025-12-30 19:51:48,285 [ERROR] LogOutputStream:75 - [STDERR_REDIRECT] [Fatal Error] :1:1: Premature end of file.
2025-12-30 19:51:48,285 [ERROR] LogOutputStream:75 - [STDERR_REDIRECT] 
2025-12-30 19:51:49,285 [ERROR] LogOutputStream:75 - [STDERR_REDIRECT] [Fatal Error] :1:1: Premature end of file.
2025-12-30 19:51:49,286 [ERROR] LogOutputStream:75 - [STDERR_REDIRECT] 
2025-12-30 19:51:50,292 [ERROR] LogOutputStream:75 - [STDERR_REDIRECT] [Fatal Error] :1:1: Premature end of file.
2025-12-30 19:51:50,292 [ERROR] LogOutputStream:75 - [STDERR_REDIRECT] 
2025-12-30 19:51:51,276 [ERROR] LogOutputStream:75 - [STDERR_REDIRECT] [Fatal Error] :1:1: Premature end of file.
2025-12-30 19:51:51,277 [ERROR] LogOutputStream:75 - [STDERR_REDIRECT] 
2025-12-30 19:51:52,298 [ERROR] LogOutputStream:75 - [STDERR_REDIRECT] [Fatal Error] :1:1: Premature end of file.
2025-12-30 19:51:52,299 [ERROR] LogOutputStream:75 - [STDERR_REDIRECT] 
2025-12-30 19:51:53,319 [ERROR] LogOutputStream:75 - [STDERR_REDIRECT] [Fatal Error] :1:1: Premature end of file.
2025-12-30 19:51:53,319 [ERROR] LogOutputStream:75 - [STDERR_REDIRECT] 
2025-12-30 19:51:54,216 [ERROR] LogOutputStream:75 - [STDERR_REDIRECT] [Fatal Error] :1:1: Premature end of file.
2025-12-30 19:51:54,216 [ERROR] LogOutputStream:75 - [STDERR_REDIRECT] 
2025-12-30 19:51:55,210 [ERROR] LogOutputStream:75 - [STDERR_REDIRECT] [Fatal Error] :1:1: Premature end of file.
2025-12-30 19:51:55,210 [ERROR] LogOutputStream:75 - [STDERR_REDIRECT] 
2025-12-30 19:51:56,316 [ERROR] LogOutputStream:75 - [STDERR_REDIRECT] [Fatal Error] :1:1: Premature end of file.
2025-12-30 19:51:56,317 [ERROR] LogOutputStream:75 - [STDERR_REDIRECT] 
2025-12-30 19:51:57,195 [ERROR] LogOutputStream:75 - [STDERR_REDIRECT] [Fatal Error] :1:1: Premature end of file.
2025-12-30 19:51:57,195 [ERROR] LogOutputStream:75 - [STDERR_REDIRECT] 
2025-12-30 19:51:58,297 [ERROR] LogOutputStream:75 - [STDERR_REDIRECT] [Fatal Error] :1:1: Premature end of file.
2025-12-30 19:51:58,298 [ERROR] LogOutputStream:75 - [STDERR_REDIRECT] 
2025-12-30 19:51:59,310 [ERROR] LogOutputStream:75 - [STDERR_REDIRECT] [Fatal Error] :1:1: Premature end of file.
2025-12-30 19:51:59,311 [ERROR] LogOutputStream:75 - [STDERR_REDIRECT] 
2025-12-30 19:52:00,303 [ERROR] LogOutputStream:75 - [STDERR_REDIRECT] [Fatal Error] :1:1: Premature end of file.
2025-12-30 19:52:00,303 [ERROR] LogOutputStream:75 - [STDERR_REDIRECT] 
2025-12-30 19:52:01,193 [ERROR] LogOutputStream:75 - [STDERR_REDIRECT] [Fatal Error] :1:1: Premature end of file.
2025-12-30 19:52:01,193 [ERROR] LogOutputStream:75 - [STDERR_REDIRECT] 
2025-12-30 19:52:02,291 [ERROR] LogOutputStream:75 - [STDERR_REDIRECT] [Fatal Error] :1:1: Premature end of file.
2025-12-30 19:52:02,292 [ERROR] LogOutputStream:75 - [STDERR_REDIRECT] 
2025-12-30 19:52:03,255 [ERROR] LogOutputStream:75 - [STDERR_REDIRECT] [Fatal Error] :1:1: Premature end of file.
2025-12-30 19:52:03,255 [ERROR] LogOutputStream:75 - [STDERR_REDIRECT] 
2025-12-30 19:52:04,258 [ERROR] LogOutputStream:75 - [STDERR_REDIRECT] [Fatal Error] :1:1: Premature end of file.
2025-12-30 19:52:04,258 [ERROR] LogOutputStream:75 - [STDERR_REDIRECT] 
2025-12-30 19:52:05,228 [ERROR] LogOutputStream:75 - [STDERR_REDIRECT] [Fatal Error] :1:1: Premature end of file.
2025-12-30 19:52:05,228 [ERROR] LogOutputStream:75 - [STDERR_REDIRECT] 
2025-12-30 19:52:06,286 [ERROR] LogOutputStream:75 - [STDERR_REDIRECT] [Fatal Error] :1:1: Premature end of file.
2025-12-30 19:52:06,287 [ERROR] LogOutputStream:75 - [STDERR_REDIRECT] 
2025-12-30 19:52:07,186 [ERROR] LogOutputStream:75 - [STDERR_REDIRECT] [Fatal Error] :1:1: Premature end of file.
2025-12-30 19:52:07,188 [ERROR] LogOutputStream:75 - [STDERR_REDIRECT] 
2025-12-30 19:52:08,292 [ERROR] LogOutputStream:75 - [STDERR_REDIRECT] [Fatal Error] :1:1: Premature end of file.
2025-12-30 19:52:08,293 [ERROR] LogOutputStream:75 - [STDERR_REDIRECT] 
2025-12-30 19:52:09,309 [ERROR] LogOutputStream:75 - [STDERR_REDIRECT] [Fatal Error] :1:1: Premature end of file.
2025-12-30 19:52:09,310 [ERROR] LogOutputStream:75 - [STDERR_REDIRECT] 
2025-12-30 19:52:10,275 [ERROR] LogOutputStream:75 - [STDERR_REDIRECT] [Fatal Error] :1:1: Premature end of file.
2025-12-30 19:52:10,275 [ERROR] LogOutputStream:75 - [STDERR_REDIRECT] 
2025-12-30 19:52:11,294 [ERROR] LogOutputStream:75 - [STDERR_REDIRECT] [Fatal Error] :1:1: Premature end of file.
2025-12-30 19:52:11,295 [ERROR] LogOutputStream:75 - [STDERR_REDIRECT] 
2025-12-30 19:52:12,186 [ERROR] LogOutputStream:75 - [STDERR_REDIRECT] [Fatal Error] :1:1: Premature end of file.
2025-12-30 19:52:12,186 [ERROR] LogOutputStream:75 - [STDERR_REDIRECT] 
2025-12-30 19:52:13,176 [ERROR] LogOutputStream:75 - [STDERR_REDIRECT] [Fatal Error] :1:1: Premature end of file.
2025-12-30 19:52:13,176 [ERROR] LogOutputStream:75 - [STDERR_REDIRECT] 
2025-12-30 19:52:14,194 [ERROR] LogOutputStream:75 - [STDERR_REDIRECT] [Fatal Error] :1:1: Premature end of file.
2025-12-30 19:52:14,195 [ERROR] LogOutputStream:75 - [STDERR_REDIRECT] 
2025-12-30 19:52:15,174 [ERROR] LogOutputStream:75 - [STDERR_REDIRECT] [Fatal Error] :1:1: Premature end of file.
2025-12-30 19:52:15,174 [ERROR] LogOutputStream:75 - [STDERR_REDIRECT] 
2025-12-30 19:52:16,188 [ERROR] LogOutputStream:75 - [STDERR_REDIRECT] [Fatal Error] :1:1: Premature end of file.
2025-12-30 19:52:16,188 [ERROR] LogOutputStream:75 - [STDERR_REDIRECT] 
2025-12-30 19:52:17,175 [ERROR] LogOutputStream:75 - [STDERR_REDIRECT] [Fatal Error] :1:1: Premature end of file.
2025-12-30 19:52:17,175 [ERROR] LogOutputStream:75 - [STDERR_REDIRECT] 
2025-12-30 19:52:18,179 [ERROR] LogOutputStream:75 - [STDERR_REDIRECT] [Fatal Error] :1:1: Premature end of file.
2025-12-30 19:52:18,180 [ERROR] LogOutputStream:75 - [STDERR_REDIRECT] 
2025-12-30 19:52:19,198 [ERROR] LogOutputStream:75 - [STDERR_REDIRECT] [Fatal Error] :1:1: Premature end of file.
2025-12-30 19:52:19,198 [ERROR] LogOutputStream:75 - [STDERR_REDIRECT] 
2025-12-30 19:52:20,185 [ERROR] LogOutputStream:75 - [STDERR_REDIRECT] [Fatal Error] :1:1: Premature end of file.
2025-12-30 19:52:20,185 [ERROR] LogOutputStream:75 - [STDERR_REDIRECT] 
2025-12-30 19:52:21,183 [ERROR] LogOutputStream:75 - [STDERR_REDIRECT] [Fatal Error] :1:1: Premature end of file.
2025-12-30 19:52:21,183 [ERROR] LogOutputStream:75 - [STDERR_REDIRECT] 
2025-12-30 19:52:22,179 [ERROR] LogOutputStream:75 - [STDERR_REDIRECT] [Fatal Error] :1:1: Premature end of file.
2025-12-30 19:52:22,179 [ERROR] LogOutputStream:75 - [STDERR_REDIRECT] 
2025-12-30 19:52:23,297 [ERROR] LogOutputStream:75 - [STDERR_REDIRECT] [Fatal Error] :1:1: Premature end of file.
2025-12-30 19:52:23,297 [ERROR] LogOutputStream:75 - [STDERR_REDIRECT] 
2025-12-30 19:52:24,211 [ERROR] LogOutputStream:75 - [STDERR_REDIRECT] [Fatal Error] :1:1: Premature end of file.
2025-12-30 19:52:24,211 [ERROR] LogOutputStream:75 - [STDERR_REDIRECT] 
2025-12-30 19:52:25,175 [ERROR] LogOutputStream:75 - [STDERR_REDIRECT] [Fatal Error] :1:1: Premature end of file.
2025-12-30 19:52:25,175 [ERROR] LogOutputStream:75 - [STDERR_REDIRECT] 
2025-12-30 19:52:26,179 [ERROR] LogOutputStream:75 - [STDERR_REDIRECT] [Fatal Error] :1:1: Premature end of file.
2025-12-30 19:52:26,180 [ERROR] LogOutputStream:75 - [STDERR_REDIRECT] 
2025-12-30 19:52:27,218 [ERROR] LogOutputStream:75 - [STDERR_REDIRECT] [Fatal Error] :1:1: Premature end of file.
2025-12-30 19:52:27,218 [ERROR] LogOutputStream:75 - [STDERR_REDIRECT] 
2025-12-30 19:52:28,185 [ERROR] LogOutputStream:75 - [STDERR_REDIRECT] [Fatal Error] :1:1: Premature end of file.
2025-12-30 19:52:28,185 [ERROR] LogOutputStream:75 - [STDERR_REDIRECT] 
2025-12-30 19:52:29,187 [ERROR] LogOutputStream:75 - [STDERR_REDIRECT] [Fatal Error] :1:1: Premature end of file.
2025-12-30 19:52:29,187 [ERROR] LogOutputStream:75 - [STDERR_REDIRECT] 
2025-12-30 19:52:30,215 [ERROR] LogOutputStream:75 - [STDERR_REDIRECT] [Fatal Error] :1:1: Premature end of file.
2025-12-30 19:52:30,215 [ERROR] LogOutputStream:75 - [STDERR_REDIRECT] 
2025-12-30 19:52:31,189 [ERROR] LogOutputStream:75 - [STDERR_REDIRECT] [Fatal Error] :1:1: Premature end of file.
2025-12-30 19:52:31,189 [ERROR] LogOutputStream:75 - [STDERR_REDIRECT] 
2025-12-30 19:52:32,234 [ERROR] LogOutputStream:75 - [STDERR_REDIRECT] [Fatal Error] :1:1: Premature end of file.
2025-12-30 19:52:32,234 [ERROR] LogOutputStream:75 - [STDERR_REDIRECT] 
2025-12-30 19:52:33,206 [ERROR] LogOutputStream:75 - [STDERR_REDIRECT] [Fatal Error] :1:1: Premature end of file.
2025-12-30 19:52:33,207 [ERROR] LogOutputStream:75 - [STDERR_REDIRECT] 
2025-12-30 19:52:34,213 [ERROR] LogOutputStream:75 - [STDERR_REDIRECT] [Fatal Error] :1:1: Premature end of file.
2025-12-30 19:52:34,213 [ERROR] LogOutputStream:75 - [STDERR_REDIRECT] 
2025-12-30 19:52:35,186 [ERROR] LogOutputStream:75 - [STDERR_REDIRECT] [Fatal Error] :1:1: Premature end of file.
2025-12-30 19:52:35,186 [ERROR] LogOutputStream:75 - [STDERR_REDIRECT] 
2025-12-30 19:52:36,289 [ERROR] LogOutputStream:75 - [STDERR_REDIRECT] [Fatal Error] :1:1: Premature end of file.
2025-12-30 19:52:36,289 [ERROR] LogOutputStream:75 - [STDERR_REDIRECT] 
2025-12-30 19:52:37,273 [ERROR] LogOutputStream:75 - [STDERR_REDIRECT] [Fatal Error] :1:1: Premature end of file.
2025-12-30 19:52:37,273 [ERROR] LogOutputStream:75 - [STDERR_REDIRECT] 
2025-12-30 19:52:38,293 [ERROR] LogOutputStream:75 - [STDERR_REDIRECT] [Fatal Error] :1:1: Premature end of file.
2025-12-30 19:52:38,294 [ERROR] LogOutputStream:75 - [STDERR_REDIRECT] 
2025-12-30 19:52:39,284 [ERROR] LogOutputStream:75 - [STDERR_REDIRECT] [Fatal Error] :1:1: Premature end of file.
2025-12-30 19:52:39,285 [ERROR] LogOutputStream:75 - [STDERR_REDIRECT] 
2025-12-30 19:52:40,189 [ERROR] LogOutputStream:75 - [STDERR_REDIRECT] [Fatal Error] :1:1: Premature end of file.
2025-12-30 19:52:40,189 [ERROR] LogOutputStream:75 - [STDERR_REDIRECT] 
2025-12-30 19:52:41,191 [ERROR] LogOutputStream:75 - [STDERR_REDIRECT] [Fatal Error] :1:1: Premature end of file.
2025-12-30 19:52:41,191 [ERROR] LogOutputStream:75 - [STDERR_REDIRECT] 
2025-12-30 19:52:42,183 [ERROR] LogOutputStream:75 - [STDERR_REDIRECT] [Fatal Error] :1:1: Premature end of file.
2025-12-30 19:52:42,183 [ERROR] LogOutputStream:75 - [STDERR_REDIRECT] 
2025-12-30 19:52:43,184 [ERROR] LogOutputStream:75 - [STDERR_REDIRECT] [Fatal Error] :1:1: Premature end of file.
2025-12-30 19:52:43,184 [ERROR] LogOutputStream:75 - [STDERR_REDIRECT] 
2025-12-30 19:52:44,186 [ERROR] LogOutputStream:75 - [STDERR_REDIRECT] [Fatal Error] :1:1: Premature end of file.
2025-12-30 19:52:44,186 [ERROR] LogOutputStream:75 - [STDERR_REDIRECT] 
2025-12-30 19:52:45,186 [ERROR] LogOutputStream:75 - [STDERR_REDIRECT] [Fatal Error] :1:1: Premature end of file.
2025-12-30 19:52:45,186 [ERROR] LogOutputStream:75 - [STDERR_REDIRECT] 
2025-12-30 19:52:46,288 [ERROR] LogOutputStream:75 - [STDERR_REDIRECT] [Fatal Error] :1:1: Premature end of file.
2025-12-30 19:52:46,289 [ERROR] LogOutputStream:75 - [STDERR_REDIRECT] 
2025-12-30 19:52:47,172 [ERROR] LogOutputStream:75 - [STDERR_REDIRECT] [Fatal Error] :1:1: Premature end of file.
2025-12-30 19:52:47,172 [ERROR] LogOutputStream:75 - [STDERR_REDIRECT] 
2025-12-30 19:52:48,195 [ERROR] LogOutputStream:75 - [STDERR_REDIRECT] [Fatal Error] :1:1: Premature end of file.
2025-12-30 19:52:48,195 [ERROR] LogOutputStream:75 - [STDERR_REDIRECT] 
2025-12-30 19:52:49,204 [ERROR] LogOutputStream:75 - [STDERR_REDIRECT] [Fatal Error] :1:1: Premature end of file.
2025-12-30 19:52:49,204 [ERROR] LogOutputStream:75 - [STDERR_REDIRECT] 
2025-12-30 19:52:50,189 [ERROR] LogOutputStream:75 - [STDERR_REDIRECT] [Fatal Error] :1:1: Premature end of file.
2025-12-30 19:52:50,190 [ERROR] LogOutputStream:75 - [STDERR_REDIRECT] 
2025-12-30 19:52:51,186 [ERROR] LogOutputStream:75 - [STDERR_REDIRECT] [Fatal Error] :1:1: Premature end of file.
2025-12-30 19:52:51,186 [ERROR] LogOutputStream:75 - [STDERR_REDIRECT] 
2025-12-30 19:52:52,276 [ERROR] LogOutputStream:75 - [STDERR_REDIRECT] [Fatal Error] :1:1: Premature end of file.
2025-12-30 19:52:52,277 [ERROR] LogOutputStream:75 - [STDERR_REDIRECT] 
2025-12-30 19:52:53,285 [ERROR] LogOutputStream:75 - [STDERR_REDIRECT] [Fatal Error] :1:1: Premature end of file.
2025-12-30 19:52:53,285 [ERROR] LogOutputStream:75 - [STDERR_REDIRECT] 
2025-12-30 19:52:54,284 [ERROR] LogOutputStream:75 - [STDERR_REDIRECT] [Fatal Error] :1:1: Premature end of file.
2025-12-30 19:52:54,284 [ERROR] LogOutputStream:75 - [STDERR_REDIRECT] 
2025-12-30 19:52:55,285 [ERROR] LogOutputStream:75 - [STDERR_REDIRECT] [Fatal Error] :1:1: Premature end of file.
2025-12-30 19:52:55,286 [ERROR] LogOutputStream:75 - [STDERR_REDIRECT] 
2025-12-30 19:52:56,187 [ERROR] LogOutputStream:75 - [STDERR_REDIRECT] [Fatal Error] :1:1: Premature end of file.
2025-12-30 19:52:56,187 [ERROR] LogOutputStream:75 - [STDERR_REDIRECT] 
2025-12-30 19:52:57,186 [ERROR] LogOutputStream:75 - [STDERR_REDIRECT] [Fatal Error] :1:1: Premature end of file.
2025-12-30 19:52:57,186 [ERROR] LogOutputStream:75 - [STDERR_REDIRECT] 
2025-12-30 19:52:58,191 [ERROR] LogOutputStream:75 - [STDERR_REDIRECT] [Fatal Error] :1:1: Premature end of file.
2025-12-30 19:52:58,192 [ERROR] LogOutputStream:75 - [STDERR_REDIRECT] 
2025-12-30 19:52:59,186 [ERROR] LogOutputStream:75 - [STDERR_REDIRECT] [Fatal Error] :1:1: Premature end of file.
2025-12-30 19:52:59,187 [ERROR] LogOutputStream:75 - [STDERR_REDIRECT] 
2025-12-30 19:53:00,193 [ERROR] LogOutputStream:75 - [STDERR_REDIRECT] [Fatal Error] :1:1: Premature end of file.
2025-12-30 19:53:00,193 [ERROR] LogOutputStream:75 - [STDERR_REDIRECT] 
2025-12-30 19:53:01,204 [ERROR] LogOutputStream:75 - [STDERR_REDIRECT] [Fatal Error] :1:1: Premature end of file.
2025-12-30 19:53:01,204 [ERROR] LogOutputStream:75 - [STDERR_REDIRECT] 
2025-12-30 19:53:02,179 [ERROR] LogOutputStream:75 - [STDERR_REDIRECT] [Fatal Error] :1:1: Premature end of file.
2025-12-30 19:53:02,179 [ERROR] LogOutputStream:75 - [STDERR_REDIRECT] 
2025-12-30 19:53:03,303 [ERROR] LogOutputStream:75 - [STDERR_REDIRECT] [Fatal Error] :1:1: Premature end of file.
2025-12-30 19:53:03,303 [ERROR] LogOutputStream:75 - [STDERR_REDIRECT] 
2025-12-30 19:53:04,201 [ERROR] LogOutputStream:75 - [STDERR_REDIRECT] [Fatal Error] :1:1: Premature end of file.
2025-12-30 19:53:04,201 [ERROR] LogOutputStream:75 - [STDERR_REDIRECT] 
2025-12-30 19:53:05,301 [ERROR] LogOutputStream:75 - [STDERR_REDIRECT] [Fatal Error] :1:1: Premature end of file.
2025-12-30 19:53:05,302 [ERROR] LogOutputStream:75 - [STDERR_REDIRECT] 
2025-12-30 19:53:06,232 [ERROR] LogOutputStream:75 - [STDERR_REDIRECT] [Fatal Error] :1:1: Premature end of file.
2025-12-30 19:53:06,232 [ERROR] LogOutputStream:75 - [STDERR_REDIRECT] 
2025-12-30 19:53:07,213 [ERROR] LogOutputStream:75 - [STDERR_REDIRECT] [Fatal Error] :1:1: Premature end of file.
2025-12-30 19:53:07,214 [ERROR] LogOutputStream:75 - [STDERR_REDIRECT] 
2025-12-30 19:53:08,186 [ERROR] LogOutputStream:75 - [STDERR_REDIRECT] [Fatal Error] :1:1: Premature end of file.
2025-12-30 19:53:08,186 [ERROR] LogOutputStream:75 - [STDERR_REDIRECT] 
2025-12-30 19:53:09,200 [ERROR] LogOutputStream:75 - [STDERR_REDIRECT] [Fatal Error] :1:1: Premature end of file.
2025-12-30 19:53:09,201 [ERROR] LogOutputStream:75 - [STDERR_REDIRECT] 
2025-12-30 19:53:10,183 [ERROR] LogOutputStream:75 - [STDERR_REDIRECT] [Fatal Error] :1:1: Premature end of file.
2025-12-30 19:53:10,183 [ERROR] LogOutputStream:75 - [STDERR_REDIRECT] 
2025-12-30 19:53:11,185 [ERROR] LogOutputStream:75 - [STDERR_REDIRECT] [Fatal Error] :1:1: Premature end of file.
2025-12-30 19:53:11,185 [ERROR] LogOutputStream:75 - [STDERR_REDIRECT] 
2025-12-30 19:53:12,182 [ERROR] LogOutputStream:75 - [STDERR_REDIRECT] [Fatal Error] :1:1: Premature end of file.
2025-12-30 19:53:12,182 [ERROR] LogOutputStream:75 - [STDERR_REDIRECT] 
2025-12-30 19:53:13,183 [ERROR] LogOutputStream:75 - [STDERR_REDIRECT] [Fatal Error] :1:1: Premature end of file.
2025-12-30 19:53:13,183 [ERROR] LogOutputStream:75 - [STDERR_REDIRECT] 
2025-12-30 19:53:14,185 [ERROR] LogOutputStream:75 - [STDERR_REDIRECT] [Fatal Error] :1:1: Premature end of file.
2025-12-30 19:53:14,185 [ERROR] LogOutputStream:75 - [STDERR_REDIRECT] 
2025-12-30 19:53:15,179 [ERROR] LogOutputStream:75 - [STDERR_REDIRECT] [Fatal Error] :1:1: Premature end of file.
2025-12-30 19:53:15,179 [ERROR] LogOutputStream:75 - [STDERR_REDIRECT] 
2025-12-30 19:53:16,246 [ERROR] LogOutputStream:75 - [STDERR_REDIRECT] [Fatal Error] :1:1: Premature end of file.
2025-12-30 19:53:16,246 [ERROR] LogOutputStream:75 - [STDERR_REDIRECT] 
2025-12-30 19:53:17,182 [ERROR] LogOutputStream:75 - [STDERR_REDIRECT] [Fatal Error] :1:1: Premature end of file.
2025-12-30 19:53:17,183 [ERROR] LogOutputStream:75 - [STDERR_REDIRECT] 
2025-12-30 19:53:18,192 [ERROR] LogOutputStream:75 - [STDERR_REDIRECT] [Fatal Error] :1:1: Premature end of file.
2025-12-30 19:53:18,192 [ERROR] LogOutputStream:75 - [STDERR_REDIRECT] 
2025-12-30 19:53:19,182 [ERROR] LogOutputStream:75 - [STDERR_REDIRECT] [Fatal Error] :1:1: Premature end of file.
2025-12-30 19:53:19,182 [ERROR] LogOutputStream:75 - [STDERR_REDIRECT] 
2025-12-30 19:53:20,186 [ERROR] LogOutputStream:75 - [STDERR_REDIRECT] [Fatal Error] :1:1: Premature end of file.
2025-12-30 19:53:20,186 [ERROR] LogOutputStream:75 - [STDERR_REDIRECT] 
2025-12-30 19:53:21,299 [ERROR] LogOutputStream:75 - [STDERR_REDIRECT] [Fatal Error] :1:1: Premature end of file.
2025-12-30 19:53:21,300 [ERROR] LogOutputStream:75 - [STDERR_REDIRECT] 
2025-12-30 19:53:22,281 [ERROR] LogOutputStream:75 - [STDERR_REDIRECT] [Fatal Error] :1:1: Premature end of file.
2025-12-30 19:53:22,282 [ERROR] LogOutputStream:75 - [STDERR_REDIRECT] 
2025-12-30 19:53:23,196 [ERROR] LogOutputStream:75 - [STDERR_REDIRECT] [Fatal Error] :1:1: Premature end of file.
2025-12-30 19:53:23,196 [ERROR] LogOutputStream:75 - [STDERR_REDIRECT] 
2025-12-30 19:53:24,280 [ERROR] LogOutputStream:75 - [STDERR_REDIRECT] [Fatal Error] :1:1: Premature end of file.
2025-12-30 19:53:24,281 [ERROR] LogOutputStream:75 - [STDERR_REDIRECT] 
2025-12-30 19:53:25,269 [ERROR] LogOutputStream:75 - [STDERR_REDIRECT] [Fatal Error] :1:1: Premature end of file.
2025-12-30 19:53:25,270 [ERROR] LogOutputStream:75 - [STDERR_REDIRECT] 
2025-12-30 19:53:26,273 [ERROR] LogOutputStream:75 - [STDERR_REDIRECT] [Fatal Error] :1:1: Premature end of file.
2025-12-30 19:53:26,274 [ERROR] LogOutputStream:75 - [STDERR_REDIRECT] 
2025-12-30 19:53:27,187 [ERROR] LogOutputStream:75 - [STDERR_REDIRECT] [Fatal Error] :1:1: Premature end of file.
2025-12-30 19:53:27,188 [ERROR] LogOutputStream:75 - [STDERR_REDIRECT] 
2025-12-30 19:53:28,258 [ERROR] LogOutputStream:75 - [STDERR_REDIRECT] [Fatal Error] :1:1: Premature end of file.
2025-12-30 19:53:28,259 [ERROR] LogOutputStream:75 - [STDERR_REDIRECT] 
2025-12-30 19:53:29,187 [ERROR] LogOutputStream:75 - [STDERR_REDIRECT] [Fatal Error] :1:1: Premature end of file.
2025-12-30 19:53:29,187 [ERROR] LogOutputStream:75 - [STDERR_REDIRECT] 
2025-12-30 19:53:30,189 [ERROR] LogOutputStream:75 - [STDERR_REDIRECT] [Fatal Error] :1:1: Premature end of file.
2025-12-30 19:53:30,189 [ERROR] LogOutputStream:75 - [STDERR_REDIRECT] 
2025-12-30 19:53:31,191 [ERROR] LogOutputStream:75 - [STDERR_REDIRECT] [Fatal Error] :1:1: Premature end of file.
2025-12-30 19:53:31,191 [ERROR] LogOutputStream:75 - [STDERR_REDIRECT] 
2025-12-30 19:53:32,283 [ERROR] LogOutputStream:75 - [STDERR_REDIRECT] [Fatal Error] :1:1: Premature end of file.
2025-12-30 19:53:32,283 [ERROR] LogOutputStream:75 - [STDERR_REDIRECT] 
2025-12-30 19:53:33,263 [ERROR] LogOutputStream:75 - [STDERR_REDIRECT] [Fatal Error] :1:1: Premature end of file.
2025-12-30 19:53:33,263 [ERROR] LogOutputStream:75 - [STDERR_REDIRECT] 
2025-12-30 19:53:34,282 [ERROR] LogOutputStream:75 - [STDERR_REDIRECT] [Fatal Error] :1:1: Premature end of file.
2025-12-30 19:53:34,283 [ERROR] LogOutputStream:75 - [STDERR_REDIRECT] 
2025-12-30 19:53:35,213 [ERROR] LogOutputStream:75 - [STDERR_REDIRECT] [Fatal Error] :1:1: Premature end of file.
2025-12-30 19:53:35,213 [ERROR] LogOutputStream:75 - [STDERR_REDIRECT] 
2025-12-30 19:53:36,215 [ERROR] LogOutputStream:75 - [STDERR_REDIRECT] [Fatal Error] :1:1: Premature end of file.
2025-12-30 19:53:36,215 [ERROR] LogOutputStream:75 - [STDERR_REDIRECT] 
2025-12-30 19:53:37,192 [ERROR] LogOutputStream:75 - [STDERR_REDIRECT] [Fatal Error] :1:1: Premature end of file.
2025-12-30 19:53:37,192 [ERROR] LogOutputStream:75 - [STDERR_REDIRECT] 
2025-12-30 19:53:38,197 [ERROR] LogOutputStream:75 - [STDERR_REDIRECT] [Fatal Error] :1:1: Premature end of file.
2025-12-30 19:53:38,197 [ERROR] LogOutputStream:75 - [STDERR_REDIRECT] 
2025-12-30 19:53:39,299 [ERROR] LogOutputStream:75 - [STDERR_REDIRECT] [Fatal Error] :1:1: Premature end of file.
2025-12-30 19:53:39,299 [ERROR] LogOutputStream:75 - [STDERR_REDIRECT] 
2025-12-30 19:53:40,202 [ERROR] LogOutputStream:75 - [STDERR_REDIRECT] [Fatal Error] :1:1: Premature end of file.
2025-12-30 19:53:40,202 [ERROR] LogOutputStream:75 - [STDERR_REDIRECT] 
2025-12-30 19:53:41,193 [ERROR] LogOutputStream:75 - [STDERR_REDIRECT] [Fatal Error] :1:1: Premature end of file.
2025-12-30 19:53:41,193 [ERROR] LogOutputStream:75 - [STDERR_REDIRECT] 
2025-12-30 19:53:42,188 [ERROR] LogOutputStream:75 - [STDERR_REDIRECT] [Fatal Error] :1:1: Premature end of file.
2025-12-30 19:53:42,188 [ERROR] LogOutputStream:75 - [STDERR_REDIRECT] 
2025-12-30 19:53:43,185 [ERROR] LogOutputStream:75 - [STDERR_REDIRECT] [Fatal Error] :1:1: Premature end of file.
2025-12-30 19:53:43,185 [ERROR] LogOutputStream:75 - [STDERR_REDIRECT] 
2025-12-30 19:53:44,182 [ERROR] LogOutputStream:75 - [STDERR_REDIRECT] [Fatal Error] :1:1: Premature end of file.
2025-12-30 19:53:44,183 [ERROR] LogOutputStream:75 - [STDERR_REDIRECT] 
2025-12-30 19:53:45,184 [ERROR] LogOutputStream:75 - [STDERR_REDIRECT] [Fatal Error] :1:1: Premature end of file.
2025-12-30 19:53:45,184 [ERROR] LogOutputStream:75 - [STDERR_REDIRECT] 
2025-12-30 19:53:46,283 [ERROR] LogOutputStream:75 - [STDERR_REDIRECT] [Fatal Error] :1:1: Premature end of file.
2025-12-30 19:53:46,284 [ERROR] LogOutputStream:75 - [STDERR_REDIRECT] 
2025-12-30 19:53:47,192 [ERROR] LogOutputStream:75 - [STDERR_REDIRECT] [Fatal Error] :1:1: Premature end of file.
2025-12-30 19:53:47,192 [ERROR] LogOutputStream:75 - [STDERR_REDIRECT] 
2025-12-30 19:53:48,182 [ERROR] LogOutputStream:75 - [STDERR_REDIRECT] [Fatal Error] :1:1: Premature end of file.
2025-12-30 19:53:48,183 [ERROR] LogOutputStream:75 - [STDERR_REDIRECT] 
2025-12-30 19:53:49,285 [ERROR] LogOutputStream:75 - [STDERR_REDIRECT] [Fatal Error] :1:1: Premature end of file.
2025-12-30 19:53:49,286 [ERROR] LogOutputStream:75 - [STDERR_REDIRECT] 
2025-12-30 19:53:50,271 [ERROR] LogOutputStream:75 - [STDERR_REDIRECT] [Fatal Error] :1:1: Premature end of file.
2025-12-30 19:53:50,271 [ERROR] LogOutputStream:75 - [STDERR_REDIRECT] 
2025-12-30 19:53:51,270 [ERROR] LogOutputStream:75 - [STDERR_REDIRECT] [Fatal Error] :1:1: Premature end of file.
2025-12-30 19:53:51,270 [ERROR] LogOutputStream:75 - [STDERR_REDIRECT] 
2025-12-30 19:53:52,278 [ERROR] LogOutputStream:75 - [STDERR_REDIRECT] [Fatal Error] :1:1: Premature end of file.
2025-12-30 19:53:52,278 [ERROR] LogOutputStream:75 - [STDERR_REDIRECT] 
2025-12-30 19:53:53,273 [ERROR] LogOutputStream:75 - [STDERR_REDIRECT] [Fatal Error] :1:1: Premature end of file.
2025-12-30 19:53:53,274 [ERROR] LogOutputStream:75 - [STDERR_REDIRECT] 
2025-12-30 19:53:54,214 [ERROR] LogOutputStream:75 - [STDERR_REDIRECT] [Fatal Error] :1:1: Premature end of file.
2025-12-30 19:53:54,215 [ERROR] LogOutputStream:75 - [STDERR_REDIRECT] 
2025-12-30 19:53:55,192 [ERROR] LogOutputStream:75 - [STDERR_REDIRECT] [Fatal Error] :1:1: Premature end of file.
2025-12-30 19:53:55,192 [ERROR] LogOutputStream:75 - [STDERR_REDIRECT] 
2025-12-30 19:53:56,272 [ERROR] LogOutputStream:75 - [STDERR_REDIRECT] [Fatal Error] :1:1: Premature end of file.
2025-12-30 19:53:56,272 [ERROR] LogOutputStream:75 - [STDERR_REDIRECT] 
2025-12-30 19:53:57,300 [ERROR] LogOutputStream:75 - [STDERR_REDIRECT] [Fatal Error] :1:1: Premature end of file.
2025-12-30 19:53:57,300 [ERROR] LogOutputStream:75 - [STDERR_REDIRECT] 
2025-12-30 19:53:58,287 [ERROR] LogOutputStream:75 - [STDERR_REDIRECT] [Fatal Error] :1:1: Premature end of file.
2025-12-30 19:53:58,288 [ERROR] LogOutputStream:75 - [STDERR_REDIRECT] 
2025-12-30 19:53:59,238 [ERROR] LogOutputStream:75 - [STDERR_REDIRECT] [Fatal Error] :1:1: Premature end of file.
2025-12-30 19:53:59,239 [ERROR] LogOutputStream:75 - [STDERR_REDIRECT] 
2025-12-30 19:54:00,188 [ERROR] LogOutputStream:75 - [STDERR_REDIRECT] [Fatal Error] :1:1: Premature end of file.
2025-12-30 19:54:00,188 [ERROR] LogOutputStream:75 - [STDERR_REDIRECT] 
2025-12-30 19:54:01,273 [ERROR] LogOutputStream:75 - [STDERR_REDIRECT] [Fatal Error] :1:1: Premature end of file.
2025-12-30 19:54:01,274 [ERROR] LogOutputStream:75 - [STDERR_REDIRECT] 
2025-12-30 19:54:02,274 [ERROR] LogOutputStream:75 - [STDERR_REDIRECT] [Fatal Error] :1:1: Premature end of file.
2025-12-30 19:54:02,275 [ERROR] LogOutputStream:75 - [STDERR_REDIRECT] 
2025-12-30 19:54:03,279 [ERROR] LogOutputStream:75 - [STDERR_REDIRECT] [Fatal Error] :1:1: Premature end of file.
2025-12-30 19:54:03,279 [ERROR] LogOutputStream:75 - [STDERR_REDIRECT] 
2025-12-30 19:54:04,187 [ERROR] LogOutputStream:75 - [STDERR_REDIRECT] [Fatal Error] :1:1: Premature end of file.
2025-12-30 19:54:04,187 [ERROR] LogOutputStream:75 - [STDERR_REDIRECT] 
2025-12-30 19:54:05,286 [ERROR] LogOutputStream:75 - [STDERR_REDIRECT] [Fatal Error] :1:1: Premature end of file.
2025-12-30 19:54:05,286 [ERROR] LogOutputStream:75 - [STDERR_REDIRECT] 
2025-12-30 19:54:06,274 [ERROR] LogOutputStream:75 - [STDERR_REDIRECT] [Fatal Error] :1:1: Premature end of file.
2025-12-30 19:54:06,275 [ERROR] LogOutputStream:75 - [STDERR_REDIRECT] 
2025-12-30 19:54:07,280 [ERROR] LogOutputStream:75 - [STDERR_REDIRECT] [Fatal Error] :1:1: Premature end of file.
2025-12-30 19:54:07,280 [ERROR] LogOutputStream:75 - [STDERR_REDIRECT] 
2025-12-30 19:54:08,273 [ERROR] LogOutputStream:75 - [STDERR_REDIRECT] [Fatal Error] :1:1: Premature end of file.
2025-12-30 19:54:08,273 [ERROR] LogOutputStream:75 - [STDERR_REDIRECT] 
2025-12-30 19:54:09,279 [ERROR] LogOutputStream:75 - [STDERR_REDIRECT] [Fatal Error] :1:1: Premature end of file.
2025-12-30 19:54:09,280 [ERROR] LogOutputStream:75 - [STDERR_REDIRECT] 
2025-12-30 19:54:10,270 [ERROR] LogOutputStream:75 - [STDERR_REDIRECT] [Fatal Error] :1:1: Premature end of file.
2025-12-30 19:54:10,270 [ERROR] LogOutputStream:75 - [STDERR_REDIRECT] 
2025-12-30 19:54:11,251 [ERROR] LogOutputStream:75 - [STDERR_REDIRECT] [Fatal Error] :1:1: Premature end of file.
2025-12-30 19:54:11,251 [ERROR] LogOutputStream:75 - [STDERR_REDIRECT] 
2025-12-30 19:54:12,296 [ERROR] LogOutputStream:75 - [STDERR_REDIRECT] [Fatal Error] :1:1: Premature end of file.
2025-12-30 19:54:12,296 [ERROR] LogOutputStream:75 - [STDERR_REDIRECT] 
2025-12-30 19:54:13,283 [ERROR] LogOutputStream:75 - [STDERR_REDIRECT] [Fatal Error] :1:1: Premature end of file.
2025-12-30 19:54:13,283 [ERROR] LogOutputStream:75 - [STDERR_REDIRECT] 
2025-12-30 19:54:14,278 [ERROR] LogOutputStream:75 - [STDERR_REDIRECT] [Fatal Error] :1:1: Premature end of file.
2025-12-30 19:54:14,279 [ERROR] LogOutputStream:75 - [STDERR_REDIRECT] 
2025-12-30 19:54:15,271 [ERROR] LogOutputStream:75 - [STDERR_REDIRECT] [Fatal Error] :1:1: Premature end of file.
2025-12-30 19:54:15,271 [ERROR] LogOutputStream:75 - [STDERR_REDIRECT] 
2025-12-30 19:54:16,281 [ERROR] LogOutputStream:75 - [STDERR_REDIRECT] [Fatal Error] :1:1: Premature end of file.
2025-12-30 19:54:16,282 [ERROR] LogOutputStream:75 - [STDERR_REDIRECT] 
2025-12-30 19:54:17,272 [ERROR] LogOutputStream:75 - [STDERR_REDIRECT] [Fatal Error] :1:1: Premature end of file.
2025-12-30 19:54:17,272 [ERROR] LogOutputStream:75 - [STDERR_REDIRECT] 
2025-12-30 19:54:18,273 [ERROR] LogOutputStream:75 - [STDERR_REDIRECT] [Fatal Error] :1:1: Premature end of file.
2025-12-30 19:54:18,273 [ERROR] LogOutputStream:75 - [STDERR_REDIRECT] 
2025-12-30 19:54:19,283 [ERROR] LogOutputStream:75 - [STDERR_REDIRECT] [Fatal Error] :1:1: Premature end of file.
2025-12-30 19:54:19,283 [ERROR] LogOutputStream:75 - [STDERR_REDIRECT] 
2025-12-30 19:54:20,272 [ERROR] LogOutputStream:75 - [STDERR_REDIRECT] [Fatal Error] :1:1: Premature end of file.
2025-12-30 19:54:20,272 [ERROR] LogOutputStream:75 - [STDERR_REDIRECT] 
2025-12-30 19:54:21,270 [ERROR] LogOutputStream:75 - [STDERR_REDIRECT] [Fatal Error] :1:1: Premature end of file.
2025-12-30 19:54:21,272 [ERROR] LogOutputStream:75 - [STDERR_REDIRECT] 
2025-12-30 19:54:22,272 [ERROR] LogOutputStream:75 - [STDERR_REDIRECT] [Fatal Error] :1:1: Premature end of file.
2025-12-30 19:54:22,272 [ERROR] LogOutputStream:75 - [STDERR_REDIRECT] 
2025-12-30 19:54:23,273 [ERROR] LogOutputStream:75 - [STDERR_REDIRECT] [Fatal Error] :1:1: Premature end of file.
2025-12-30 19:54:23,273 [ERROR] LogOutputStream:75 - [STDERR_REDIRECT] 
2025-12-30 19:54:24,281 [ERROR] LogOutputStream:75 - [STDERR_REDIRECT] [Fatal Error] :1:1: Premature end of file.
2025-12-30 19:54:24,281 [ERROR] LogOutputStream:75 - [STDERR_REDIRECT] 
2025-12-30 19:54:25,271 [ERROR] LogOutputStream:75 - [STDERR_REDIRECT] [Fatal Error] :1:1: Premature end of file.
2025-12-30 19:54:25,272 [ERROR] LogOutputStream:75 - [STDERR_REDIRECT] 
2025-12-30 19:54:26,284 [ERROR] LogOutputStream:75 - [STDERR_REDIRECT] [Fatal Error] :1:1: Premature end of file.
2025-12-30 19:54:26,285 [ERROR] LogOutputStream:75 - [STDERR_REDIRECT] 
2025-12-30 19:54:27,283 [ERROR] LogOutputStream:75 - [STDERR_REDIRECT] [Fatal Error] :1:1: Premature end of file.
2025-12-30 19:54:27,284 [ERROR] LogOutputStream:75 - [STDERR_REDIRECT] 
2025-12-30 19:54:28,285 [ERROR] LogOutputStream:75 - [STDERR_REDIRECT] [Fatal Error] :1:1: Premature end of file.
2025-12-30 19:54:28,286 [ERROR] LogOutputStream:75 - [STDERR_REDIRECT] 
2025-12-30 19:54:29,272 [ERROR] LogOutputStream:75 - [STDERR_REDIRECT] [Fatal Error] :1:1: Premature end of file.
2025-12-30 19:54:29,272 [ERROR] LogOutputStream:75 - [STDERR_REDIRECT] 
2025-12-30 19:54:30,203 [ERROR] LogOutputStream:75 - [STDERR_REDIRECT] [Fatal Error] :1:1: Premature end of file.
2025-12-30 19:54:30,203 [ERROR] LogOutputStream:75 - [STDERR_REDIRECT] 
2025-12-30 19:54:31,274 [ERROR] LogOutputStream:75 - [STDERR_REDIRECT] [Fatal Error] :1:1: Premature end of file.
2025-12-30 19:54:31,274 [ERROR] LogOutputStream:75 - [STDERR_REDIRECT] 
2025-12-30 19:54:32,222 [ERROR] LogOutputStream:75 - [STDERR_REDIRECT] [Fatal Error] :1:1: Premature end of file.
2025-12-30 19:54:32,222 [ERROR] LogOutputStream:75 - [STDERR_REDIRECT] 
2025-12-30 19:54:33,271 [ERROR] LogOutputStream:75 - [STDERR_REDIRECT] [Fatal Error] :1:1: Premature end of file.
2025-12-30 19:54:33,271 [ERROR] LogOutputStream:75 - [STDERR_REDIRECT] 
2025-12-30 19:54:34,290 [ERROR] LogOutputStream:75 - [STDERR_REDIRECT] [Fatal Error] :1:1: Premature end of file.
2025-12-30 19:54:34,290 [ERROR] LogOutputStream:75 - [STDERR_REDIRECT] 
2025-12-30 19:54:35,299 [ERROR] LogOutputStream:75 - [STDERR_REDIRECT] [Fatal Error] :1:1: Premature end of file.
2025-12-30 19:54:35,300 [ERROR] LogOutputStream:75 - [STDERR_REDIRECT] 
2025-12-30 19:54:36,281 [ERROR] LogOutputStream:75 - [STDERR_REDIRECT] [Fatal Error] :1:1: Premature end of file.
2025-12-30 19:54:36,281 [ERROR] LogOutputStream:75 - [STDERR_REDIRECT] 
2025-12-30 19:54:37,202 [ERROR] LogOutputStream:75 - [STDERR_REDIRECT] [Fatal Error] :1:1: Premature end of file.
2025-12-30 19:54:37,202 [ERROR] LogOutputStream:75 - [STDERR_REDIRECT] 
2025-12-30 19:54:38,206 [ERROR] LogOutputStream:75 - [STDERR_REDIRECT] [Fatal Error] :1:1: Premature end of file.
2025-12-30 19:54:38,206 [ERROR] LogOutputStream:75 - [STDERR_REDIRECT] 
2025-12-30 19:54:39,279 [ERROR] LogOutputStream:75 - [STDERR_REDIRECT] [Fatal Error] :1:1: Premature end of file.
2025-12-30 19:54:39,280 [ERROR] LogOutputStream:75 - [STDERR_REDIRECT] 
2025-12-30 19:54:40,229 [ERROR] LogOutputStream:75 - [STDERR_REDIRECT] [Fatal Error] :1:1: Premature end of file.
2025-12-30 19:54:40,229 [ERROR] LogOutputStream:75 - [STDERR_REDIRECT] 
2025-12-30 19:54:41,300 [ERROR] LogOutputStream:75 - [STDERR_REDIRECT] [Fatal Error] :1:1: Premature end of file.
2025-12-30 19:54:41,301 [ERROR] LogOutputStream:75 - [STDERR_REDIRECT] 
2025-12-30 19:54:42,279 [ERROR] LogOutputStream:75 - [STDERR_REDIRECT] [Fatal Error] :1:1: Premature end of file.
2025-12-30 19:54:42,280 [ERROR] LogOutputStream:75 - [STDERR_REDIRECT] 
2025-12-30 19:54:43,205 [ERROR] LogOutputStream:75 - [STDERR_REDIRECT] [Fatal Error] :1:1: Premature end of file.
2025-12-30 19:54:43,205 [ERROR] LogOutputStream:75 - [STDERR_REDIRECT] 
2025-12-30 19:54:44,199 [ERROR] LogOutputStream:75 - [STDERR_REDIRECT] [Fatal Error] :1:1: Premature end of file.
2025-12-30 19:54:44,199 [ERROR] LogOutputStream:75 - [STDERR_REDIRECT] 
2025-12-30 19:54:45,205 [ERROR] LogOutputStream:75 - [STDERR_REDIRECT] [Fatal Error] :1:1: Premature end of file.
2025-12-30 19:54:45,205 [ERROR] LogOutputStream:75 - [STDERR_REDIRECT] 
2025-12-30 19:54:46,195 [ERROR] LogOutputStream:75 - [STDERR_REDIRECT] [Fatal Error] :1:1: Premature end of file.
2025-12-30 19:54:46,195 [ERROR] LogOutputStream:75 - [STDERR_REDIRECT] 
2025-12-30 19:54:47,195 [ERROR] LogOutputStream:75 - [STDERR_REDIRECT] [Fatal Error] :1:1: Premature end of file.
2025-12-30 19:54:47,195 [ERROR] LogOutputStream:75 - [STDERR_REDIRECT] 
2025-12-30 19:54:48,187 [ERROR] LogOutputStream:75 - [STDERR_REDIRECT] [Fatal Error] :1:1: Premature end of file.
2025-12-30 19:54:48,188 [ERROR] LogOutputStream:75 - [STDERR_REDIRECT] 
2025-12-30 19:54:49,282 [ERROR] LogOutputStream:75 - [STDERR_REDIRECT] [Fatal Error] :1:1: Premature end of file.
2025-12-30 19:54:49,283 [ERROR] LogOutputStream:75 - [STDERR_REDIRECT] 
2025-12-30 19:54:50,280 [ERROR] LogOutputStream:75 - [STDERR_REDIRECT] [Fatal Error] :1:1: Premature end of file.
2025-12-30 19:54:50,280 [ERROR] LogOutputStream:75 - [STDERR_REDIRECT] 
2025-12-30 19:54:51,186 [ERROR] LogOutputStream:75 - [STDERR_REDIRECT] [Fatal Error] :1:1: Premature end of file.
2025-12-30 19:54:51,186 [ERROR] LogOutputStream:75 - [STDERR_REDIRECT] 
2025-12-30 19:54:52,286 [ERROR] LogOutputStream:75 - [STDERR_REDIRECT] [Fatal Error] :1:1: Premature end of file.
2025-12-30 19:54:52,287 [ERROR] LogOutputStream:75 - [STDERR_REDIRECT] 
2025-12-30 19:54:53,283 [ERROR] LogOutputStream:75 - [STDERR_REDIRECT] [Fatal Error] :1:1: Premature end of file.
2025-12-30 19:54:53,284 [ERROR] LogOutputStream:75 - [STDERR_REDIRECT] 
2025-12-30 19:54:54,232 [ERROR] LogOutputStream:75 - [STDERR_REDIRECT] [Fatal Error] :1:1: Premature end of file.
2025-12-30 19:54:54,233 [ERROR] LogOutputStream:75 - [STDERR_REDIRECT] 
2025-12-30 19:54:55,288 [ERROR] LogOutputStream:75 - [STDERR_REDIRECT] [Fatal Error] :1:1: Premature end of file.
2025-12-30 19:54:55,289 [ERROR] LogOutputStream:75 - [STDERR_REDIRECT] 
2025-12-30 19:54:56,317 [ERROR] LogOutputStream:75 - [STDERR_REDIRECT] [Fatal Error] :1:1: Premature end of file.
2025-12-30 19:54:56,317 [ERROR] LogOutputStream:75 - [STDERR_REDIRECT] 
2025-12-30 19:54:57,288 [ERROR] LogOutputStream:75 - [STDERR_REDIRECT] [Fatal Error] :1:1: Premature end of file.
2025-12-30 19:54:57,288 [ERROR] LogOutputStream:75 - [STDERR_REDIRECT] 
2025-12-30 19:54:58,302 [ERROR] LogOutputStream:75 - [STDERR_REDIRECT] [Fatal Error] :1:1: Premature end of file.
2025-12-30 19:54:58,302 [ERROR] LogOutputStream:75 - [STDERR_REDIRECT] 
2025-12-30 19:54:59,253 [ERROR] LogOutputStream:75 - [STDERR_REDIRECT] [Fatal Error] :1:1: Premature end of file.
2025-12-30 19:54:59,253 [ERROR] LogOutputStream:75 - [STDERR_REDIRECT] 
2025-12-30 19:55:00,185 [ERROR] LogOutputStream:75 - [STDERR_REDIRECT] [Fatal Error] :1:1: Premature end of file.
2025-12-30 19:55:00,185 [ERROR] LogOutputStream:75 - [STDERR_REDIRECT] 
2025-12-30 19:55:01,183 [ERROR] LogOutputStream:75 - [STDERR_REDIRECT] [Fatal Error] :1:1: Premature end of file.
2025-12-30 19:55:01,184 [ERROR] LogOutputStream:75 - [STDERR_REDIRECT] 
2025-12-30 19:55:02,188 [ERROR] LogOutputStream:75 - [STDERR_REDIRECT] [Fatal Error] :1:1: Premature end of file.
2025-12-30 19:55:02,189 [ERROR] LogOutputStream:75 - [STDERR_REDIRECT] 
2025-12-30 19:55:03,183 [ERROR] LogOutputStream:75 - [STDERR_REDIRECT] [Fatal Error] :1:1: Premature end of file.
2025-12-30 19:55:03,183 [ERROR] LogOutputStream:75 - [STDERR_REDIRECT] 
2025-12-30 19:55:04,189 [ERROR] LogOutputStream:75 - [STDERR_REDIRECT] [Fatal Error] :1:1: Premature end of file.
2025-12-30 19:55:04,189 [ERROR] LogOutputStream:75 - [STDERR_REDIRECT] 
2025-12-30 19:55:05,188 [ERROR] LogOutputStream:75 - [STDERR_REDIRECT] [Fatal Error] :1:1: Premature end of file.
2025-12-30 19:55:05,188 [ERROR] LogOutputStream:75 - [STDERR_REDIRECT] 
2025-12-30 19:55:06,184 [ERROR] LogOutputStream:75 - [STDERR_REDIRECT] [Fatal Error] :1:1: Premature end of file.
2025-12-30 19:55:06,184 [ERROR] LogOutputStream:75 - [STDERR_REDIRECT] 
2025-12-30 19:55:07,194 [ERROR] LogOutputStream:75 - [STDERR_REDIRECT] [Fatal Error] :1:1: Premature end of file.
2025-12-30 19:55:07,195 [ERROR] LogOutputStream:75 - [STDERR_REDIRECT] 
2025-12-30 19:55:08,185 [ERROR] LogOutputStream:75 - [STDERR_REDIRECT] [Fatal Error] :1:1: Premature end of file.
2025-12-30 19:55:08,186 [ERROR] LogOutputStream:75 - [STDERR_REDIRECT] 
2025-12-30 19:55:09,278 [ERROR] LogOutputStream:75 - [STDERR_REDIRECT] [Fatal Error] :1:1: Premature end of file.
2025-12-30 19:55:09,278 [ERROR] LogOutputStream:75 - [STDERR_REDIRECT] 
2025-12-30 19:55:10,185 [ERROR] LogOutputStream:75 - [STDERR_REDIRECT] [Fatal Error] :1:1: Premature end of file.
2025-12-30 19:55:10,186 [ERROR] LogOutputStream:75 - [STDERR_REDIRECT] 
2025-12-30 19:55:11,192 [ERROR] LogOutputStream:75 - [STDERR_REDIRECT] [Fatal Error] :1:1: Premature end of file.
2025-12-30 19:55:11,193 [ERROR] LogOutputStream:75 - [STDERR_REDIRECT] 
2025-12-30 19:55:12,187 [ERROR] LogOutputStream:75 - [STDERR_REDIRECT] [Fatal Error] :1:1: Premature end of file.
2025-12-30 19:55:12,187 [ERROR] LogOutputStream:75 - [STDERR_REDIRECT] 
2025-12-30 19:55:13,190 [ERROR] LogOutputStream:75 - [STDERR_REDIRECT] [Fatal Error] :1:1: Premature end of file.
2025-12-30 19:55:13,191 [ERROR] LogOutputStream:75 - [STDERR_REDIRECT] 
2025-12-30 19:55:14,288 [ERROR] LogOutputStream:75 - [STDERR_REDIRECT] [Fatal Error] :1:1: Premature end of file.
2025-12-30 19:55:14,289 [ERROR] LogOutputStream:75 - [STDERR_REDIRECT] 
2025-12-30 19:55:15,187 [ERROR] LogOutputStream:75 - [STDERR_REDIRECT] [Fatal Error] :1:1: Premature end of file.
2025-12-30 19:55:15,187 [ERROR] LogOutputStream:75 - [STDERR_REDIRECT] 
2025-12-30 19:55:16,199 [ERROR] LogOutputStream:75 - [STDERR_REDIRECT] [Fatal Error] :1:1: Premature end of file.
2025-12-30 19:55:16,199 [ERROR] LogOutputStream:75 - [STDERR_REDIRECT] 
2025-12-30 19:55:17,270 [ERROR] LogOutputStream:75 - [STDERR_REDIRECT] [Fatal Error] :1:1: Premature end of file.
2025-12-30 19:55:17,271 [ERROR] LogOutputStream:75 - [STDERR_REDIRECT] 
2025-12-30 19:55:18,291 [ERROR] LogOutputStream:75 - [STDERR_REDIRECT] [Fatal Error] :1:1: Premature end of file.
2025-12-30 19:55:18,291 [ERROR] LogOutputStream:75 - [STDERR_REDIRECT] 
2025-12-30 19:55:19,293 [ERROR] LogOutputStream:75 - [STDERR_REDIRECT] [Fatal Error] :1:1: Premature end of file.
2025-12-30 19:55:19,293 [ERROR] LogOutputStream:75 - [STDERR_REDIRECT] 
2025-12-30 19:55:20,222 [ERROR] LogOutputStream:75 - [STDERR_REDIRECT] [Fatal Error] :1:1: Premature end of file.
2025-12-30 19:55:20,223 [ERROR] LogOutputStream:75 - [STDERR_REDIRECT] 
2025-12-30 19:55:21,291 [ERROR] LogOutputStream:75 - [STDERR_REDIRECT] [Fatal Error] :1:1: Premature end of file.
2025-12-30 19:55:21,291 [ERROR] LogOutputStream:75 - [STDERR_REDIRECT] 
2025-12-30 19:55:22,271 [ERROR] LogOutputStream:75 - [STDERR_REDIRECT] [Fatal Error] :1:1: Premature end of file.
2025-12-30 19:55:22,272 [ERROR] LogOutputStream:75 - [STDERR_REDIRECT] 
2025-12-30 19:55:23,300 [ERROR] LogOutputStream:75 - [STDERR_REDIRECT] [Fatal Error] :1:1: Premature end of file.
2025-12-30 19:55:23,300 [ERROR] LogOutputStream:75 - [STDERR_REDIRECT] 
2025-12-30 19:55:24,182 [ERROR] LogOutputStream:75 - [STDERR_REDIRECT] [Fatal Error] :1:1: Premature end of file.
2025-12-30 19:55:24,183 [ERROR] LogOutputStream:75 - [STDERR_REDIRECT] 
2025-12-30 19:55:25,273 [ERROR] LogOutputStream:75 - [STDERR_REDIRECT] [Fatal Error] :1:1: Premature end of file.
2025-12-30 19:55:25,274 [ERROR] LogOutputStream:75 - [STDERR_REDIRECT] 
2025-12-30 19:55:26,275 [ERROR] LogOutputStream:75 - [STDERR_REDIRECT] [Fatal Error] :1:1: Premature end of file.
2025-12-30 19:55:26,275 [ERROR] LogOutputStream:75 - [STDERR_REDIRECT] 
2025-12-30 19:55:27,273 [ERROR] LogOutputStream:75 - [STDERR_REDIRECT] [Fatal Error] :1:1: Premature end of file.
2025-12-30 19:55:27,274 [ERROR] LogOutputStream:75 - [STDERR_REDIRECT] 
2025-12-30 19:55:28,267 [ERROR] LogOutputStream:75 - [STDERR_REDIRECT] [Fatal Error] :1:1: Premature end of file.
2025-12-30 19:55:28,268 [ERROR] LogOutputStream:75 - [STDERR_REDIRECT] 
2025-12-30 19:55:29,274 [ERROR] LogOutputStream:75 - [STDERR_REDIRECT] [Fatal Error] :1:1: Premature end of file.
2025-12-30 19:55:29,274 [ERROR] LogOutputStream:75 - [STDERR_REDIRECT] 
2025-12-30 19:55:30,281 [ERROR] LogOutputStream:75 - [STDERR_REDIRECT] [Fatal Error] :1:1: Premature end of file.
2025-12-30 19:55:30,281 [ERROR] LogOutputStream:75 - [STDERR_REDIRECT] 
2025-12-30 19:55:31,186 [ERROR] LogOutputStream:75 - [STDERR_REDIRECT] [Fatal Error] :1:1: Premature end of file.
2025-12-30 19:55:31,186 [ERROR] LogOutputStream:75 - [STDERR_REDIRECT] 
2025-12-30 19:55:32,179 [ERROR] LogOutputStream:75 - [STDERR_REDIRECT] [Fatal Error] :1:1: Premature end of file.
2025-12-30 19:55:32,179 [ERROR] LogOutputStream:75 - [STDERR_REDIRECT] 
2025-12-30 19:55:33,268 [ERROR] LogOutputStream:75 - [STDERR_REDIRECT] [Fatal Error] :1:1: Premature end of file.
2025-12-30 19:55:33,269 [ERROR] LogOutputStream:75 - [STDERR_REDIRECT] 
2025-12-30 19:55:34,277 [ERROR] LogOutputStream:75 - [STDERR_REDIRECT] [Fatal Error] :1:1: Premature end of file.
2025-12-30 19:55:34,278 [ERROR] LogOutputStream:75 - [STDERR_REDIRECT] 
2025-12-30 19:55:35,269 [ERROR] LogOutputStream:75 - [STDERR_REDIRECT] [Fatal Error] :1:1: Premature end of file.
2025-12-30 19:55:35,269 [ERROR] LogOutputStream:75 - [STDERR_REDIRECT] 
2025-12-30 19:55:36,277 [ERROR] LogOutputStream:75 - [STDERR_REDIRECT] [Fatal Error] :1:1: Premature end of file.
2025-12-30 19:55:36,278 [ERROR] LogOutputStream:75 - [STDERR_REDIRECT] 
2025-12-30 19:55:37,271 [ERROR] LogOutputStream:75 - [STDERR_REDIRECT] [Fatal Error] :1:1: Premature end of file.
2025-12-30 19:55:37,272 [ERROR] LogOutputStream:75 - [STDERR_REDIRECT] 
2025-12-30 19:55:38,277 [ERROR] LogOutputStream:75 - [STDERR_REDIRECT] [Fatal Error] :1:1: Premature end of file.
2025-12-30 19:55:38,278 [ERROR] LogOutputStream:75 - [STDERR_REDIRECT] 
2025-12-30 19:55:39,235 [ERROR] LogOutputStream:75 - [STDERR_REDIRECT] [Fatal Error] :1:1: Premature end of file.
2025-12-30 19:55:39,236 [ERROR] LogOutputStream:75 - [STDERR_REDIRECT] 
2025-12-30 19:55:40,185 [ERROR] LogOutputStream:75 - [STDERR_REDIRECT] [Fatal Error] :1:1: Premature end of file.
2025-12-30 19:55:40,185 [ERROR] LogOutputStream:75 - [STDERR_REDIRECT] 
2025-12-30 19:55:41,214 [ERROR] LogOutputStream:75 - [STDERR_REDIRECT] [Fatal Error] :1:1: Premature end of file.
2025-12-30 19:55:41,214 [ERROR] LogOutputStream:75 - [STDERR_REDIRECT] 
2025-12-30 19:55:42,185 [ERROR] LogOutputStream:75 - [STDERR_REDIRECT] [Fatal Error] :1:1: Premature end of file.
2025-12-30 19:55:42,185 [ERROR] LogOutputStream:75 - [STDERR_REDIRECT] 
2025-12-30 19:55:43,276 [ERROR] LogOutputStream:75 - [STDERR_REDIRECT] [Fatal Error] :1:1: Premature end of file.
2025-12-30 19:55:43,277 [ERROR] LogOutputStream:75 - [STDERR_REDIRECT] 
2025-12-30 19:55:44,301 [ERROR] LogOutputStream:75 - [STDERR_REDIRECT] [Fatal Error] :1:1: Premature end of file.
2025-12-30 19:55:44,302 [ERROR] LogOutputStream:75 - [STDERR_REDIRECT] 
2025-12-30 19:55:45,333 [ERROR] LogOutputStream:75 - [STDERR_REDIRECT] [Fatal Error] :1:1: Premature end of file.
2025-12-30 19:55:45,333 [ERROR] LogOutputStream:75 - [STDERR_REDIRECT] 
2025-12-30 19:55:46,280 [ERROR] LogOutputStream:75 - [STDERR_REDIRECT] [Fatal Error] :1:1: Premature end of file.
2025-12-30 19:55:46,280 [ERROR] LogOutputStream:75 - [STDERR_REDIRECT] 
2025-12-30 19:55:47,198 [ERROR] LogOutputStream:75 - [STDERR_REDIRECT] [Fatal Error] :1:1: Premature end of file.
2025-12-30 19:55:47,198 [ERROR] LogOutputStream:75 - [STDERR_REDIRECT] 
2025-12-30 19:55:48,195 [ERROR] LogOutputStream:75 - [STDERR_REDIRECT] [Fatal Error] :1:1: Premature end of file.
2025-12-30 19:55:48,195 [ERROR] LogOutputStream:75 - [STDERR_REDIRECT] 
2025-12-30 19:55:49,308 [ERROR] LogOutputStream:75 - [STDERR_REDIRECT] [Fatal Error] :1:1: Premature end of file.
2025-12-30 19:55:49,309 [ERROR] LogOutputStream:75 - [STDERR_REDIRECT] 
2025-12-30 19:55:50,184 [ERROR] LogOutputStream:75 - [STDERR_REDIRECT] [Fatal Error] :1:1: Premature end of file.
2025-12-30 19:55:50,184 [ERROR] LogOutputStream:75 - [STDERR_REDIRECT] 
2025-12-30 19:55:51,218 [ERROR] LogOutputStream:75 - [STDERR_REDIRECT] [Fatal Error] :1:1: Premature end of file.
2025-12-30 19:55:51,218 [ERROR] LogOutputStream:75 - [STDERR_REDIRECT] 
2025-12-30 19:55:52,279 [ERROR] LogOutputStream:75 - [STDERR_REDIRECT] [Fatal Error] :1:1: Premature end of file.
2025-12-30 19:55:52,279 [ERROR] LogOutputStream:75 - [STDERR_REDIRECT] 
2025-12-30 19:55:53,274 [ERROR] LogOutputStream:75 - [STDERR_REDIRECT] [Fatal Error] :1:1: Premature end of file.
2025-12-30 19:55:53,274 [ERROR] LogOutputStream:75 - [STDERR_REDIRECT] 
2025-12-30 19:55:54,271 [ERROR] LogOutputStream:75 - [STDERR_REDIRECT] [Fatal Error] :1:1: Premature end of file.
2025-12-30 19:55:54,272 [ERROR] LogOutputStream:75 - [STDERR_REDIRECT] 
2025-12-30 19:55:55,181 [ERROR] LogOutputStream:75 - [STDERR_REDIRECT] [Fatal Error] :1:1: Premature end of file.
2025-12-30 19:55:55,181 [ERROR] LogOutputStream:75 - [STDERR_REDIRECT] 
2025-12-30 19:55:56,183 [ERROR] LogOutputStream:75 - [STDERR_REDIRECT] [Fatal Error] :1:1: Premature end of file.
2025-12-30 19:55:56,184 [ERROR] LogOutputStream:75 - [STDERR_REDIRECT] 
2025-12-30 19:55:57,184 [ERROR] LogOutputStream:75 - [STDERR_REDIRECT] [Fatal Error] :1:1: Premature end of file.
2025-12-30 19:55:57,184 [ERROR] LogOutputStream:75 - [STDERR_REDIRECT] 
2025-12-30 19:55:58,189 [ERROR] LogOutputStream:75 - [STDERR_REDIRECT] [Fatal Error] :1:1: Premature end of file.
2025-12-30 19:55:58,189 [ERROR] LogOutputStream:75 - [STDERR_REDIRECT] 
2025-12-30 19:55:59,291 [ERROR] LogOutputStream:75 - [STDERR_REDIRECT] [Fatal Error] :1:1: Premature end of file.
2025-12-30 19:55:59,291 [ERROR] LogOutputStream:75 - [STDERR_REDIRECT] 
2025-12-30 19:56:00,191 [ERROR] LogOutputStream:75 - [STDERR_REDIRECT] [Fatal Error] :1:1: Premature end of file.
2025-12-30 19:56:00,191 [ERROR] LogOutputStream:75 - [STDERR_REDIRECT] 
2025-12-30 19:56:01,324 [ERROR] LogOutputStream:75 - [STDERR_REDIRECT] [Fatal Error] :1:1: Premature end of file.
2025-12-30 19:56:01,325 [ERROR] LogOutputStream:75 - [STDERR_REDIRECT] 
2025-12-30 19:56:02,249 [ERROR] LogOutputStream:75 - [STDERR_REDIRECT] [Fatal Error] :1:1: Premature end of file.
2025-12-30 19:56:02,249 [ERROR] LogOutputStream:75 - [STDERR_REDIRECT] 
2025-12-30 19:56:03,233 [ERROR] LogOutputStream:75 - [STDERR_REDIRECT] [Fatal Error] :1:1: Premature end of file.
2025-12-30 19:56:03,234 [ERROR] LogOutputStream:75 - [STDERR_REDIRECT] 
2025-12-30 19:56:04,280 [ERROR] LogOutputStream:75 - [STDERR_REDIRECT] [Fatal Error] :1:1: Premature end of file.
2025-12-30 19:56:04,281 [ERROR] LogOutputStream:75 - [STDERR_REDIRECT] 
2025-12-30 19:56:05,230 [ERROR] LogOutputStream:75 - [STDERR_REDIRECT] [Fatal Error] :1:1: Premature end of file.
2025-12-30 19:56:05,230 [ERROR] LogOutputStream:75 - [STDERR_REDIRECT] 
2025-12-30 19:56:06,279 [ERROR] LogOutputStream:75 - [STDERR_REDIRECT] [Fatal Error] :1:1: Premature end of file.
2025-12-30 19:56:06,280 [ERROR] LogOutputStream:75 - [STDERR_REDIRECT] 
2025-12-30 19:56:07,279 [ERROR] LogOutputStream:75 - [STDERR_REDIRECT] [Fatal Error] :1:1: Premature end of file.
2025-12-30 19:56:07,280 [ERROR] LogOutputStream:75 - [STDERR_REDIRECT] 
2025-12-30 19:56:08,185 [ERROR] LogOutputStream:75 - [STDERR_REDIRECT] [Fatal Error] :1:1: Premature end of file.
2025-12-30 19:56:08,186 [ERROR] LogOutputStream:75 - [STDERR_REDIRECT] 
2025-12-30 19:56:09,302 [ERROR] LogOutputStream:75 - [STDERR_REDIRECT] [Fatal Error] :1:1: Premature end of file.
2025-12-30 19:56:09,302 [ERROR] LogOutputStream:75 - [STDERR_REDIRECT] 
2025-12-30 19:56:10,295 [ERROR] LogOutputStream:75 - [STDERR_REDIRECT] [Fatal Error] :1:1: Premature end of file.
2025-12-30 19:56:10,295 [ERROR] LogOutputStream:75 - [STDERR_REDIRECT] 
2025-12-30 19:56:11,191 [ERROR] LogOutputStream:75 - [STDERR_REDIRECT] [Fatal Error] :1:1: Premature end of file.
2025-12-30 19:56:11,191 [ERROR] LogOutputStream:75 - [STDERR_REDIRECT] 
2025-12-30 19:56:12,190 [ERROR] LogOutputStream:75 - [STDERR_REDIRECT] [Fatal Error] :1:1: Premature end of file.
2025-12-30 19:56:12,190 [ERROR] LogOutputStream:75 - [STDERR_REDIRECT] 
2025-12-30 19:56:13,200 [ERROR] LogOutputStream:75 - [STDERR_REDIRECT] [Fatal Error] :1:1: Premature end of file.
2025-12-30 19:56:13,201 [ERROR] LogOutputStream:75 - [STDERR_REDIRECT] 
2025-12-30 19:56:14,297 [ERROR] LogOutputStream:75 - [STDERR_REDIRECT] [Fatal Error] :1:1: Premature end of file.
2025-12-30 19:56:14,298 [ERROR] LogOutputStream:75 - [STDERR_REDIRECT] 
2025-12-30 19:56:15,182 [ERROR] LogOutputStream:75 - [STDERR_REDIRECT] [Fatal Error] :1:1: Premature end of file.
2025-12-30 19:56:15,182 [ERROR] LogOutputStream:75 - [STDERR_REDIRECT] 
2025-12-30 19:56:16,191 [ERROR] LogOutputStream:75 - [STDERR_REDIRECT] [Fatal Error] :1:1: Premature end of file.
2025-12-30 19:56:16,191 [ERROR] LogOutputStream:75 - [STDERR_REDIRECT] 
2025-12-30 19:56:17,235 [ERROR] LogOutputStream:75 - [STDERR_REDIRECT] [Fatal Error] :1:1: Premature end of file.
2025-12-30 19:56:17,236 [ERROR] LogOutputStream:75 - [STDERR_REDIRECT] 
2025-12-30 19:56:18,182 [ERROR] LogOutputStream:75 - [STDERR_REDIRECT] [Fatal Error] :1:1: Premature end of file.
2025-12-30 19:56:18,182 [ERROR] LogOutputStream:75 - [STDERR_REDIRECT] 
2025-12-30 19:56:19,201 [ERROR] LogOutputStream:75 - [STDERR_REDIRECT] [Fatal Error] :1:1: Premature end of file.
2025-12-30 19:56:19,201 [ERROR] LogOutputStream:75 - [STDERR_REDIRECT] 
2025-12-30 19:56:20,304 [ERROR] LogOutputStream:75 - [STDERR_REDIRECT] [Fatal Error] :1:1: Premature end of file.
2025-12-30 19:56:20,304 [ERROR] LogOutputStream:75 - [STDERR_REDIRECT] 
2025-12-30 19:56:21,255 [ERROR] LogOutputStream:75 - [STDERR_REDIRECT] [Fatal Error] :1:1: Premature end of file.
2025-12-30 19:56:21,255 [ERROR] LogOutputStream:75 - [STDERR_REDIRECT] 
2025-12-30 19:56:22,200 [ERROR] LogOutputStream:75 - [STDERR_REDIRECT] [Fatal Error] :1:1: Premature end of file.
2025-12-30 19:56:22,200 [ERROR] LogOutputStream:75 - [STDERR_REDIRECT] 
2025-12-30 19:56:23,222 [ERROR] LogOutputStream:75 - [STDERR_REDIRECT] [Fatal Error] :1:1: Premature end of file.
2025-12-30 19:56:23,222 [ERROR] LogOutputStream:75 - [STDERR_REDIRECT] 
2025-12-30 19:56:24,295 [ERROR] LogOutputStream:75 - [STDERR_REDIRECT] [Fatal Error] :1:1: Premature end of file.
2025-12-30 19:56:24,296 [ERROR] LogOutputStream:75 - [STDERR_REDIRECT] 
2025-12-30 19:56:25,192 [ERROR] LogOutputStream:75 - [STDERR_REDIRECT] [Fatal Error] :1:1: Premature end of file.
2025-12-30 19:56:25,192 [ERROR] LogOutputStream:75 - [STDERR_REDIRECT] 
2025-12-30 19:56:26,284 [ERROR] LogOutputStream:75 - [STDERR_REDIRECT] [Fatal Error] :1:1: Premature end of file.
2025-12-30 19:56:26,284 [ERROR] LogOutputStream:75 - [STDERR_REDIRECT] 
2025-12-30 19:56:27,283 [ERROR] LogOutputStream:75 - [STDERR_REDIRECT] [Fatal Error] :1:1: Premature end of file.
2025-12-30 19:56:27,283 [ERROR] LogOutputStream:75 - [STDERR_REDIRECT] 
2025-12-30 19:56:28,204 [ERROR] LogOutputStream:75 - [STDERR_REDIRECT] [Fatal Error] :1:1: Premature end of file.
2025-12-30 19:56:28,204 [ERROR] LogOutputStream:75 - [STDERR_REDIRECT] 
2025-12-30 19:56:29,305 [ERROR] LogOutputStream:75 - [STDERR_REDIRECT] [Fatal Error] :1:1: Premature end of file.
2025-12-30 19:56:29,306 [ERROR] LogOutputStream:75 - [STDERR_REDIRECT] 
2025-12-30 19:56:30,313 [ERROR] LogOutputStream:75 - [STDERR_REDIRECT] [Fatal Error] :1:1: Premature end of file.
2025-12-30 19:56:30,314 [ERROR] LogOutputStream:75 - [STDERR_REDIRECT] 
2025-12-30 19:56:31,202 [ERROR] LogOutputStream:75 - [STDERR_REDIRECT] [Fatal Error] :1:1: Premature end of file.
2025-12-30 19:56:31,202 [ERROR] LogOutputStream:75 - [STDERR_REDIRECT] 
2025-12-30 19:56:32,274 [ERROR] LogOutputStream:75 - [STDERR_REDIRECT] [Fatal Error] :1:1: Premature end of file.
2025-12-30 19:56:32,275 [ERROR] LogOutputStream:75 - [STDERR_REDIRECT] 
2025-12-30 19:56:33,283 [ERROR] LogOutputStream:75 - [STDERR_REDIRECT] [Fatal Error] :1:1: Premature end of file.
2025-12-30 19:56:33,283 [ERROR] LogOutputStream:75 - [STDERR_REDIRECT] 
2025-12-30 19:56:34,309 [ERROR] LogOutputStream:75 - [STDERR_REDIRECT] [Fatal Error] :1:1: Premature end of file.
2025-12-30 19:56:34,310 [ERROR] LogOutputStream:75 - [STDERR_REDIRECT] 
2025-12-30 19:56:35,269 [ERROR] LogOutputStream:75 - [STDERR_REDIRECT] [Fatal Error] :1:1: Premature end of file.
2025-12-30 19:56:35,269 [ERROR] LogOutputStream:75 - [STDERR_REDIRECT] 
2025-12-30 19:56:36,271 [ERROR] LogOutputStream:75 - [STDERR_REDIRECT] [Fatal Error] :1:1: Premature end of file.
2025-12-30 19:56:36,271 [ERROR] LogOutputStream:75 - [STDERR_REDIRECT] 
2025-12-30 19:56:37,204 [ERROR] LogOutputStream:75 - [STDERR_REDIRECT] [Fatal Error] :1:1: Premature end of file.
2025-12-30 19:56:37,204 [ERROR] LogOutputStream:75 - [STDERR_REDIRECT] 
2025-12-30 19:56:38,205 [ERROR] LogOutputStream:75 - [STDERR_REDIRECT] [Fatal Error] :1:1: Premature end of file.
2025-12-30 19:56:38,205 [ERROR] LogOutputStream:75 - [STDERR_REDIRECT] 
2025-12-30 19:56:39,295 [ERROR] LogOutputStream:75 - [STDERR_REDIRECT] [Fatal Error] :1:1: Premature end of file.
2025-12-30 19:56:39,295 [ERROR] LogOutputStream:75 - [STDERR_REDIRECT] 
2025-12-30 19:56:40,199 [ERROR] LogOutputStream:75 - [STDERR_REDIRECT] [Fatal Error] :1:1: Premature end of file.
2025-12-30 19:56:40,199 [ERROR] LogOutputStream:75 - [STDERR_REDIRECT] 
2025-12-30 19:56:41,202 [ERROR] LogOutputStream:75 - [STDERR_REDIRECT] [Fatal Error] :1:1: Premature end of file.
2025-12-30 19:56:41,202 [ERROR] LogOutputStream:75 - [STDERR_REDIRECT] 
2025-12-30 19:56:42,406 [ERROR] LogOutputStream:75 - [STDERR_REDIRECT] [Fatal Error] :1:1: Premature end of file.
2025-12-30 19:56:42,412 [ERROR] LogOutputStream:75 - [STDERR_REDIRECT] 
2025-12-30 19:56:43,205 [ERROR] LogOutputStream:75 - [STDERR_REDIRECT] [Fatal Error] :1:1: Premature end of file.
2025-12-30 19:56:43,205 [ERROR] LogOutputStream:75 - [STDERR_REDIRECT] 
2025-12-30 19:56:44,259 [ERROR] LogOutputStream:75 - [STDERR_REDIRECT] [Fatal Error] :1:1: Premature end of file.
2025-12-30 19:56:44,259 [ERROR] LogOutputStream:75 - [STDERR_REDIRECT] 
2025-12-30 19:56:45,265 [ERROR] LogOutputStream:75 - [STDERR_REDIRECT] [Fatal Error] :1:1: Premature end of file.
2025-12-30 19:56:45,265 [ERROR] LogOutputStream:75 - [STDERR_REDIRECT] 
2025-12-30 19:56:46,246 [ERROR] LogOutputStream:75 - [STDERR_REDIRECT] [Fatal Error] :1:1: Premature end of file.
2025-12-30 19:56:46,246 [ERROR] LogOutputStream:75 - [STDERR_REDIRECT] 
2025-12-30 19:56:47,231 [ERROR] LogOutputStream:75 - [STDERR_REDIRECT] [Fatal Error] :1:1: Premature end of file.
2025-12-30 19:56:47,232 [ERROR] LogOutputStream:75 - [STDERR_REDIRECT] 
2025-12-30 19:56:48,190 [ERROR] LogOutputStream:75 - [STDERR_REDIRECT] [Fatal Error] :1:1: Premature end of file.
2025-12-30 19:56:48,190 [ERROR] LogOutputStream:75 - [STDERR_REDIRECT] 
2025-12-30 19:56:49,187 [ERROR] LogOutputStream:75 - [STDERR_REDIRECT] [Fatal Error] :1:1: Premature end of file.
2025-12-30 19:56:49,187 [ERROR] LogOutputStream:75 - [STDERR_REDIRECT] 
2025-12-30 19:56:50,188 [ERROR] LogOutputStream:75 - [STDERR_REDIRECT] [Fatal Error] :1:1: Premature end of file.
2025-12-30 19:56:50,189 [ERROR] LogOutputStream:75 - [STDERR_REDIRECT] 
2025-12-30 19:56:51,184 [ERROR] LogOutputStream:75 - [STDERR_REDIRECT] [Fatal Error] :1:1: Premature end of file.
2025-12-30 19:56:51,184 [ERROR] LogOutputStream:75 - [STDERR_REDIRECT] 
2025-12-30 19:56:52,194 [ERROR] LogOutputStream:75 - [STDERR_REDIRECT] [Fatal Error] :1:1: Premature end of file.
2025-12-30 19:56:52,195 [ERROR] LogOutputStream:75 - [STDERR_REDIRECT] 
2025-12-30 19:56:53,186 [ERROR] LogOutputStream:75 - [STDERR_REDIRECT] [Fatal Error] :1:1: Premature end of file.
2025-12-30 19:56:53,186 [ERROR] LogOutputStream:75 - [STDERR_REDIRECT] 
2025-12-30 19:56:54,197 [ERROR] LogOutputStream:75 - [STDERR_REDIRECT] [Fatal Error] :1:1: Premature end of file.
2025-12-30 19:56:54,198 [ERROR] LogOutputStream:75 - [STDERR_REDIRECT] 
2025-12-30 19:56:55,281 [ERROR] LogOutputStream:75 - [STDERR_REDIRECT] [Fatal Error] :1:1: Premature end of file.
2025-12-30 19:56:55,281 [ERROR] LogOutputStream:75 - [STDERR_REDIRECT] 
2025-12-30 19:56:56,283 [ERROR] LogOutputStream:75 - [STDERR_REDIRECT] [Fatal Error] :1:1: Premature end of file.
2025-12-30 19:56:56,283 [ERROR] LogOutputStream:75 - [STDERR_REDIRECT] 
2025-12-30 19:56:57,280 [ERROR] LogOutputStream:75 - [STDERR_REDIRECT] [Fatal Error] :1:1: Premature end of file.
2025-12-30 19:56:57,281 [ERROR] LogOutputStream:75 - [STDERR_REDIRECT] 
2025-12-30 19:56:58,278 [ERROR] LogOutputStream:75 - [STDERR_REDIRECT] [Fatal Error] :1:1: Premature end of file.
2025-12-30 19:56:58,279 [ERROR] LogOutputStream:75 - [STDERR_REDIRECT] 
2025-12-30 19:56:59,183 [ERROR] LogOutputStream:75 - [STDERR_REDIRECT] [Fatal Error] :1:1: Premature end of file.
2025-12-30 19:56:59,183 [ERROR] LogOutputStream:75 - [STDERR_REDIRECT] 
2025-12-30 19:57:00,239 [ERROR] LogOutputStream:75 - [STDERR_REDIRECT] [Fatal Error] :1:1: Premature end of file.
2025-12-30 19:57:00,239 [ERROR] LogOutputStream:75 - [STDERR_REDIRECT] 
2025-12-30 19:57:01,183 [ERROR] LogOutputStream:75 - [STDERR_REDIRECT] [Fatal Error] :1:1: Premature end of file.
2025-12-30 19:57:01,183 [ERROR] LogOutputStream:75 - [STDERR_REDIRECT] 
2025-12-30 19:57:02,198 [ERROR] LogOutputStream:75 - [STDERR_REDIRECT] [Fatal Error] :1:1: Premature end of file.
2025-12-30 19:57:02,198 [ERROR] LogOutputStream:75 - [STDERR_REDIRECT] 
2025-12-30 19:57:03,187 [ERROR] LogOutputStream:75 - [STDERR_REDIRECT] [Fatal Error] :1:1: Premature end of file.
2025-12-30 19:57:03,187 [ERROR] LogOutputStream:75 - [STDERR_REDIRECT] 
2025-12-30 19:57:04,301 [ERROR] LogOutputStream:75 - [STDERR_REDIRECT] [Fatal Error] :1:1: Premature end of file.
2025-12-30 19:57:04,301 [ERROR] LogOutputStream:75 - [STDERR_REDIRECT] 
2025-12-30 19:57:05,269 [ERROR] LogOutputStream:75 - [STDERR_REDIRECT] [Fatal Error] :1:1: Premature end of file.
2025-12-30 19:57:05,269 [ERROR] LogOutputStream:75 - [STDERR_REDIRECT] 
2025-12-30 19:57:06,280 [ERROR] LogOutputStream:75 - [STDERR_REDIRECT] [Fatal Error] :1:1: Premature end of file.
2025-12-30 19:57:06,280 [ERROR] LogOutputStream:75 - [STDERR_REDIRECT] 
2025-12-30 19:57:07,257 [ERROR] LogOutputStream:75 - [STDERR_REDIRECT] [Fatal Error] :1:1: Premature end of file.
2025-12-30 19:57:07,257 [ERROR] LogOutputStream:75 - [STDERR_REDIRECT] 
2025-12-30 19:57:08,213 [ERROR] LogOutputStream:75 - [STDERR_REDIRECT] [Fatal Error] :1:1: Premature end of file.
2025-12-30 19:57:08,213 [ERROR] LogOutputStream:75 - [STDERR_REDIRECT] 
2025-12-30 19:57:09,299 [ERROR] LogOutputStream:75 - [STDERR_REDIRECT] [Fatal Error] :1:1: Premature end of file.
2025-12-30 19:57:09,299 [ERROR] LogOutputStream:75 - [STDERR_REDIRECT] 
2025-12-30 19:57:10,280 [ERROR] LogOutputStream:75 - [STDERR_REDIRECT] [Fatal Error] :1:1: Premature end of file.
2025-12-30 19:57:10,281 [ERROR] LogOutputStream:75 - [STDERR_REDIRECT] 
2025-12-30 19:57:11,280 [ERROR] LogOutputStream:75 - [STDERR_REDIRECT] [Fatal Error] :1:1: Premature end of file.
2025-12-30 19:57:11,280 [ERROR] LogOutputStream:75 - [STDERR_REDIRECT] 
2025-12-30 19:57:12,200 [ERROR] LogOutputStream:75 - [STDERR_REDIRECT] [Fatal Error] :1:1: Premature end of file.
2025-12-30 19:57:12,201 [ERROR] LogOutputStream:75 - [STDERR_REDIRECT] 
2025-12-30 19:57:13,194 [ERROR] LogOutputStream:75 - [STDERR_REDIRECT] [Fatal Error] :1:1: Premature end of file.
2025-12-30 19:57:13,194 [ERROR] LogOutputStream:75 - [STDERR_REDIRECT] 
2025-12-30 19:57:14,298 [ERROR] LogOutputStream:75 - [STDERR_REDIRECT] [Fatal Error] :1:1: Premature end of file.
2025-12-30 19:57:14,299 [ERROR] LogOutputStream:75 - [STDERR_REDIRECT] 
2025-12-30 19:57:15,192 [ERROR] LogOutputStream:75 - [STDERR_REDIRECT] [Fatal Error] :1:1: Premature end of file.
2025-12-30 19:57:15,193 [ERROR] LogOutputStream:75 - [STDERR_REDIRECT] 
2025-12-30 19:57:16,240 [ERROR] LogOutputStream:75 - [STDERR_REDIRECT] [Fatal Error] :1:1: Premature end of file.
2025-12-30 19:57:16,240 [ERROR] LogOutputStream:75 - [STDERR_REDIRECT] 
2025-12-30 19:57:17,234 [ERROR] LogOutputStream:75 - [STDERR_REDIRECT] [Fatal Error] :1:1: Premature end of file.
2025-12-30 19:57:17,234 [ERROR] LogOutputStream:75 - [STDERR_REDIRECT] 
2025-12-30 19:57:18,324 [ERROR] LogOutputStream:75 - [STDERR_REDIRECT] [Fatal Error] :1:1: Premature end of file.
2025-12-30 19:57:18,324 [ERROR] LogOutputStream:75 - [STDERR_REDIRECT] 
2025-12-30 19:57:19,236 [ERROR] LogOutputStream:75 - [STDERR_REDIRECT] [Fatal Error] :1:1: Premature end of file.
2025-12-30 19:57:19,236 [ERROR] LogOutputStream:75 - [STDERR_REDIRECT] 
2025-12-30 19:57:20,201 [ERROR] LogOutputStream:75 - [STDERR_REDIRECT] [Fatal Error] :1:1: Premature end of file.
2025-12-30 19:57:20,202 [ERROR] LogOutputStream:75 - [STDERR_REDIRECT] 
2025-12-30 19:57:21,297 [ERROR] LogOutputStream:75 - [STDERR_REDIRECT] [Fatal Error] :1:1: Premature end of file.
2025-12-30 19:57:21,299 [ERROR] LogOutputStream:75 - [STDERR_REDIRECT] 
2025-12-30 19:57:22,258 [ERROR] LogOutputStream:75 - [STDERR_REDIRECT] [Fatal Error] :1:1: Premature end of file.
2025-12-30 19:57:22,259 [ERROR] LogOutputStream:75 - [STDERR_REDIRECT] 
2025-12-30 19:57:23,184 [ERROR] LogOutputStream:75 - [STDERR_REDIRECT] [Fatal Error] :1:1: Premature end of file.
2025-12-30 19:57:23,184 [ERROR] LogOutputStream:75 - [STDERR_REDIRECT] 
2025-12-30 19:57:24,274 [ERROR] LogOutputStream:75 - [STDERR_REDIRECT] [Fatal Error] :1:1: Premature end of file.
2025-12-30 19:57:24,275 [ERROR] LogOutputStream:75 - [STDERR_REDIRECT] 
2025-12-30 19:57:25,295 [ERROR] LogOutputStream:75 - [STDERR_REDIRECT] [Fatal Error] :1:1: Premature end of file.
2025-12-30 19:57:25,295 [ERROR] LogOutputStream:75 - [STDERR_REDIRECT] 
2025-12-30 19:57:26,288 [ERROR] LogOutputStream:75 - [STDERR_REDIRECT] [Fatal Error] :1:1: Premature end of file.
2025-12-30 19:57:26,289 [ERROR] LogOutputStream:75 - [STDERR_REDIRECT] 
2025-12-30 19:57:27,192 [ERROR] LogOutputStream:75 - [STDERR_REDIRECT] [Fatal Error] :1:1: Premature end of file.
2025-12-30 19:57:27,193 [ERROR] LogOutputStream:75 - [STDERR_REDIRECT] 
2025-12-30 19:57:28,199 [ERROR] LogOutputStream:75 - [STDERR_REDIRECT] [Fatal Error] :1:1: Premature end of file.
2025-12-30 19:57:28,200 [ERROR] LogOutputStream:75 - [STDERR_REDIRECT] 
2025-12-30 19:57:29,283 [ERROR] LogOutputStream:75 - [STDERR_REDIRECT] [Fatal Error] :1:1: Premature end of file.
2025-12-30 19:57:29,283 [ERROR] LogOutputStream:75 - [STDERR_REDIRECT] 
2025-12-30 19:57:30,189 [ERROR] LogOutputStream:75 - [STDERR_REDIRECT] [Fatal Error] :1:1: Premature end of file.
2025-12-30 19:57:30,190 [ERROR] LogOutputStream:75 - [STDERR_REDIRECT] 
2025-12-30 19:57:31,281 [ERROR] LogOutputStream:75 - [STDERR_REDIRECT] [Fatal Error] :1:1: Premature end of file.
2025-12-30 19:57:31,282 [ERROR] LogOutputStream:75 - [STDERR_REDIRECT] 
2025-12-30 19:57:32,199 [ERROR] LogOutputStream:75 - [STDERR_REDIRECT] [Fatal Error] :1:1: Premature end of file.
2025-12-30 19:57:32,199 [ERROR] LogOutputStream:75 - [STDERR_REDIRECT] 
2025-12-30 19:57:33,188 [ERROR] LogOutputStream:75 - [STDERR_REDIRECT] [Fatal Error] :1:1: Premature end of file.
2025-12-30 19:57:33,188 [ERROR] LogOutputStream:75 - [STDERR_REDIRECT] 
2025-12-30 19:57:34,180 [ERROR] LogOutputStream:75 - [STDERR_REDIRECT] [Fatal Error] :1:1: Premature end of file.
2025-12-30 19:57:34,181 [ERROR] LogOutputStream:75 - [STDERR_REDIRECT] 
2025-12-30 19:57:35,237 [ERROR] LogOutputStream:75 - [STDERR_REDIRECT] [Fatal Error] :1:1: Premature end of file.
2025-12-30 19:57:35,238 [ERROR] LogOutputStream:75 - [STDERR_REDIRECT] 
2025-12-30 19:57:36,191 [ERROR] LogOutputStream:75 - [STDERR_REDIRECT] [Fatal Error] :1:1: Premature end of file.
2025-12-30 19:57:36,191 [ERROR] LogOutputStream:75 - [STDERR_REDIRECT] 
2025-12-30 19:57:37,288 [ERROR] LogOutputStream:75 - [STDERR_REDIRECT] [Fatal Error] :1:1: Premature end of file.
2025-12-30 19:57:37,288 [ERROR] LogOutputStream:75 - [STDERR_REDIRECT] 
2025-12-30 19:57:38,186 [ERROR] LogOutputStream:75 - [STDERR_REDIRECT] [Fatal Error] :1:1: Premature end of file.
2025-12-30 19:57:38,186 [ERROR] LogOutputStream:75 - [STDERR_REDIRECT] 
2025-12-30 19:57:39,191 [ERROR] LogOutputStream:75 - [STDERR_REDIRECT] [Fatal Error] :1:1: Premature end of file.
2025-12-30 19:57:39,191 [ERROR] LogOutputStream:75 - [STDERR_REDIRECT] 
2025-12-30 19:57:40,228 [ERROR] LogOutputStream:75 - [STDERR_REDIRECT] [Fatal Error] :1:1: Premature end of file.
2025-12-30 19:57:40,229 [ERROR] LogOutputStream:75 - [STDERR_REDIRECT] 
2025-12-30 19:57:41,189 [ERROR] LogOutputStream:75 - [STDERR_REDIRECT] [Fatal Error] :1:1: Premature end of file.
2025-12-30 19:57:41,190 [ERROR] LogOutputStream:75 - [STDERR_REDIRECT] 
2025-12-30 19:57:42,192 [ERROR] LogOutputStream:75 - [STDERR_REDIRECT] [Fatal Error] :1:1: Premature end of file.
2025-12-30 19:57:42,192 [ERROR] LogOutputStream:75 - [STDERR_REDIRECT] 
2025-12-30 19:57:43,205 [ERROR] LogOutputStream:75 - [STDERR_REDIRECT] [Fatal Error] :1:1: Premature end of file.
2025-12-30 19:57:43,206 [ERROR] LogOutputStream:75 - [STDERR_REDIRECT] 
2025-12-30 19:57:44,191 [ERROR] LogOutputStream:75 - [STDERR_REDIRECT] [Fatal Error] :1:1: Premature end of file.
2025-12-30 19:57:44,191 [ERROR] LogOutputStream:75 - [STDERR_REDIRECT] 
2025-12-30 19:57:45,195 [ERROR] LogOutputStream:75 - [STDERR_REDIRECT] [Fatal Error] :1:1: Premature end of file.
2025-12-30 19:57:45,195 [ERROR] LogOutputStream:75 - [STDERR_REDIRECT] 
2025-12-30 19:57:46,184 [ERROR] LogOutputStream:75 - [STDERR_REDIRECT] [Fatal Error] :1:1: Premature end of file.
2025-12-30 19:57:46,184 [ERROR] LogOutputStream:75 - [STDERR_REDIRECT] 
2025-12-30 19:57:47,233 [ERROR] LogOutputStream:75 - [STDERR_REDIRECT] [Fatal Error] :1:1: Premature end of file.
2025-12-30 19:57:47,233 [ERROR] LogOutputStream:75 - [STDERR_REDIRECT] 
2025-12-30 19:57:48,217 [ERROR] LogOutputStream:75 - [STDERR_REDIRECT] [Fatal Error] :1:1: Premature end of file.
2025-12-30 19:57:48,218 [ERROR] LogOutputStream:75 - [STDERR_REDIRECT] 
2025-12-30 19:57:49,297 [ERROR] LogOutputStream:75 - [STDERR_REDIRECT] [Fatal Error] :1:1: Premature end of file.
2025-12-30 19:57:49,298 [ERROR] LogOutputStream:75 - [STDERR_REDIRECT] 
2025-12-30 19:57:50,252 [ERROR] LogOutputStream:75 - [STDERR_REDIRECT] [Fatal Error] :1:1: Premature end of file.
2025-12-30 19:57:50,252 [ERROR] LogOutputStream:75 - [STDERR_REDIRECT] 
2025-12-30 19:57:51,315 [ERROR] LogOutputStream:75 - [STDERR_REDIRECT] [Fatal Error] :1:1: Premature end of file.
2025-12-30 19:57:51,315 [ERROR] LogOutputStream:75 - [STDERR_REDIRECT] 
2025-12-30 19:57:52,189 [ERROR] LogOutputStream:75 - [STDERR_REDIRECT] [Fatal Error] :1:1: Premature end of file.
2025-12-30 19:57:52,189 [ERROR] LogOutputStream:75 - [STDERR_REDIRECT] 
2025-12-30 19:57:53,201 [ERROR] LogOutputStream:75 - [STDERR_REDIRECT] [Fatal Error] :1:1: Premature end of file.
2025-12-30 19:57:53,201 [ERROR] LogOutputStream:75 - [STDERR_REDIRECT] 
2025-12-30 19:57:54,228 [ERROR] LogOutputStream:75 - [STDERR_REDIRECT] [Fatal Error] :1:1: Premature end of file.
2025-12-30 19:57:54,229 [ERROR] LogOutputStream:75 - [STDERR_REDIRECT] 
2025-12-30 19:57:55,200 [ERROR] LogOutputStream:75 - [STDERR_REDIRECT] [Fatal Error] :1:1: Premature end of file.
2025-12-30 19:57:55,200 [ERROR] LogOutputStream:75 - [STDERR_REDIRECT] 
2025-12-30 19:57:56,198 [ERROR] LogOutputStream:75 - [STDERR_REDIRECT] [Fatal Error] :1:1: Premature end of file.
2025-12-30 19:57:56,199 [ERROR] LogOutputStream:75 - [STDERR_REDIRECT] 
2025-12-30 19:57:57,204 [ERROR] LogOutputStream:75 - [STDERR_REDIRECT] [Fatal Error] :1:1: Premature end of file.
2025-12-30 19:57:57,204 [ERROR] LogOutputStream:75 - [STDERR_REDIRECT] 
2025-12-30 19:57:58,275 [ERROR] LogOutputStream:75 - [STDERR_REDIRECT] [Fatal Error] :1:1: Premature end of file.
2025-12-30 19:57:58,275 [ERROR] LogOutputStream:75 - [STDERR_REDIRECT] 
2025-12-30 19:57:59,205 [ERROR] LogOutputStream:75 - [STDERR_REDIRECT] [Fatal Error] :1:1: Premature end of file.
2025-12-30 19:57:59,205 [ERROR] LogOutputStream:75 - [STDERR_REDIRECT] 
2025-12-30 19:58:00,200 [ERROR] LogOutputStream:75 - [STDERR_REDIRECT] [Fatal Error] :1:1: Premature end of file.
2025-12-30 19:58:00,200 [ERROR] LogOutputStream:75 - [STDERR_REDIRECT] 
2025-12-30 19:58:01,260 [ERROR] LogOutputStream:75 - [STDERR_REDIRECT] [Fatal Error] :1:1: Premature end of file.
2025-12-30 19:58:01,260 [ERROR] LogOutputStream:75 - [STDERR_REDIRECT] 
2025-12-30 19:58:02,218 [ERROR] LogOutputStream:75 - [STDERR_REDIRECT] [Fatal Error] :1:1: Premature end of file.
2025-12-30 19:58:02,218 [ERROR] LogOutputStream:75 - [STDERR_REDIRECT] 
2025-12-30 19:58:03,289 [ERROR] LogOutputStream:75 - [STDERR_REDIRECT] [Fatal Error] :1:1: Premature end of file.
2025-12-30 19:58:03,290 [ERROR] LogOutputStream:75 - [STDERR_REDIRECT] 
2025-12-30 19:58:04,306 [ERROR] LogOutputStream:75 - [STDERR_REDIRECT] [Fatal Error] :1:1: Premature end of file.
2025-12-30 19:58:04,306 [ERROR] LogOutputStream:75 - [STDERR_REDIRECT] 
2025-12-30 19:58:05,209 [ERROR] LogOutputStream:75 - [STDERR_REDIRECT] [Fatal Error] :1:1: Premature end of file.
2025-12-30 19:58:05,209 [ERROR] LogOutputStream:75 - [STDERR_REDIRECT] 
2025-12-30 19:58:06,211 [ERROR] LogOutputStream:75 - [STDERR_REDIRECT] [Fatal Error] :1:1: Premature end of file.
2025-12-30 19:58:06,211 [ERROR] LogOutputStream:75 - [STDERR_REDIRECT] 
2025-12-30 19:58:07,265 [ERROR] LogOutputStream:75 - [STDERR_REDIRECT] [Fatal Error] :1:1: Premature end of file.
2025-12-30 19:58:07,265 [ERROR] LogOutputStream:75 - [STDERR_REDIRECT] 
2025-12-30 19:58:08,227 [ERROR] LogOutputStream:75 - [STDERR_REDIRECT] [Fatal Error] :1:1: Premature end of file.
2025-12-30 19:58:08,227 [ERROR] LogOutputStream:75 - [STDERR_REDIRECT] 
2025-12-30 19:58:09,290 [ERROR] LogOutputStream:75 - [STDERR_REDIRECT] [Fatal Error] :1:1: Premature end of file.
2025-12-30 19:58:09,291 [ERROR] LogOutputStream:75 - [STDERR_REDIRECT] 
2025-12-30 19:58:10,291 [ERROR] LogOutputStream:75 - [STDERR_REDIRECT] [Fatal Error] :1:1: Premature end of file.
2025-12-30 19:58:10,292 [ERROR] LogOutputStream:75 - [STDERR_REDIRECT] 
2025-12-30 19:58:11,314 [ERROR] LogOutputStream:75 - [STDERR_REDIRECT] [Fatal Error] :1:1: Premature end of file.
2025-12-30 19:58:11,316 [ERROR] LogOutputStream:75 - [STDERR_REDIRECT] 
2025-12-30 19:58:12,312 [ERROR] LogOutputStream:75 - [STDERR_REDIRECT] [Fatal Error] :1:1: Premature end of file.
2025-12-30 19:58:12,312 [ERROR] LogOutputStream:75 - [STDERR_REDIRECT] 
2025-12-30 19:58:13,187 [ERROR] LogOutputStream:75 - [STDERR_REDIRECT] [Fatal Error] :1:1: Premature end of file.
2025-12-30 19:58:13,187 [ERROR] LogOutputStream:75 - [STDERR_REDIRECT] 
2025-12-30 19:58:14,205 [ERROR] LogOutputStream:75 - [STDERR_REDIRECT] [Fatal Error] :1:1: Premature end of file.
2025-12-30 19:58:14,205 [ERROR] LogOutputStream:75 - [STDERR_REDIRECT] 
2025-12-30 19:58:15,314 [ERROR] LogOutputStream:75 - [STDERR_REDIRECT] [Fatal Error] :1:1: Premature end of file.
2025-12-30 19:58:15,315 [ERROR] LogOutputStream:75 - [STDERR_REDIRECT] 
2025-12-30 19:58:16,304 [ERROR] LogOutputStream:75 - [STDERR_REDIRECT] [Fatal Error] :1:1: Premature end of file.
2025-12-30 19:58:16,305 [ERROR] LogOutputStream:75 - [STDERR_REDIRECT] 
2025-12-30 19:58:17,285 [ERROR] LogOutputStream:75 - [STDERR_REDIRECT] [Fatal Error] :1:1: Premature end of file.
2025-12-30 19:58:17,285 [ERROR] LogOutputStream:75 - [STDERR_REDIRECT] 
2025-12-30 19:58:18,286 [ERROR] LogOutputStream:75 - [STDERR_REDIRECT] [Fatal Error] :1:1: Premature end of file.
2025-12-30 19:58:18,286 [ERROR] LogOutputStream:75 - [STDERR_REDIRECT] 
2025-12-30 19:58:19,284 [ERROR] LogOutputStream:75 - [STDERR_REDIRECT] [Fatal Error] :1:1: Premature end of file.
2025-12-30 19:58:19,285 [ERROR] LogOutputStream:75 - [STDERR_REDIRECT] 
2025-12-30 19:58:20,299 [ERROR] LogOutputStream:75 - [STDERR_REDIRECT] [Fatal Error] :1:1: Premature end of file.
2025-12-30 19:58:20,300 [ERROR] LogOutputStream:75 - [STDERR_REDIRECT] 
2025-12-30 19:58:21,314 [ERROR] LogOutputStream:75 - [STDERR_REDIRECT] [Fatal Error] :1:1: Premature end of file.
2025-12-30 19:58:21,315 [ERROR] LogOutputStream:75 - [STDERR_REDIRECT] 
2025-12-30 19:58:22,282 [ERROR] LogOutputStream:75 - [STDERR_REDIRECT] [Fatal Error] :1:1: Premature end of file.
2025-12-30 19:58:22,282 [ERROR] LogOutputStream:75 - [STDERR_REDIRECT] 
2025-12-30 19:58:23,305 [ERROR] LogOutputStream:75 - [STDERR_REDIRECT] [Fatal Error] :1:1: Premature end of file.
2025-12-30 19:58:23,306 [ERROR] LogOutputStream:75 - [STDERR_REDIRECT] 
2025-12-30 19:58:24,293 [ERROR] LogOutputStream:75 - [STDERR_REDIRECT] [Fatal Error] :1:1: Premature end of file.
2025-12-30 19:58:24,293 [ERROR] LogOutputStream:75 - [STDERR_REDIRECT] 
2025-12-30 19:58:25,287 [ERROR] LogOutputStream:75 - [STDERR_REDIRECT] [Fatal Error] :1:1: Premature end of file.
2025-12-30 19:58:25,288 [ERROR] LogOutputStream:75 - [STDERR_REDIRECT] 
2025-12-30 19:58:26,290 [ERROR] LogOutputStream:75 - [STDERR_REDIRECT] [Fatal Error] :1:1: Premature end of file.
2025-12-30 19:58:26,291 [ERROR] LogOutputStream:75 - [STDERR_REDIRECT] 
2025-12-30 19:58:27,292 [ERROR] LogOutputStream:75 - [STDERR_REDIRECT] [Fatal Error] :1:1: Premature end of file.
2025-12-30 19:58:27,292 [ERROR] LogOutputStream:75 - [STDERR_REDIRECT] 
2025-12-30 19:58:28,296 [ERROR] LogOutputStream:75 - [STDERR_REDIRECT] [Fatal Error] :1:1: Premature end of file.
2025-12-30 19:58:28,297 [ERROR] LogOutputStream:75 - [STDERR_REDIRECT] 
2025-12-30 19:58:29,276 [ERROR] LogOutputStream:75 - [STDERR_REDIRECT] [Fatal Error] :1:1: Premature end of file.
2025-12-30 19:58:29,277 [ERROR] LogOutputStream:75 - [STDERR_REDIRECT] 
2025-12-30 19:58:30,280 [ERROR] LogOutputStream:75 - [STDERR_REDIRECT] [Fatal Error] :1:1: Premature end of file.
2025-12-30 19:58:30,280 [ERROR] LogOutputStream:75 - [STDERR_REDIRECT] 
2025-12-30 19:58:31,277 [ERROR] LogOutputStream:75 - [STDERR_REDIRECT] [Fatal Error] :1:1: Premature end of file.
2025-12-30 19:58:31,277 [ERROR] LogOutputStream:75 - [STDERR_REDIRECT] 
2025-12-30 19:58:32,205 [ERROR] LogOutputStream:75 - [STDERR_REDIRECT] [Fatal Error] :1:1: Premature end of file.
2025-12-30 19:58:32,205 [ERROR] LogOutputStream:75 - [STDERR_REDIRECT] 
2025-12-30 19:58:33,292 [ERROR] LogOutputStream:75 - [STDERR_REDIRECT] [Fatal Error] :1:1: Premature end of file.
2025-12-30 19:58:33,293 [ERROR] LogOutputStream:75 - [STDERR_REDIRECT] 
2025-12-30 19:58:34,229 [ERROR] LogOutputStream:75 - [STDERR_REDIRECT] [Fatal Error] :1:1: Premature end of file.
2025-12-30 19:58:34,229 [ERROR] LogOutputStream:75 - [STDERR_REDIRECT] 
2025-12-30 19:58:35,289 [ERROR] LogOutputStream:75 - [STDERR_REDIRECT] [Fatal Error] :1:1: Premature end of file.
2025-12-30 19:58:35,289 [ERROR] LogOutputStream:75 - [STDERR_REDIRECT] 
2025-12-30 19:58:36,287 [ERROR] LogOutputStream:75 - [STDERR_REDIRECT] [Fatal Error] :1:1: Premature end of file.
2025-12-30 19:58:36,288 [ERROR] LogOutputStream:75 - [STDERR_REDIRECT] 
2025-12-30 19:58:37,291 [ERROR] LogOutputStream:75 - [STDERR_REDIRECT] [Fatal Error] :1:1: Premature end of file.
2025-12-30 19:58:37,292 [ERROR] LogOutputStream:75 - [STDERR_REDIRECT] 
2025-12-30 19:58:38,404 [ERROR] LogOutputStream:75 - [STDERR_REDIRECT] [Fatal Error] :1:1: Premature end of file.
2025-12-30 19:58:38,404 [ERROR] LogOutputStream:75 - [STDERR_REDIRECT] 
2025-12-30 19:58:39,290 [ERROR] LogOutputStream:75 - [STDERR_REDIRECT] [Fatal Error] :1:1: Premature end of file.
2025-12-30 19:58:39,291 [ERROR] LogOutputStream:75 - [STDERR_REDIRECT] 
2025-12-30 19:58:40,291 [ERROR] LogOutputStream:75 - [STDERR_REDIRECT] [Fatal Error] :1:1: Premature end of file.
2025-12-30 19:58:40,291 [ERROR] LogOutputStream:75 - [STDERR_REDIRECT] 
2025-12-30 19:58:41,292 [ERROR] LogOutputStream:75 - [STDERR_REDIRECT] [Fatal Error] :1:1: Premature end of file.
2025-12-30 19:58:41,292 [ERROR] LogOutputStream:75 - [STDERR_REDIRECT] 
2025-12-30 19:58:42,274 [ERROR] LogOutputStream:75 - [STDERR_REDIRECT] [Fatal Error] :1:1: Premature end of file.
2025-12-30 19:58:42,274 [ERROR] LogOutputStream:75 - [STDERR_REDIRECT] 
2025-12-30 19:58:43,276 [ERROR] LogOutputStream:75 - [STDERR_REDIRECT] [Fatal Error] :1:1: Premature end of file.
2025-12-30 19:58:43,276 [ERROR] LogOutputStream:75 - [STDERR_REDIRECT] 
2025-12-30 19:58:44,288 [ERROR] LogOutputStream:75 - [STDERR_REDIRECT] [Fatal Error] :1:1: Premature end of file.
2025-12-30 19:58:44,289 [ERROR] LogOutputStream:75 - [STDERR_REDIRECT] 
2025-12-30 19:58:45,277 [ERROR] LogOutputStream:75 - [STDERR_REDIRECT] [Fatal Error] :1:1: Premature end of file.
2025-12-30 19:58:45,277 [ERROR] LogOutputStream:75 - [STDERR_REDIRECT] 
2025-12-30 19:58:46,198 [ERROR] LogOutputStream:75 - [STDERR_REDIRECT] [Fatal Error] :1:1: Premature end of file.
2025-12-30 19:58:46,198 [ERROR] LogOutputStream:75 - [STDERR_REDIRECT] 
2025-12-30 19:58:47,189 [ERROR] LogOutputStream:75 - [STDERR_REDIRECT] [Fatal Error] :1:1: Premature end of file.
2025-12-30 19:58:47,189 [ERROR] LogOutputStream:75 - [STDERR_REDIRECT] 
2025-12-30 19:58:48,312 [ERROR] LogOutputStream:75 - [STDERR_REDIRECT] [Fatal Error] :1:1: Premature end of file.
2025-12-30 19:58:48,314 [ERROR] LogOutputStream:75 - [STDERR_REDIRECT] 
2025-12-30 19:58:49,281 [ERROR] LogOutputStream:75 - [STDERR_REDIRECT] [Fatal Error] :1:1: Premature end of file.
2025-12-30 19:58:49,282 [ERROR] LogOutputStream:75 - [STDERR_REDIRECT] 
2025-12-30 19:58:50,287 [ERROR] LogOutputStream:75 - [STDERR_REDIRECT] [Fatal Error] :1:1: Premature end of file.
2025-12-30 19:58:50,287 [ERROR] LogOutputStream:75 - [STDERR_REDIRECT] 
2025-12-30 19:58:51,290 [ERROR] LogOutputStream:75 - [STDERR_REDIRECT] [Fatal Error] :1:1: Premature end of file.
2025-12-30 19:58:51,290 [ERROR] LogOutputStream:75 - [STDERR_REDIRECT] 
2025-12-30 19:58:52,216 [ERROR] LogOutputStream:75 - [STDERR_REDIRECT] [Fatal Error] :1:1: Premature end of file.
2025-12-30 19:58:52,217 [ERROR] LogOutputStream:75 - [STDERR_REDIRECT] 
2025-12-30 19:58:53,191 [ERROR] LogOutputStream:75 - [STDERR_REDIRECT] [Fatal Error] :1:1: Premature end of file.
2025-12-30 19:58:53,192 [ERROR] LogOutputStream:75 - [STDERR_REDIRECT] 
2025-12-30 19:58:54,280 [ERROR] LogOutputStream:75 - [STDERR_REDIRECT] [Fatal Error] :1:1: Premature end of file.
2025-12-30 19:58:54,281 [ERROR] LogOutputStream:75 - [STDERR_REDIRECT] 
2025-12-30 19:58:55,291 [ERROR] LogOutputStream:75 - [STDERR_REDIRECT] [Fatal Error] :1:1: Premature end of file.
2025-12-30 19:58:55,291 [ERROR] LogOutputStream:75 - [STDERR_REDIRECT] 
2025-12-30 19:58:56,198 [ERROR] LogOutputStream:75 - [STDERR_REDIRECT] [Fatal Error] :1:1: Premature end of file.
2025-12-30 19:58:56,198 [ERROR] LogOutputStream:75 - [STDERR_REDIRECT] 
2025-12-30 19:58:57,290 [ERROR] LogOutputStream:75 - [STDERR_REDIRECT] [Fatal Error] :1:1: Premature end of file.
2025-12-30 19:58:57,290 [ERROR] LogOutputStream:75 - [STDERR_REDIRECT] 
2025-12-30 19:58:58,291 [ERROR] LogOutputStream:75 - [STDERR_REDIRECT] [Fatal Error] :1:1: Premature end of file.
2025-12-30 19:58:58,291 [ERROR] LogOutputStream:75 - [STDERR_REDIRECT] 
2025-12-30 19:58:59,298 [ERROR] LogOutputStream:75 - [STDERR_REDIRECT] [Fatal Error] :1:1: Premature end of file.
2025-12-30 19:58:59,299 [ERROR] LogOutputStream:75 - [STDERR_REDIRECT] 
2025-12-30 19:59:00,287 [ERROR] LogOutputStream:75 - [STDERR_REDIRECT] [Fatal Error] :1:1: Premature end of file.
2025-12-30 19:59:00,287 [ERROR] LogOutputStream:75 - [STDERR_REDIRECT] 
2025-12-30 19:59:01,318 [ERROR] LogOutputStream:75 - [STDERR_REDIRECT] [Fatal Error] :1:1: Premature end of file.
2025-12-30 19:59:01,318 [ERROR] LogOutputStream:75 - [STDERR_REDIRECT] 
2025-12-30 19:59:02,296 [ERROR] LogOutputStream:75 - [STDERR_REDIRECT] [Fatal Error] :1:1: Premature end of file.
2025-12-30 19:59:02,297 [ERROR] LogOutputStream:75 - [STDERR_REDIRECT] 
2025-12-30 19:59:03,211 [ERROR] LogOutputStream:75 - [STDERR_REDIRECT] [Fatal Error] :1:1: Premature end of file.
2025-12-30 19:59:03,211 [ERROR] LogOutputStream:75 - [STDERR_REDIRECT] 
2025-12-30 19:59:04,265 [ERROR] LogOutputStream:75 - [STDERR_REDIRECT] [Fatal Error] :1:1: Premature end of file.
2025-12-30 19:59:04,265 [ERROR] LogOutputStream:75 - [STDERR_REDIRECT] 
2025-12-30 19:59:05,267 [ERROR] LogOutputStream:75 - [STDERR_REDIRECT] [Fatal Error] :1:1: Premature end of file.
2025-12-30 19:59:05,267 [ERROR] LogOutputStream:75 - [STDERR_REDIRECT] 
2025-12-30 19:59:06,219 [ERROR] LogOutputStream:75 - [STDERR_REDIRECT] [Fatal Error] :1:1: Premature end of file.
2025-12-30 19:59:06,219 [ERROR] LogOutputStream:75 - [STDERR_REDIRECT] 
2025-12-30 19:59:07,226 [ERROR] LogOutputStream:75 - [STDERR_REDIRECT] [Fatal Error] :1:1: Premature end of file.
2025-12-30 19:59:07,227 [ERROR] LogOutputStream:75 - [STDERR_REDIRECT] 
2025-12-30 19:59:08,216 [ERROR] LogOutputStream:75 - [STDERR_REDIRECT] [Fatal Error] :1:1: Premature end of file.
2025-12-30 19:59:08,216 [ERROR] LogOutputStream:75 - [STDERR_REDIRECT] 
2025-12-30 19:59:09,287 [ERROR] LogOutputStream:75 - [STDERR_REDIRECT] [Fatal Error] :1:1: Premature end of file.
2025-12-30 19:59:09,288 [ERROR] LogOutputStream:75 - [STDERR_REDIRECT] 
2025-12-30 19:59:10,203 [ERROR] LogOutputStream:75 - [STDERR_REDIRECT] [Fatal Error] :1:1: Premature end of file.
2025-12-30 19:59:10,204 [ERROR] LogOutputStream:75 - [STDERR_REDIRECT] 
2025-12-30 19:59:11,199 [ERROR] LogOutputStream:75 - [STDERR_REDIRECT] [Fatal Error] :1:1: Premature end of file.
2025-12-30 19:59:11,199 [ERROR] LogOutputStream:75 - [STDERR_REDIRECT] 
2025-12-30 19:59:12,287 [ERROR] LogOutputStream:75 - [STDERR_REDIRECT] [Fatal Error] :1:1: Premature end of file.
2025-12-30 19:59:12,287 [ERROR] LogOutputStream:75 - [STDERR_REDIRECT] 
2025-12-30 19:59:13,289 [ERROR] LogOutputStream:75 - [STDERR_REDIRECT] [Fatal Error] :1:1: Premature end of file.
2025-12-30 19:59:13,289 [ERROR] LogOutputStream:75 - [STDERR_REDIRECT] 
2025-12-30 19:59:14,277 [ERROR] LogOutputStream:75 - [STDERR_REDIRECT] [Fatal Error] :1:1: Premature end of file.
2025-12-30 19:59:14,277 [ERROR] LogOutputStream:75 - [STDERR_REDIRECT] 
2025-12-30 19:59:15,205 [ERROR] LogOutputStream:75 - [STDERR_REDIRECT] [Fatal Error] :1:1: Premature end of file.
2025-12-30 19:59:15,205 [ERROR] LogOutputStream:75 - [STDERR_REDIRECT] 
2025-12-30 19:59:16,320 [ERROR] LogOutputStream:75 - [STDERR_REDIRECT] [Fatal Error] :1:1: Premature end of file.
2025-12-30 19:59:16,321 [ERROR] LogOutputStream:75 - [STDERR_REDIRECT] 
2025-12-30 19:59:17,230 [ERROR] LogOutputStream:75 - [STDERR_REDIRECT] [Fatal Error] :1:1: Premature end of file.
2025-12-30 19:59:17,231 [ERROR] LogOutputStream:75 - [STDERR_REDIRECT] 
2025-12-30 19:59:18,201 [ERROR] LogOutputStream:75 - [STDERR_REDIRECT] [Fatal Error] :1:1: Premature end of file.
2025-12-30 19:59:18,201 [ERROR] LogOutputStream:75 - [STDERR_REDIRECT] 
2025-12-30 19:59:19,199 [ERROR] LogOutputStream:75 - [STDERR_REDIRECT] [Fatal Error] :1:1: Premature end of file.
2025-12-30 19:59:19,199 [ERROR] LogOutputStream:75 - [STDERR_REDIRECT] 
2025-12-30 19:59:20,279 [ERROR] LogOutputStream:75 - [STDERR_REDIRECT] [Fatal Error] :1:1: Premature end of file.
2025-12-30 19:59:20,279 [ERROR] LogOutputStream:75 - [STDERR_REDIRECT] 
2025-12-30 19:59:21,282 [ERROR] LogOutputStream:75 - [STDERR_REDIRECT] [Fatal Error] :1:1: Premature end of file.
2025-12-30 19:59:21,283 [ERROR] LogOutputStream:75 - [STDERR_REDIRECT] 
2025-12-30 19:59:22,253 [ERROR] LogOutputStream:75 - [STDERR_REDIRECT] [Fatal Error] :1:1: Premature end of file.
2025-12-30 19:59:22,253 [ERROR] LogOutputStream:75 - [STDERR_REDIRECT] 
2025-12-30 19:59:23,206 [ERROR] LogOutputStream:75 - [STDERR_REDIRECT] [Fatal Error] :1:1: Premature end of file.
2025-12-30 19:59:23,206 [ERROR] LogOutputStream:75 - [STDERR_REDIRECT] 
2025-12-30 19:59:24,293 [ERROR] LogOutputStream:75 - [STDERR_REDIRECT] [Fatal Error] :1:1: Premature end of file.
2025-12-30 19:59:24,293 [ERROR] LogOutputStream:75 - [STDERR_REDIRECT] 
2025-12-30 19:59:25,200 [ERROR] LogOutputStream:75 - [STDERR_REDIRECT] [Fatal Error] :1:1: Premature end of file.
2025-12-30 19:59:25,200 [ERROR] LogOutputStream:75 - [STDERR_REDIRECT] 
2025-12-30 19:59:26,206 [ERROR] LogOutputStream:75 - [STDERR_REDIRECT] [Fatal Error] :1:1: Premature end of file.
2025-12-30 19:59:26,206 [ERROR] LogOutputStream:75 - [STDERR_REDIRECT] 
2025-12-30 19:59:27,272 [ERROR] LogOutputStream:75 - [STDERR_REDIRECT] [Fatal Error] :1:1: Premature end of file.
2025-12-30 19:59:27,272 [ERROR] LogOutputStream:75 - [STDERR_REDIRECT] 
2025-12-30 19:59:28,258 [ERROR] LogOutputStream:75 - [STDERR_REDIRECT] [Fatal Error] :1:1: Premature end of file.
2025-12-30 19:59:28,258 [ERROR] LogOutputStream:75 - [STDERR_REDIRECT] 
2025-12-30 19:59:29,210 [ERROR] LogOutputStream:75 - [STDERR_REDIRECT] [Fatal Error] :1:1: Premature end of file.
2025-12-30 19:59:29,210 [ERROR] LogOutputStream:75 - [STDERR_REDIRECT] 
2025-12-30 19:59:30,253 [ERROR] LogOutputStream:75 - [STDERR_REDIRECT] [Fatal Error] :1:1: Premature end of file.
2025-12-30 19:59:30,253 [ERROR] LogOutputStream:75 - [STDERR_REDIRECT] 
2025-12-30 19:59:31,299 [ERROR] LogOutputStream:75 - [STDERR_REDIRECT] [Fatal Error] :1:1: Premature end of file.
2025-12-30 19:59:31,299 [ERROR] LogOutputStream:75 - [STDERR_REDIRECT] 
2025-12-30 19:59:32,299 [ERROR] LogOutputStream:75 - [STDERR_REDIRECT] [Fatal Error] :1:1: Premature end of file.
2025-12-30 19:59:32,300 [ERROR] LogOutputStream:75 - [STDERR_REDIRECT] 
2025-12-30 19:59:33,290 [ERROR] LogOutputStream:75 - [STDERR_REDIRECT] [Fatal Error] :1:1: Premature end of file.
2025-12-30 19:59:33,291 [ERROR] LogOutputStream:75 - [STDERR_REDIRECT] 
2025-12-30 19:59:34,251 [ERROR] LogOutputStream:75 - [STDERR_REDIRECT] [Fatal Error] :1:1: Premature end of file.
2025-12-30 19:59:34,251 [ERROR] LogOutputStream:75 - [STDERR_REDIRECT] 
2025-12-30 19:59:35,304 [ERROR] LogOutputStream:75 - [STDERR_REDIRECT] [Fatal Error] :1:1: Premature end of file.
2025-12-30 19:59:35,305 [ERROR] LogOutputStream:75 - [STDERR_REDIRECT] 
2025-12-30 19:59:36,183 [ERROR] LogOutputStream:75 - [STDERR_REDIRECT] [Fatal Error] :1:1: Premature end of file.
2025-12-30 19:59:36,183 [ERROR] LogOutputStream:75 - [STDERR_REDIRECT] 
2025-12-30 19:59:37,191 [ERROR] LogOutputStream:75 - [STDERR_REDIRECT] [Fatal Error] :1:1: Premature end of file.
2025-12-30 19:59:37,191 [ERROR] LogOutputStream:75 - [STDERR_REDIRECT] 
2025-12-30 19:59:38,284 [ERROR] LogOutputStream:75 - [STDERR_REDIRECT] [Fatal Error] :1:1: Premature end of file.
2025-12-30 19:59:38,287 [ERROR] LogOutputStream:75 - [STDERR_REDIRECT] 
2025-12-30 19:59:39,294 [ERROR] LogOutputStream:75 - [STDERR_REDIRECT] [Fatal Error] :1:1: Premature end of file.
2025-12-30 19:59:39,294 [ERROR] LogOutputStream:75 - [STDERR_REDIRECT] 
2025-12-30 19:59:40,285 [ERROR] LogOutputStream:75 - [STDERR_REDIRECT] [Fatal Error] :1:1: Premature end of file.
2025-12-30 19:59:40,286 [ERROR] LogOutputStream:75 - [STDERR_REDIRECT] 
2025-12-30 19:59:41,292 [ERROR] LogOutputStream:75 - [STDERR_REDIRECT] [Fatal Error] :1:1: Premature end of file.
2025-12-30 19:59:41,292 [ERROR] LogOutputStream:75 - [STDERR_REDIRECT] 
2025-12-30 19:59:42,290 [ERROR] LogOutputStream:75 - [STDERR_REDIRECT] [Fatal Error] :1:1: Premature end of file.
2025-12-30 19:59:42,290 [ERROR] LogOutputStream:75 - [STDERR_REDIRECT] 
2025-12-30 19:59:43,187 [ERROR] LogOutputStream:75 - [STDERR_REDIRECT] [Fatal Error] :1:1: Premature end of file.
2025-12-30 19:59:43,188 [ERROR] LogOutputStream:75 - [STDERR_REDIRECT] 
2025-12-30 19:59:44,275 [ERROR] LogOutputStream:75 - [STDERR_REDIRECT] [Fatal Error] :1:1: Premature end of file.
2025-12-30 19:59:44,275 [ERROR] LogOutputStream:75 - [STDERR_REDIRECT] 
2025-12-30 19:59:45,252 [ERROR] LogOutputStream:75 - [STDERR_REDIRECT] [Fatal Error] :1:1: Premature end of file.
2025-12-30 19:59:45,252 [ERROR] LogOutputStream:75 - [STDERR_REDIRECT] 
2025-12-30 19:59:46,184 [ERROR] LogOutputStream:75 - [STDERR_REDIRECT] [Fatal Error] :1:1: Premature end of file.
2025-12-30 19:59:46,185 [ERROR] LogOutputStream:75 - [STDERR_REDIRECT] 
2025-12-30 19:59:47,197 [ERROR] LogOutputStream:75 - [STDERR_REDIRECT] [Fatal Error] :1:1: Premature end of file.
2025-12-30 19:59:47,197 [ERROR] LogOutputStream:75 - [STDERR_REDIRECT] 
2025-12-30 19:59:48,222 [ERROR] LogOutputStream:75 - [STDERR_REDIRECT] [Fatal Error] :1:1: Premature end of file.
2025-12-30 19:59:48,222 [ERROR] LogOutputStream:75 - [STDERR_REDIRECT] 
2025-12-30 19:59:49,193 [ERROR] LogOutputStream:75 - [STDERR_REDIRECT] [Fatal Error] :1:1: Premature end of file.
2025-12-30 19:59:49,193 [ERROR] LogOutputStream:75 - [STDERR_REDIRECT] 
2025-12-30 19:59:50,299 [ERROR] LogOutputStream:75 - [STDERR_REDIRECT] [Fatal Error] :1:1: Premature end of file.
2025-12-30 19:59:50,300 [ERROR] LogOutputStream:75 - [STDERR_REDIRECT] 
2025-12-30 19:59:51,299 [ERROR] LogOutputStream:75 - [STDERR_REDIRECT] [Fatal Error] :1:1: Premature end of file.
2025-12-30 19:59:51,300 [ERROR] LogOutputStream:75 - [STDERR_REDIRECT] 
2025-12-30 19:59:52,300 [ERROR] LogOutputStream:75 - [STDERR_REDIRECT] [Fatal Error] :1:1: Premature end of file.
2025-12-30 19:59:52,300 [ERROR] LogOutputStream:75 - [STDERR_REDIRECT] 
2025-12-30 19:59:53,193 [ERROR] LogOutputStream:75 - [STDERR_REDIRECT] [Fatal Error] :1:1: Premature end of file.
2025-12-30 19:59:53,193 [ERROR] LogOutputStream:75 - [STDERR_REDIRECT] 
2025-12-30 19:59:54,212 [ERROR] LogOutputStream:75 - [STDERR_REDIRECT] [Fatal Error] :1:1: Premature end of file.
2025-12-30 19:59:54,212 [ERROR] LogOutputStream:75 - [STDERR_REDIRECT] 
2025-12-30 19:59:55,188 [ERROR] LogOutputStream:75 - [STDERR_REDIRECT] [Fatal Error] :1:1: Premature end of file.
2025-12-30 19:59:55,188 [ERROR] LogOutputStream:75 - [STDERR_REDIRECT] 
2025-12-30 19:59:56,226 [ERROR] LogOutputStream:75 - [STDERR_REDIRECT] [Fatal Error] :1:1: Premature end of file.
2025-12-30 19:59:56,226 [ERROR] LogOutputStream:75 - [STDERR_REDIRECT] 
2025-12-30 19:59:57,276 [ERROR] LogOutputStream:75 - [STDERR_REDIRECT] [Fatal Error] :1:1: Premature end of file.
2025-12-30 19:59:57,277 [ERROR] LogOutputStream:75 - [STDERR_REDIRECT] 
2025-12-30 19:59:58,198 [ERROR] LogOutputStream:75 - [STDERR_REDIRECT] [Fatal Error] :1:1: Premature end of file.
2025-12-30 19:59:58,198 [ERROR] LogOutputStream:75 - [STDERR_REDIRECT] 
2025-12-30 19:59:59,194 [ERROR] LogOutputStream:75 - [STDERR_REDIRECT] [Fatal Error] :1:1: Premature end of file.
2025-12-30 19:59:59,194 [ERROR] LogOutputStream:75 - [STDERR_REDIRECT] 
2025-12-30 20:00:00,210 [ERROR] LogOutputStream:75 - [STDERR_REDIRECT] [Fatal Error] :1:1: Premature end of file.
2025-12-30 20:00:00,210 [ERROR] LogOutputStream:75 - [STDERR_REDIRECT] 
2025-12-30 20:00:01,285 [ERROR] LogOutputStream:75 - [STDERR_REDIRECT] [Fatal Error] :1:1: Premature end of file.
2025-12-30 20:00:01,286 [ERROR] LogOutputStream:75 - [STDERR_REDIRECT] 
2025-12-30 20:00:02,325 [ERROR] LogOutputStream:75 - [STDERR_REDIRECT] [Fatal Error] :1:1: Premature end of file.
2025-12-30 20:00:02,325 [ERROR] LogOutputStream:75 - [STDERR_REDIRECT] 
2025-12-30 20:00:03,265 [ERROR] LogOutputStream:75 - [STDERR_REDIRECT] [Fatal Error] :1:1: Premature end of file.
2025-12-30 20:00:03,266 [ERROR] LogOutputStream:75 - [STDERR_REDIRECT] 
2025-12-30 20:00:04,307 [ERROR] LogOutputStream:75 - [STDERR_REDIRECT] [Fatal Error] :1:1: Premature end of file.
2025-12-30 20:00:04,307 [ERROR] LogOutputStream:75 - [STDERR_REDIRECT] 
2025-12-30 20:00:05,201 [ERROR] LogOutputStream:75 - [STDERR_REDIRECT] [Fatal Error] :1:1: Premature end of file.
2025-12-30 20:00:05,202 [ERROR] LogOutputStream:75 - [STDERR_REDIRECT] 
2025-12-30 20:00:06,195 [ERROR] LogOutputStream:75 - [STDERR_REDIRECT] [Fatal Error] :1:1: Premature end of file.
2025-12-30 20:00:06,196 [ERROR] LogOutputStream:75 - [STDERR_REDIRECT] 
2025-12-30 20:00:07,197 [ERROR] LogOutputStream:75 - [STDERR_REDIRECT] [Fatal Error] :1:1: Premature end of file.
2025-12-30 20:00:07,197 [ERROR] LogOutputStream:75 - [STDERR_REDIRECT] 
2025-12-30 20:00:08,319 [ERROR] LogOutputStream:75 - [STDERR_REDIRECT] [Fatal Error] :1:1: Premature end of file.
2025-12-30 20:00:08,319 [ERROR] LogOutputStream:75 - [STDERR_REDIRECT] 
2025-12-30 20:00:09,206 [ERROR] LogOutputStream:75 - [STDERR_REDIRECT] [Fatal Error] :1:1: Premature end of file.
2025-12-30 20:00:09,207 [ERROR] LogOutputStream:75 - [STDERR_REDIRECT] 
2025-12-30 20:00:10,272 [ERROR] LogOutputStream:75 - [STDERR_REDIRECT] [Fatal Error] :1:1: Premature end of file.
2025-12-30 20:00:10,272 [ERROR] LogOutputStream:75 - [STDERR_REDIRECT] 
2025-12-30 20:00:11,198 [ERROR] LogOutputStream:75 - [STDERR_REDIRECT] [Fatal Error] :1:1: Premature end of file.
2025-12-30 20:00:11,199 [ERROR] LogOutputStream:75 - [STDERR_REDIRECT] 
2025-12-30 20:00:12,294 [ERROR] LogOutputStream:75 - [STDERR_REDIRECT] [Fatal Error] :1:1: Premature end of file.
2025-12-30 20:00:12,294 [ERROR] LogOutputStream:75 - [STDERR_REDIRECT] 
2025-12-30 20:00:13,221 [ERROR] LogOutputStream:75 - [STDERR_REDIRECT] [Fatal Error] :1:1: Premature end of file.
2025-12-30 20:00:13,222 [ERROR] LogOutputStream:75 - [STDERR_REDIRECT] 
2025-12-30 20:00:14,255 [ERROR] LogOutputStream:75 - [STDERR_REDIRECT] [Fatal Error] :1:1: Premature end of file.
2025-12-30 20:00:14,256 [ERROR] LogOutputStream:75 - [STDERR_REDIRECT] 
2025-12-30 20:00:15,191 [ERROR] LogOutputStream:75 - [STDERR_REDIRECT] [Fatal Error] :1:1: Premature end of file.
2025-12-30 20:00:15,191 [ERROR] LogOutputStream:75 - [STDERR_REDIRECT] 
2025-12-30 20:00:16,199 [ERROR] LogOutputStream:75 - [STDERR_REDIRECT] [Fatal Error] :1:1: Premature end of file.
2025-12-30 20:00:16,199 [ERROR] LogOutputStream:75 - [STDERR_REDIRECT] 
2025-12-30 20:00:17,219 [ERROR] LogOutputStream:75 - [STDERR_REDIRECT] [Fatal Error] :1:1: Premature end of file.
2025-12-30 20:00:17,219 [ERROR] LogOutputStream:75 - [STDERR_REDIRECT] 
2025-12-30 20:00:18,255 [ERROR] LogOutputStream:75 - [STDERR_REDIRECT] [Fatal Error] :1:1: Premature end of file.
2025-12-30 20:00:18,255 [ERROR] LogOutputStream:75 - [STDERR_REDIRECT] 
2025-12-30 20:00:19,204 [ERROR] LogOutputStream:75 - [STDERR_REDIRECT] [Fatal Error] :1:1: Premature end of file.
2025-12-30 20:00:19,204 [ERROR] LogOutputStream:75 - [STDERR_REDIRECT] 
2025-12-30 20:00:20,212 [ERROR] LogOutputStream:75 - [STDERR_REDIRECT] [Fatal Error] :1:1: Premature end of file.
2025-12-30 20:00:20,212 [ERROR] LogOutputStream:75 - [STDERR_REDIRECT] 
2025-12-30 20:00:21,205 [ERROR] LogOutputStream:75 - [STDERR_REDIRECT] [Fatal Error] :1:1: Premature end of file.
2025-12-30 20:00:21,205 [ERROR] LogOutputStream:75 - [STDERR_REDIRECT] 
2025-12-30 20:00:22,209 [ERROR] LogOutputStream:75 - [STDERR_REDIRECT] [Fatal Error] :1:1: Premature end of file.
2025-12-30 20:00:22,209 [ERROR] LogOutputStream:75 - [STDERR_REDIRECT] 
2025-12-30 20:00:23,288 [ERROR] LogOutputStream:75 - [STDERR_REDIRECT] [Fatal Error] :1:1: Premature end of file.
2025-12-30 20:00:23,289 [ERROR] LogOutputStream:75 - [STDERR_REDIRECT] 
2025-12-30 20:00:24,216 [ERROR] LogOutputStream:75 - [STDERR_REDIRECT] [Fatal Error] :1:1: Premature end of file.
2025-12-30 20:00:24,217 [ERROR] LogOutputStream:75 - [STDERR_REDIRECT] 
2025-12-30 20:00:25,294 [ERROR] LogOutputStream:75 - [STDERR_REDIRECT] [Fatal Error] :1:1: Premature end of file.
2025-12-30 20:00:25,295 [ERROR] LogOutputStream:75 - [STDERR_REDIRECT] 
2025-12-30 20:00:26,318 [ERROR] LogOutputStream:75 - [STDERR_REDIRECT] [Fatal Error] :1:1: Premature end of file.
2025-12-30 20:00:26,318 [ERROR] LogOutputStream:75 - [STDERR_REDIRECT] 
2025-12-30 20:00:27,233 [ERROR] LogOutputStream:75 - [STDERR_REDIRECT] [Fatal Error] :1:1: Premature end of file.
2025-12-30 20:00:27,233 [ERROR] LogOutputStream:75 - [STDERR_REDIRECT] 
2025-12-30 20:00:28,200 [ERROR] LogOutputStream:75 - [STDERR_REDIRECT] [Fatal Error] :1:1: Premature end of file.
2025-12-30 20:00:28,200 [ERROR] LogOutputStream:75 - [STDERR_REDIRECT] 
2025-12-30 20:00:29,211 [ERROR] LogOutputStream:75 - [STDERR_REDIRECT] [Fatal Error] :1:1: Premature end of file.
2025-12-30 20:00:29,211 [ERROR] LogOutputStream:75 - [STDERR_REDIRECT] 
2025-12-30 20:00:30,286 [ERROR] LogOutputStream:75 - [STDERR_REDIRECT] [Fatal Error] :1:1: Premature end of file.
2025-12-30 20:00:30,287 [ERROR] LogOutputStream:75 - [STDERR_REDIRECT] 
2025-12-30 20:00:31,308 [ERROR] LogOutputStream:75 - [STDERR_REDIRECT] [Fatal Error] :1:1: Premature end of file.
2025-12-30 20:00:31,308 [ERROR] LogOutputStream:75 - [STDERR_REDIRECT] 
2025-12-30 20:00:32,294 [ERROR] LogOutputStream:75 - [STDERR_REDIRECT] [Fatal Error] :1:1: Premature end of file.
2025-12-30 20:00:32,294 [ERROR] LogOutputStream:75 - [STDERR_REDIRECT] 
2025-12-30 20:00:33,238 [ERROR] LogOutputStream:75 - [STDERR_REDIRECT] [Fatal Error] :1:1: Premature end of file.
2025-12-30 20:00:33,238 [ERROR] LogOutputStream:75 - [STDERR_REDIRECT] 
2025-12-30 20:00:34,311 [ERROR] LogOutputStream:75 - [STDERR_REDIRECT] [Fatal Error] :1:1: Premature end of file.
2025-12-30 20:00:34,311 [ERROR] LogOutputStream:75 - [STDERR_REDIRECT] 
2025-12-30 20:00:35,198 [ERROR] LogOutputStream:75 - [STDERR_REDIRECT] [Fatal Error] :1:1: Premature end of file.
2025-12-30 20:00:35,198 [ERROR] LogOutputStream:75 - [STDERR_REDIRECT] 
2025-12-30 20:00:36,282 [ERROR] LogOutputStream:75 - [STDERR_REDIRECT] [Fatal Error] :1:1: Premature end of file.
2025-12-30 20:00:36,282 [ERROR] LogOutputStream:75 - [STDERR_REDIRECT] 
2025-12-30 20:00:37,220 [ERROR] LogOutputStream:75 - [STDERR_REDIRECT] [Fatal Error] :1:1: Premature end of file.
2025-12-30 20:00:37,220 [ERROR] LogOutputStream:75 - [STDERR_REDIRECT] 
2025-12-30 20:00:38,318 [ERROR] LogOutputStream:75 - [STDERR_REDIRECT] [Fatal Error] :1:1: Premature end of file.
2025-12-30 20:00:38,318 [ERROR] LogOutputStream:75 - [STDERR_REDIRECT] 
2025-12-30 20:00:39,226 [ERROR] LogOutputStream:75 - [STDERR_REDIRECT] [Fatal Error] :1:1: Premature end of file.
2025-12-30 20:00:39,226 [ERROR] LogOutputStream:75 - [STDERR_REDIRECT] 
2025-12-30 20:00:40,290 [ERROR] LogOutputStream:75 - [STDERR_REDIRECT] [Fatal Error] :1:1: Premature end of file.
2025-12-30 20:00:40,290 [ERROR] LogOutputStream:75 - [STDERR_REDIRECT] 
2025-12-30 20:00:41,233 [ERROR] LogOutputStream:75 - [STDERR_REDIRECT] [Fatal Error] :1:1: Premature end of file.
2025-12-30 20:00:41,233 [ERROR] LogOutputStream:75 - [STDERR_REDIRECT] 
2025-12-30 20:00:42,318 [ERROR] LogOutputStream:75 - [STDERR_REDIRECT] [Fatal Error] :1:1: Premature end of file.
2025-12-30 20:00:42,319 [ERROR] LogOutputStream:75 - [STDERR_REDIRECT] 
2025-12-30 20:00:43,223 [ERROR] LogOutputStream:75 - [STDERR_REDIRECT] [Fatal Error] :1:1: Premature end of file.
2025-12-30 20:00:43,225 [ERROR] LogOutputStream:75 - [STDERR_REDIRECT] 
2025-12-30 20:00:44,250 [ERROR] LogOutputStream:75 - [STDERR_REDIRECT] [Fatal Error] :1:1: Premature end of file.
2025-12-30 20:00:44,251 [ERROR] LogOutputStream:75 - [STDERR_REDIRECT] 
2025-12-30 20:00:45,298 [ERROR] LogOutputStream:75 - [STDERR_REDIRECT] [Fatal Error] :1:1: Premature end of file.
2025-12-30 20:00:45,298 [ERROR] LogOutputStream:75 - [STDERR_REDIRECT] 
2025-12-30 20:00:46,244 [ERROR] LogOutputStream:75 - [STDERR_REDIRECT] [Fatal Error] :1:1: Premature end of file.
2025-12-30 20:00:46,245 [ERROR] LogOutputStream:75 - [STDERR_REDIRECT] 
2025-12-30 20:00:47,301 [ERROR] LogOutputStream:75 - [STDERR_REDIRECT] [Fatal Error] :1:1: Premature end of file.
2025-12-30 20:00:47,301 [ERROR] LogOutputStream:75 - [STDERR_REDIRECT] 
2025-12-30 20:00:48,289 [ERROR] LogOutputStream:75 - [STDERR_REDIRECT] [Fatal Error] :1:1: Premature end of file.
2025-12-30 20:00:48,289 [ERROR] LogOutputStream:75 - [STDERR_REDIRECT] 
2025-12-30 20:00:49,191 [ERROR] LogOutputStream:75 - [STDERR_REDIRECT] [Fatal Error] :1:1: Premature end of file.
2025-12-30 20:00:49,192 [ERROR] LogOutputStream:75 - [STDERR_REDIRECT] 
2025-12-30 20:00:50,243 [ERROR] LogOutputStream:75 - [STDERR_REDIRECT] [Fatal Error] :1:1: Premature end of file.
2025-12-30 20:00:50,243 [ERROR] LogOutputStream:75 - [STDERR_REDIRECT] 
2025-12-30 20:00:51,199 [ERROR] LogOutputStream:75 - [STDERR_REDIRECT] [Fatal Error] :1:1: Premature end of file.
2025-12-30 20:00:51,199 [ERROR] LogOutputStream:75 - [STDERR_REDIRECT] 
2025-12-30 20:00:52,188 [ERROR] LogOutputStream:75 - [STDERR_REDIRECT] [Fatal Error] :1:1: Premature end of file.
2025-12-30 20:00:52,189 [ERROR] LogOutputStream:75 - [STDERR_REDIRECT] 
2025-12-30 20:00:53,185 [ERROR] LogOutputStream:75 - [STDERR_REDIRECT] [Fatal Error] :1:1: Premature end of file.
2025-12-30 20:00:53,185 [ERROR] LogOutputStream:75 - [STDERR_REDIRECT] 
2025-12-30 20:00:54,271 [ERROR] LogOutputStream:75 - [STDERR_REDIRECT] [Fatal Error] :1:1: Premature end of file.
2025-12-30 20:00:54,271 [ERROR] LogOutputStream:75 - [STDERR_REDIRECT] 
2025-12-30 20:00:55,186 [ERROR] LogOutputStream:75 - [STDERR_REDIRECT] [Fatal Error] :1:1: Premature end of file.
2025-12-30 20:00:55,186 [ERROR] LogOutputStream:75 - [STDERR_REDIRECT] 
2025-12-30 20:00:56,282 [ERROR] LogOutputStream:75 - [STDERR_REDIRECT] [Fatal Error] :1:1: Premature end of file.
2025-12-30 20:00:56,282 [ERROR] LogOutputStream:75 - [STDERR_REDIRECT] 
2025-12-30 20:00:57,189 [ERROR] LogOutputStream:75 - [STDERR_REDIRECT] [Fatal Error] :1:1: Premature end of file.
2025-12-30 20:00:57,189 [ERROR] LogOutputStream:75 - [STDERR_REDIRECT] 
2025-12-30 20:00:58,282 [ERROR] LogOutputStream:75 - [STDERR_REDIRECT] [Fatal Error] :1:1: Premature end of file.
2025-12-30 20:00:58,283 [ERROR] LogOutputStream:75 - [STDERR_REDIRECT] 
2025-12-30 20:00:59,266 [ERROR] LogOutputStream:75 - [STDERR_REDIRECT] [Fatal Error] :1:1: Premature end of file.
2025-12-30 20:00:59,267 [ERROR] LogOutputStream:75 - [STDERR_REDIRECT] 
2025-12-30 20:01:00,188 [ERROR] LogOutputStream:75 - [STDERR_REDIRECT] [Fatal Error] :1:1: Premature end of file.
2025-12-30 20:01:00,188 [ERROR] LogOutputStream:75 - [STDERR_REDIRECT] 
2025-12-30 20:01:01,190 [ERROR] LogOutputStream:75 - [STDERR_REDIRECT] [Fatal Error] :1:1: Premature end of file.
2025-12-30 20:01:01,191 [ERROR] LogOutputStream:75 - [STDERR_REDIRECT] 
2025-12-30 20:01:02,189 [ERROR] LogOutputStream:75 - [STDERR_REDIRECT] [Fatal Error] :1:1: Premature end of file.
2025-12-30 20:01:02,189 [ERROR] LogOutputStream:75 - [STDERR_REDIRECT] 
2025-12-30 20:01:03,184 [ERROR] LogOutputStream:75 - [STDERR_REDIRECT] [Fatal Error] :1:1: Premature end of file.
2025-12-30 20:01:03,184 [ERROR] LogOutputStream:75 - [STDERR_REDIRECT] 
2025-12-30 20:01:04,308 [ERROR] LogOutputStream:75 - [STDERR_REDIRECT] [Fatal Error] :1:1: Premature end of file.
2025-12-30 20:01:04,309 [ERROR] LogOutputStream:75 - [STDERR_REDIRECT] 
2025-12-30 20:01:05,278 [ERROR] LogOutputStream:75 - [STDERR_REDIRECT] [Fatal Error] :1:1: Premature end of file.
2025-12-30 20:01:05,278 [ERROR] LogOutputStream:75 - [STDERR_REDIRECT] 
2025-12-30 20:01:06,307 [ERROR] LogOutputStream:75 - [STDERR_REDIRECT] [Fatal Error] :1:1: Premature end of file.
2025-12-30 20:01:06,307 [ERROR] LogOutputStream:75 - [STDERR_REDIRECT] 
2025-12-30 20:01:07,201 [ERROR] LogOutputStream:75 - [STDERR_REDIRECT] [Fatal Error] :1:1: Premature end of file.
2025-12-30 20:01:07,201 [ERROR] LogOutputStream:75 - [STDERR_REDIRECT] 
2025-12-30 20:01:08,235 [ERROR] LogOutputStream:75 - [STDERR_REDIRECT] [Fatal Error] :1:1: Premature end of file.
2025-12-30 20:01:08,235 [ERROR] LogOutputStream:75 - [STDERR_REDIRECT] 
2025-12-30 20:01:09,218 [ERROR] LogOutputStream:75 - [STDERR_REDIRECT] [Fatal Error] :1:1: Premature end of file.
2025-12-30 20:01:09,219 [ERROR] LogOutputStream:75 - [STDERR_REDIRECT] 
2025-12-30 20:01:10,315 [ERROR] LogOutputStream:75 - [STDERR_REDIRECT] [Fatal Error] :1:1: Premature end of file.
2025-12-30 20:01:10,316 [ERROR] LogOutputStream:75 - [STDERR_REDIRECT] 
2025-12-30 20:01:11,258 [ERROR] LogOutputStream:75 - [STDERR_REDIRECT] [Fatal Error] :1:1: Premature end of file.
2025-12-30 20:01:11,258 [ERROR] LogOutputStream:75 - [STDERR_REDIRECT] 
2025-12-30 20:01:12,224 [ERROR] LogOutputStream:75 - [STDERR_REDIRECT] [Fatal Error] :1:1: Premature end of file.
2025-12-30 20:01:12,225 [ERROR] LogOutputStream:75 - [STDERR_REDIRECT] 
2025-12-30 20:01:13,290 [ERROR] LogOutputStream:75 - [STDERR_REDIRECT] [Fatal Error] :1:1: Premature end of file.
2025-12-30 20:01:13,291 [ERROR] LogOutputStream:75 - [STDERR_REDIRECT] 
2025-12-30 20:01:14,289 [ERROR] LogOutputStream:75 - [STDERR_REDIRECT] [Fatal Error] :1:1: Premature end of file.
2025-12-30 20:01:14,290 [ERROR] LogOutputStream:75 - [STDERR_REDIRECT] 
2025-12-30 20:01:15,287 [ERROR] LogOutputStream:75 - [STDERR_REDIRECT] [Fatal Error] :1:1: Premature end of file.
2025-12-30 20:01:15,287 [ERROR] LogOutputStream:75 - [STDERR_REDIRECT] 
2025-12-30 20:01:16,199 [ERROR] LogOutputStream:75 - [STDERR_REDIRECT] [Fatal Error] :1:1: Premature end of file.
2025-12-30 20:01:16,199 [ERROR] LogOutputStream:75 - [STDERR_REDIRECT] 
2025-12-30 20:01:17,219 [ERROR] LogOutputStream:75 - [STDERR_REDIRECT] [Fatal Error] :1:1: Premature end of file.
2025-12-30 20:01:17,220 [ERROR] LogOutputStream:75 - [STDERR_REDIRECT] 
2025-12-30 20:01:18,212 [ERROR] LogOutputStream:75 - [STDERR_REDIRECT] [Fatal Error] :1:1: Premature end of file.
2025-12-30 20:01:18,213 [ERROR] LogOutputStream:75 - [STDERR_REDIRECT] 
2025-12-30 20:01:19,196 [ERROR] LogOutputStream:75 - [STDERR_REDIRECT] [Fatal Error] :1:1: Premature end of file.
2025-12-30 20:01:19,196 [ERROR] LogOutputStream:75 - [STDERR_REDIRECT] 
2025-12-30 20:01:20,288 [ERROR] LogOutputStream:75 - [STDERR_REDIRECT] [Fatal Error] :1:1: Premature end of file.
2025-12-30 20:01:20,288 [ERROR] LogOutputStream:75 - [STDERR_REDIRECT] 
2025-12-30 20:01:21,193 [ERROR] LogOutputStream:75 - [STDERR_REDIRECT] [Fatal Error] :1:1: Premature end of file.
2025-12-30 20:01:21,193 [ERROR] LogOutputStream:75 - [STDERR_REDIRECT] 
2025-12-30 20:01:22,286 [ERROR] LogOutputStream:75 - [STDERR_REDIRECT] [Fatal Error] :1:1: Premature end of file.
2025-12-30 20:01:22,286 [ERROR] LogOutputStream:75 - [STDERR_REDIRECT] 
2025-12-30 20:01:23,198 [ERROR] LogOutputStream:75 - [STDERR_REDIRECT] [Fatal Error] :1:1: Premature end of file.
2025-12-30 20:01:23,199 [ERROR] LogOutputStream:75 - [STDERR_REDIRECT] 
2025-12-30 20:01:24,294 [ERROR] LogOutputStream:75 - [STDERR_REDIRECT] [Fatal Error] :1:1: Premature end of file.
2025-12-30 20:01:24,295 [ERROR] LogOutputStream:75 - [STDERR_REDIRECT] 
2025-12-30 20:01:25,283 [ERROR] LogOutputStream:75 - [STDERR_REDIRECT] [Fatal Error] :1:1: Premature end of file.
2025-12-30 20:01:25,284 [ERROR] LogOutputStream:75 - [STDERR_REDIRECT] 
2025-12-30 20:01:26,274 [ERROR] LogOutputStream:75 - [STDERR_REDIRECT] [Fatal Error] :1:1: Premature end of file.
2025-12-30 20:01:26,274 [ERROR] LogOutputStream:75 - [STDERR_REDIRECT] 
2025-12-30 20:01:27,273 [ERROR] LogOutputStream:75 - [STDERR_REDIRECT] [Fatal Error] :1:1: Premature end of file.
2025-12-30 20:01:27,274 [ERROR] LogOutputStream:75 - [STDERR_REDIRECT] 
2025-12-30 20:01:28,281 [ERROR] LogOutputStream:75 - [STDERR_REDIRECT] [Fatal Error] :1:1: Premature end of file.
2025-12-30 20:01:28,282 [ERROR] LogOutputStream:75 - [STDERR_REDIRECT] 
2025-12-30 20:01:29,316 [ERROR] LogOutputStream:75 - [STDERR_REDIRECT] [Fatal Error] :1:1: Premature end of file.
2025-12-30 20:01:29,316 [ERROR] LogOutputStream:75 - [STDERR_REDIRECT] 
2025-12-30 20:01:30,282 [ERROR] LogOutputStream:75 - [STDERR_REDIRECT] [Fatal Error] :1:1: Premature end of file.
2025-12-30 20:01:30,283 [ERROR] LogOutputStream:75 - [STDERR_REDIRECT] 
2025-12-30 20:01:31,186 [ERROR] LogOutputStream:75 - [STDERR_REDIRECT] [Fatal Error] :1:1: Premature end of file.
2025-12-30 20:01:31,186 [ERROR] LogOutputStream:75 - [STDERR_REDIRECT] 
2025-12-30 20:01:32,289 [ERROR] LogOutputStream:75 - [STDERR_REDIRECT] [Fatal Error] :1:1: Premature end of file.
2025-12-30 20:01:32,290 [ERROR] LogOutputStream:75 - [STDERR_REDIRECT] 
2025-12-30 20:01:33,252 [ERROR] LogOutputStream:75 - [STDERR_REDIRECT] [Fatal Error] :1:1: Premature end of file.
2025-12-30 20:01:33,253 [ERROR] LogOutputStream:75 - [STDERR_REDIRECT] 
2025-12-30 20:01:34,292 [ERROR] LogOutputStream:75 - [STDERR_REDIRECT] [Fatal Error] :1:1: Premature end of file.
2025-12-30 20:01:34,292 [ERROR] LogOutputStream:75 - [STDERR_REDIRECT] 
2025-12-30 20:01:35,288 [ERROR] LogOutputStream:75 - [STDERR_REDIRECT] [Fatal Error] :1:1: Premature end of file.
2025-12-30 20:01:35,288 [ERROR] LogOutputStream:75 - [STDERR_REDIRECT] 
2025-12-30 20:01:36,285 [ERROR] LogOutputStream:75 - [STDERR_REDIRECT] [Fatal Error] :1:1: Premature end of file.
2025-12-30 20:01:36,285 [ERROR] LogOutputStream:75 - [STDERR_REDIRECT] 
2025-12-30 20:01:37,187 [ERROR] LogOutputStream:75 - [STDERR_REDIRECT] [Fatal Error] :1:1: Premature end of file.
2025-12-30 20:01:37,188 [ERROR] LogOutputStream:75 - [STDERR_REDIRECT] 
2025-12-30 20:01:38,195 [ERROR] LogOutputStream:75 - [STDERR_REDIRECT] [Fatal Error] :1:1: Premature end of file.
2025-12-30 20:01:38,195 [ERROR] LogOutputStream:75 - [STDERR_REDIRECT] 
2025-12-30 20:01:39,190 [ERROR] LogOutputStream:75 - [STDERR_REDIRECT] [Fatal Error] :1:1: Premature end of file.
2025-12-30 20:01:39,190 [ERROR] LogOutputStream:75 - [STDERR_REDIRECT] 
2025-12-30 20:01:40,186 [ERROR] LogOutputStream:75 - [STDERR_REDIRECT] [Fatal Error] :1:1: Premature end of file.
2025-12-30 20:01:40,186 [ERROR] LogOutputStream:75 - [STDERR_REDIRECT] 
2025-12-30 20:01:41,288 [ERROR] LogOutputStream:75 - [STDERR_REDIRECT] [Fatal Error] :1:1: Premature end of file.
2025-12-30 20:01:41,289 [ERROR] LogOutputStream:75 - [STDERR_REDIRECT] 
2025-12-30 20:01:42,192 [ERROR] LogOutputStream:75 - [STDERR_REDIRECT] [Fatal Error] :1:1: Premature end of file.
2025-12-30 20:01:42,193 [ERROR] LogOutputStream:75 - [STDERR_REDIRECT] 
2025-12-30 20:01:43,199 [ERROR] LogOutputStream:75 - [STDERR_REDIRECT] [Fatal Error] :1:1: Premature end of file.
2025-12-30 20:01:43,199 [ERROR] LogOutputStream:75 - [STDERR_REDIRECT] 
2025-12-30 20:01:44,242 [ERROR] LogOutputStream:75 - [STDERR_REDIRECT] [Fatal Error] :1:1: Premature end of file.
2025-12-30 20:01:44,242 [ERROR] LogOutputStream:75 - [STDERR_REDIRECT] 
2025-12-30 20:01:45,217 [ERROR] LogOutputStream:75 - [STDERR_REDIRECT] [Fatal Error] :1:1: Premature end of file.
2025-12-30 20:01:45,218 [ERROR] LogOutputStream:75 - [STDERR_REDIRECT] 
2025-12-30 20:01:46,195 [ERROR] LogOutputStream:75 - [STDERR_REDIRECT] [Fatal Error] :1:1: Premature end of file.
2025-12-30 20:01:46,195 [ERROR] LogOutputStream:75 - [STDERR_REDIRECT] 
2025-12-30 20:01:47,303 [ERROR] LogOutputStream:75 - [STDERR_REDIRECT] [Fatal Error] :1:1: Premature end of file.
2025-12-30 20:01:47,304 [ERROR] LogOutputStream:75 - [STDERR_REDIRECT] 
2025-12-30 20:01:48,209 [ERROR] LogOutputStream:75 - [STDERR_REDIRECT] [Fatal Error] :1:1: Premature end of file.
2025-12-30 20:01:48,209 [ERROR] LogOutputStream:75 - [STDERR_REDIRECT] 
2025-12-30 20:01:49,287 [ERROR] LogOutputStream:75 - [STDERR_REDIRECT] [Fatal Error] :1:1: Premature end of file.
2025-12-30 20:01:49,288 [ERROR] LogOutputStream:75 - [STDERR_REDIRECT] 
2025-12-30 20:01:50,284 [ERROR] LogOutputStream:75 - [STDERR_REDIRECT] [Fatal Error] :1:1: Premature end of file.
2025-12-30 20:01:50,285 [ERROR] LogOutputStream:75 - [STDERR_REDIRECT] 
2025-12-30 20:01:51,285 [ERROR] LogOutputStream:75 - [STDERR_REDIRECT] [Fatal Error] :1:1: Premature end of file.
2025-12-30 20:01:51,286 [ERROR] LogOutputStream:75 - [STDERR_REDIRECT] 
2025-12-30 20:01:52,302 [ERROR] LogOutputStream:75 - [STDERR_REDIRECT] [Fatal Error] :1:1: Premature end of file.
2025-12-30 20:01:52,302 [ERROR] LogOutputStream:75 - [STDERR_REDIRECT] 
2025-12-30 20:01:53,190 [ERROR] LogOutputStream:75 - [STDERR_REDIRECT] [Fatal Error] :1:1: Premature end of file.
2025-12-30 20:01:53,190 [ERROR] LogOutputStream:75 - [STDERR_REDIRECT] 
2025-12-30 20:01:54,208 [ERROR] LogOutputStream:75 - [STDERR_REDIRECT] [Fatal Error] :1:1: Premature end of file.
2025-12-30 20:01:54,208 [ERROR] LogOutputStream:75 - [STDERR_REDIRECT] 
2025-12-30 20:01:55,214 [ERROR] LogOutputStream:75 - [STDERR_REDIRECT] [Fatal Error] :1:1: Premature end of file.
2025-12-30 20:01:55,215 [ERROR] LogOutputStream:75 - [STDERR_REDIRECT] 
2025-12-30 20:01:56,203 [ERROR] LogOutputStream:75 - [STDERR_REDIRECT] [Fatal Error] :1:1: Premature end of file.
2025-12-30 20:01:56,203 [ERROR] LogOutputStream:75 - [STDERR_REDIRECT] 
2025-12-30 20:01:57,205 [ERROR] LogOutputStream:75 - [STDERR_REDIRECT] [Fatal Error] :1:1: Premature end of file.
2025-12-30 20:01:57,205 [ERROR] LogOutputStream:75 - [STDERR_REDIRECT] 
2025-12-30 20:01:58,214 [ERROR] LogOutputStream:75 - [STDERR_REDIRECT] [Fatal Error] :1:1: Premature end of file.
2025-12-30 20:01:58,215 [ERROR] LogOutputStream:75 - [STDERR_REDIRECT] 
2025-12-30 20:01:59,209 [ERROR] LogOutputStream:75 - [STDERR_REDIRECT] [Fatal Error] :1:1: Premature end of file.
2025-12-30 20:01:59,209 [ERROR] LogOutputStream:75 - [STDERR_REDIRECT] 
2025-12-30 20:02:00,249 [ERROR] LogOutputStream:75 - [STDERR_REDIRECT] [Fatal Error] :1:1: Premature end of file.
2025-12-30 20:02:00,250 [ERROR] LogOutputStream:75 - [STDERR_REDIRECT] 
2025-12-30 20:02:01,322 [ERROR] LogOutputStream:75 - [STDERR_REDIRECT] [Fatal Error] :1:1: Premature end of file.
2025-12-30 20:02:01,322 [ERROR] LogOutputStream:75 - [STDERR_REDIRECT] 
2025-12-30 20:02:02,287 [ERROR] LogOutputStream:75 - [STDERR_REDIRECT] [Fatal Error] :1:1: Premature end of file.
2025-12-30 20:02:02,288 [ERROR] LogOutputStream:75 - [STDERR_REDIRECT] 
2025-12-30 20:02:03,190 [ERROR] LogOutputStream:75 - [STDERR_REDIRECT] [Fatal Error] :1:1: Premature end of file.
2025-12-30 20:02:03,190 [ERROR] LogOutputStream:75 - [STDERR_REDIRECT] 
2025-12-30 20:02:04,284 [ERROR] LogOutputStream:75 - [STDERR_REDIRECT] [Fatal Error] :1:1: Premature end of file.
2025-12-30 20:02:04,284 [ERROR] LogOutputStream:75 - [STDERR_REDIRECT] 
2025-12-30 20:02:05,291 [ERROR] LogOutputStream:75 - [STDERR_REDIRECT] [Fatal Error] :1:1: Premature end of file.
2025-12-30 20:02:05,292 [ERROR] LogOutputStream:75 - [STDERR_REDIRECT] 
2025-12-30 20:02:06,188 [ERROR] LogOutputStream:75 - [STDERR_REDIRECT] [Fatal Error] :1:1: Premature end of file.
2025-12-30 20:02:06,189 [ERROR] LogOutputStream:75 - [STDERR_REDIRECT] 
2025-12-30 20:02:07,184 [ERROR] LogOutputStream:75 - [STDERR_REDIRECT] [Fatal Error] :1:1: Premature end of file.
2025-12-30 20:02:07,184 [ERROR] LogOutputStream:75 - [STDERR_REDIRECT] 
2025-12-30 20:02:08,235 [ERROR] LogOutputStream:75 - [STDERR_REDIRECT] [Fatal Error] :1:1: Premature end of file.
2025-12-30 20:02:08,235 [ERROR] LogOutputStream:75 - [STDERR_REDIRECT] 
2025-12-30 20:02:09,302 [ERROR] LogOutputStream:75 - [STDERR_REDIRECT] [Fatal Error] :1:1: Premature end of file.
2025-12-30 20:02:09,302 [ERROR] LogOutputStream:75 - [STDERR_REDIRECT] 
2025-12-30 20:02:10,187 [ERROR] LogOutputStream:75 - [STDERR_REDIRECT] [Fatal Error] :1:1: Premature end of file.
2025-12-30 20:02:10,187 [ERROR] LogOutputStream:75 - [STDERR_REDIRECT] 
2025-12-30 20:02:11,239 [ERROR] LogOutputStream:75 - [STDERR_REDIRECT] [Fatal Error] :1:1: Premature end of file.
2025-12-30 20:02:11,239 [ERROR] LogOutputStream:75 - [STDERR_REDIRECT] 
2025-12-30 20:02:12,293 [ERROR] LogOutputStream:75 - [STDERR_REDIRECT] [Fatal Error] :1:1: Premature end of file.
2025-12-30 20:02:12,294 [ERROR] LogOutputStream:75 - [STDERR_REDIRECT] 
2025-12-30 20:02:13,281 [ERROR] LogOutputStream:75 - [STDERR_REDIRECT] [Fatal Error] :1:1: Premature end of file.
2025-12-30 20:02:13,282 [ERROR] LogOutputStream:75 - [STDERR_REDIRECT] 
2025-12-30 20:02:14,272 [ERROR] LogOutputStream:75 - [STDERR_REDIRECT] [Fatal Error] :1:1: Premature end of file.
2025-12-30 20:02:14,272 [ERROR] LogOutputStream:75 - [STDERR_REDIRECT] 
2025-12-30 20:02:15,269 [ERROR] LogOutputStream:75 - [STDERR_REDIRECT] [Fatal Error] :1:1: Premature end of file.
2025-12-30 20:02:15,270 [ERROR] LogOutputStream:75 - [STDERR_REDIRECT] 
2025-12-30 20:02:16,262 [ERROR] LogOutputStream:75 - [STDERR_REDIRECT] [Fatal Error] :1:1: Premature end of file.
2025-12-30 20:02:16,262 [ERROR] LogOutputStream:75 - [STDERR_REDIRECT] 
2025-12-30 20:02:17,270 [ERROR] LogOutputStream:75 - [STDERR_REDIRECT] [Fatal Error] :1:1: Premature end of file.
2025-12-30 20:02:17,271 [ERROR] LogOutputStream:75 - [STDERR_REDIRECT] 
2025-12-30 20:02:18,249 [ERROR] LogOutputStream:75 - [STDERR_REDIRECT] [Fatal Error] :1:1: Premature end of file.
2025-12-30 20:02:18,249 [ERROR] LogOutputStream:75 - [STDERR_REDIRECT] 
2025-12-30 20:02:19,195 [ERROR] LogOutputStream:75 - [STDERR_REDIRECT] [Fatal Error] :1:1: Premature end of file.
2025-12-30 20:02:19,195 [ERROR] LogOutputStream:75 - [STDERR_REDIRECT] 
2025-12-30 20:02:20,192 [ERROR] LogOutputStream:75 - [STDERR_REDIRECT] [Fatal Error] :1:1: Premature end of file.
2025-12-30 20:02:20,192 [ERROR] LogOutputStream:75 - [STDERR_REDIRECT] 
2025-12-30 20:02:21,292 [ERROR] LogOutputStream:75 - [STDERR_REDIRECT] [Fatal Error] :1:1: Premature end of file.
2025-12-30 20:02:21,292 [ERROR] LogOutputStream:75 - [STDERR_REDIRECT] 
2025-12-30 20:02:22,270 [ERROR] LogOutputStream:75 - [STDERR_REDIRECT] [Fatal Error] :1:1: Premature end of file.
2025-12-30 20:02:22,271 [ERROR] LogOutputStream:75 - [STDERR_REDIRECT] 
2025-12-30 20:02:23,198 [ERROR] LogOutputStream:75 - [STDERR_REDIRECT] [Fatal Error] :1:1: Premature end of file.
2025-12-30 20:02:23,198 [ERROR] LogOutputStream:75 - [STDERR_REDIRECT] 
2025-12-30 20:02:24,206 [ERROR] LogOutputStream:75 - [STDERR_REDIRECT] [Fatal Error] :1:1: Premature end of file.
2025-12-30 20:02:24,206 [ERROR] LogOutputStream:75 - [STDERR_REDIRECT] 
2025-12-30 20:02:25,317 [ERROR] LogOutputStream:75 - [STDERR_REDIRECT] [Fatal Error] :1:1: Premature end of file.
2025-12-30 20:02:25,317 [ERROR] LogOutputStream:75 - [STDERR_REDIRECT] 
2025-12-30 20:02:26,304 [ERROR] LogOutputStream:75 - [STDERR_REDIRECT] [Fatal Error] :1:1: Premature end of file.
2025-12-30 20:02:26,306 [ERROR] LogOutputStream:75 - [STDERR_REDIRECT] 
2025-12-30 20:02:27,212 [ERROR] LogOutputStream:75 - [STDERR_REDIRECT] [Fatal Error] :1:1: Premature end of file.
2025-12-30 20:02:27,213 [ERROR] LogOutputStream:75 - [STDERR_REDIRECT] 
2025-12-30 20:02:28,294 [ERROR] LogOutputStream:75 - [STDERR_REDIRECT] [Fatal Error] :1:1: Premature end of file.
2025-12-30 20:02:28,294 [ERROR] LogOutputStream:75 - [STDERR_REDIRECT] 
2025-12-30 20:02:29,229 [ERROR] LogOutputStream:75 - [STDERR_REDIRECT] [Fatal Error] :1:1: Premature end of file.
2025-12-30 20:02:29,230 [ERROR] LogOutputStream:75 - [STDERR_REDIRECT] 
2025-12-30 20:02:30,269 [ERROR] LogOutputStream:75 - [STDERR_REDIRECT] [Fatal Error] :1:1: Premature end of file.
2025-12-30 20:02:30,269 [ERROR] LogOutputStream:75 - [STDERR_REDIRECT] 
2025-12-30 20:02:31,182 [ERROR] LogOutputStream:75 - [STDERR_REDIRECT] [Fatal Error] :1:1: Premature end of file.
2025-12-30 20:02:31,182 [ERROR] LogOutputStream:75 - [STDERR_REDIRECT] 
2025-12-30 20:02:32,179 [ERROR] LogOutputStream:75 - [STDERR_REDIRECT] [Fatal Error] :1:1: Premature end of file.
2025-12-30 20:02:32,180 [ERROR] LogOutputStream:75 - [STDERR_REDIRECT] 
2025-12-30 20:02:33,190 [ERROR] LogOutputStream:75 - [STDERR_REDIRECT] [Fatal Error] :1:1: Premature end of file.
2025-12-30 20:02:33,190 [ERROR] LogOutputStream:75 - [STDERR_REDIRECT] 
2025-12-30 20:02:34,177 [ERROR] LogOutputStream:75 - [STDERR_REDIRECT] [Fatal Error] :1:1: Premature end of file.
2025-12-30 20:02:34,177 [ERROR] LogOutputStream:75 - [STDERR_REDIRECT] 
2025-12-30 20:02:35,175 [ERROR] LogOutputStream:75 - [STDERR_REDIRECT] [Fatal Error] :1:1: Premature end of file.
2025-12-30 20:02:35,176 [ERROR] LogOutputStream:75 - [STDERR_REDIRECT] 
2025-12-30 20:02:36,198 [ERROR] LogOutputStream:75 - [STDERR_REDIRECT] [Fatal Error] :1:1: Premature end of file.
2025-12-30 20:02:36,199 [ERROR] LogOutputStream:75 - [STDERR_REDIRECT] 
2025-12-30 20:02:37,307 [ERROR] LogOutputStream:75 - [STDERR_REDIRECT] [Fatal Error] :1:1: Premature end of file.
2025-12-30 20:02:37,307 [ERROR] LogOutputStream:75 - [STDERR_REDIRECT] 
2025-12-30 20:02:38,206 [ERROR] LogOutputStream:75 - [STDERR_REDIRECT] [Fatal Error] :1:1: Premature end of file.
2025-12-30 20:02:38,206 [ERROR] LogOutputStream:75 - [STDERR_REDIRECT] 
2025-12-30 20:02:39,285 [ERROR] LogOutputStream:75 - [STDERR_REDIRECT] [Fatal Error] :1:1: Premature end of file.
2025-12-30 20:02:39,286 [ERROR] LogOutputStream:75 - [STDERR_REDIRECT] 
2025-12-30 20:02:40,225 [ERROR] LogOutputStream:75 - [STDERR_REDIRECT] [Fatal Error] :1:1: Premature end of file.
2025-12-30 20:02:40,225 [ERROR] LogOutputStream:75 - [STDERR_REDIRECT] 
2025-12-30 20:02:41,316 [ERROR] LogOutputStream:75 - [STDERR_REDIRECT] [Fatal Error] :1:1: Premature end of file.
2025-12-30 20:02:41,316 [ERROR] LogOutputStream:75 - [STDERR_REDIRECT] 
2025-12-30 20:02:42,221 [ERROR] LogOutputStream:75 - [STDERR_REDIRECT] [Fatal Error] :1:1: Premature end of file.
2025-12-30 20:02:42,222 [ERROR] LogOutputStream:75 - [STDERR_REDIRECT] 
2025-12-30 20:02:43,293 [ERROR] LogOutputStream:75 - [STDERR_REDIRECT] [Fatal Error] :1:1: Premature end of file.
2025-12-30 20:02:43,294 [ERROR] LogOutputStream:75 - [STDERR_REDIRECT] 
2025-12-30 20:02:44,228 [ERROR] LogOutputStream:75 - [STDERR_REDIRECT] [Fatal Error] :1:1: Premature end of file.
2025-12-30 20:02:44,229 [ERROR] LogOutputStream:75 - [STDERR_REDIRECT] 
2025-12-30 20:02:45,196 [ERROR] LogOutputStream:75 - [STDERR_REDIRECT] [Fatal Error] :1:1: Premature end of file.
2025-12-30 20:02:45,196 [ERROR] LogOutputStream:75 - [STDERR_REDIRECT] 
2025-12-30 20:02:46,196 [ERROR] LogOutputStream:75 - [STDERR_REDIRECT] [Fatal Error] :1:1: Premature end of file.
2025-12-30 20:02:46,196 [ERROR] LogOutputStream:75 - [STDERR_REDIRECT] 
2025-12-30 20:02:47,201 [ERROR] LogOutputStream:75 - [STDERR_REDIRECT] [Fatal Error] :1:1: Premature end of file.
2025-12-30 20:02:47,201 [ERROR] LogOutputStream:75 - [STDERR_REDIRECT] 
2025-12-30 20:02:48,187 [ERROR] LogOutputStream:75 - [STDERR_REDIRECT] [Fatal Error] :1:1: Premature end of file.
2025-12-30 20:02:48,187 [ERROR] LogOutputStream:75 - [STDERR_REDIRECT] 
2025-12-30 20:02:49,187 [ERROR] LogOutputStream:75 - [STDERR_REDIRECT] [Fatal Error] :1:1: Premature end of file.
2025-12-30 20:02:49,187 [ERROR] LogOutputStream:75 - [STDERR_REDIRECT] 
2025-12-30 20:02:50,327 [ERROR] LogOutputStream:75 - [STDERR_REDIRECT] [Fatal Error] :1:1: Premature end of file.
2025-12-30 20:02:50,328 [ERROR] LogOutputStream:75 - [STDERR_REDIRECT] 
2025-12-30 20:02:51,294 [ERROR] LogOutputStream:75 - [STDERR_REDIRECT] [Fatal Error] :1:1: Premature end of file.
2025-12-30 20:02:51,295 [ERROR] LogOutputStream:75 - [STDERR_REDIRECT] 
2025-12-30 20:02:52,291 [ERROR] LogOutputStream:75 - [STDERR_REDIRECT] [Fatal Error] :1:1: Premature end of file.
2025-12-30 20:02:52,291 [ERROR] LogOutputStream:75 - [STDERR_REDIRECT] 
2025-12-30 20:02:53,301 [ERROR] LogOutputStream:75 - [STDERR_REDIRECT] [Fatal Error] :1:1: Premature end of file.
2025-12-30 20:02:53,302 [ERROR] LogOutputStream:75 - [STDERR_REDIRECT] 
2025-12-30 20:02:54,293 [ERROR] LogOutputStream:75 - [STDERR_REDIRECT] [Fatal Error] :1:1: Premature end of file.
2025-12-30 20:02:54,293 [ERROR] LogOutputStream:75 - [STDERR_REDIRECT] 
2025-12-30 20:02:55,192 [ERROR] LogOutputStream:75 - [STDERR_REDIRECT] [Fatal Error] :1:1: Premature end of file.
2025-12-30 20:02:55,192 [ERROR] LogOutputStream:75 - [STDERR_REDIRECT] 
2025-12-30 20:02:56,204 [ERROR] LogOutputStream:75 - [STDERR_REDIRECT] [Fatal Error] :1:1: Premature end of file.
2025-12-30 20:02:56,204 [ERROR] LogOutputStream:75 - [STDERR_REDIRECT] 
2025-12-30 20:02:57,307 [ERROR] LogOutputStream:75 - [STDERR_REDIRECT] [Fatal Error] :1:1: Premature end of file.
2025-12-30 20:02:57,307 [ERROR] LogOutputStream:75 - [STDERR_REDIRECT] 
2025-12-30 20:02:58,251 [ERROR] LogOutputStream:75 - [STDERR_REDIRECT] [Fatal Error] :1:1: Premature end of file.
2025-12-30 20:02:58,251 [ERROR] LogOutputStream:75 - [STDERR_REDIRECT] 
2025-12-30 20:02:59,199 [ERROR] LogOutputStream:75 - [STDERR_REDIRECT] [Fatal Error] :1:1: Premature end of file.
2025-12-30 20:02:59,199 [ERROR] LogOutputStream:75 - [STDERR_REDIRECT] 
2025-12-30 20:03:00,202 [ERROR] LogOutputStream:75 - [STDERR_REDIRECT] [Fatal Error] :1:1: Premature end of file.
2025-12-30 20:03:00,202 [ERROR] LogOutputStream:75 - [STDERR_REDIRECT] 
2025-12-30 20:03:01,313 [ERROR] LogOutputStream:75 - [STDERR_REDIRECT] [Fatal Error] :1:1: Premature end of file.
2025-12-30 20:03:01,313 [ERROR] LogOutputStream:75 - [STDERR_REDIRECT] 
2025-12-30 20:03:02,297 [ERROR] LogOutputStream:75 - [STDERR_REDIRECT] [Fatal Error] :1:1: Premature end of file.
2025-12-30 20:03:02,297 [ERROR] LogOutputStream:75 - [STDERR_REDIRECT] 
2025-12-30 20:03:03,288 [ERROR] LogOutputStream:75 - [STDERR_REDIRECT] [Fatal Error] :1:1: Premature end of file.
2025-12-30 20:03:03,288 [ERROR] LogOutputStream:75 - [STDERR_REDIRECT] 
2025-12-30 20:03:04,196 [ERROR] LogOutputStream:75 - [STDERR_REDIRECT] [Fatal Error] :1:1: Premature end of file.
2025-12-30 20:03:04,196 [ERROR] LogOutputStream:75 - [STDERR_REDIRECT] 
2025-12-30 20:03:05,184 [ERROR] LogOutputStream:75 - [STDERR_REDIRECT] [Fatal Error] :1:1: Premature end of file.
2025-12-30 20:03:05,184 [ERROR] LogOutputStream:75 - [STDERR_REDIRECT] 
2025-12-30 20:03:05,451 [INFO] UtilMem:75 - End SaveConfig() Used Memory: 717072632 Bytes (1073741824)
2025-12-30 20:03:06,218 [ERROR] LogOutputStream:75 - [STDERR_REDIRECT] [Fatal Error] :1:1: Premature end of file.
2025-12-30 20:03:06,218 [ERROR] LogOutputStream:75 - [STDERR_REDIRECT] 
2025-12-30 20:03:07,005 [INFO] UtilMem:75 - End SaveConfig() Used Memory: 781035768 Bytes (1073741824)
2025-12-30 20:03:07,183 [ERROR] LogOutputStream:75 - [STDERR_REDIRECT] [Fatal Error] :1:1: Premature end of file.
2025-12-30 20:03:07,183 [ERROR] LogOutputStream:75 - [STDERR_REDIRECT] 
2025-12-30 20:03:08,281 [ERROR] LogOutputStream:75 - [STDERR_REDIRECT] [Fatal Error] :1:1: Premature end of file.
2025-12-30 20:03:08,282 [ERROR] LogOutputStream:75 - [STDERR_REDIRECT] 
2025-12-30 20:03:09,304 [ERROR] LogOutputStream:75 - [STDERR_REDIRECT] [Fatal Error] :1:1: Premature end of file.
2025-12-30 20:03:09,305 [ERROR] LogOutputStream:75 - [STDERR_REDIRECT] 
2025-12-30 20:03:10,204 [ERROR] LogOutputStream:75 - [STDERR_REDIRECT] [Fatal Error] :1:1: Premature end of file.
2025-12-30 20:03:10,205 [ERROR] LogOutputStream:75 - [STDERR_REDIRECT] 
2025-12-30 20:03:11,204 [INFO] UtilMem:75 - End SaveConfig() Used Memory: 902286752 Bytes (1073741824)
2025-12-30 20:03:11,209 [ERROR] LogOutputStream:75 - [STDERR_REDIRECT] [Fatal Error] :1:1: Premature end of file.
2025-12-30 20:03:11,210 [ERROR] LogOutputStream:75 - [STDERR_REDIRECT] 
2025-12-30 20:03:11,584 [INFO] BlockDiagram:2775 - set Specific Code input for plugin: SPI
2025-12-30 20:03:11,584 [INFO] BlockDiagram:2775 - set Specific Code input for plugin: SPI
2025-12-30 20:03:11,584 [INFO] BlockDiagram:2775 - set Specific Code input for plugin: TIM1_8G4
2025-12-30 20:03:11,584 [INFO] BlockDiagram:2775 - set Specific Code input for plugin: TIM1_8G4
2025-12-30 20:03:11,584 [INFO] BlockDiagram:2775 - set Specific Code input for plugin: TIM1_8G4
2025-12-30 20:03:11,584 [INFO] BlockDiagram:2775 - set Specific Code input for plugin: TIM1_8G4
2025-12-30 20:03:11,584 [INFO] BlockDiagram:2775 - set Specific Code input for plugin: TIM1_8G4
2025-12-30 20:03:11,584 [INFO] BlockDiagram:2775 - set Specific Code input for plugin: SYS
2025-12-30 20:03:11,584 [INFO] BlockDiagram:2775 - set Specific Code input for plugin: ADC
2025-12-30 20:03:11,584 [INFO] BlockDiagram:2775 - set Specific Code input for plugin: RCC
2025-12-30 20:03:11,584 [INFO] BlockDiagram:2775 - set Specific Code input for plugin: NVIC
2025-12-30 20:03:11,584 [INFO] BlockDiagram:2775 - set Specific Code input for plugin: USART
2025-12-30 20:03:11,584 [INFO] BlockDiagram:2775 - set Specific Code input for plugin: TIM1_8G4
2025-12-30 20:03:11,585 [INFO] BlockDiagram:2775 - set Specific Code input for plugin: TIM1_8G4
2025-12-30 20:03:11,585 [INFO] BlockDiagram:2775 - set Specific Code input for plugin: GPIO
2025-12-30 20:03:11,585 [INFO] BlockDiagram:2775 - set Specific Code input for plugin: TIM1_8G4
2025-12-30 20:03:11,585 [INFO] BlockDiagram:2775 - set Specific Code input for plugin: FATFS
2025-12-30 20:03:11,586 [INFO] CodeGenerator:892 - code generatio: config db path: C:\ST\STM32CubeIDE_1.19.0\STM32CubeIDE\plugins\com.st.stm32cube.common.mx_6.15.0.202507011659\\db\
2025-12-30 20:03:11,846 [INFO] CodeEngine:265 - oldGeneratedFile, C:\Users\SNYDE\Documents\GitHub\Regin-V3\SOFTWARE\ReginV3_LFT_Code\Regin-V3-LFT-Code\MXTmpFiles\license.tmp_save
2025-12-30 20:03:12,260 [INFO] CodeEngine:289 - Generated code: C:\Users\SNYDE\Documents\GitHub\Regin-V3\SOFTWARE\ReginV3_LFT_Code\Regin-V3-LFT-Code\MXTmpFiles\license.tmp
2025-12-30 20:03:12,345 [ERROR] LogOutputStream:75 - [STDERR_REDIRECT] [Fatal Error] :1:1: Premature end of file.
2025-12-30 20:03:12,345 [ERROR] LogOutputStream:75 - [STDERR_REDIRECT] 
2025-12-30 20:03:12,507 [INFO] CodeEngine:265 - oldGeneratedFile, C:\Users\SNYDE\Documents\GitHub\Regin-V3\SOFTWARE\ReginV3_LFT_Code\Regin-V3-LFT-Code\Core\Src\gpio.c_save
2025-12-30 20:03:12,653 [INFO] CodeEngine:289 - Generated code: C:\Users\SNYDE\Documents\GitHub\Regin-V3\SOFTWARE\ReginV3_LFT_Code\Regin-V3-LFT-Code\Core\Src\gpio.c
2025-12-30 20:03:12,667 [INFO] CodeEngine:265 - oldGeneratedFile, C:\Users\SNYDE\Documents\GitHub\Regin-V3\SOFTWARE\ReginV3_LFT_Code\Regin-V3-LFT-Code\Core\Inc\gpio.h_save
2025-12-30 20:03:12,773 [INFO] CodeEngine:289 - Generated code: C:\Users\SNYDE\Documents\GitHub\Regin-V3\SOFTWARE\ReginV3_LFT_Code\Regin-V3-LFT-Code\Core\Inc\gpio.h
2025-12-30 20:03:13,202 [ERROR] LogOutputStream:75 - [STDERR_REDIRECT] [Fatal Error] :1:1: Premature end of file.
2025-12-30 20:03:13,202 [ERROR] LogOutputStream:75 - [STDERR_REDIRECT] 
2025-12-30 20:03:14,207 [ERROR] LogOutputStream:75 - [STDERR_REDIRECT] [Fatal Error] :1:1: Premature end of file.
2025-12-30 20:03:14,208 [ERROR] LogOutputStream:75 - [STDERR_REDIRECT] 
2025-12-30 20:03:15,183 [ERROR] LogOutputStream:75 - [STDERR_REDIRECT] [Fatal Error] :1:1: Premature end of file.
2025-12-30 20:03:15,184 [ERROR] LogOutputStream:75 - [STDERR_REDIRECT] 
2025-12-30 20:03:15,226 [INFO] Middleware:1452 - No code input for Bsp Dependency
2025-12-30 20:03:15,241 [INFO] CodeEngine:265 - oldGeneratedFile, C:\Users\SNYDE\Documents\GitHub\Regin-V3\SOFTWARE\ReginV3_LFT_Code\Regin-V3-LFT-Code\Core\Src\adc.c_save
2025-12-30 20:03:15,413 [INFO] CodeEngine:289 - Generated code: C:\Users\SNYDE\Documents\GitHub\Regin-V3\SOFTWARE\ReginV3_LFT_Code\Regin-V3-LFT-Code\Core\Src\adc.c
2025-12-30 20:03:15,427 [INFO] CodeEngine:265 - oldGeneratedFile, C:\Users\SNYDE\Documents\GitHub\Regin-V3\SOFTWARE\ReginV3_LFT_Code\Regin-V3-LFT-Code\Core\Inc\adc.h_save
2025-12-30 20:03:15,517 [INFO] CodeEngine:289 - Generated code: C:\Users\SNYDE\Documents\GitHub\Regin-V3\SOFTWARE\ReginV3_LFT_Code\Regin-V3-LFT-Code\Core\Inc\adc.h
2025-12-30 20:03:15,528 [INFO] Middleware:1452 - No code input for Bsp Dependency
2025-12-30 20:03:15,542 [INFO] CodeEngine:265 - oldGeneratedFile, C:\Users\SNYDE\Documents\GitHub\Regin-V3\SOFTWARE\ReginV3_LFT_Code\Regin-V3-LFT-Code\FATFS\Target\ffconf.h_save
2025-12-30 20:03:15,634 [INFO] CodeEngine:289 - Generated code: C:\Users\SNYDE\Documents\GitHub\Regin-V3\SOFTWARE\ReginV3_LFT_Code\Regin-V3-LFT-Code\FATFS\Target\ffconf.h
2025-12-30 20:03:15,646 [INFO] CodeEngine:265 - oldGeneratedFile, C:\Users\SNYDE\Documents\GitHub\Regin-V3\SOFTWARE\ReginV3_LFT_Code\Regin-V3-LFT-Code\FATFS\Target\user_diskio.c_save
2025-12-30 20:03:15,725 [INFO] CodeEngine:289 - Generated code: C:\Users\SNYDE\Documents\GitHub\Regin-V3\SOFTWARE\ReginV3_LFT_Code\Regin-V3-LFT-Code\FATFS\Target\user_diskio.c
2025-12-30 20:03:15,739 [INFO] CodeEngine:265 - oldGeneratedFile, C:\Users\SNYDE\Documents\GitHub\Regin-V3\SOFTWARE\ReginV3_LFT_Code\Regin-V3-LFT-Code\FATFS\Target\user_diskio.h_save
2025-12-30 20:03:15,812 [INFO] CodeEngine:289 - Generated code: C:\Users\SNYDE\Documents\GitHub\Regin-V3\SOFTWARE\ReginV3_LFT_Code\Regin-V3-LFT-Code\FATFS\Target\user_diskio.h
2025-12-30 20:03:15,824 [INFO] CodeEngine:265 - oldGeneratedFile, C:\Users\SNYDE\Documents\GitHub\Regin-V3\SOFTWARE\ReginV3_LFT_Code\Regin-V3-LFT-Code\FATFS\App\app_fatfs.c_save
2025-12-30 20:03:15,909 [INFO] CodeEngine:289 - Generated code: C:\Users\SNYDE\Documents\GitHub\Regin-V3\SOFTWARE\ReginV3_LFT_Code\Regin-V3-LFT-Code\FATFS\App\app_fatfs.c
2025-12-30 20:03:15,921 [INFO] CodeEngine:265 - oldGeneratedFile, C:\Users\SNYDE\Documents\GitHub\Regin-V3\SOFTWARE\ReginV3_LFT_Code\Regin-V3-LFT-Code\FATFS\App\app_fatfs.h_save
2025-12-30 20:03:16,008 [INFO] CodeEngine:289 - Generated code: C:\Users\SNYDE\Documents\GitHub\Regin-V3\SOFTWARE\ReginV3_LFT_Code\Regin-V3-LFT-Code\FATFS\App\app_fatfs.h
2025-12-30 20:03:16,029 [INFO] CodeEngine:265 - oldGeneratedFile, C:\Users\SNYDE\Documents\GitHub\Regin-V3\SOFTWARE\ReginV3_LFT_Code\Regin-V3-LFT-Code\Core\Src\spi.c_save
2025-12-30 20:03:16,134 [INFO] CodeEngine:289 - Generated code: C:\Users\SNYDE\Documents\GitHub\Regin-V3\SOFTWARE\ReginV3_LFT_Code\Regin-V3-LFT-Code\Core\Src\spi.c
2025-12-30 20:03:16,146 [INFO] CodeEngine:265 - oldGeneratedFile, C:\Users\SNYDE\Documents\GitHub\Regin-V3\SOFTWARE\ReginV3_LFT_Code\Regin-V3-LFT-Code\Core\Inc\spi.h_save
2025-12-30 20:03:16,180 [ERROR] LogOutputStream:75 - [STDERR_REDIRECT] [Fatal Error] :1:1: Premature end of file.
2025-12-30 20:03:16,180 [ERROR] LogOutputStream:75 - [STDERR_REDIRECT] 
2025-12-30 20:03:16,225 [INFO] CodeEngine:289 - Generated code: C:\Users\SNYDE\Documents\GitHub\Regin-V3\SOFTWARE\ReginV3_LFT_Code\Regin-V3-LFT-Code\Core\Inc\spi.h
2025-12-30 20:03:16,247 [INFO] CodeEngine:265 - oldGeneratedFile, C:\Users\SNYDE\Documents\GitHub\Regin-V3\SOFTWARE\ReginV3_LFT_Code\Regin-V3-LFT-Code\Core\Src\tim.c_save
2025-12-30 20:03:16,450 [INFO] CodeEngine:289 - Generated code: C:\Users\SNYDE\Documents\GitHub\Regin-V3\SOFTWARE\ReginV3_LFT_Code\Regin-V3-LFT-Code\Core\Src\tim.c
2025-12-30 20:03:16,461 [INFO] CodeEngine:265 - oldGeneratedFile, C:\Users\SNYDE\Documents\GitHub\Regin-V3\SOFTWARE\ReginV3_LFT_Code\Regin-V3-LFT-Code\Core\Inc\tim.h_save
2025-12-30 20:03:16,533 [INFO] CodeEngine:289 - Generated code: C:\Users\SNYDE\Documents\GitHub\Regin-V3\SOFTWARE\ReginV3_LFT_Code\Regin-V3-LFT-Code\Core\Inc\tim.h
2025-12-30 20:03:16,554 [INFO] CodeEngine:265 - oldGeneratedFile, C:\Users\SNYDE\Documents\GitHub\Regin-V3\SOFTWARE\ReginV3_LFT_Code\Regin-V3-LFT-Code\Core\Src\usart.c_save
2025-12-30 20:03:16,647 [INFO] CodeEngine:289 - Generated code: C:\Users\SNYDE\Documents\GitHub\Regin-V3\SOFTWARE\ReginV3_LFT_Code\Regin-V3-LFT-Code\Core\Src\usart.c
2025-12-30 20:03:16,662 [INFO] CodeEngine:265 - oldGeneratedFile, C:\Users\SNYDE\Documents\GitHub\Regin-V3\SOFTWARE\ReginV3_LFT_Code\Regin-V3-LFT-Code\Core\Inc\usart.h_save
2025-12-30 20:03:16,732 [INFO] CodeEngine:289 - Generated code: C:\Users\SNYDE\Documents\GitHub\Regin-V3\SOFTWARE\ReginV3_LFT_Code\Regin-V3-LFT-Code\Core\Inc\usart.h
2025-12-30 20:03:16,764 [INFO] CodeEngine:265 - oldGeneratedFile, C:\Users\SNYDE\Documents\GitHub\Regin-V3\SOFTWARE\ReginV3_LFT_Code\Regin-V3-LFT-Code\Core\Src\stm32g4xx_it.c_save
2025-12-30 20:03:16,995 [INFO] CodeEngine:289 - Generated code: C:\Users\SNYDE\Documents\GitHub\Regin-V3\SOFTWARE\ReginV3_LFT_Code\Regin-V3-LFT-Code\Core\Src\stm32g4xx_it.c
2025-12-30 20:03:17,007 [INFO] CodeEngine:265 - oldGeneratedFile, C:\Users\SNYDE\Documents\GitHub\Regin-V3\SOFTWARE\ReginV3_LFT_Code\Regin-V3-LFT-Code\Core\Inc\stm32g4xx_it.h_save
2025-12-30 20:03:17,081 [INFO] CodeEngine:289 - Generated code: C:\Users\SNYDE\Documents\GitHub\Regin-V3\SOFTWARE\ReginV3_LFT_Code\Regin-V3-LFT-Code\Core\Inc\stm32g4xx_it.h
2025-12-30 20:03:17,116 [INFO] CodeEngine:265 - oldGeneratedFile, C:\Users\SNYDE\Documents\GitHub\Regin-V3\SOFTWARE\ReginV3_LFT_Code\Regin-V3-LFT-Code\Core\Src\stm32g4xx_hal_msp.c_save
2025-12-30 20:03:17,184 [ERROR] LogOutputStream:75 - [STDERR_REDIRECT] [Fatal Error] :1:1: Premature end of file.
2025-12-30 20:03:17,184 [ERROR] LogOutputStream:75 - [STDERR_REDIRECT] 
2025-12-30 20:03:17,225 [INFO] CodeEngine:289 - Generated code: C:\Users\SNYDE\Documents\GitHub\Regin-V3\SOFTWARE\ReginV3_LFT_Code\Regin-V3-LFT-Code\Core\Src\stm32g4xx_hal_msp.c
2025-12-30 20:03:17,235 [INFO] CodeEngine:265 - oldGeneratedFile, C:\Users\SNYDE\Documents\GitHub\Regin-V3\SOFTWARE\ReginV3_LFT_Code\Regin-V3-LFT-Code\MXTmpFiles\system.tmp_save
2025-12-30 20:03:17,308 [INFO] CodeEngine:289 - Generated code: C:\Users\SNYDE\Documents\GitHub\Regin-V3\SOFTWARE\ReginV3_LFT_Code\Regin-V3-LFT-Code\MXTmpFiles\system.tmp
2025-12-30 20:03:17,327 [INFO] CodeEngine:321 - oldGeneratedFile, C:\Users\SNYDE\Documents\GitHub\Regin-V3\SOFTWARE\ReginV3_LFT_Code\Regin-V3-LFT-Code\Core\Inc\stm32g4xx_hal_conf.h_save
2025-12-30 20:03:17,400 [INFO] CodeEngine:345 - Generated code: C:\Users\SNYDE\Documents\GitHub\Regin-V3\SOFTWARE\ReginV3_LFT_Code\Regin-V3-LFT-Code\Core\Inc\stm32g4xx_hal_conf.h
2025-12-30 20:03:17,423 [WARN] IPConfigManager:3238 - Warning: the RefConfig RCC_CommonPeriphClockConfig is not available in your config.xml file
2025-12-30 20:03:17,449 [INFO] ApiDbMcu:532 - Load IP Config File for TIM16
2025-12-30 20:03:17,468 [INFO] CodeEngine:265 - oldGeneratedFile, C:\Users\SNYDE\Documents\GitHub\Regin-V3\SOFTWARE\ReginV3_LFT_Code\Regin-V3-LFT-Code\Core\Inc\main.h_save
2025-12-30 20:03:17,579 [INFO] CodeEngine:289 - Generated code: C:\Users\SNYDE\Documents\GitHub\Regin-V3\SOFTWARE\ReginV3_LFT_Code\Regin-V3-LFT-Code\Core\Inc\main.h
2025-12-30 20:03:17,591 [INFO] CodeEngine:265 - oldGeneratedFile, C:\Users\SNYDE\Documents\GitHub\Regin-V3\SOFTWARE\ReginV3_LFT_Code\Regin-V3-LFT-Code\Core\Src\main.c_save
2025-12-30 20:03:17,691 [INFO] CodeEngine:289 - Generated code: C:\Users\SNYDE\Documents\GitHub\Regin-V3\SOFTWARE\ReginV3_LFT_Code\Regin-V3-LFT-Code\Core\Src\main.c
2025-12-30 20:03:18,185 [ERROR] LogOutputStream:75 - [STDERR_REDIRECT] [Fatal Error] :1:1: Premature end of file.
2025-12-30 20:03:18,185 [ERROR] LogOutputStream:75 - [STDERR_REDIRECT] 
2025-12-30 20:03:18,281 [INFO] ProjectBuilder:3606 - Time for Copy HAL[1] : 311mS.
2025-12-30 20:03:18,294 [INFO] ProjectBuilder:5216 - Project Generator version: 4.7.0-B52
2025-12-30 20:03:18,452 [INFO] ConfigFileManager:1595 - The Die is : DIE469
2025-12-30 20:03:19,259 [ERROR] LogOutputStream:75 - [STDERR_REDIRECT] [Fatal Error] :1:1: Premature end of file.
2025-12-30 20:03:19,260 [ERROR] LogOutputStream:75 - [STDERR_REDIRECT] 
2025-12-30 20:03:20,108 [INFO] ProjectBuilder:5496 - Time for Generating toolchain IDE Files: 1814mS.
2025-12-30 20:03:20,110 [INFO] ProjectBuilder:3463 - Time for Copy CMSIS : 1mS.
2025-12-30 20:03:20,122 [INFO] ProjectBuilder:3463 - Time for Copy CMSIS : 0mS.
2025-12-30 20:03:20,315 [ERROR] LogOutputStream:75 - [STDERR_REDIRECT] [Fatal Error] :1:1: Premature end of file.
2025-12-30 20:03:20,315 [ERROR] LogOutputStream:75 - [STDERR_REDIRECT] 
2025-12-30 20:03:21,290 [ERROR] LogOutputStream:75 - [STDERR_REDIRECT] [Fatal Error] :1:1: Premature end of file.
2025-12-30 20:03:21,291 [ERROR] LogOutputStream:75 - [STDERR_REDIRECT] 
2025-12-30 20:03:22,222 [ERROR] LogOutputStream:75 - [STDERR_REDIRECT] [Fatal Error] :1:1: Premature end of file.
2025-12-30 20:03:22,223 [ERROR] LogOutputStream:75 - [STDERR_REDIRECT] 
2025-12-30 20:03:23,189 [ERROR] LogOutputStream:75 - [STDERR_REDIRECT] [Fatal Error] :1:1: Premature end of file.
2025-12-30 20:03:23,189 [ERROR] LogOutputStream:75 - [STDERR_REDIRECT] 
2025-12-30 20:03:24,252 [ERROR] LogOutputStream:75 - [STDERR_REDIRECT] [Fatal Error] :1:1: Premature end of file.
2025-12-30 20:03:24,253 [ERROR] LogOutputStream:75 - [STDERR_REDIRECT] 
2025-12-30 20:03:25,276 [ERROR] LogOutputStream:75 - [STDERR_REDIRECT] [Fatal Error] :1:1: Premature end of file.
2025-12-30 20:03:25,276 [ERROR] LogOutputStream:75 - [STDERR_REDIRECT] 
2025-12-30 20:03:26,300 [ERROR] LogOutputStream:75 - [STDERR_REDIRECT] [Fatal Error] :1:1: Premature end of file.
2025-12-30 20:03:26,301 [ERROR] LogOutputStream:75 - [STDERR_REDIRECT] 
2025-12-30 20:03:27,392 [ERROR] LogOutputStream:75 - [STDERR_REDIRECT] [Fatal Error] :1:1: Premature end of file.
2025-12-30 20:03:27,392 [ERROR] LogOutputStream:75 - [STDERR_REDIRECT] 
2025-12-30 20:03:28,230 [ERROR] LogOutputStream:75 - [STDERR_REDIRECT] [Fatal Error] :1:1: Premature end of file.
2025-12-30 20:03:28,230 [ERROR] LogOutputStream:75 - [STDERR_REDIRECT] 
2025-12-30 20:03:29,250 [ERROR] LogOutputStream:75 - [STDERR_REDIRECT] [Fatal Error] :1:1: Premature end of file.
2025-12-30 20:03:29,250 [ERROR] LogOutputStream:75 - [STDERR_REDIRECT] 
2025-12-30 20:03:30,193 [ERROR] LogOutputStream:75 - [STDERR_REDIRECT] [Fatal Error] :1:1: Premature end of file.
2025-12-30 20:03:30,193 [ERROR] LogOutputStream:75 - [STDERR_REDIRECT] 
2025-12-30 20:03:31,206 [ERROR] LogOutputStream:75 - [STDERR_REDIRECT] [Fatal Error] :1:1: Premature end of file.
2025-12-30 20:03:31,207 [ERROR] LogOutputStream:75 - [STDERR_REDIRECT] 
2025-12-30 20:03:32,290 [ERROR] LogOutputStream:75 - [STDERR_REDIRECT] [Fatal Error] :1:1: Premature end of file.
2025-12-30 20:03:32,290 [ERROR] LogOutputStream:75 - [STDERR_REDIRECT] 
2025-12-30 20:03:33,277 [ERROR] LogOutputStream:75 - [STDERR_REDIRECT] [Fatal Error] :1:1: Premature end of file.
2025-12-30 20:03:33,278 [ERROR] LogOutputStream:75 - [STDERR_REDIRECT] 
2025-12-30 20:03:34,286 [ERROR] LogOutputStream:75 - [STDERR_REDIRECT] [Fatal Error] :1:1: Premature end of file.
2025-12-30 20:03:34,286 [ERROR] LogOutputStream:75 - [STDERR_REDIRECT] 
2025-12-30 20:03:35,276 [ERROR] LogOutputStream:75 - [STDERR_REDIRECT] [Fatal Error] :1:1: Premature end of file.
2025-12-30 20:03:35,276 [ERROR] LogOutputStream:75 - [STDERR_REDIRECT] 
2025-12-30 20:03:36,287 [ERROR] LogOutputStream:75 - [STDERR_REDIRECT] [Fatal Error] :1:1: Premature end of file.
2025-12-30 20:03:36,287 [ERROR] LogOutputStream:75 - [STDERR_REDIRECT] 
2025-12-30 20:03:37,272 [ERROR] LogOutputStream:75 - [STDERR_REDIRECT] [Fatal Error] :1:1: Premature end of file.
2025-12-30 20:03:37,273 [ERROR] LogOutputStream:75 - [STDERR_REDIRECT] 
2025-12-30 20:03:38,274 [ERROR] LogOutputStream:75 - [STDERR_REDIRECT] [Fatal Error] :1:1: Premature end of file.
2025-12-30 20:03:38,275 [ERROR] LogOutputStream:75 - [STDERR_REDIRECT] 
2025-12-30 20:03:39,275 [ERROR] LogOutputStream:75 - [STDERR_REDIRECT] [Fatal Error] :1:1: Premature end of file.
2025-12-30 20:03:39,275 [ERROR] LogOutputStream:75 - [STDERR_REDIRECT] 
2025-12-30 20:03:40,211 [ERROR] LogOutputStream:75 - [STDERR_REDIRECT] [Fatal Error] :1:1: Premature end of file.
2025-12-30 20:03:40,211 [ERROR] LogOutputStream:75 - [STDERR_REDIRECT] 
2025-12-30 20:03:41,271 [ERROR] LogOutputStream:75 - [STDERR_REDIRECT] [Fatal Error] :1:1: Premature end of file.
2025-12-30 20:03:41,272 [ERROR] LogOutputStream:75 - [STDERR_REDIRECT] 
2025-12-30 20:03:42,269 [ERROR] LogOutputStream:75 - [STDERR_REDIRECT] [Fatal Error] :1:1: Premature end of file.
2025-12-30 20:03:42,270 [ERROR] LogOutputStream:75 - [STDERR_REDIRECT] 
2025-12-30 20:03:43,269 [ERROR] LogOutputStream:75 - [STDERR_REDIRECT] [Fatal Error] :1:1: Premature end of file.
2025-12-30 20:03:43,270 [ERROR] LogOutputStream:75 - [STDERR_REDIRECT] 
2025-12-30 20:03:44,280 [ERROR] LogOutputStream:75 - [STDERR_REDIRECT] [Fatal Error] :1:1: Premature end of file.
2025-12-30 20:03:44,280 [ERROR] LogOutputStream:75 - [STDERR_REDIRECT] 
2025-12-30 20:03:45,274 [ERROR] LogOutputStream:75 - [STDERR_REDIRECT] [Fatal Error] :1:1: Premature end of file.
2025-12-30 20:03:45,274 [ERROR] LogOutputStream:75 - [STDERR_REDIRECT] 
2025-12-30 20:03:46,272 [ERROR] LogOutputStream:75 - [STDERR_REDIRECT] [Fatal Error] :1:1: Premature end of file.
2025-12-30 20:03:46,273 [ERROR] LogOutputStream:75 - [STDERR_REDIRECT] 
2025-12-30 20:03:47,273 [ERROR] LogOutputStream:75 - [STDERR_REDIRECT] [Fatal Error] :1:1: Premature end of file.
2025-12-30 20:03:47,274 [ERROR] LogOutputStream:75 - [STDERR_REDIRECT] 
2025-12-30 20:03:48,292 [ERROR] LogOutputStream:75 - [STDERR_REDIRECT] [Fatal Error] :1:1: Premature end of file.
2025-12-30 20:03:48,292 [ERROR] LogOutputStream:75 - [STDERR_REDIRECT] 
2025-12-30 20:03:49,272 [ERROR] LogOutputStream:75 - [STDERR_REDIRECT] [Fatal Error] :1:1: Premature end of file.
2025-12-30 20:03:49,273 [ERROR] LogOutputStream:75 - [STDERR_REDIRECT] 
2025-12-30 20:03:50,283 [ERROR] LogOutputStream:75 - [STDERR_REDIRECT] [Fatal Error] :1:1: Premature end of file.
2025-12-30 20:03:50,284 [ERROR] LogOutputStream:75 - [STDERR_REDIRECT] 
2025-12-30 20:03:51,272 [ERROR] LogOutputStream:75 - [STDERR_REDIRECT] [Fatal Error] :1:1: Premature end of file.
2025-12-30 20:03:51,272 [ERROR] LogOutputStream:75 - [STDERR_REDIRECT] 
2025-12-30 20:03:52,284 [ERROR] LogOutputStream:75 - [STDERR_REDIRECT] [Fatal Error] :1:1: Premature end of file.
2025-12-30 20:03:52,285 [ERROR] LogOutputStream:75 - [STDERR_REDIRECT] 
2025-12-30 20:03:53,280 [ERROR] LogOutputStream:75 - [STDERR_REDIRECT] [Fatal Error] :1:1: Premature end of file.
2025-12-30 20:03:53,281 [ERROR] LogOutputStream:75 - [STDERR_REDIRECT] 
2025-12-30 20:03:54,274 [ERROR] LogOutputStream:75 - [STDERR_REDIRECT] [Fatal Error] :1:1: Premature end of file.
2025-12-30 20:03:54,275 [ERROR] LogOutputStream:75 - [STDERR_REDIRECT] 
2025-12-30 20:03:55,239 [ERROR] LogOutputStream:75 - [STDERR_REDIRECT] [Fatal Error] :1:1: Premature end of file.
2025-12-30 20:03:55,239 [ERROR] LogOutputStream:75 - [STDERR_REDIRECT] 
2025-12-30 20:03:56,182 [ERROR] LogOutputStream:75 - [STDERR_REDIRECT] [Fatal Error] :1:1: Premature end of file.
2025-12-30 20:03:56,182 [ERROR] LogOutputStream:75 - [STDERR_REDIRECT] 
2025-12-30 20:03:57,186 [ERROR] LogOutputStream:75 - [STDERR_REDIRECT] [Fatal Error] :1:1: Premature end of file.
2025-12-30 20:03:57,186 [ERROR] LogOutputStream:75 - [STDERR_REDIRECT] 
2025-12-30 20:03:58,191 [ERROR] LogOutputStream:75 - [STDERR_REDIRECT] [Fatal Error] :1:1: Premature end of file.
2025-12-30 20:03:58,191 [ERROR] LogOutputStream:75 - [STDERR_REDIRECT] 
2025-12-30 20:03:59,182 [ERROR] LogOutputStream:75 - [STDERR_REDIRECT] [Fatal Error] :1:1: Premature end of file.
2025-12-30 20:03:59,182 [ERROR] LogOutputStream:75 - [STDERR_REDIRECT] 
2025-12-30 20:04:00,288 [ERROR] LogOutputStream:75 - [STDERR_REDIRECT] [Fatal Error] :1:1: Premature end of file.
2025-12-30 20:04:00,288 [ERROR] LogOutputStream:75 - [STDERR_REDIRECT] 
2025-12-30 20:04:01,263 [ERROR] LogOutputStream:75 - [STDERR_REDIRECT] [Fatal Error] :1:1: Premature end of file.
2025-12-30 20:04:01,263 [ERROR] LogOutputStream:75 - [STDERR_REDIRECT] 
2025-12-30 20:04:02,198 [ERROR] LogOutputStream:75 - [STDERR_REDIRECT] [Fatal Error] :1:1: Premature end of file.
2025-12-30 20:04:02,198 [ERROR] LogOutputStream:75 - [STDERR_REDIRECT] 
2025-12-30 20:04:03,255 [ERROR] LogOutputStream:75 - [STDERR_REDIRECT] [Fatal Error] :1:1: Premature end of file.
2025-12-30 20:04:03,255 [ERROR] LogOutputStream:75 - [STDERR_REDIRECT] 
2025-12-30 20:04:03,822 [ERROR] LogOutputStream:75 - [STDERR_REDIRECT] 
2025-12-30 20:04:03,823 [ERROR] LogOutputStream:75 - [STDERR_REDIRECT] 
