2026-04-21 22:18:23,586 [INFO] Activator:176 - 


2026-04-21 22:18:23,592 [INFO] Activator:177 - !SESSION log4j initialized
2026-04-21 22:18:30,021 [INFO] LogOutputStream:77 - [STDOUT_REDIRECT] 
2026-04-21 22:18:31,589 [INFO] ApplicationProperties:184 - Using Application install path: C:\ST\STM32CubeIDE_1.19.0\STM32CubeIDE\plugins\com.st.stm32cube.common.mx_6.15.0.202507011659
2026-04-21 22:18:31,608 [INFO] DbMcusXml:78 - Set database path to: C:\ST\STM32CubeIDE_1.19.0\STM32CubeIDE\plugins\com.st.stm32cube.common.mx_6.15.0.202507011659\\db\/mcu/
2026-04-21 22:18:31,609 [INFO] ApiDb:274 - Set plugin database path to: C:\ST\STM32CubeIDE_1.19.0\STM32CubeIDE\plugins\com.st.stm32cube.common.mx_6.15.0.202507011659\\db\/plugins/boardmanager/
2026-04-21 22:18:31,609 [WARN] ApiDb:259 - Overriding images path with different value:  => C:\ST\STM32CubeIDE_1.19.0\STM32CubeIDE\plugins\com.st.stm32cube.common.mx_6.15.0.202507011659\\db\/plugins/mcufinder/images/
2026-04-21 22:18:31,620 [INFO] ApiDb:250 - Set database path to: C:\Users\SNYDE\.stmcufinder\plugins\mcufinder//mcu/
2026-04-21 22:18:31,622 [INFO] DbMcusAds:125 - Set database path to: C:\Users\SNYDE\.stmcufinder\plugins\mcufinder//mcu/
2026-04-21 22:18:31,624 [INFO] CrossReferenceDbSqlite:203 - Set database path to: C:\Users\SNYDE\.stmcufinder\plugins\mcufinder//mcu/cs/
2026-04-21 22:18:31,739 [INFO] RulesReader:64 - Compatibility file has been processed (317 Rules)
2026-04-21 22:18:31,822 [INFO] DbMcusXml:78 - Set database path to: C:\ST\STM32CubeIDE_1.19.0\STM32CubeIDE\plugins\com.st.stm32cube.common.mx_6.15.0.202507011659\\db\/mcu/
2026-04-21 22:18:31,823 [INFO] ApiDb:274 - Set plugin database path to: C:\ST\STM32CubeIDE_1.19.0\STM32CubeIDE\plugins\com.st.stm32cube.common.mx_6.15.0.202507011659\\db\/plugins/boardmanager/
2026-04-21 22:18:31,823 [INFO] ApiDb:261 - Set plugin images path to: C:\ST\STM32CubeIDE_1.19.0\STM32CubeIDE\plugins\com.st.stm32cube.common.mx_6.15.0.202507011659\\db\/plugins/mcufinder/images/
2026-04-21 22:18:31,823 [WARN] DbFile:41 - Overriding database path with different value: C:\Users\SNYDE\.stmcufinder\plugins\mcufinder/ => C:\Users\SNYDE\.stmcufinder\plugins\mcufinder
2026-04-21 22:18:31,823 [INFO] ApiDb:250 - Set database path to: C:\Users\SNYDE\.stmcufinder\plugins\mcufinder//mcu/
2026-04-21 22:18:31,823 [WARN] DbFile:41 - Overriding database path with different value: C:\Users\SNYDE\.stmcufinder\plugins\mcufinder/ => C:\Users\SNYDE\.stmcufinder\plugins\mcufinder
2026-04-21 22:18:31,823 [INFO] DbMcusAds:125 - Set database path to: C:\Users\SNYDE\.stmcufinder\plugins\mcufinder//mcu/
2026-04-21 22:18:31,823 [WARN] DbFile:41 - Overriding database path with different value: C:\Users\SNYDE\.stmcufinder\plugins\mcufinder/ => C:\Users\SNYDE\.stmcufinder\plugins\mcufinder
2026-04-21 22:18:31,823 [WARN] DbFile:41 - Overriding database path with different value: C:\Users\SNYDE\.stmcufinder\plugins\mcufinder/ => C:\Users\SNYDE\.stmcufinder\plugins\mcufinder
2026-04-21 22:18:31,823 [INFO] CrossReferenceDbSqlite:203 - Set database path to: C:\Users\SNYDE\.stmcufinder\plugins\mcufinder//mcu/cs/
2026-04-21 22:18:31,903 [INFO] MainPanel:274 - HeapMemory: 268435456
2026-04-21 22:18:32,014 [INFO] DbMcusXml:78 - Set database path to: C:\ST\STM32CubeIDE_1.19.0\STM32CubeIDE\plugins\com.st.stm32cube.common.mx_6.15.0.202507011659\\db\/mcu/
2026-04-21 22:18:32,015 [INFO] ApiDb:274 - Set plugin database path to: C:\ST\STM32CubeIDE_1.19.0\STM32CubeIDE\plugins\com.st.stm32cube.common.mx_6.15.0.202507011659\\db\/plugins/boardmanager/
2026-04-21 22:18:32,015 [INFO] ApiDb:261 - Set plugin images path to: C:\ST\STM32CubeIDE_1.19.0\STM32CubeIDE\plugins\com.st.stm32cube.common.mx_6.15.0.202507011659\\db\/plugins/mcufinder/images/
2026-04-21 22:18:32,015 [WARN] DbFile:41 - Overriding database path with different value: C:\Users\SNYDE\.stmcufinder\plugins\mcufinder/ => C:\Users\SNYDE\.stmcufinder\plugins\mcufinder
2026-04-21 22:18:32,016 [INFO] ApiDb:250 - Set database path to: C:\Users\SNYDE\.stmcufinder\plugins\mcufinder//mcu/
2026-04-21 22:18:32,016 [WARN] DbFile:41 - Overriding database path with different value: C:\Users\SNYDE\.stmcufinder\plugins\mcufinder/ => C:\Users\SNYDE\.stmcufinder\plugins\mcufinder
2026-04-21 22:18:32,016 [INFO] DbMcusAds:125 - Set database path to: C:\Users\SNYDE\.stmcufinder\plugins\mcufinder//mcu/
2026-04-21 22:18:32,017 [WARN] DbFile:41 - Overriding database path with different value: C:\Users\SNYDE\.stmcufinder\plugins\mcufinder/ => C:\Users\SNYDE\.stmcufinder\plugins\mcufinder
2026-04-21 22:18:32,017 [WARN] DbFile:41 - Overriding database path with different value: C:\Users\SNYDE\.stmcufinder\plugins\mcufinder/ => C:\Users\SNYDE\.stmcufinder\plugins\mcufinder
2026-04-21 22:18:32,017 [INFO] CrossReferenceDbSqlite:203 - Set database path to: C:\Users\SNYDE\.stmcufinder\plugins\mcufinder//mcu/cs/
2026-04-21 22:18:32,047 [INFO] ApplicationProperties:184 - Using Application install path: C:\ST\STM32CubeIDE_1.19.0\STM32CubeIDE\plugins\com.st.stm32cube.common.mx_6.15.0.202507011659
2026-04-21 22:18:32,048 [INFO] PluginManage:196 - Search for loadable plugins [exclusion list=, ]
2026-04-21 22:18:32,049 [INFO] PluginManage:310 - Check plugin analytics
2026-04-21 22:18:32,391 [INFO] AnalyticsPlugin:253 - Accepted Software Licenses: 
2026-04-21 22:18:32,391 [INFO] AnalyticsPlugin:255 - Accepted CMSIS Pack Licenses: 
2026-04-21 22:18:32,392 [INFO] AnalyticsPlugin:257 - Accepted Firmware Licenses: 
2026-04-21 22:18:32,395 [INFO] PluginManage:359 - Loaded plugin analytics (category:tool,tabindex:-1)
2026-04-21 22:18:32,395 [INFO] PluginManage:310 - Check plugin cadmodel
2026-04-21 22:18:32,400 [INFO] CADModel:105 - Init CAD model plugin
2026-04-21 22:18:32,401 [INFO] PluginManage:359 - Loaded plugin cadmodel (category:power,tabindex:5)
2026-04-21 22:18:32,401 [INFO] PluginManage:310 - Check plugin clock
2026-04-21 22:18:32,411 [INFO] PluginManage:359 - Loaded plugin clock (category:base,tabindex:2)
2026-04-21 22:18:32,412 [INFO] PluginManage:310 - Check plugin ddr
2026-04-21 22:18:32,414 [INFO] PluginManage:359 - Loaded plugin ddr (category:tool,tabindex:6)
2026-04-21 22:18:32,415 [INFO] PluginManage:310 - Check plugin filemanager
2026-04-21 22:18:32,588 [INFO] PluginManage:359 - Loaded plugin filemanager (category:base,tabindex:10)
2026-04-21 22:18:32,588 [INFO] PluginManage:310 - Check plugin ipmanager
2026-04-21 22:18:32,598 [INFO] PluginManage:359 - Loaded plugin ipmanager (category:base,tabindex:5)
2026-04-21 22:18:32,598 [INFO] PluginManage:310 - Check plugin lpbam
2026-04-21 22:18:32,605 [INFO] PluginManage:359 - Loaded plugin lpbam (category:base,tabindex:0)
2026-04-21 22:18:32,605 [INFO] PluginManage:310 - Check plugin memorymap
2026-04-21 22:18:32,620 [INFO] PluginManage:359 - Loaded plugin memorymap (category:base,tabindex:4)
2026-04-21 22:18:32,620 [INFO] PluginManage:310 - Check plugin pinoutandconfiguration
2026-04-21 22:18:32,630 [INFO] PluginManage:359 - Loaded plugin pinoutandconfiguration (category:base,tabindex:1)
2026-04-21 22:18:32,630 [INFO] PluginManage:310 - Check plugin pinoutconfig
2026-04-21 22:18:32,743 [WARN] SupportedApi:132 - Cannot load RTOS API schema: s4s-elt-must-match.1: The content of 'definitions' must match (annotation?, (simpleType | complexType)?, (unique | key | keyref)*)). A problem was found starting at: attribute.
2026-04-21 22:18:32,905 [INFO] PluginManage:359 - Loaded plugin pinoutconfig (category:base,tabindex:0)
2026-04-21 22:18:32,905 [INFO] PluginManage:310 - Check plugin power
2026-04-21 22:18:32,916 [INFO] PluginManage:359 - Loaded plugin power (category:power,tabindex:4)
2026-04-21 22:18:32,917 [INFO] PluginManage:310 - Check plugin projectmanager
2026-04-21 22:18:32,933 [INFO] PluginManage:359 - Loaded plugin projectmanager (category:projectmanager,tabindex:4)
2026-04-21 22:18:32,933 [INFO] PluginManage:310 - Check plugin rif
2026-04-21 22:18:32,941 [INFO] PluginManage:359 - Loaded plugin rif (category:base,tabindex:3)
2026-04-21 22:18:32,941 [INFO] PluginManage:310 - Check plugin thirdparty
2026-04-21 22:18:33,082 [INFO] PluginManage:359 - Loaded plugin thirdparty (category:base,tabindex:-1)
2026-04-21 22:18:33,082 [WARN] IntegrityCheckThread:84 - waiting for thirdparty lock release [integrity check]
2026-04-21 22:18:33,083 [INFO] PluginManage:310 - Check plugin tools
2026-04-21 22:18:33,083 [INFO] IntegrityCheckThread:86 - entering critical section [integrity check]
2026-04-21 22:18:33,083 [INFO] ThirdPartyUpdaterWithRetryManager:70 - Updater plugin not ready yet. [1/15]
2026-04-21 22:18:33,086 [INFO] PluginManage:359 - Loaded plugin tools (category:base,tabindex:7)
2026-04-21 22:18:33,086 [INFO] PluginManage:310 - Check plugin tutovideos
2026-04-21 22:18:33,358 [INFO] PluginManage:359 - Loaded plugin tutovideos (category:base,tabindex:-1)
2026-04-21 22:18:33,358 [INFO] PluginManage:310 - Check plugin updater
2026-04-21 22:18:33,378 [INFO] PluginManage:359 - Loaded plugin updater (category:base,tabindex:12)
2026-04-21 22:18:33,379 [INFO] PluginManage:310 - Check plugin userauth
2026-04-21 22:18:33,383 [INFO] UserAuth:118 - Init User Auth plugin
2026-04-21 22:18:33,384 [INFO] PluginManage:359 - Loaded plugin userauth (category:base,tabindex:14)
2026-04-21 22:18:33,384 [INFO] PluginManage:283 - PluginManage : Loaded plugins [18]
2026-04-21 22:18:33,599 [INFO] PinOutPanel:1589 - setPackage(No Configuration,No Configuration)
2026-04-21 22:18:33,687 [INFO] CADModel:165 - CPN selected for project level
2026-04-21 22:18:33,687 [INFO] CADModel:114 - Register for checkConnection events
2026-04-21 22:18:33,705 [INFO] IPUIPlugin:80 - create IPUIPlugin
2026-04-21 22:18:33,706 [INFO] PluginManager:220 - loadIPPluginJar : add adc
2026-04-21 22:18:33,709 [INFO] IPUIPlugin:80 - create IPUIPlugin
2026-04-21 22:18:33,709 [INFO] PluginManager:220 - loadIPPluginJar : add aes
2026-04-21 22:18:33,713 [INFO] IPUIPlugin:80 - create IPUIPlugin
2026-04-21 22:18:33,713 [INFO] PluginManager:220 - loadIPPluginJar : add can
2026-04-21 22:18:33,715 [INFO] IPUIPlugin:80 - create IPUIPlugin
2026-04-21 22:18:33,715 [INFO] PluginManager:220 - loadIPPluginJar : add comp
2026-04-21 22:18:33,719 [INFO] IPUIPlugin:80 - create IPUIPlugin
2026-04-21 22:18:33,719 [INFO] PluginManager:220 - loadIPPluginJar : add cryp
2026-04-21 22:18:33,722 [INFO] IPUIPlugin:80 - create IPUIPlugin
2026-04-21 22:18:33,723 [INFO] PluginManager:220 - loadIPPluginJar : add ddr_ctrl_phy
2026-04-21 22:18:33,725 [INFO] IPUIPlugin:80 - create IPUIPlugin
2026-04-21 22:18:33,726 [INFO] PluginManager:220 - loadIPPluginJar : add dfsdm
2026-04-21 22:18:33,734 [INFO] IPUIPlugin:80 - create IPUIPlugin
2026-04-21 22:18:33,734 [INFO] PluginManager:220 - loadIPPluginJar : add dma
2026-04-21 22:18:33,737 [INFO] IPUIPlugin:80 - create IPUIPlugin
2026-04-21 22:18:33,737 [INFO] PluginManager:220 - loadIPPluginJar : add dma3
2026-04-21 22:18:33,741 [INFO] IPUIPlugin:80 - create IPUIPlugin
2026-04-21 22:18:33,741 [INFO] PluginManager:220 - loadIPPluginJar : add extmemmanager
2026-04-21 22:18:33,743 [INFO] IPUIPlugin:80 - create IPUIPlugin
2026-04-21 22:18:33,743 [INFO] PluginManager:220 - loadIPPluginJar : add fatfs
2026-04-21 22:18:33,749 [INFO] IPUIPlugin:80 - create IPUIPlugin
2026-04-21 22:18:33,749 [INFO] PluginManager:220 - loadIPPluginJar : add fmc
2026-04-21 22:18:33,756 [INFO] IPUIPlugin:80 - create IPUIPlugin
2026-04-21 22:18:33,756 [INFO] PluginManager:220 - loadIPPluginJar : add freertos
2026-04-21 22:18:33,758 [INFO] IPUIPlugin:80 - create IPUIPlugin
2026-04-21 22:18:33,758 [INFO] PluginManager:220 - loadIPPluginJar : add genericplugin
2026-04-21 22:18:33,761 [INFO] IPUIPlugin:80 - create IPUIPlugin
2026-04-21 22:18:33,761 [INFO] PluginManager:220 - loadIPPluginJar : add gfxmmu
2026-04-21 22:18:33,767 [INFO] IPUIPlugin:80 - create IPUIPlugin
2026-04-21 22:18:33,767 [INFO] PluginManager:220 - loadIPPluginJar : add gic
2026-04-21 22:18:33,771 [INFO] IPUIPlugin:80 - create IPUIPlugin
2026-04-21 22:18:33,771 [INFO] PluginManager:220 - loadIPPluginJar : add gpio
2026-04-21 22:18:33,775 [INFO] IPUIPlugin:80 - create IPUIPlugin
2026-04-21 22:18:33,775 [INFO] PluginManager:220 - loadIPPluginJar : add gtzc
2026-04-21 22:18:33,780 [INFO] IPUIPlugin:80 - create IPUIPlugin
2026-04-21 22:18:33,780 [INFO] PluginManager:220 - loadIPPluginJar : add hash
2026-04-21 22:18:33,783 [INFO] IPUIPlugin:80 - create IPUIPlugin
2026-04-21 22:18:33,784 [INFO] PluginManager:220 - loadIPPluginJar : add i2c
2026-04-21 22:18:33,787 [INFO] IPUIPlugin:80 - create IPUIPlugin
2026-04-21 22:18:33,787 [INFO] PluginManager:220 - loadIPPluginJar : add i2s
2026-04-21 22:18:33,791 [INFO] IPUIPlugin:80 - create IPUIPlugin
2026-04-21 22:18:33,791 [INFO] PluginManager:220 - loadIPPluginJar : add i3c
2026-04-21 22:18:33,797 [INFO] IPUIPlugin:80 - create IPUIPlugin
2026-04-21 22:18:33,797 [INFO] PluginManager:220 - loadIPPluginJar : add ipddr
2026-04-21 22:18:33,803 [INFO] IPUIPlugin:80 - create IPUIPlugin
2026-04-21 22:18:33,803 [INFO] PluginManager:220 - loadIPPluginJar : add linkedlist
2026-04-21 22:18:33,806 [INFO] IPUIPlugin:80 - create IPUIPlugin
2026-04-21 22:18:33,807 [INFO] PluginManager:220 - loadIPPluginJar : add lorawan
2026-04-21 22:18:33,809 [INFO] IPUIPlugin:80 - create IPUIPlugin
2026-04-21 22:18:33,809 [INFO] PluginManager:220 - loadIPPluginJar : add ltdc
2026-04-21 22:18:33,816 [INFO] IPUIPlugin:80 - create IPUIPlugin
2026-04-21 22:18:33,816 [INFO] PluginManager:220 - loadIPPluginJar : add mdma
2026-04-21 22:18:33,820 [INFO] IPUIPlugin:80 - create IPUIPlugin
2026-04-21 22:18:33,821 [INFO] PluginManager:220 - loadIPPluginJar : add nvic
2026-04-21 22:18:33,825 [INFO] IPUIPlugin:80 - create IPUIPlugin
2026-04-21 22:18:33,825 [INFO] PluginManager:220 - loadIPPluginJar : add opamp
2026-04-21 22:18:33,830 [INFO] IPUIPlugin:80 - create IPUIPlugin
2026-04-21 22:18:33,830 [INFO] PluginManager:220 - loadIPPluginJar : add openamp
2026-04-21 22:18:33,834 [INFO] IPUIPlugin:80 - create IPUIPlugin
2026-04-21 22:18:33,834 [INFO] PluginManager:220 - loadIPPluginJar : add pdm2pcm
2026-04-21 22:18:33,839 [INFO] IPUIPlugin:80 - create IPUIPlugin
2026-04-21 22:18:33,842 [INFO] PluginManager:220 - loadIPPluginJar : add plateformsettings
2026-04-21 22:18:33,846 [INFO] IPUIPlugin:80 - create IPUIPlugin
2026-04-21 22:18:33,846 [INFO] PluginManager:220 - loadIPPluginJar : add quadspi
2026-04-21 22:18:33,848 [INFO] IPUIPlugin:80 - create IPUIPlugin
2026-04-21 22:18:33,849 [INFO] PluginManager:220 - loadIPPluginJar : add radio
2026-04-21 22:18:33,853 [INFO] IPUIPlugin:80 - create IPUIPlugin
2026-04-21 22:18:33,854 [INFO] PluginManager:220 - loadIPPluginJar : add resmgrutility
2026-04-21 22:18:33,858 [INFO] IPUIPlugin:80 - create IPUIPlugin
2026-04-21 22:18:33,858 [INFO] PluginManager:220 - loadIPPluginJar : add sai
2026-04-21 22:18:33,862 [INFO] IPUIPlugin:80 - create IPUIPlugin
2026-04-21 22:18:33,864 [INFO] PluginManager:220 - loadIPPluginJar : add spi
2026-04-21 22:18:33,869 [INFO] IPUIPlugin:80 - create IPUIPlugin
2026-04-21 22:18:33,870 [INFO] PluginManager:220 - loadIPPluginJar : add stm32_wpan
2026-04-21 22:18:33,872 [INFO] IPUIPlugin:80 - create IPUIPlugin
2026-04-21 22:18:33,872 [INFO] PluginManager:220 - loadIPPluginJar : add tim
2026-04-21 22:18:33,876 [INFO] IPUIPlugin:80 - create IPUIPlugin
2026-04-21 22:18:33,876 [INFO] PluginManager:220 - loadIPPluginJar : add touchsensing
2026-04-21 22:18:33,881 [INFO] IPUIPlugin:80 - create IPUIPlugin
2026-04-21 22:18:33,881 [INFO] PluginManager:220 - loadIPPluginJar : add tracer_emb
2026-04-21 22:18:33,883 [INFO] IPUIPlugin:80 - create IPUIPlugin
2026-04-21 22:18:33,883 [INFO] PluginManager:220 - loadIPPluginJar : add ts
2026-04-21 22:18:33,886 [INFO] IPUIPlugin:80 - create IPUIPlugin
2026-04-21 22:18:33,886 [INFO] PluginManager:220 - loadIPPluginJar : add tsc
2026-04-21 22:18:33,888 [INFO] IPUIPlugin:80 - create IPUIPlugin
2026-04-21 22:18:33,888 [INFO] PluginManager:220 - loadIPPluginJar : add ucpd
2026-04-21 22:18:33,891 [INFO] IPUIPlugin:80 - create IPUIPlugin
2026-04-21 22:18:33,891 [INFO] PluginManager:220 - loadIPPluginJar : add usart
2026-04-21 22:18:33,895 [INFO] IPUIPlugin:80 - create IPUIPlugin
2026-04-21 22:18:33,895 [INFO] PluginManager:220 - loadIPPluginJar : add usbx
2026-04-21 22:18:34,043 [FATAL] Updater:351 - Updater called before beeing initialized
2026-04-21 22:18:34,139 [INFO] RulesReader:64 - Compatibility file has been processed (317 Rules)
2026-04-21 22:18:34,162 [INFO] RulesReader:64 - Compatibility file has been processed (317 Rules)
2026-04-21 22:18:34,216 [INFO] CADModel:165 - CPN selected for project level
2026-04-21 22:18:34,217 [INFO] CADModel:114 - Register for checkConnection events
2026-04-21 22:18:34,217 [FATAL] Updater:351 - Updater called before beeing initialized
2026-04-21 22:18:34,217 [ERROR] CADModel:125 - Updater not yet initialized, retry later 
2026-04-21 22:18:34,385 [FATAL] Updater:351 - Updater called before beeing initialized
2026-04-21 22:18:34,387 [INFO] CADModel:165 - CPN selected for project level
2026-04-21 22:18:34,388 [INFO] CADModel:114 - Register for checkConnection events
2026-04-21 22:18:34,388 [FATAL] Updater:351 - Updater called before beeing initialized
2026-04-21 22:18:34,388 [ERROR] CADModel:125 - Updater not yet initialized, retry later 
2026-04-21 22:18:34,391 [FATAL] Updater:351 - Updater called before beeing initialized
2026-04-21 22:18:34,518 [FATAL] Updater:351 - Updater called before beeing initialized
2026-04-21 22:18:34,522 [INFO] DbMcusAds:53 - JSON generation date=Tue Dec 16 00:11:46 CET 2025 (1765840306612)
2026-04-21 22:18:34,522 [FATAL] Updater:351 - Updater called before beeing initialized
2026-04-21 22:18:34,567 [WARN] DetailPanel:346 - Failed to get advertising image, set to default
2026-04-21 22:18:34,669 [FATAL] Updater:351 - Updater called before beeing initialized
2026-04-21 22:18:34,670 [FATAL] Updater:351 - Updater called before beeing initialized
2026-04-21 22:18:34,670 [FATAL] Updater:351 - Updater called before beeing initialized
2026-04-21 22:18:34,670 [WARN] DetailPanel:346 - Failed to get advertising image, set to default
2026-04-21 22:18:34,671 [FATAL] Updater:351 - Updater called before beeing initialized
2026-04-21 22:18:34,720 [ERROR] Updater:1198 - MainUpdater not yet initialized. External WinMGr cannot be set.
2026-04-21 22:18:34,722 [INFO] Updater:1134 - Updater Version found : 6.15.0
2026-04-21 22:18:34,741 [INFO] ApplicationProperties:184 - Using Application install path: C:\ST\STM32CubeIDE_1.19.0\STM32CubeIDE\plugins\com.st.stm32cube.common.mx_6.15.0.202507011659
2026-04-21 22:18:36,092 [INFO] ThirdPartyUpdaterWithRetryManager:70 - Updater plugin not ready yet. [2/15]
2026-04-21 22:18:36,350 [ERROR] LogOutputStream:75 - [STDERR_REDIRECT] Apr 21, 2026 10:18:36 PM java.util.prefs.WindowsPreferences <init>
2026-04-21 22:18:36,351 [ERROR] LogOutputStream:75 - [STDERR_REDIRECT] WARNING: Could not open/create prefs root node Software\JavaSoft\Prefs at root 0xffffffff80000002. Windows RegCreateKeyEx(...) returned error code 5.
2026-04-21 22:18:36,351 [ERROR] LogOutputStream:75 - [STDERR_REDIRECT] 
2026-04-21 22:18:36,766 [INFO] MainUpdater:2872 - connection check result : 10
2026-04-21 22:18:36,767 [INFO] MainUpdater:3604 - Updater definition file requires update
2026-04-21 22:18:36,769 [INFO] MainUpdater:289 - Updater Check For Update Now.
2026-04-21 22:18:36,769 [INFO] MicroXplorer:498 - Change Database Version : DB.6.0.150
2026-04-21 22:18:36,776 [INFO] McuFinderGlobals:63 - Set McuFinder mode to 2 (CubeIDE integrated)
2026-04-21 22:18:36,779 [INFO] UserAuth:487 - Internet connection configuration mode: 1
2026-04-21 22:18:36,802 [INFO] JxBrowserEngine:152 - Initiate JxBrowser Engine with user profile folder
2026-04-21 22:18:36,904 [INFO] ServerAccessManage:452 - Complete download http(s) 200
2026-04-21 22:18:36,905 [INFO] ServerAccessManage:509 - Download File updaters.zip
2026-04-21 22:18:37,093 [INFO] FileExtend:248 - Unzip File : updaters.zip
2026-04-21 22:18:37,093 [INFO] FileExtend:263 - Standard Zip Deflate
2026-04-21 22:18:37,832 [INFO] ServerAccessManage:452 - Complete download http(s) 200
2026-04-21 22:18:37,832 [INFO] ServerAccessManage:509 - Download File PacksControlFlags.xml
2026-04-21 22:18:38,016 [INFO] ServerAccessManage:452 - Complete download http(s) 200
2026-04-21 22:18:38,016 [INFO] ServerAccessManage:509 - Download File cubemx.pidx
2026-04-21 22:18:38,119 [INFO] WebApp:169 - Instantiating new browser for Auth
2026-04-21 22:18:39,130 [WARN] MainUpdater:1193 - Updater busy. Cannot search thirdparties
2026-04-21 22:18:39,130 [INFO] ThirdPartyUpdaterWithRetryManager:96 - Updater plugin is busy. [1/15]
2026-04-21 22:18:39,525 [INFO] ServerAccessManage:452 - Complete download http(s) 200
2026-04-21 22:18:39,525 [INFO] ServerAccessManage:509 - Download File STMicroelectronics.X-CUBE-ST67W61.pdsc
2026-04-21 22:18:39,667 [INFO] WebApp:463 - Apply proxy settings
2026-04-21 22:18:39,668 [INFO] WebApp:548 - Chromium requires no authentication
2026-04-21 22:18:39,675 [INFO] WebApp:491 - Direct internet connection detected
2026-04-21 22:18:39,701 [INFO] WebApp:900 - Register for checkConnection events
2026-04-21 22:18:39,701 [INFO] WebApp:463 - Apply proxy settings
2026-04-21 22:18:39,701 [INFO] WebApp:548 - Chromium requires no authentication
2026-04-21 22:18:39,701 [INFO] WebApp:491 - Direct internet connection detected
2026-04-21 22:18:39,902 [INFO] WebApp:225 - Starting web application
2026-04-21 22:18:39,902 [INFO] WebApp:593 - Web application path used C:\ST\STM32CubeIDE_1.19.0\STM32CubeIDE\plugins\com.st.stm32cube.common.mx_6.15.0.202507011659\db\plugins\mcufinder\reactClient1\index.html
2026-04-21 22:18:39,932 [INFO] WebApp:191 - Connection restablished
2026-04-21 22:18:40,221 [INFO] UserAuth:487 - Internet connection configuration mode: 1
2026-04-21 22:18:40,648 [ERROR] LogOutputStream:75 - [STDERR_REDIRECT] [Fatal Error] :1:1: Premature end of file.
2026-04-21 22:18:40,651 [ERROR] LogOutputStream:75 - [STDERR_REDIRECT] 
2026-04-21 22:18:41,043 [WARN] PopulateThirdPartyThread:106 - Error when creating pack: C:/Users/SNYDE/.stm32cubemx/thirdparties/pdsc/STMicroelectronics.X-CUBE-ST67W61.pdsc
2026-04-21 22:18:41,043 [INFO] PopulateThirdPartyThread:66 - Ending populate Thread
2026-04-21 22:18:41,046 [INFO] LoadServerUpdatesThread:375 - End of LoadServerUpdate Thread
2026-04-21 22:18:41,217 [INFO] CheckServerUpdateThread:120 - End of CheckServer Thread
2026-04-21 22:18:41,451 [ERROR] LogOutputStream:75 - [STDERR_REDIRECT] [Fatal Error] :1:1: Premature end of file.
2026-04-21 22:18:41,451 [ERROR] LogOutputStream:75 - [STDERR_REDIRECT] 
2026-04-21 22:18:42,461 [ERROR] LogOutputStream:75 - [STDERR_REDIRECT] [Fatal Error] :1:1: Premature end of file.
2026-04-21 22:18:42,461 [ERROR] LogOutputStream:75 - [STDERR_REDIRECT] 
2026-04-21 22:18:42,555 [WARN] PackLoader:240 - Cannot read IP mode file for STMicroelectronics.X-CUBE-AZRTOS-H7.3.5.0
2026-04-21 22:18:42,576 [WARN] PackLoader:240 - Cannot read IP mode file for STMicroelectronics.FP-SNS-MOTENVWB1.1.4.0
2026-04-21 22:18:42,588 [WARN] PackLoader:240 - Cannot read IP mode file for STMicroelectronics.FP-ATR-ASTRA1.2.0.2
2026-04-21 22:18:42,593 [WARN] PackLoader:240 - Cannot read IP mode file for STMicroelectronics.FP-ATR-ASTRA1.2.0.1
2026-04-21 22:18:42,603 [WARN] PackLoader:240 - Cannot read IP mode file for STMicroelectronics.X-CUBE-SMBUS.2.1.0
2026-04-21 22:18:42,611 [WARN] PackLoader:240 - Cannot read IP mode file for STMicroelectronics.X-CUBE-WB05N.1.1.0
2026-04-21 22:18:42,619 [WARN] PackLoader:240 - Cannot read IP mode file for STMicroelectronics.X-CUBE-ST60.1.0.0
2026-04-21 22:18:42,642 [WARN] PackLoader:240 - Cannot read IP mode file for STMicroelectronics.X-CUBE-AZRTOS-F7.1.1.0
2026-04-21 22:18:42,653 [WARN] PackLoader:240 - Cannot read IP mode file for STMicroelectronics.FP-SNS-MOTENV1.5.1.0
2026-04-21 22:18:42,658 [WARN] PackLoader:240 - Cannot read IP mode file for STMicroelectronics.FP-SNS-FLIGHT1.5.0.2
2026-04-21 22:18:42,702 [WARN] PackLoader:240 - Cannot read IP mode file for Infineon.AIROC-Wi-Fi-Bluetooth-STM32.1.7.0
2026-04-21 22:18:42,800 [WARN] PackLoader:240 - Cannot read IP mode file for STMicroelectronics.X-CUBE-AZRTOS-H7.3.4.0
2026-04-21 22:18:42,823 [WARN] PackLoader:240 - Cannot read IP mode file for STMicroelectronics.X-CUBE-DISPLAY.3.0.0
2026-04-21 22:18:42,838 [WARN] PackLoader:240 - Cannot read IP mode file for STMicroelectronics.FP-SNS-MOTENVWB1.1.5.0
2026-04-21 22:18:42,846 [WARN] PackLoader:240 - Cannot read IP mode file for STMicroelectronics.X-CUBE-BLE1.7.0.0
2026-04-21 22:18:42,857 [WARN] PackLoader:240 - Cannot read IP mode file for STMicroelectronics.X-CUBE-NFC10.1.0.0
2026-04-21 22:18:42,887 [WARN] PackLoader:240 - Cannot read IP mode file for STMicroelectronics.X-CUBE-BLEMGR.4.0.0
2026-04-21 22:18:42,903 [WARN] PackLoader:240 - Cannot read IP mode file for STMicroelectronics.X-CUBE-ST60.1.1.0
2026-04-21 22:18:42,923 [WARN] PackLoader:240 - Cannot read IP mode file for emotas.I-CUBE-CANOPEN.1.3.0
2026-04-21 22:18:42,935 [WARN] PackLoader:240 - Cannot read IP mode file for STMicroelectronics.X-CUBE-GNSS1.7.1.0
2026-04-21 22:18:42,952 [WARN] PackLoader:240 - Cannot read IP mode file for STMicroelectronics.X-CUBE-AI.10.0.0
2026-04-21 22:18:42,968 [WARN] PackLoader:240 - Cannot read IP mode file for STMicroelectronics.FP-SNS-STBOX1.2.1.0
2026-04-21 22:18:42,981 [WARN] PackLoader:240 - Cannot read IP mode file for STMicroelectronics.FP-SNS-SMARTAG2.1.2.0
2026-04-21 22:18:42,986 [WARN] PackLoader:240 - Cannot read IP mode file for STMicroelectronics.FP-SNS-FLIGHT1.5.1.0
2026-04-21 22:18:43,082 [WARN] PackLoader:240 - Cannot read IP mode file for STMicroelectronics.X-CUBE-MEMS1.11.1.0
2026-04-21 22:18:43,230 [INFO] LogOutputStream:77 - [STDOUT_REDIRECT] 1 : Invalid condition id : UX_CORESTACK_Condition cause : null
2026-04-21 22:18:43,231 [INFO] LogOutputStream:77 - [STDOUT_REDIRECT] 1 : Invalid condition id : UX_CORESTACK_Condition cause : null
2026-04-21 22:18:43,232 [INFO] LogOutputStream:77 - [STDOUT_REDIRECT] 1 : Invalid condition id : UX_CORESTACK_Condition cause : null
2026-04-21 22:18:43,233 [INFO] LogOutputStream:77 - [STDOUT_REDIRECT] 1 : Invalid condition id : UX_CORESTACK_Condition cause : null
2026-04-21 22:18:43,235 [INFO] LogOutputStream:77 - [STDOUT_REDIRECT] 1 : Invalid condition id : UX_CORESTACK_Condition cause : null
2026-04-21 22:18:43,238 [WARN] PackLoader:240 - Cannot read IP mode file for STMicroelectronics.X-CUBE-AZRTOS-WL.2.0.0
2026-04-21 22:18:43,242 [WARN] PackLoader:240 - Cannot read IP mode file for STMicroelectronics.FP-SNS-MOTENV1.5.0.0
2026-04-21 22:18:43,259 [WARN] PackLoader:240 - Cannot read IP mode file for STMicroelectronics.X-CUBE-AZRTOS-H7RS.1.2.0
2026-04-21 22:18:43,268 [WARN] PackLoader:240 - Cannot read IP mode file for wolfSSL.I-CUBE-wolfMQTT.1.19.0
2026-04-21 22:18:43,276 [WARN] PackLoader:240 - Cannot read IP mode file for WES.I-CUBE-Cesium.1.3.0
2026-04-21 22:18:43,283 [WARN] PackLoader:240 - Cannot read IP mode file for STMicroelectronics.X-CUBE-BLE2.3.3.0
2026-04-21 22:18:43,304 [WARN] PackLoader:240 - Cannot read IP mode file for STMicroelectronics.X-CUBE-NFC9.1.0.0
2026-04-21 22:18:43,309 [WARN] PackLoader:240 - Cannot read IP mode file for STMicroelectronics.X-CUBE-BLE1.7.1.0
2026-04-21 22:18:43,317 [WARN] PackLoader:240 - Cannot read IP mode file for STMicroelectronics.X-CUBE-FREERTOS.1.4.0
2026-04-21 22:18:43,322 [WARN] PackLoader:240 - Cannot read IP mode file for STMicroelectronics.X-CUBE-EEPRMA1.5.2.0
2026-04-21 22:18:43,332 [WARN] PackLoader:240 - Cannot read IP mode file for STMicroelectronics.X-CUBE-ST67W61.1.1.0
2026-04-21 22:18:43,336 [WARN] PackLoader:240 - Cannot read IP mode file for STMicroelectronics.X-CUBE-AI.10.1.0
2026-04-21 22:18:43,379 [WARN] PackLoader:240 - Cannot read IP mode file for STMicroelectronics.X-CUBE-MEMS1.12.0.0
2026-04-21 22:18:43,472 [ERROR] LogOutputStream:75 - [STDERR_REDIRECT] [Fatal Error] :1:1: Premature end of file.
2026-04-21 22:18:43,472 [ERROR] LogOutputStream:75 - [STDERR_REDIRECT] 
2026-04-21 22:18:43,534 [WARN] PackLoader:240 - Cannot read IP mode file for STMicroelectronics.X-CUBE-MEMS1.11.2.0
2026-04-21 22:18:43,649 [WARN] PackLoader:240 - Cannot read IP mode file for STMicroelectronics.X-CUBE-AZRTOS-G0.1.1.0
2026-04-21 22:18:43,657 [WARN] PackLoader:240 - Cannot read IP mode file for STMicroelectronics.X-CUBE-SAFEA1.1.2.2
2026-04-21 22:18:43,664 [WARN] PackLoader:240 - Cannot read IP mode file for STMicroelectronics.X-CUBE-NFC4.3.0.0
2026-04-21 22:18:43,676 [WARN] PackLoader:240 - Cannot read IP mode file for EmbeddedOffice.I-CUBE-FS-RTOS.1.0.1
2026-04-21 22:18:43,684 [WARN] PackLoader:240 - Cannot read IP mode file for STMicroelectronics.X-CUBE-WB05N.2.0.0
2026-04-21 22:18:43,691 [WARN] PackLoader:240 - Cannot read IP mode file for STMicroelectronics.X-CUBE-TCPP.4.2.0
2026-04-21 22:18:43,726 [WARN] PackLoader:240 - Cannot read IP mode file for RealThread.X-CUBE-RT-Thread_Nano.4.1.1
2026-04-21 22:18:43,735 [WARN] PackLoader:240 - Cannot read IP mode file for STMicroelectronics.FP-ATR-SIGFOX1.3.2.0
2026-04-21 22:18:43,740 [WARN] ConditionMgr:438 - getConditionDescription Invalid condition id : Cortex-A Device cause : null
2026-04-21 22:18:43,752 [WARN] ConditionMgr:1044 - genDependencies : Invalid condition id : Cortex-A Device cause : null
2026-04-21 22:18:43,752 [WARN] ConditionMgr:1044 - genDependencies : Invalid condition id : Cortex-A Device cause : null
2026-04-21 22:18:43,752 [WARN] ConditionMgr:1044 - genDependencies : Invalid condition id : Cortex-A Device cause : null
2026-04-21 22:18:43,758 [WARN] PackLoader:240 - Cannot read IP mode file for STMicroelectronics.X-CUBE-EEPRMA1.5.1.0
2026-04-21 22:18:43,768 [WARN] PackLoader:240 - Cannot read IP mode file for STMicroelectronics.X-CUBE-FREERTOS.1.5.0
2026-04-21 22:18:43,772 [WARN] PackLoader:240 - Cannot read IP mode file for wolfSSL.I-CUBE-wolfSSL.5.7.4
2026-04-21 22:18:43,779 [WARN] PackLoader:240 - Cannot read IP mode file for ITTIA_DB.I-CUBE-ITTIADB.8.9.0
2026-04-21 22:18:43,786 [WARN] PackLoader:240 - Cannot read IP mode file for STMicroelectronics.X-CUBE-NFC6.3.2.0
2026-04-21 22:18:43,792 [WARN] PackLoader:240 - Cannot read IP mode file for STMicroelectronics.X-CUBE-ST67W61.1.0.0
2026-04-21 22:18:43,797 [WARN] PackLoader:240 - Cannot read IP mode file for STMicroelectronics.X-CUBE-AI.10.2.0
2026-04-21 22:18:43,819 [WARN] PackLoader:240 - Cannot read IP mode file for SEGGER.I-CUBE-embOS.1.3.1
2026-04-21 22:18:43,857 [WARN] PackLoader:240 - Cannot read IP mode file for STMicroelectronics.X-CUBE-ALGOBUILD.1.4.0
2026-04-21 22:18:43,899 [WARN] PackLoader:240 - Cannot read IP mode file for STMicroelectronics.X-CUBE-MEMS1.11.3.0
2026-04-21 22:18:44,012 [WARN] PackLoader:240 - Cannot read IP mode file for STMicroelectronics.X-CUBE-AI.9.1.0
2026-04-21 22:18:44,017 [WARN] PackLoader:240 - Cannot read IP mode file for STMicroelectronics.X-CUBE-PM33A1.1.0.0
2026-04-21 22:18:44,032 [WARN] PackLoader:240 - Cannot read IP mode file for STMicroelectronics.X-CUBE-AZRTOS-F4.1.1.0
2026-04-21 22:18:44,037 [WARN] PackLoader:240 - Cannot read IP mode file for Avnet-IotConnect.X-CUBE-IoTC-DA16k-PMOD.1.0.0
2026-04-21 22:18:44,040 [WARN] PackLoader:240 - Cannot read IP mode file for STMicroelectronics.X-CUBE-ISPU.2.1.0
2026-04-21 22:18:44,052 [WARN] PackLoader:240 - Cannot read IP mode file for STMicroelectronics.X-CUBE-IPS.3.2.0
2026-04-21 22:18:44,062 [WARN] PackLoader:240 - Cannot read IP mode file for STMicroelectronics.eDS-WB_DPC_TT-BIDIR.2.1.1
2026-04-21 22:18:44,068 [WARN] PackLoader:240 - Cannot read IP mode file for STMicroelectronics.X-CUBE-NFC12.1.0.0
2026-04-21 22:18:44,082 [WARN] PackLoader:240 - Cannot read IP mode file for STMicroelectronics.X-CUBE-AZRTOS-L5.2.0.0
2026-04-21 22:18:44,089 [WARN] PackLoader:240 - Cannot read IP mode file for STMicroelectronics.X-CUBE-NFC6.3.1.0
2026-04-21 22:18:44,096 [WARN] PackLoader:240 - Cannot read IP mode file for STMicroelectronics.X-CUBE-DPower.1.2.0
2026-04-21 22:18:44,102 [WARN] PackLoader:240 - Cannot read IP mode file for STMicroelectronics.eDS-WB_DPC_VIENNA.1.2.0
2026-04-21 22:18:44,105 [WARN] PackLoader:240 - Cannot read IP mode file for STMicroelectronics.eDS-WB_DPC_3PH2L-BIDIR.1.1.1
2026-04-21 22:18:44,109 [ERROR] Engine:466 - C:\Users\SNYDE\.stm32cubemx\thirdparties\pdsc\STMicroelectronics.X-CUBE-ST67W61.1.3.0.pdsc: PDSC version is not supported
2026-04-21 22:18:44,116 [WARN] PackLoader:240 - Cannot read IP mode file for STMicroelectronics.X-CUBE-FREERTOS.1.3.1
2026-04-21 22:18:44,120 [WARN] PackLoader:240 - Cannot read IP mode file for STMicroelectronics.X-CUBE-FREERTOS.1.3.0
2026-04-21 22:18:44,125 [WARN] PackLoader:240 - Cannot read IP mode file for STMicroelectronics.X-CUBE-NFC7.1.0.1
2026-04-21 22:18:44,131 [WARN] PackLoader:240 - Cannot read IP mode file for STMicroelectronics.X-CUBE-TOUCHGFX.4.26.0
2026-04-21 22:18:44,134 [WARN] PackLoader:240 - Cannot read IP mode file for STMicroelectronics.X-CUBE-TOUCHGFX.4.26.1
2026-04-21 22:18:44,138 [WARN] PackLoader:240 - Cannot read IP mode file for STMicroelectronics.FP-SNS-STAIOTCFT.1.0.0
2026-04-21 22:18:44,142 [WARN] PackLoader:240 - Cannot read IP mode file for STMicroelectronics.X-CUBE-DPower.1.3.0
2026-04-21 22:18:44,158 [WARN] ConditionMgr:438 - getConditionDescription Invalid condition id : LAN8742 Phy interface Condition cause : null
2026-04-21 22:18:44,158 [WARN] PackLoader:240 - Cannot read IP mode file for STMicroelectronics.X-CUBE-AZRTOS-L4.2.0.0
2026-04-21 22:18:44,159 [WARN] ConditionMgr:1044 - genDependencies : Invalid condition id : LAN8742 Phy interface Condition cause : null
2026-04-21 22:18:44,159 [WARN] ConditionMgr:1044 - genDependencies : Invalid condition id : LAN8742 Phy interface Condition cause : null
2026-04-21 22:18:44,159 [WARN] ConditionMgr:1044 - genDependencies : Invalid condition id : LAN8742 Phy interface Condition cause : null
2026-04-21 22:18:44,170 [WARN] PackLoader:240 - Cannot read IP mode file for STMicroelectronics.X-CUBE-SFXS2LP1.4.0.0
2026-04-21 22:18:44,174 [WARN] PackLoader:240 - Cannot read IP mode file for STMicroelectronics.X-CUBE-WB05N.2.1.0
2026-04-21 22:18:44,181 [WARN] PackLoader:240 - Cannot read IP mode file for STMicroelectronics.X-CUBE-ST67W61.1.2.0
2026-04-21 22:18:44,193 [WARN] PackLoader:240 - Cannot read IP mode file for STMicroelectronics.X-CUBE-AZRTOS-H7.3.3.0
2026-04-21 22:18:44,203 [WARN] PackLoader:240 - Cannot read IP mode file for STMicroelectronics.X-CUBE-BLEMGR.4.1.0
2026-04-21 22:18:44,217 [WARN] ConditionMgr:438 - getConditionDescription Invalid condition id : UX DEVICE CLASS RTOS Condition cause : null
2026-04-21 22:18:44,217 [WARN] ConditionMgr:438 - getConditionDescription Invalid condition id : UX DEVICE CLASS RTOS Condition cause : null
2026-04-21 22:18:44,218 [WARN] PackLoader:240 - Cannot read IP mode file for STMicroelectronics.X-CUBE-AZRTOS-WB.2.0.0
2026-04-21 22:18:44,218 [WARN] ConditionMgr:1044 - genDependencies : Invalid condition id : UX DEVICE CLASS RTOS Condition cause : null
2026-04-21 22:18:44,218 [WARN] ConditionMgr:1044 - genDependencies : Invalid condition id : UX DEVICE CLASS RTOS Condition cause : null
2026-04-21 22:18:44,219 [WARN] ConditionMgr:1044 - genDependencies : Invalid condition id : UX DEVICE CLASS RTOS Condition cause : null
2026-04-21 22:18:44,219 [WARN] ConditionMgr:1044 - genDependencies : Invalid condition id : UX DEVICE CLASS RTOS Condition cause : null
2026-04-21 22:18:44,219 [WARN] ConditionMgr:1044 - genDependencies : Invalid condition id : UX DEVICE CLASS RTOS Condition cause : null
2026-04-21 22:18:44,223 [WARN] PackLoader:240 - Cannot read IP mode file for STMicroelectronics.X-CUBE-GNSS1.7.0.1
2026-04-21 22:18:44,226 [WARN] PackLoader:240 - Cannot read IP mode file for STMicroelectronics.X-CUBE-TOUCHGFX.4.25.0
2026-04-21 22:18:44,238 [WARN] PackLoader:240 - Cannot read IP mode file for STMicroelectronics.FP-SNS-STBOX1.2.0.0
2026-04-21 22:18:44,269 [WARN] PackLoader:240 - Cannot read IP mode file for STMicroelectronics.X-CUBE-STSE01.2.0.0
2026-04-21 22:18:44,287 [WARN] PackLoader:240 - Cannot read IP mode file for STMicroelectronics.X-CUBE-SUBG2.5.0.0
2026-04-21 22:18:44,370 [WARN] PackLoader:240 - Cannot read IP mode file for STMicroelectronics.X-CUBE-AZRTOS-H7RS.1.1.0
2026-04-21 22:18:44,393 [WARN] PackLoader:240 - Cannot read IP mode file for Cesanta.I-CUBE-Mongoose.7.13.0
2026-04-21 22:18:44,421 [WARN] PackLoader:240 - Cannot read IP mode file for STMicroelectronics.X-CUBE-AZRTOS-G4.2.0.0
2026-04-21 22:18:44,435 [WARN] PackLoader:240 - Cannot read IP mode file for STMicroelectronics.X-CUBE-NFC7.2.0.0
2026-04-21 22:18:44,464 [WARN] PackLoader:240 - Cannot read IP mode file for STMicroelectronics.X-CUBE-IPS.3.1.0
2026-04-21 22:18:44,489 [WARN] PackLoader:240 - Cannot read IP mode file for STMicroelectronics.X-CUBE-ALS.1.0.2
2026-04-21 22:18:44,566 [ERROR] LogOutputStream:75 - [STDERR_REDIRECT] [Fatal Error] :1:1: Premature end of file.
2026-04-21 22:18:44,566 [ERROR] LogOutputStream:75 - [STDERR_REDIRECT] 
2026-04-21 22:18:44,588 [WARN] PackLoader:240 - Cannot read IP mode file for STMicroelectronics.X-CUBE-MEMS1.10.0.0
2026-04-21 22:18:44,840 [WARN] PackLoader:240 - Cannot read IP mode file for STMicroelectronics.X-CUBE-TOUCHGFX.4.24.2
2026-04-21 22:18:44,844 [WARN] PackLoader:240 - Cannot read IP mode file for STMicroelectronics.X-CUBE-STSE01.1.0.0
2026-04-21 22:18:44,852 [WARN] PackLoader:240 - Cannot read IP mode file for wolfSSL.I-CUBE-wolfTPM.3.4.0
2026-04-21 22:18:44,858 [WARN] PackLoader:240 - Cannot read IP mode file for portGmbH.I-Cube-SoM-uGOAL.1.1.0
2026-04-21 22:18:44,874 [WARN] PackLoader:240 - Cannot read IP mode file for STMicroelectronics.X-CUBE-AZRTOS-H7RS.1.0.0
2026-04-21 22:18:44,887 [WARN] PackLoader:240 - Cannot read IP mode file for STMicroelectronics.X-CUBE-TOF1.3.4.2
2026-04-21 22:18:44,900 [WARN] PackLoader:240 - Cannot read IP mode file for STMicroelectronics.X-CUBE-TOF1.3.4.3
2026-04-21 22:18:44,908 [WARN] PackLoader:240 - Cannot read IP mode file for wolfSSL.I-CUBE-wolfSSH.1.4.17
2026-04-21 22:18:44,909 [INFO] ThirdParty:978 - Integrity check success = true
2026-04-21 22:18:44,909 [INFO] IntegrityCheckThread:100 - exiting critical section [integrity check]
2026-04-21 22:18:44,909 [INFO] IntegrityCheckThread:103 - End integrity checks thread
2026-04-21 22:18:45,451 [ERROR] LogOutputStream:75 - [STDERR_REDIRECT] [Fatal Error] :1:1: Premature end of file.
2026-04-21 22:18:45,451 [ERROR] LogOutputStream:75 - [STDERR_REDIRECT] 
2026-04-21 22:18:46,448 [ERROR] LogOutputStream:75 - [STDERR_REDIRECT] [Fatal Error] :1:1: Premature end of file.
2026-04-21 22:18:46,449 [ERROR] LogOutputStream:75 - [STDERR_REDIRECT] 
2026-04-21 22:18:47,479 [ERROR] LogOutputStream:75 - [STDERR_REDIRECT] [Fatal Error] :1:1: Premature end of file.
2026-04-21 22:18:47,480 [ERROR] LogOutputStream:75 - [STDERR_REDIRECT] 
2026-04-21 22:18:48,467 [ERROR] LogOutputStream:75 - [STDERR_REDIRECT] [Fatal Error] :1:1: Premature end of file.
2026-04-21 22:18:48,467 [ERROR] LogOutputStream:75 - [STDERR_REDIRECT] 
2026-04-21 22:18:49,458 [ERROR] LogOutputStream:75 - [STDERR_REDIRECT] [Fatal Error] :1:1: Premature end of file.
2026-04-21 22:18:49,458 [ERROR] LogOutputStream:75 - [STDERR_REDIRECT] 
2026-04-21 22:18:50,439 [ERROR] LogOutputStream:75 - [STDERR_REDIRECT] [Fatal Error] :1:1: Premature end of file.
2026-04-21 22:18:50,440 [ERROR] LogOutputStream:75 - [STDERR_REDIRECT] 
2026-04-21 22:18:51,438 [ERROR] LogOutputStream:75 - [STDERR_REDIRECT] [Fatal Error] :1:1: Premature end of file.
2026-04-21 22:18:51,438 [ERROR] LogOutputStream:75 - [STDERR_REDIRECT] 
2026-04-21 22:18:52,436 [ERROR] LogOutputStream:75 - [STDERR_REDIRECT] [Fatal Error] :1:1: Premature end of file.
2026-04-21 22:18:52,437 [ERROR] LogOutputStream:75 - [STDERR_REDIRECT] 
2026-04-21 22:18:53,476 [ERROR] LogOutputStream:75 - [STDERR_REDIRECT] [Fatal Error] :1:1: Premature end of file.
2026-04-21 22:18:53,476 [ERROR] LogOutputStream:75 - [STDERR_REDIRECT] 
2026-04-21 22:18:54,451 [ERROR] LogOutputStream:75 - [STDERR_REDIRECT] [Fatal Error] :1:1: Premature end of file.
2026-04-21 22:18:54,451 [ERROR] LogOutputStream:75 - [STDERR_REDIRECT] 
2026-04-21 22:18:55,470 [ERROR] LogOutputStream:75 - [STDERR_REDIRECT] [Fatal Error] :1:1: Premature end of file.
2026-04-21 22:18:55,470 [ERROR] LogOutputStream:75 - [STDERR_REDIRECT] 
2026-04-21 22:18:56,452 [ERROR] LogOutputStream:75 - [STDERR_REDIRECT] [Fatal Error] :1:1: Premature end of file.
2026-04-21 22:18:56,452 [ERROR] LogOutputStream:75 - [STDERR_REDIRECT] 
2026-04-21 22:18:57,441 [ERROR] LogOutputStream:75 - [STDERR_REDIRECT] [Fatal Error] :1:1: Premature end of file.
2026-04-21 22:18:57,442 [ERROR] LogOutputStream:75 - [STDERR_REDIRECT] 
2026-04-21 22:18:58,900 [ERROR] LogOutputStream:75 - [STDERR_REDIRECT] [Fatal Error] :1:1: Premature end of file.
2026-04-21 22:18:58,900 [ERROR] LogOutputStream:75 - [STDERR_REDIRECT] 
2026-04-21 22:18:59,505 [ERROR] LogOutputStream:75 - [STDERR_REDIRECT] [Fatal Error] :1:1: Premature end of file.
2026-04-21 22:18:59,505 [ERROR] LogOutputStream:75 - [STDERR_REDIRECT] 
2026-04-21 22:19:00,483 [ERROR] LogOutputStream:75 - [STDERR_REDIRECT] [Fatal Error] :1:1: Premature end of file.
2026-04-21 22:19:00,483 [ERROR] LogOutputStream:75 - [STDERR_REDIRECT] 
2026-04-21 22:19:01,447 [ERROR] LogOutputStream:75 - [STDERR_REDIRECT] [Fatal Error] :1:1: Premature end of file.
2026-04-21 22:19:01,448 [ERROR] LogOutputStream:75 - [STDERR_REDIRECT] 
2026-04-21 22:19:02,459 [ERROR] LogOutputStream:75 - [STDERR_REDIRECT] [Fatal Error] :1:1: Premature end of file.
2026-04-21 22:19:02,459 [ERROR] LogOutputStream:75 - [STDERR_REDIRECT] 
2026-04-21 22:19:03,442 [ERROR] LogOutputStream:75 - [STDERR_REDIRECT] [Fatal Error] :1:1: Premature end of file.
2026-04-21 22:19:03,442 [ERROR] LogOutputStream:75 - [STDERR_REDIRECT] 
2026-04-21 22:19:04,444 [ERROR] LogOutputStream:75 - [STDERR_REDIRECT] [Fatal Error] :1:1: Premature end of file.
2026-04-21 22:19:04,444 [ERROR] LogOutputStream:75 - [STDERR_REDIRECT] 
2026-04-21 22:19:05,441 [ERROR] LogOutputStream:75 - [STDERR_REDIRECT] [Fatal Error] :1:1: Premature end of file.
2026-04-21 22:19:05,441 [ERROR] LogOutputStream:75 - [STDERR_REDIRECT] 
2026-04-21 22:19:06,458 [ERROR] LogOutputStream:75 - [STDERR_REDIRECT] [Fatal Error] :1:1: Premature end of file.
2026-04-21 22:19:06,458 [ERROR] LogOutputStream:75 - [STDERR_REDIRECT] 
2026-04-21 22:19:07,491 [ERROR] LogOutputStream:75 - [STDERR_REDIRECT] [Fatal Error] :1:1: Premature end of file.
2026-04-21 22:19:07,492 [ERROR] LogOutputStream:75 - [STDERR_REDIRECT] 
2026-04-21 22:19:08,507 [ERROR] LogOutputStream:75 - [STDERR_REDIRECT] [Fatal Error] :1:1: Premature end of file.
2026-04-21 22:19:08,507 [ERROR] LogOutputStream:75 - [STDERR_REDIRECT] 
2026-04-21 22:19:09,446 [ERROR] LogOutputStream:75 - [STDERR_REDIRECT] [Fatal Error] :1:1: Premature end of file.
2026-04-21 22:19:09,446 [ERROR] LogOutputStream:75 - [STDERR_REDIRECT] 
2026-04-21 22:19:10,480 [ERROR] LogOutputStream:75 - [STDERR_REDIRECT] [Fatal Error] :1:1: Premature end of file.
2026-04-21 22:19:10,481 [ERROR] LogOutputStream:75 - [STDERR_REDIRECT] 
2026-04-21 22:19:11,450 [ERROR] LogOutputStream:75 - [STDERR_REDIRECT] [Fatal Error] :1:1: Premature end of file.
2026-04-21 22:19:11,450 [ERROR] LogOutputStream:75 - [STDERR_REDIRECT] 
2026-04-21 22:19:12,437 [ERROR] LogOutputStream:75 - [STDERR_REDIRECT] [Fatal Error] :1:1: Premature end of file.
2026-04-21 22:19:12,437 [ERROR] LogOutputStream:75 - [STDERR_REDIRECT] 
2026-04-21 22:19:13,525 [ERROR] LogOutputStream:75 - [STDERR_REDIRECT] [Fatal Error] :1:1: Premature end of file.
2026-04-21 22:19:13,525 [ERROR] LogOutputStream:75 - [STDERR_REDIRECT] 
2026-04-21 22:19:14,531 [ERROR] LogOutputStream:75 - [STDERR_REDIRECT] [Fatal Error] :1:1: Premature end of file.
2026-04-21 22:19:14,532 [ERROR] LogOutputStream:75 - [STDERR_REDIRECT] 
2026-04-21 22:19:15,464 [ERROR] LogOutputStream:75 - [STDERR_REDIRECT] [Fatal Error] :1:1: Premature end of file.
2026-04-21 22:19:15,465 [ERROR] LogOutputStream:75 - [STDERR_REDIRECT] 
2026-04-21 22:19:16,449 [ERROR] LogOutputStream:75 - [STDERR_REDIRECT] [Fatal Error] :1:1: Premature end of file.
2026-04-21 22:19:16,450 [ERROR] LogOutputStream:75 - [STDERR_REDIRECT] 
2026-04-21 22:19:17,458 [ERROR] LogOutputStream:75 - [STDERR_REDIRECT] [Fatal Error] :1:1: Premature end of file.
2026-04-21 22:19:17,458 [ERROR] LogOutputStream:75 - [STDERR_REDIRECT] 
2026-04-21 22:19:18,434 [ERROR] LogOutputStream:75 - [STDERR_REDIRECT] [Fatal Error] :1:1: Premature end of file.
2026-04-21 22:19:18,435 [ERROR] LogOutputStream:75 - [STDERR_REDIRECT] 
2026-04-21 22:19:19,534 [ERROR] LogOutputStream:75 - [STDERR_REDIRECT] [Fatal Error] :1:1: Premature end of file.
2026-04-21 22:19:19,535 [ERROR] LogOutputStream:75 - [STDERR_REDIRECT] 
2026-04-21 22:19:20,488 [ERROR] LogOutputStream:75 - [STDERR_REDIRECT] [Fatal Error] :1:1: Premature end of file.
2026-04-21 22:19:20,489 [ERROR] LogOutputStream:75 - [STDERR_REDIRECT] 
2026-04-21 22:19:21,560 [ERROR] LogOutputStream:75 - [STDERR_REDIRECT] [Fatal Error] :1:1: Premature end of file.
2026-04-21 22:19:21,560 [ERROR] LogOutputStream:75 - [STDERR_REDIRECT] 
2026-04-21 22:19:22,468 [ERROR] LogOutputStream:75 - [STDERR_REDIRECT] [Fatal Error] :1:1: Premature end of file.
2026-04-21 22:19:22,468 [ERROR] LogOutputStream:75 - [STDERR_REDIRECT] 
2026-04-21 22:19:23,459 [ERROR] LogOutputStream:75 - [STDERR_REDIRECT] [Fatal Error] :1:1: Premature end of file.
2026-04-21 22:19:23,460 [ERROR] LogOutputStream:75 - [STDERR_REDIRECT] 
2026-04-21 22:19:24,450 [ERROR] LogOutputStream:75 - [STDERR_REDIRECT] [Fatal Error] :1:1: Premature end of file.
2026-04-21 22:19:24,450 [ERROR] LogOutputStream:75 - [STDERR_REDIRECT] 
2026-04-21 22:19:25,443 [ERROR] LogOutputStream:75 - [STDERR_REDIRECT] [Fatal Error] :1:1: Premature end of file.
2026-04-21 22:19:25,443 [ERROR] LogOutputStream:75 - [STDERR_REDIRECT] 
2026-04-21 22:19:26,454 [ERROR] LogOutputStream:75 - [STDERR_REDIRECT] [Fatal Error] :1:1: Premature end of file.
2026-04-21 22:19:26,454 [ERROR] LogOutputStream:75 - [STDERR_REDIRECT] 
2026-04-21 22:19:27,474 [ERROR] LogOutputStream:75 - [STDERR_REDIRECT] [Fatal Error] :1:1: Premature end of file.
2026-04-21 22:19:27,474 [ERROR] LogOutputStream:75 - [STDERR_REDIRECT] 
2026-04-21 22:19:28,534 [ERROR] LogOutputStream:75 - [STDERR_REDIRECT] [Fatal Error] :1:1: Premature end of file.
2026-04-21 22:19:28,534 [ERROR] LogOutputStream:75 - [STDERR_REDIRECT] 
2026-04-21 22:19:29,439 [ERROR] LogOutputStream:75 - [STDERR_REDIRECT] [Fatal Error] :1:1: Premature end of file.
2026-04-21 22:19:29,439 [ERROR] LogOutputStream:75 - [STDERR_REDIRECT] 
2026-04-21 22:19:30,445 [ERROR] LogOutputStream:75 - [STDERR_REDIRECT] [Fatal Error] :1:1: Premature end of file.
2026-04-21 22:19:30,445 [ERROR] LogOutputStream:75 - [STDERR_REDIRECT] 
2026-04-21 22:19:31,447 [ERROR] LogOutputStream:75 - [STDERR_REDIRECT] [Fatal Error] :1:1: Premature end of file.
2026-04-21 22:19:31,447 [ERROR] LogOutputStream:75 - [STDERR_REDIRECT] 
2026-04-21 22:19:32,441 [ERROR] LogOutputStream:75 - [STDERR_REDIRECT] [Fatal Error] :1:1: Premature end of file.
2026-04-21 22:19:32,442 [ERROR] LogOutputStream:75 - [STDERR_REDIRECT] 
2026-04-21 22:19:33,463 [ERROR] LogOutputStream:75 - [STDERR_REDIRECT] [Fatal Error] :1:1: Premature end of file.
2026-04-21 22:19:33,464 [ERROR] LogOutputStream:75 - [STDERR_REDIRECT] 
2026-04-21 22:19:34,476 [ERROR] LogOutputStream:75 - [STDERR_REDIRECT] [Fatal Error] :1:1: Premature end of file.
2026-04-21 22:19:34,477 [ERROR] LogOutputStream:75 - [STDERR_REDIRECT] 
2026-04-21 22:19:35,441 [ERROR] LogOutputStream:75 - [STDERR_REDIRECT] [Fatal Error] :1:1: Premature end of file.
2026-04-21 22:19:35,441 [ERROR] LogOutputStream:75 - [STDERR_REDIRECT] 
2026-04-21 22:19:36,489 [ERROR] LogOutputStream:75 - [STDERR_REDIRECT] [Fatal Error] :1:1: Premature end of file.
2026-04-21 22:19:36,490 [ERROR] LogOutputStream:75 - [STDERR_REDIRECT] 
2026-04-21 22:19:37,477 [ERROR] LogOutputStream:75 - [STDERR_REDIRECT] [Fatal Error] :1:1: Premature end of file.
2026-04-21 22:19:37,477 [ERROR] LogOutputStream:75 - [STDERR_REDIRECT] 
2026-04-21 22:19:38,467 [ERROR] LogOutputStream:75 - [STDERR_REDIRECT] [Fatal Error] :1:1: Premature end of file.
2026-04-21 22:19:38,467 [ERROR] LogOutputStream:75 - [STDERR_REDIRECT] 
2026-04-21 22:19:39,440 [ERROR] LogOutputStream:75 - [STDERR_REDIRECT] [Fatal Error] :1:1: Premature end of file.
2026-04-21 22:19:39,440 [ERROR] LogOutputStream:75 - [STDERR_REDIRECT] 
2026-04-21 22:19:40,455 [ERROR] LogOutputStream:75 - [STDERR_REDIRECT] [Fatal Error] :1:1: Premature end of file.
2026-04-21 22:19:40,456 [ERROR] LogOutputStream:75 - [STDERR_REDIRECT] 
2026-04-21 22:19:41,460 [ERROR] LogOutputStream:75 - [STDERR_REDIRECT] [Fatal Error] :1:1: Premature end of file.
2026-04-21 22:19:41,460 [ERROR] LogOutputStream:75 - [STDERR_REDIRECT] 
2026-04-21 22:19:42,472 [ERROR] LogOutputStream:75 - [STDERR_REDIRECT] [Fatal Error] :1:1: Premature end of file.
2026-04-21 22:19:42,472 [ERROR] LogOutputStream:75 - [STDERR_REDIRECT] 
2026-04-21 22:19:43,436 [ERROR] LogOutputStream:75 - [STDERR_REDIRECT] [Fatal Error] :1:1: Premature end of file.
2026-04-21 22:19:43,436 [ERROR] LogOutputStream:75 - [STDERR_REDIRECT] 
2026-04-21 22:19:44,446 [ERROR] LogOutputStream:75 - [STDERR_REDIRECT] [Fatal Error] :1:1: Premature end of file.
2026-04-21 22:19:44,446 [ERROR] LogOutputStream:75 - [STDERR_REDIRECT] 
2026-04-21 22:19:45,436 [ERROR] LogOutputStream:75 - [STDERR_REDIRECT] [Fatal Error] :1:1: Premature end of file.
2026-04-21 22:19:45,437 [ERROR] LogOutputStream:75 - [STDERR_REDIRECT] 
2026-04-21 22:19:46,436 [ERROR] LogOutputStream:75 - [STDERR_REDIRECT] [Fatal Error] :1:1: Premature end of file.
2026-04-21 22:19:46,436 [ERROR] LogOutputStream:75 - [STDERR_REDIRECT] 
2026-04-21 22:19:47,460 [ERROR] LogOutputStream:75 - [STDERR_REDIRECT] [Fatal Error] :1:1: Premature end of file.
2026-04-21 22:19:47,460 [ERROR] LogOutputStream:75 - [STDERR_REDIRECT] 
2026-04-21 22:19:48,437 [ERROR] LogOutputStream:75 - [STDERR_REDIRECT] [Fatal Error] :1:1: Premature end of file.
2026-04-21 22:19:48,437 [ERROR] LogOutputStream:75 - [STDERR_REDIRECT] 
2026-04-21 22:19:49,461 [ERROR] LogOutputStream:75 - [STDERR_REDIRECT] [Fatal Error] :1:1: Premature end of file.
2026-04-21 22:19:49,462 [ERROR] LogOutputStream:75 - [STDERR_REDIRECT] 
2026-04-21 22:19:50,454 [ERROR] LogOutputStream:75 - [STDERR_REDIRECT] [Fatal Error] :1:1: Premature end of file.
2026-04-21 22:19:50,454 [ERROR] LogOutputStream:75 - [STDERR_REDIRECT] 
2026-04-21 22:19:51,447 [ERROR] LogOutputStream:75 - [STDERR_REDIRECT] [Fatal Error] :1:1: Premature end of file.
2026-04-21 22:19:51,447 [ERROR] LogOutputStream:75 - [STDERR_REDIRECT] 
2026-04-21 22:19:52,543 [ERROR] LogOutputStream:75 - [STDERR_REDIRECT] [Fatal Error] :1:1: Premature end of file.
2026-04-21 22:19:52,543 [ERROR] LogOutputStream:75 - [STDERR_REDIRECT] 
2026-04-21 22:19:53,449 [ERROR] LogOutputStream:75 - [STDERR_REDIRECT] [Fatal Error] :1:1: Premature end of file.
2026-04-21 22:19:53,450 [ERROR] LogOutputStream:75 - [STDERR_REDIRECT] 
2026-04-21 22:19:54,675 [ERROR] LogOutputStream:75 - [STDERR_REDIRECT] [Fatal Error] :1:1: Premature end of file.
2026-04-21 22:19:54,675 [ERROR] LogOutputStream:75 - [STDERR_REDIRECT] 
2026-04-21 22:19:55,450 [ERROR] LogOutputStream:75 - [STDERR_REDIRECT] [Fatal Error] :1:1: Premature end of file.
2026-04-21 22:19:55,450 [ERROR] LogOutputStream:75 - [STDERR_REDIRECT] 
2026-04-21 22:19:56,458 [ERROR] LogOutputStream:75 - [STDERR_REDIRECT] [Fatal Error] :1:1: Premature end of file.
2026-04-21 22:19:56,458 [ERROR] LogOutputStream:75 - [STDERR_REDIRECT] 
2026-04-21 22:19:57,458 [ERROR] LogOutputStream:75 - [STDERR_REDIRECT] [Fatal Error] :1:1: Premature end of file.
2026-04-21 22:19:57,459 [ERROR] LogOutputStream:75 - [STDERR_REDIRECT] 
2026-04-21 22:19:58,450 [ERROR] LogOutputStream:75 - [STDERR_REDIRECT] [Fatal Error] :1:1: Premature end of file.
2026-04-21 22:19:58,450 [ERROR] LogOutputStream:75 - [STDERR_REDIRECT] 
2026-04-21 22:19:59,558 [ERROR] LogOutputStream:75 - [STDERR_REDIRECT] [Fatal Error] :1:1: Premature end of file.
2026-04-21 22:19:59,559 [ERROR] LogOutputStream:75 - [STDERR_REDIRECT] 
2026-04-21 22:20:00,523 [ERROR] LogOutputStream:75 - [STDERR_REDIRECT] [Fatal Error] :1:1: Premature end of file.
2026-04-21 22:20:00,523 [ERROR] LogOutputStream:75 - [STDERR_REDIRECT] 
2026-04-21 22:20:01,446 [ERROR] LogOutputStream:75 - [STDERR_REDIRECT] [Fatal Error] :1:1: Premature end of file.
2026-04-21 22:20:01,446 [ERROR] LogOutputStream:75 - [STDERR_REDIRECT] 
2026-04-21 22:20:02,440 [ERROR] LogOutputStream:75 - [STDERR_REDIRECT] [Fatal Error] :1:1: Premature end of file.
2026-04-21 22:20:02,441 [ERROR] LogOutputStream:75 - [STDERR_REDIRECT] 
2026-04-21 22:20:03,452 [ERROR] LogOutputStream:75 - [STDERR_REDIRECT] [Fatal Error] :1:1: Premature end of file.
2026-04-21 22:20:03,452 [ERROR] LogOutputStream:75 - [STDERR_REDIRECT] 
2026-04-21 22:20:04,454 [ERROR] LogOutputStream:75 - [STDERR_REDIRECT] [Fatal Error] :1:1: Premature end of file.
2026-04-21 22:20:04,455 [ERROR] LogOutputStream:75 - [STDERR_REDIRECT] 
2026-04-21 22:20:05,464 [ERROR] LogOutputStream:75 - [STDERR_REDIRECT] [Fatal Error] :1:1: Premature end of file.
2026-04-21 22:20:05,464 [ERROR] LogOutputStream:75 - [STDERR_REDIRECT] 
2026-04-21 22:20:06,466 [ERROR] LogOutputStream:75 - [STDERR_REDIRECT] [Fatal Error] :1:1: Premature end of file.
2026-04-21 22:20:06,466 [ERROR] LogOutputStream:75 - [STDERR_REDIRECT] 
2026-04-21 22:20:07,442 [ERROR] LogOutputStream:75 - [STDERR_REDIRECT] [Fatal Error] :1:1: Premature end of file.
2026-04-21 22:20:07,443 [ERROR] LogOutputStream:75 - [STDERR_REDIRECT] 
2026-04-21 22:20:08,445 [ERROR] LogOutputStream:75 - [STDERR_REDIRECT] [Fatal Error] :1:1: Premature end of file.
2026-04-21 22:20:08,446 [ERROR] LogOutputStream:75 - [STDERR_REDIRECT] 
2026-04-21 22:20:09,448 [ERROR] LogOutputStream:75 - [STDERR_REDIRECT] [Fatal Error] :1:1: Premature end of file.
2026-04-21 22:20:09,448 [ERROR] LogOutputStream:75 - [STDERR_REDIRECT] 
2026-04-21 22:20:10,446 [ERROR] LogOutputStream:75 - [STDERR_REDIRECT] [Fatal Error] :1:1: Premature end of file.
2026-04-21 22:20:10,446 [ERROR] LogOutputStream:75 - [STDERR_REDIRECT] 
2026-04-21 22:20:11,457 [ERROR] LogOutputStream:75 - [STDERR_REDIRECT] [Fatal Error] :1:1: Premature end of file.
2026-04-21 22:20:11,458 [ERROR] LogOutputStream:75 - [STDERR_REDIRECT] 
2026-04-21 22:20:12,450 [ERROR] LogOutputStream:75 - [STDERR_REDIRECT] [Fatal Error] :1:1: Premature end of file.
2026-04-21 22:20:12,451 [ERROR] LogOutputStream:75 - [STDERR_REDIRECT] 
2026-04-21 22:20:13,443 [ERROR] LogOutputStream:75 - [STDERR_REDIRECT] [Fatal Error] :1:1: Premature end of file.
2026-04-21 22:20:13,444 [ERROR] LogOutputStream:75 - [STDERR_REDIRECT] 
2026-04-21 22:20:14,447 [ERROR] LogOutputStream:75 - [STDERR_REDIRECT] [Fatal Error] :1:1: Premature end of file.
2026-04-21 22:20:14,448 [ERROR] LogOutputStream:75 - [STDERR_REDIRECT] 
2026-04-21 22:20:15,445 [ERROR] LogOutputStream:75 - [STDERR_REDIRECT] [Fatal Error] :1:1: Premature end of file.
2026-04-21 22:20:15,445 [ERROR] LogOutputStream:75 - [STDERR_REDIRECT] 
2026-04-21 22:20:16,523 [ERROR] LogOutputStream:75 - [STDERR_REDIRECT] [Fatal Error] :1:1: Premature end of file.
2026-04-21 22:20:16,523 [ERROR] LogOutputStream:75 - [STDERR_REDIRECT] 
2026-04-21 22:20:17,581 [ERROR] LogOutputStream:75 - [STDERR_REDIRECT] [Fatal Error] :1:1: Premature end of file.
2026-04-21 22:20:17,582 [ERROR] LogOutputStream:75 - [STDERR_REDIRECT] 
2026-04-21 22:20:18,481 [ERROR] LogOutputStream:75 - [STDERR_REDIRECT] [Fatal Error] :1:1: Premature end of file.
2026-04-21 22:20:18,481 [ERROR] LogOutputStream:75 - [STDERR_REDIRECT] 
2026-04-21 22:20:19,449 [ERROR] LogOutputStream:75 - [STDERR_REDIRECT] [Fatal Error] :1:1: Premature end of file.
2026-04-21 22:20:19,449 [ERROR] LogOutputStream:75 - [STDERR_REDIRECT] 
2026-04-21 22:20:20,445 [ERROR] LogOutputStream:75 - [STDERR_REDIRECT] [Fatal Error] :1:1: Premature end of file.
2026-04-21 22:20:20,445 [ERROR] LogOutputStream:75 - [STDERR_REDIRECT] 
2026-04-21 22:20:21,447 [ERROR] LogOutputStream:75 - [STDERR_REDIRECT] [Fatal Error] :1:1: Premature end of file.
2026-04-21 22:20:21,447 [ERROR] LogOutputStream:75 - [STDERR_REDIRECT] 
2026-04-21 22:20:22,442 [ERROR] LogOutputStream:75 - [STDERR_REDIRECT] [Fatal Error] :1:1: Premature end of file.
2026-04-21 22:20:22,443 [ERROR] LogOutputStream:75 - [STDERR_REDIRECT] 
2026-04-21 22:20:23,437 [ERROR] LogOutputStream:75 - [STDERR_REDIRECT] [Fatal Error] :1:1: Premature end of file.
2026-04-21 22:20:23,437 [ERROR] LogOutputStream:75 - [STDERR_REDIRECT] 
2026-04-21 22:20:24,479 [ERROR] LogOutputStream:75 - [STDERR_REDIRECT] [Fatal Error] :1:1: Premature end of file.
2026-04-21 22:20:24,480 [ERROR] LogOutputStream:75 - [STDERR_REDIRECT] 
2026-04-21 22:20:25,439 [ERROR] LogOutputStream:75 - [STDERR_REDIRECT] [Fatal Error] :1:1: Premature end of file.
2026-04-21 22:20:25,439 [ERROR] LogOutputStream:75 - [STDERR_REDIRECT] 
2026-04-21 22:20:26,437 [ERROR] LogOutputStream:75 - [STDERR_REDIRECT] [Fatal Error] :1:1: Premature end of file.
2026-04-21 22:20:26,437 [ERROR] LogOutputStream:75 - [STDERR_REDIRECT] 
2026-04-21 22:20:27,455 [ERROR] LogOutputStream:75 - [STDERR_REDIRECT] [Fatal Error] :1:1: Premature end of file.
2026-04-21 22:20:27,455 [ERROR] LogOutputStream:75 - [STDERR_REDIRECT] 
2026-04-21 22:20:28,451 [ERROR] LogOutputStream:75 - [STDERR_REDIRECT] [Fatal Error] :1:1: Premature end of file.
2026-04-21 22:20:28,452 [ERROR] LogOutputStream:75 - [STDERR_REDIRECT] 
2026-04-21 22:20:29,472 [ERROR] LogOutputStream:75 - [STDERR_REDIRECT] [Fatal Error] :1:1: Premature end of file.
2026-04-21 22:20:29,472 [ERROR] LogOutputStream:75 - [STDERR_REDIRECT] 
2026-04-21 22:20:30,448 [ERROR] LogOutputStream:75 - [STDERR_REDIRECT] [Fatal Error] :1:1: Premature end of file.
2026-04-21 22:20:30,449 [ERROR] LogOutputStream:75 - [STDERR_REDIRECT] 
2026-04-21 22:20:31,528 [ERROR] LogOutputStream:75 - [STDERR_REDIRECT] [Fatal Error] :1:1: Premature end of file.
2026-04-21 22:20:31,529 [ERROR] LogOutputStream:75 - [STDERR_REDIRECT] 
2026-04-21 22:20:32,586 [ERROR] LogOutputStream:75 - [STDERR_REDIRECT] [Fatal Error] :1:1: Premature end of file.
2026-04-21 22:20:32,586 [ERROR] LogOutputStream:75 - [STDERR_REDIRECT] 
2026-04-21 22:20:33,455 [ERROR] LogOutputStream:75 - [STDERR_REDIRECT] [Fatal Error] :1:1: Premature end of file.
2026-04-21 22:20:33,455 [ERROR] LogOutputStream:75 - [STDERR_REDIRECT] 
2026-04-21 22:20:34,451 [ERROR] LogOutputStream:75 - [STDERR_REDIRECT] [Fatal Error] :1:1: Premature end of file.
2026-04-21 22:20:34,451 [ERROR] LogOutputStream:75 - [STDERR_REDIRECT] 
2026-04-21 22:20:35,448 [ERROR] LogOutputStream:75 - [STDERR_REDIRECT] [Fatal Error] :1:1: Premature end of file.
2026-04-21 22:20:35,449 [ERROR] LogOutputStream:75 - [STDERR_REDIRECT] 
2026-04-21 22:20:36,441 [ERROR] LogOutputStream:75 - [STDERR_REDIRECT] [Fatal Error] :1:1: Premature end of file.
2026-04-21 22:20:36,441 [ERROR] LogOutputStream:75 - [STDERR_REDIRECT] 
2026-04-21 22:20:37,446 [ERROR] LogOutputStream:75 - [STDERR_REDIRECT] [Fatal Error] :1:1: Premature end of file.
2026-04-21 22:20:37,446 [ERROR] LogOutputStream:75 - [STDERR_REDIRECT] 
2026-04-21 22:20:38,444 [ERROR] LogOutputStream:75 - [STDERR_REDIRECT] [Fatal Error] :1:1: Premature end of file.
2026-04-21 22:20:38,445 [ERROR] LogOutputStream:75 - [STDERR_REDIRECT] 
2026-04-21 22:20:39,443 [ERROR] LogOutputStream:75 - [STDERR_REDIRECT] [Fatal Error] :1:1: Premature end of file.
2026-04-21 22:20:39,443 [ERROR] LogOutputStream:75 - [STDERR_REDIRECT] 
2026-04-21 22:20:40,454 [ERROR] LogOutputStream:75 - [STDERR_REDIRECT] [Fatal Error] :1:1: Premature end of file.
2026-04-21 22:20:40,454 [ERROR] LogOutputStream:75 - [STDERR_REDIRECT] 
2026-04-21 22:20:41,561 [ERROR] LogOutputStream:75 - [STDERR_REDIRECT] [Fatal Error] :1:1: Premature end of file.
2026-04-21 22:20:41,561 [ERROR] LogOutputStream:75 - [STDERR_REDIRECT] 
2026-04-21 22:20:42,574 [ERROR] LogOutputStream:75 - [STDERR_REDIRECT] [Fatal Error] :1:1: Premature end of file.
2026-04-21 22:20:42,574 [ERROR] LogOutputStream:75 - [STDERR_REDIRECT] 
2026-04-21 22:20:43,523 [ERROR] LogOutputStream:75 - [STDERR_REDIRECT] [Fatal Error] :1:1: Premature end of file.
2026-04-21 22:20:43,523 [ERROR] LogOutputStream:75 - [STDERR_REDIRECT] 
2026-04-21 22:20:44,458 [ERROR] LogOutputStream:75 - [STDERR_REDIRECT] [Fatal Error] :1:1: Premature end of file.
2026-04-21 22:20:44,458 [ERROR] LogOutputStream:75 - [STDERR_REDIRECT] 
2026-04-21 22:20:45,441 [ERROR] LogOutputStream:75 - [STDERR_REDIRECT] [Fatal Error] :1:1: Premature end of file.
2026-04-21 22:20:45,441 [ERROR] LogOutputStream:75 - [STDERR_REDIRECT] 
2026-04-21 22:20:46,455 [ERROR] LogOutputStream:75 - [STDERR_REDIRECT] [Fatal Error] :1:1: Premature end of file.
2026-04-21 22:20:46,455 [ERROR] LogOutputStream:75 - [STDERR_REDIRECT] 
2026-04-21 22:20:47,441 [ERROR] LogOutputStream:75 - [STDERR_REDIRECT] [Fatal Error] :1:1: Premature end of file.
2026-04-21 22:20:47,441 [ERROR] LogOutputStream:75 - [STDERR_REDIRECT] 
2026-04-21 22:20:48,520 [ERROR] LogOutputStream:75 - [STDERR_REDIRECT] [Fatal Error] :1:1: Premature end of file.
2026-04-21 22:20:48,520 [ERROR] LogOutputStream:75 - [STDERR_REDIRECT] 
2026-04-21 22:20:49,573 [ERROR] LogOutputStream:75 - [STDERR_REDIRECT] [Fatal Error] :1:1: Premature end of file.
2026-04-21 22:20:49,574 [ERROR] LogOutputStream:75 - [STDERR_REDIRECT] 
2026-04-21 22:20:50,446 [ERROR] LogOutputStream:75 - [STDERR_REDIRECT] [Fatal Error] :1:1: Premature end of file.
2026-04-21 22:20:50,447 [ERROR] LogOutputStream:75 - [STDERR_REDIRECT] 
2026-04-21 22:20:51,458 [ERROR] LogOutputStream:75 - [STDERR_REDIRECT] [Fatal Error] :1:1: Premature end of file.
2026-04-21 22:20:51,458 [ERROR] LogOutputStream:75 - [STDERR_REDIRECT] 
2026-04-21 22:20:52,512 [ERROR] LogOutputStream:75 - [STDERR_REDIRECT] [Fatal Error] :1:1: Premature end of file.
2026-04-21 22:20:52,513 [ERROR] LogOutputStream:75 - [STDERR_REDIRECT] 
2026-04-21 22:20:53,447 [ERROR] LogOutputStream:75 - [STDERR_REDIRECT] [Fatal Error] :1:1: Premature end of file.
2026-04-21 22:20:53,447 [ERROR] LogOutputStream:75 - [STDERR_REDIRECT] 
2026-04-21 22:20:54,598 [ERROR] LogOutputStream:75 - [STDERR_REDIRECT] [Fatal Error] :1:1: Premature end of file.
2026-04-21 22:20:54,598 [ERROR] LogOutputStream:75 - [STDERR_REDIRECT] 
2026-04-21 22:20:55,568 [ERROR] LogOutputStream:75 - [STDERR_REDIRECT] [Fatal Error] :1:1: Premature end of file.
2026-04-21 22:20:55,568 [ERROR] LogOutputStream:75 - [STDERR_REDIRECT] 
2026-04-21 22:20:56,543 [ERROR] LogOutputStream:75 - [STDERR_REDIRECT] [Fatal Error] :1:1: Premature end of file.
2026-04-21 22:20:56,543 [ERROR] LogOutputStream:75 - [STDERR_REDIRECT] 
2026-04-21 22:20:57,555 [ERROR] LogOutputStream:75 - [STDERR_REDIRECT] [Fatal Error] :1:1: Premature end of file.
2026-04-21 22:20:57,555 [ERROR] LogOutputStream:75 - [STDERR_REDIRECT] 
2026-04-21 22:20:58,513 [ERROR] LogOutputStream:75 - [STDERR_REDIRECT] [Fatal Error] :1:1: Premature end of file.
2026-04-21 22:20:58,514 [ERROR] LogOutputStream:75 - [STDERR_REDIRECT] 
2026-04-21 22:20:59,455 [ERROR] LogOutputStream:75 - [STDERR_REDIRECT] [Fatal Error] :1:1: Premature end of file.
2026-04-21 22:20:59,455 [ERROR] LogOutputStream:75 - [STDERR_REDIRECT] 
2026-04-21 22:21:00,534 [ERROR] LogOutputStream:75 - [STDERR_REDIRECT] [Fatal Error] :1:1: Premature end of file.
2026-04-21 22:21:00,534 [ERROR] LogOutputStream:75 - [STDERR_REDIRECT] 
2026-04-21 22:21:01,606 [ERROR] LogOutputStream:75 - [STDERR_REDIRECT] [Fatal Error] :1:1: Premature end of file.
2026-04-21 22:21:01,606 [ERROR] LogOutputStream:75 - [STDERR_REDIRECT] 
2026-04-21 22:21:02,450 [ERROR] LogOutputStream:75 - [STDERR_REDIRECT] [Fatal Error] :1:1: Premature end of file.
2026-04-21 22:21:02,451 [ERROR] LogOutputStream:75 - [STDERR_REDIRECT] 
2026-04-21 22:21:03,470 [ERROR] LogOutputStream:75 - [STDERR_REDIRECT] [Fatal Error] :1:1: Premature end of file.
2026-04-21 22:21:03,470 [ERROR] LogOutputStream:75 - [STDERR_REDIRECT] 
2026-04-21 22:21:04,469 [ERROR] LogOutputStream:75 - [STDERR_REDIRECT] [Fatal Error] :1:1: Premature end of file.
2026-04-21 22:21:04,469 [ERROR] LogOutputStream:75 - [STDERR_REDIRECT] 
2026-04-21 22:21:05,449 [ERROR] LogOutputStream:75 - [STDERR_REDIRECT] [Fatal Error] :1:1: Premature end of file.
2026-04-21 22:21:05,449 [ERROR] LogOutputStream:75 - [STDERR_REDIRECT] 
2026-04-21 22:21:06,448 [ERROR] LogOutputStream:75 - [STDERR_REDIRECT] [Fatal Error] :1:1: Premature end of file.
2026-04-21 22:21:06,449 [ERROR] LogOutputStream:75 - [STDERR_REDIRECT] 
2026-04-21 22:21:07,448 [ERROR] LogOutputStream:75 - [STDERR_REDIRECT] [Fatal Error] :1:1: Premature end of file.
2026-04-21 22:21:07,448 [ERROR] LogOutputStream:75 - [STDERR_REDIRECT] 
2026-04-21 22:21:08,445 [ERROR] LogOutputStream:75 - [STDERR_REDIRECT] [Fatal Error] :1:1: Premature end of file.
2026-04-21 22:21:08,445 [ERROR] LogOutputStream:75 - [STDERR_REDIRECT] 
2026-04-21 22:21:09,439 [ERROR] LogOutputStream:75 - [STDERR_REDIRECT] [Fatal Error] :1:1: Premature end of file.
2026-04-21 22:21:09,439 [ERROR] LogOutputStream:75 - [STDERR_REDIRECT] 
2026-04-21 22:21:10,446 [ERROR] LogOutputStream:75 - [STDERR_REDIRECT] [Fatal Error] :1:1: Premature end of file.
2026-04-21 22:21:10,446 [ERROR] LogOutputStream:75 - [STDERR_REDIRECT] 
2026-04-21 22:21:11,444 [ERROR] LogOutputStream:75 - [STDERR_REDIRECT] [Fatal Error] :1:1: Premature end of file.
2026-04-21 22:21:11,444 [ERROR] LogOutputStream:75 - [STDERR_REDIRECT] 
2026-04-21 22:21:12,538 [ERROR] LogOutputStream:75 - [STDERR_REDIRECT] [Fatal Error] :1:1: Premature end of file.
2026-04-21 22:21:12,538 [ERROR] LogOutputStream:75 - [STDERR_REDIRECT] 
2026-04-21 22:21:13,631 [ERROR] LogOutputStream:75 - [STDERR_REDIRECT] [Fatal Error] :1:1: Premature end of file.
2026-04-21 22:21:13,631 [ERROR] LogOutputStream:75 - [STDERR_REDIRECT] 
2026-04-21 22:21:14,495 [ERROR] LogOutputStream:75 - [STDERR_REDIRECT] [Fatal Error] :1:1: Premature end of file.
2026-04-21 22:21:14,495 [ERROR] LogOutputStream:75 - [STDERR_REDIRECT] 
2026-04-21 22:21:15,450 [ERROR] LogOutputStream:75 - [STDERR_REDIRECT] [Fatal Error] :1:1: Premature end of file.
2026-04-21 22:21:15,450 [ERROR] LogOutputStream:75 - [STDERR_REDIRECT] 
2026-04-21 22:21:16,444 [ERROR] LogOutputStream:75 - [STDERR_REDIRECT] [Fatal Error] :1:1: Premature end of file.
2026-04-21 22:21:16,444 [ERROR] LogOutputStream:75 - [STDERR_REDIRECT] 
2026-04-21 22:21:17,467 [ERROR] LogOutputStream:75 - [STDERR_REDIRECT] [Fatal Error] :1:1: Premature end of file.
2026-04-21 22:21:17,468 [ERROR] LogOutputStream:75 - [STDERR_REDIRECT] 
2026-04-21 22:21:18,439 [ERROR] LogOutputStream:75 - [STDERR_REDIRECT] [Fatal Error] :1:1: Premature end of file.
2026-04-21 22:21:18,440 [ERROR] LogOutputStream:75 - [STDERR_REDIRECT] 
2026-04-21 22:21:19,484 [ERROR] LogOutputStream:75 - [STDERR_REDIRECT] [Fatal Error] :1:1: Premature end of file.
2026-04-21 22:21:19,484 [ERROR] LogOutputStream:75 - [STDERR_REDIRECT] 
2026-04-21 22:21:20,444 [ERROR] LogOutputStream:75 - [STDERR_REDIRECT] [Fatal Error] :1:1: Premature end of file.
2026-04-21 22:21:20,445 [ERROR] LogOutputStream:75 - [STDERR_REDIRECT] 
2026-04-21 22:21:21,449 [ERROR] LogOutputStream:75 - [STDERR_REDIRECT] [Fatal Error] :1:1: Premature end of file.
2026-04-21 22:21:21,449 [ERROR] LogOutputStream:75 - [STDERR_REDIRECT] 
2026-04-21 22:21:22,445 [ERROR] LogOutputStream:75 - [STDERR_REDIRECT] [Fatal Error] :1:1: Premature end of file.
2026-04-21 22:21:22,446 [ERROR] LogOutputStream:75 - [STDERR_REDIRECT] 
2026-04-21 22:21:23,450 [ERROR] LogOutputStream:75 - [STDERR_REDIRECT] [Fatal Error] :1:1: Premature end of file.
2026-04-21 22:21:23,450 [ERROR] LogOutputStream:75 - [STDERR_REDIRECT] 
2026-04-21 22:21:24,461 [ERROR] LogOutputStream:75 - [STDERR_REDIRECT] [Fatal Error] :1:1: Premature end of file.
2026-04-21 22:21:24,462 [ERROR] LogOutputStream:75 - [STDERR_REDIRECT] 
2026-04-21 22:21:25,440 [ERROR] LogOutputStream:75 - [STDERR_REDIRECT] [Fatal Error] :1:1: Premature end of file.
2026-04-21 22:21:25,440 [ERROR] LogOutputStream:75 - [STDERR_REDIRECT] 
2026-04-21 22:21:26,455 [ERROR] LogOutputStream:75 - [STDERR_REDIRECT] [Fatal Error] :1:1: Premature end of file.
2026-04-21 22:21:26,456 [ERROR] LogOutputStream:75 - [STDERR_REDIRECT] 
2026-04-21 22:21:27,446 [ERROR] LogOutputStream:75 - [STDERR_REDIRECT] [Fatal Error] :1:1: Premature end of file.
2026-04-21 22:21:27,446 [ERROR] LogOutputStream:75 - [STDERR_REDIRECT] 
2026-04-21 22:21:28,443 [ERROR] LogOutputStream:75 - [STDERR_REDIRECT] [Fatal Error] :1:1: Premature end of file.
2026-04-21 22:21:28,443 [ERROR] LogOutputStream:75 - [STDERR_REDIRECT] 
2026-04-21 22:21:29,442 [ERROR] LogOutputStream:75 - [STDERR_REDIRECT] [Fatal Error] :1:1: Premature end of file.
2026-04-21 22:21:29,442 [ERROR] LogOutputStream:75 - [STDERR_REDIRECT] 
2026-04-21 22:21:30,445 [ERROR] LogOutputStream:75 - [STDERR_REDIRECT] [Fatal Error] :1:1: Premature end of file.
2026-04-21 22:21:30,445 [ERROR] LogOutputStream:75 - [STDERR_REDIRECT] 
2026-04-21 22:21:31,448 [ERROR] LogOutputStream:75 - [STDERR_REDIRECT] [Fatal Error] :1:1: Premature end of file.
2026-04-21 22:21:31,448 [ERROR] LogOutputStream:75 - [STDERR_REDIRECT] 
2026-04-21 22:21:32,481 [ERROR] LogOutputStream:75 - [STDERR_REDIRECT] [Fatal Error] :1:1: Premature end of file.
2026-04-21 22:21:32,481 [ERROR] LogOutputStream:75 - [STDERR_REDIRECT] 
2026-04-21 22:21:33,593 [ERROR] LogOutputStream:75 - [STDERR_REDIRECT] [Fatal Error] :1:1: Premature end of file.
2026-04-21 22:21:33,593 [ERROR] LogOutputStream:75 - [STDERR_REDIRECT] 
2026-04-21 22:21:34,513 [ERROR] LogOutputStream:75 - [STDERR_REDIRECT] [Fatal Error] :1:1: Premature end of file.
2026-04-21 22:21:34,513 [ERROR] LogOutputStream:75 - [STDERR_REDIRECT] 
2026-04-21 22:21:35,446 [ERROR] LogOutputStream:75 - [STDERR_REDIRECT] [Fatal Error] :1:1: Premature end of file.
2026-04-21 22:21:35,446 [ERROR] LogOutputStream:75 - [STDERR_REDIRECT] 
2026-04-21 22:21:36,450 [ERROR] LogOutputStream:75 - [STDERR_REDIRECT] [Fatal Error] :1:1: Premature end of file.
2026-04-21 22:21:36,450 [ERROR] LogOutputStream:75 - [STDERR_REDIRECT] 
2026-04-21 22:21:37,444 [ERROR] LogOutputStream:75 - [STDERR_REDIRECT] [Fatal Error] :1:1: Premature end of file.
2026-04-21 22:21:37,444 [ERROR] LogOutputStream:75 - [STDERR_REDIRECT] 
2026-04-21 22:21:38,450 [ERROR] LogOutputStream:75 - [STDERR_REDIRECT] [Fatal Error] :1:1: Premature end of file.
2026-04-21 22:21:38,450 [ERROR] LogOutputStream:75 - [STDERR_REDIRECT] 
2026-04-21 22:21:39,446 [ERROR] LogOutputStream:75 - [STDERR_REDIRECT] [Fatal Error] :1:1: Premature end of file.
2026-04-21 22:21:39,446 [ERROR] LogOutputStream:75 - [STDERR_REDIRECT] 
2026-04-21 22:21:40,445 [ERROR] LogOutputStream:75 - [STDERR_REDIRECT] [Fatal Error] :1:1: Premature end of file.
2026-04-21 22:21:40,445 [ERROR] LogOutputStream:75 - [STDERR_REDIRECT] 
2026-04-21 22:21:41,442 [ERROR] LogOutputStream:75 - [STDERR_REDIRECT] [Fatal Error] :1:1: Premature end of file.
2026-04-21 22:21:41,442 [ERROR] LogOutputStream:75 - [STDERR_REDIRECT] 
2026-04-21 22:21:42,434 [ERROR] LogOutputStream:75 - [STDERR_REDIRECT] [Fatal Error] :1:1: Premature end of file.
2026-04-21 22:21:42,435 [ERROR] LogOutputStream:75 - [STDERR_REDIRECT] 
2026-04-21 22:21:43,451 [ERROR] LogOutputStream:75 - [STDERR_REDIRECT] [Fatal Error] :1:1: Premature end of file.
2026-04-21 22:21:43,451 [ERROR] LogOutputStream:75 - [STDERR_REDIRECT] 
2026-04-21 22:21:44,588 [ERROR] LogOutputStream:75 - [STDERR_REDIRECT] [Fatal Error] :1:1: Premature end of file.
2026-04-21 22:21:44,588 [ERROR] LogOutputStream:75 - [STDERR_REDIRECT] 
2026-04-21 22:21:45,525 [ERROR] LogOutputStream:75 - [STDERR_REDIRECT] [Fatal Error] :1:1: Premature end of file.
2026-04-21 22:21:45,525 [ERROR] LogOutputStream:75 - [STDERR_REDIRECT] 
2026-04-21 22:21:46,453 [ERROR] LogOutputStream:75 - [STDERR_REDIRECT] [Fatal Error] :1:1: Premature end of file.
2026-04-21 22:21:46,453 [ERROR] LogOutputStream:75 - [STDERR_REDIRECT] 
2026-04-21 22:21:47,450 [ERROR] LogOutputStream:75 - [STDERR_REDIRECT] [Fatal Error] :1:1: Premature end of file.
2026-04-21 22:21:47,450 [ERROR] LogOutputStream:75 - [STDERR_REDIRECT] 
2026-04-21 22:21:48,437 [ERROR] LogOutputStream:75 - [STDERR_REDIRECT] [Fatal Error] :1:1: Premature end of file.
2026-04-21 22:21:48,437 [ERROR] LogOutputStream:75 - [STDERR_REDIRECT] 
2026-04-21 22:21:49,444 [ERROR] LogOutputStream:75 - [STDERR_REDIRECT] [Fatal Error] :1:1: Premature end of file.
2026-04-21 22:21:49,444 [ERROR] LogOutputStream:75 - [STDERR_REDIRECT] 
2026-04-21 22:21:50,441 [ERROR] LogOutputStream:75 - [STDERR_REDIRECT] [Fatal Error] :1:1: Premature end of file.
2026-04-21 22:21:50,441 [ERROR] LogOutputStream:75 - [STDERR_REDIRECT] 
2026-04-21 22:21:51,437 [ERROR] LogOutputStream:75 - [STDERR_REDIRECT] [Fatal Error] :1:1: Premature end of file.
2026-04-21 22:21:51,438 [ERROR] LogOutputStream:75 - [STDERR_REDIRECT] 
2026-04-21 22:21:52,437 [ERROR] LogOutputStream:75 - [STDERR_REDIRECT] [Fatal Error] :1:1: Premature end of file.
2026-04-21 22:21:52,437 [ERROR] LogOutputStream:75 - [STDERR_REDIRECT] 
2026-04-21 22:21:53,445 [ERROR] LogOutputStream:75 - [STDERR_REDIRECT] [Fatal Error] :1:1: Premature end of file.
2026-04-21 22:21:53,446 [ERROR] LogOutputStream:75 - [STDERR_REDIRECT] 
2026-04-21 22:21:54,455 [ERROR] LogOutputStream:75 - [STDERR_REDIRECT] [Fatal Error] :1:1: Premature end of file.
2026-04-21 22:21:54,455 [ERROR] LogOutputStream:75 - [STDERR_REDIRECT] 
2026-04-21 22:21:55,558 [ERROR] LogOutputStream:75 - [STDERR_REDIRECT] [Fatal Error] :1:1: Premature end of file.
2026-04-21 22:21:55,558 [ERROR] LogOutputStream:75 - [STDERR_REDIRECT] 
2026-04-21 22:21:56,476 [ERROR] LogOutputStream:75 - [STDERR_REDIRECT] [Fatal Error] :1:1: Premature end of file.
2026-04-21 22:21:56,477 [ERROR] LogOutputStream:75 - [STDERR_REDIRECT] 
2026-04-21 22:21:57,447 [ERROR] LogOutputStream:75 - [STDERR_REDIRECT] [Fatal Error] :1:1: Premature end of file.
2026-04-21 22:21:57,448 [ERROR] LogOutputStream:75 - [STDERR_REDIRECT] 
2026-04-21 22:21:58,440 [ERROR] LogOutputStream:75 - [STDERR_REDIRECT] [Fatal Error] :1:1: Premature end of file.
2026-04-21 22:21:58,440 [ERROR] LogOutputStream:75 - [STDERR_REDIRECT] 
2026-04-21 22:21:59,446 [ERROR] LogOutputStream:75 - [STDERR_REDIRECT] [Fatal Error] :1:1: Premature end of file.
2026-04-21 22:21:59,447 [ERROR] LogOutputStream:75 - [STDERR_REDIRECT] 
2026-04-21 22:22:00,441 [ERROR] LogOutputStream:75 - [STDERR_REDIRECT] [Fatal Error] :1:1: Premature end of file.
2026-04-21 22:22:00,441 [ERROR] LogOutputStream:75 - [STDERR_REDIRECT] 
2026-04-21 22:22:01,438 [ERROR] LogOutputStream:75 - [STDERR_REDIRECT] [Fatal Error] :1:1: Premature end of file.
2026-04-21 22:22:01,438 [ERROR] LogOutputStream:75 - [STDERR_REDIRECT] 
2026-04-21 22:22:02,447 [ERROR] LogOutputStream:75 - [STDERR_REDIRECT] [Fatal Error] :1:1: Premature end of file.
2026-04-21 22:22:02,447 [ERROR] LogOutputStream:75 - [STDERR_REDIRECT] 
2026-04-21 22:22:03,445 [ERROR] LogOutputStream:75 - [STDERR_REDIRECT] [Fatal Error] :1:1: Premature end of file.
2026-04-21 22:22:03,446 [ERROR] LogOutputStream:75 - [STDERR_REDIRECT] 
2026-04-21 22:22:04,441 [ERROR] LogOutputStream:75 - [STDERR_REDIRECT] [Fatal Error] :1:1: Premature end of file.
2026-04-21 22:22:04,441 [ERROR] LogOutputStream:75 - [STDERR_REDIRECT] 
2026-04-21 22:22:05,461 [ERROR] LogOutputStream:75 - [STDERR_REDIRECT] [Fatal Error] :1:1: Premature end of file.
2026-04-21 22:22:05,461 [ERROR] LogOutputStream:75 - [STDERR_REDIRECT] 
2026-04-21 22:22:06,441 [ERROR] LogOutputStream:75 - [STDERR_REDIRECT] [Fatal Error] :1:1: Premature end of file.
2026-04-21 22:22:06,441 [ERROR] LogOutputStream:75 - [STDERR_REDIRECT] 
2026-04-21 22:22:07,452 [ERROR] LogOutputStream:75 - [STDERR_REDIRECT] [Fatal Error] :1:1: Premature end of file.
2026-04-21 22:22:07,452 [ERROR] LogOutputStream:75 - [STDERR_REDIRECT] 
2026-04-21 22:22:08,601 [ERROR] LogOutputStream:75 - [STDERR_REDIRECT] [Fatal Error] :1:1: Premature end of file.
2026-04-21 22:22:08,601 [ERROR] LogOutputStream:75 - [STDERR_REDIRECT] 
2026-04-21 22:22:09,548 [ERROR] LogOutputStream:75 - [STDERR_REDIRECT] [Fatal Error] :1:1: Premature end of file.
2026-04-21 22:22:09,548 [ERROR] LogOutputStream:75 - [STDERR_REDIRECT] 
2026-04-21 22:22:10,481 [ERROR] LogOutputStream:75 - [STDERR_REDIRECT] [Fatal Error] :1:1: Premature end of file.
2026-04-21 22:22:10,482 [ERROR] LogOutputStream:75 - [STDERR_REDIRECT] 
2026-04-21 22:22:11,454 [ERROR] LogOutputStream:75 - [STDERR_REDIRECT] [Fatal Error] :1:1: Premature end of file.
2026-04-21 22:22:11,454 [ERROR] LogOutputStream:75 - [STDERR_REDIRECT] 
2026-04-21 22:22:12,446 [ERROR] LogOutputStream:75 - [STDERR_REDIRECT] [Fatal Error] :1:1: Premature end of file.
2026-04-21 22:22:12,446 [ERROR] LogOutputStream:75 - [STDERR_REDIRECT] 
2026-04-21 22:22:13,443 [ERROR] LogOutputStream:75 - [STDERR_REDIRECT] [Fatal Error] :1:1: Premature end of file.
2026-04-21 22:22:13,443 [ERROR] LogOutputStream:75 - [STDERR_REDIRECT] 
2026-04-21 22:22:14,439 [ERROR] LogOutputStream:75 - [STDERR_REDIRECT] [Fatal Error] :1:1: Premature end of file.
2026-04-21 22:22:14,439 [ERROR] LogOutputStream:75 - [STDERR_REDIRECT] 
2026-04-21 22:22:15,452 [ERROR] LogOutputStream:75 - [STDERR_REDIRECT] [Fatal Error] :1:1: Premature end of file.
2026-04-21 22:22:15,453 [ERROR] LogOutputStream:75 - [STDERR_REDIRECT] 
2026-04-21 22:22:16,447 [ERROR] LogOutputStream:75 - [STDERR_REDIRECT] [Fatal Error] :1:1: Premature end of file.
2026-04-21 22:22:16,447 [ERROR] LogOutputStream:75 - [STDERR_REDIRECT] 
2026-04-21 22:22:17,457 [ERROR] LogOutputStream:75 - [STDERR_REDIRECT] [Fatal Error] :1:1: Premature end of file.
2026-04-21 22:22:17,457 [ERROR] LogOutputStream:75 - [STDERR_REDIRECT] 
2026-04-21 22:22:18,560 [ERROR] LogOutputStream:75 - [STDERR_REDIRECT] [Fatal Error] :1:1: Premature end of file.
2026-04-21 22:22:18,560 [ERROR] LogOutputStream:75 - [STDERR_REDIRECT] 
2026-04-21 22:22:19,471 [ERROR] LogOutputStream:75 - [STDERR_REDIRECT] [Fatal Error] :1:1: Premature end of file.
2026-04-21 22:22:19,471 [ERROR] LogOutputStream:75 - [STDERR_REDIRECT] 
2026-04-21 22:22:20,452 [ERROR] LogOutputStream:75 - [STDERR_REDIRECT] [Fatal Error] :1:1: Premature end of file.
2026-04-21 22:22:20,453 [ERROR] LogOutputStream:75 - [STDERR_REDIRECT] 
2026-04-21 22:22:21,438 [ERROR] LogOutputStream:75 - [STDERR_REDIRECT] [Fatal Error] :1:1: Premature end of file.
2026-04-21 22:22:21,438 [ERROR] LogOutputStream:75 - [STDERR_REDIRECT] 
2026-04-21 22:22:22,448 [ERROR] LogOutputStream:75 - [STDERR_REDIRECT] [Fatal Error] :1:1: Premature end of file.
2026-04-21 22:22:22,448 [ERROR] LogOutputStream:75 - [STDERR_REDIRECT] 
2026-04-21 22:22:23,447 [ERROR] LogOutputStream:75 - [STDERR_REDIRECT] [Fatal Error] :1:1: Premature end of file.
2026-04-21 22:22:23,447 [ERROR] LogOutputStream:75 - [STDERR_REDIRECT] 
2026-04-21 22:22:24,446 [ERROR] LogOutputStream:75 - [STDERR_REDIRECT] [Fatal Error] :1:1: Premature end of file.
2026-04-21 22:22:24,446 [ERROR] LogOutputStream:75 - [STDERR_REDIRECT] 
2026-04-21 22:22:25,438 [ERROR] LogOutputStream:75 - [STDERR_REDIRECT] [Fatal Error] :1:1: Premature end of file.
2026-04-21 22:22:25,438 [ERROR] LogOutputStream:75 - [STDERR_REDIRECT] 
2026-04-21 22:22:26,458 [ERROR] LogOutputStream:75 - [STDERR_REDIRECT] [Fatal Error] :1:1: Premature end of file.
2026-04-21 22:22:26,458 [ERROR] LogOutputStream:75 - [STDERR_REDIRECT] 
2026-04-21 22:22:27,541 [ERROR] LogOutputStream:75 - [STDERR_REDIRECT] [Fatal Error] :1:1: Premature end of file.
2026-04-21 22:22:27,542 [ERROR] LogOutputStream:75 - [STDERR_REDIRECT] 
2026-04-21 22:22:28,458 [ERROR] LogOutputStream:75 - [STDERR_REDIRECT] [Fatal Error] :1:1: Premature end of file.
2026-04-21 22:22:28,459 [ERROR] LogOutputStream:75 - [STDERR_REDIRECT] 
2026-04-21 22:22:29,446 [ERROR] LogOutputStream:75 - [STDERR_REDIRECT] [Fatal Error] :1:1: Premature end of file.
2026-04-21 22:22:29,446 [ERROR] LogOutputStream:75 - [STDERR_REDIRECT] 
2026-04-21 22:22:30,444 [ERROR] LogOutputStream:75 - [STDERR_REDIRECT] [Fatal Error] :1:1: Premature end of file.
2026-04-21 22:22:30,444 [ERROR] LogOutputStream:75 - [STDERR_REDIRECT] 
2026-04-21 22:22:31,438 [ERROR] LogOutputStream:75 - [STDERR_REDIRECT] [Fatal Error] :1:1: Premature end of file.
2026-04-21 22:22:31,438 [ERROR] LogOutputStream:75 - [STDERR_REDIRECT] 
2026-04-21 22:22:32,440 [ERROR] LogOutputStream:75 - [STDERR_REDIRECT] [Fatal Error] :1:1: Premature end of file.
2026-04-21 22:22:32,441 [ERROR] LogOutputStream:75 - [STDERR_REDIRECT] 
2026-04-21 22:22:33,439 [ERROR] LogOutputStream:75 - [STDERR_REDIRECT] [Fatal Error] :1:1: Premature end of file.
2026-04-21 22:22:33,439 [ERROR] LogOutputStream:75 - [STDERR_REDIRECT] 
2026-04-21 22:22:34,439 [ERROR] LogOutputStream:75 - [STDERR_REDIRECT] [Fatal Error] :1:1: Premature end of file.
2026-04-21 22:22:34,440 [ERROR] LogOutputStream:75 - [STDERR_REDIRECT] 
2026-04-21 22:22:35,446 [ERROR] LogOutputStream:75 - [STDERR_REDIRECT] [Fatal Error] :1:1: Premature end of file.
2026-04-21 22:22:35,446 [ERROR] LogOutputStream:75 - [STDERR_REDIRECT] 
2026-04-21 22:22:36,448 [ERROR] LogOutputStream:75 - [STDERR_REDIRECT] [Fatal Error] :1:1: Premature end of file.
2026-04-21 22:22:36,449 [ERROR] LogOutputStream:75 - [STDERR_REDIRECT] 
2026-04-21 22:22:37,638 [ERROR] LogOutputStream:75 - [STDERR_REDIRECT] [Fatal Error] :1:1: Premature end of file.
2026-04-21 22:22:37,638 [ERROR] LogOutputStream:75 - [STDERR_REDIRECT] 
2026-04-21 22:22:38,572 [ERROR] LogOutputStream:75 - [STDERR_REDIRECT] [Fatal Error] :1:1: Premature end of file.
2026-04-21 22:22:38,572 [ERROR] LogOutputStream:75 - [STDERR_REDIRECT] 
2026-04-21 22:22:39,525 [ERROR] LogOutputStream:75 - [STDERR_REDIRECT] [Fatal Error] :1:1: Premature end of file.
2026-04-21 22:22:39,525 [ERROR] LogOutputStream:75 - [STDERR_REDIRECT] 
2026-04-21 22:22:40,556 [ERROR] LogOutputStream:75 - [STDERR_REDIRECT] [Fatal Error] :1:1: Premature end of file.
2026-04-21 22:22:40,557 [ERROR] LogOutputStream:75 - [STDERR_REDIRECT] 
2026-04-21 22:22:41,525 [ERROR] LogOutputStream:75 - [STDERR_REDIRECT] [Fatal Error] :1:1: Premature end of file.
2026-04-21 22:22:41,525 [ERROR] LogOutputStream:75 - [STDERR_REDIRECT] 
2026-04-21 22:22:42,554 [ERROR] LogOutputStream:75 - [STDERR_REDIRECT] [Fatal Error] :1:1: Premature end of file.
2026-04-21 22:22:42,555 [ERROR] LogOutputStream:75 - [STDERR_REDIRECT] 
2026-04-21 22:22:43,525 [ERROR] LogOutputStream:75 - [STDERR_REDIRECT] [Fatal Error] :1:1: Premature end of file.
2026-04-21 22:22:43,525 [ERROR] LogOutputStream:75 - [STDERR_REDIRECT] 
2026-04-21 22:22:44,474 [ERROR] LogOutputStream:75 - [STDERR_REDIRECT] [Fatal Error] :1:1: Premature end of file.
2026-04-21 22:22:44,474 [ERROR] LogOutputStream:75 - [STDERR_REDIRECT] 
2026-04-21 22:22:44,674 [INFO] McuFinderGlobals:63 - Set McuFinder mode to 2 (CubeIDE integrated)
2026-04-21 22:22:44,680 [INFO] MainUpdater:2872 - connection check result : 10
2026-04-21 22:22:44,681 [INFO] MainUpdater:2872 - connection check result : 10
2026-04-21 22:22:44,743 [INFO] MicroXplorer:468 - Change Database Path : 
2026-04-21 22:22:44,743 [INFO] MicroXplorer:498 - Change Database Version : DB.6.0.150
2026-04-21 22:22:44,759 [WARN] ThirdParty:871 - waiting for thirdparty lock release [close project]
2026-04-21 22:22:44,759 [INFO] ThirdParty:873 - entering critical section [close project]
2026-04-21 22:22:44,760 [INFO] ThirdParty:883 - exiting critical section [close project]
2026-04-21 22:22:44,764 [INFO] PinOutPanel:1589 - setPackage(No Configuration,No Configuration)
2026-04-21 22:22:44,766 [INFO] UtilMem:75 - Begin LoadConfig() Used Memory: 723410616 Bytes (1073741824)
2026-04-21 22:22:44,768 [INFO] MicroXplorer:468 - Change Database Path : 
2026-04-21 22:22:44,768 [INFO] MicroXplorer:498 - Change Database Version : DB.6.0.150
2026-04-21 22:22:44,768 [INFO] OpenFileManager:355 - Change cursor
2026-04-21 22:22:44,826 [INFO] Mcu:2029 - Initializing MCU STM32G474R(B-C-E)Tx STM32G474RETx STM32G474RET6
2026-04-21 22:22:45,511 [ERROR] LogOutputStream:75 - [STDERR_REDIRECT] [Fatal Error] :1:1: Premature end of file.
2026-04-21 22:22:45,511 [ERROR] LogOutputStream:75 - [STDERR_REDIRECT] 
2026-04-21 22:22:46,586 [ERROR] LogOutputStream:75 - [STDERR_REDIRECT] [Fatal Error] :1:1: Premature end of file.
2026-04-21 22:22:46,586 [ERROR] LogOutputStream:75 - [STDERR_REDIRECT] 
2026-04-21 22:22:47,454 [ERROR] LogOutputStream:75 - [STDERR_REDIRECT] [Fatal Error] :1:1: Premature end of file.
2026-04-21 22:22:47,455 [ERROR] LogOutputStream:75 - [STDERR_REDIRECT] 
2026-04-21 22:22:48,463 [ERROR] LogOutputStream:75 - [STDERR_REDIRECT] [Fatal Error] :1:1: Premature end of file.
2026-04-21 22:22:48,464 [ERROR] LogOutputStream:75 - [STDERR_REDIRECT] 
2026-04-21 22:22:49,442 [ERROR] LogOutputStream:75 - [STDERR_REDIRECT] [Fatal Error] :1:1: Premature end of file.
2026-04-21 22:22:49,442 [ERROR] LogOutputStream:75 - [STDERR_REDIRECT] 
2026-04-21 22:22:50,454 [ERROR] LogOutputStream:75 - [STDERR_REDIRECT] [Fatal Error] :1:1: Premature end of file.
2026-04-21 22:22:50,455 [ERROR] LogOutputStream:75 - [STDERR_REDIRECT] 
2026-04-21 22:22:51,075 [INFO] Context:786 - Trying to add GPIOservice into a context  which must be forbidden
2026-04-21 22:22:51,827 [ERROR] LogOutputStream:75 - [STDERR_REDIRECT] [Fatal Error] :1:1: Premature end of file.
2026-04-21 22:22:51,827 [ERROR] LogOutputStream:75 - [STDERR_REDIRECT] 
2026-04-21 22:22:52,465 [ERROR] LogOutputStream:75 - [STDERR_REDIRECT] [Fatal Error] :1:1: Premature end of file.
2026-04-21 22:22:52,466 [ERROR] LogOutputStream:75 - [STDERR_REDIRECT] 
2026-04-21 22:22:53,394 [INFO] ImportTextPane:234 - (OptionalMessage_ERROR) Pin28 (VP_RIF_VS_RIF1) cannot be retrieved for this MCU
2026-04-21 22:22:53,463 [ERROR] LogOutputStream:75 - [STDERR_REDIRECT] [Fatal Error] :1:1: Premature end of file.
2026-04-21 22:22:53,463 [ERROR] LogOutputStream:75 - [STDERR_REDIRECT] 
2026-04-21 22:22:53,554 [INFO] RtosManager:558 - Registered RTOS mode: class=CMSIS, group=RTOS, mode=CMSIS_V1, owner=FREERTOS
2026-04-21 22:22:53,556 [INFO] RtosManager:558 - Registered RTOS mode: class=CMSIS, group=RTOS2, mode=CMSIS_V2, owner=FREERTOS
2026-04-21 22:22:53,556 [INFO] RtosManager:558 - Registered RTOS mode: class=RTOS, group=Core, mode=CMSIS_V1, owner=FREERTOS
2026-04-21 22:22:53,556 [INFO] RtosManager:558 - Registered RTOS mode: class=RTOS, group=Core, mode=CMSIS_V2, owner=FREERTOS
2026-04-21 22:22:53,557 [WARN] ModelIntegratedComponent:184 - Missing modes for component STMicroelectronics:FreeRTOS:0.0.1:STMicroelectronics:RTOS:FreeRTOS:Core:::10.2.0:
2026-04-21 22:22:53,571 [WARN] ModelIntegratedComponent:63 - No mode defined for component null
2026-04-21 22:22:53,571 [WARN] ModelIntegratedComponent:63 - No mode defined for component null
2026-04-21 22:22:53,571 [WARN] ModelIntegratedComponent:63 - No mode defined for component null
2026-04-21 22:22:53,571 [WARN] ModelIntegratedComponent:63 - No mode defined for component null
2026-04-21 22:22:53,571 [WARN] ModelIntegratedComponent:63 - No mode defined for component null
2026-04-21 22:22:53,571 [WARN] ModelIntegratedComponent:63 - No mode defined for component null
2026-04-21 22:22:53,571 [WARN] ModelIntegratedComponent:63 - No mode defined for component null
2026-04-21 22:22:53,571 [WARN] ModelIntegratedComponent:63 - No mode defined for component null
2026-04-21 22:22:53,571 [WARN] ModelIntegratedComponent:63 - No mode defined for component null
2026-04-21 22:22:53,571 [WARN] ModelIntegratedComponent:63 - No mode defined for component null
2026-04-21 22:22:53,571 [WARN] ModelIntegratedComponent:63 - No mode defined for component null
2026-04-21 22:22:53,571 [WARN] ModelIntegratedComponent:63 - No mode defined for component null
2026-04-21 22:22:53,572 [WARN] ModelIntegratedComponent:63 - No mode defined for component null
2026-04-21 22:22:53,572 [WARN] ModelIntegratedComponent:63 - No mode defined for component null
2026-04-21 22:22:53,572 [WARN] ModelIntegratedComponent:63 - No mode defined for component null
2026-04-21 22:22:53,572 [WARN] ModelIntegratedComponent:63 - No mode defined for component null
2026-04-21 22:22:53,572 [WARN] ModelIntegratedComponent:63 - No mode defined for component null
2026-04-21 22:22:53,572 [WARN] ModelIntegratedComponent:63 - No mode defined for component null
2026-04-21 22:22:53,572 [WARN] ModelIntegratedComponent:63 - No mode defined for component null
2026-04-21 22:22:53,572 [WARN] ModelIntegratedComponent:63 - No mode defined for component null
2026-04-21 22:22:53,572 [WARN] ModelIntegratedComponent:63 - No mode defined for component null
2026-04-21 22:22:53,572 [WARN] ModelIntegratedComponent:63 - No mode defined for component null
2026-04-21 22:22:53,572 [WARN] ModelIntegratedComponent:63 - No mode defined for component null
2026-04-21 22:22:53,572 [WARN] ModelIntegratedComponent:63 - No mode defined for component null
2026-04-21 22:22:53,572 [WARN] ModelIntegratedComponent:63 - No mode defined for component null
2026-04-21 22:22:53,572 [WARN] ModelIntegratedComponent:63 - No mode defined for component null
2026-04-21 22:22:53,572 [WARN] ModelIntegratedComponent:63 - No mode defined for component null
2026-04-21 22:22:53,573 [WARN] ModelIntegratedComponent:63 - No mode defined for component null
2026-04-21 22:22:53,573 [WARN] ModelIntegratedComponent:63 - No mode defined for component null
2026-04-21 22:22:53,573 [WARN] ModelIntegratedComponent:63 - No mode defined for component null
2026-04-21 22:22:53,573 [WARN] ModelIntegratedComponent:63 - No mode defined for component null
2026-04-21 22:22:53,573 [WARN] ModelIntegratedComponent:63 - No mode defined for component null
2026-04-21 22:22:53,573 [WARN] ModelIntegratedComponent:63 - No mode defined for component null
2026-04-21 22:22:53,573 [WARN] ModelIntegratedComponent:63 - No mode defined for component null
2026-04-21 22:22:53,573 [WARN] ModelIntegratedComponent:63 - No mode defined for component null
2026-04-21 22:22:53,573 [WARN] ModelPack:524 - Component already loaded: STMicroelectronics:HAL Drivers:0.0.0:STMicroelectronics:Device:STMicro_Driver:XSPI:HAL::0.0.1:HAL_XSPI
2026-04-21 22:22:54,082 [INFO] ThirdPartyModel:298 - Start build external matchings
2026-04-21 22:22:54,546 [ERROR] LogOutputStream:75 - [STDERR_REDIRECT] [Fatal Error] :1:1: Premature end of file.
2026-04-21 22:22:54,546 [ERROR] LogOutputStream:75 - [STDERR_REDIRECT] 
2026-04-21 22:22:55,442 [ERROR] LogOutputStream:75 - [STDERR_REDIRECT] [Fatal Error] :1:1: Premature end of file.
2026-04-21 22:22:55,443 [ERROR] LogOutputStream:75 - [STDERR_REDIRECT] 
2026-04-21 22:22:56,442 [ERROR] LogOutputStream:75 - [STDERR_REDIRECT] [Fatal Error] :1:1: Premature end of file.
2026-04-21 22:22:56,443 [ERROR] LogOutputStream:75 - [STDERR_REDIRECT] 
2026-04-21 22:22:56,742 [INFO] ThirdPartyModel:316 - End build external matchings
2026-04-21 22:22:56,804 [INFO] ImportTextPane:234 - (OptionalMessage_ERROR) IP (ADC1) : Parameter (CommonPathInternal) has invalid value (null|null|null|null)
2026-04-21 22:22:56,805 [INFO] ImportTextPane:234 - (OptionalMessage_ERROR) IP (DMA) : Parameter (Instance) has Id (ADC1) currently not set
2026-04-21 22:22:56,805 [INFO] ImportTextPane:234 - (OptionalMessage_ERROR) IP (DMA) : Parameter (Request) has Id (ADC1) currently not set
2026-04-21 22:22:56,805 [INFO] ImportTextPane:234 - (OptionalMessage_ERROR) IP (DMA) : Parameter (Direction) has Id (ADC1) currently not set
2026-04-21 22:22:56,805 [INFO] ImportTextPane:234 - (OptionalMessage_ERROR) IP (DMA) : Parameter (PeriphInc) has Id (ADC1) currently not set
2026-04-21 22:22:56,805 [INFO] ImportTextPane:234 - (OptionalMessage_ERROR) IP (DMA) : Parameter (MemInc) has Id (ADC1) currently not set
2026-04-21 22:22:56,806 [INFO] ImportTextPane:234 - (OptionalMessage_ERROR) IP (DMA) : Parameter (PeriphDataAlignment) has Id (ADC1) currently not set
2026-04-21 22:22:56,806 [INFO] ImportTextPane:234 - (OptionalMessage_ERROR) IP (DMA) : Parameter (MemDataAlignment) has Id (ADC1) currently not set
2026-04-21 22:22:56,806 [INFO] ImportTextPane:234 - (OptionalMessage_ERROR) IP (DMA) : Parameter (Mode) has Id (ADC1) currently not set
2026-04-21 22:22:56,806 [INFO] ImportTextPane:234 - (OptionalMessage_ERROR) IP (DMA) : Parameter (Priority) has Id (ADC1) currently not set
2026-04-21 22:22:56,806 [INFO] ImportTextPane:234 - (OptionalMessage_ERROR) IP (DMA) : Parameter (SignalID) has Id (ADC1) currently not set
2026-04-21 22:22:56,806 [INFO] ImportTextPane:234 - (OptionalMessage_ERROR) IP (DMA) : Parameter (Polarity) has Id (ADC1) currently not set
2026-04-21 22:22:56,806 [INFO] ImportTextPane:234 - (OptionalMessage_ERROR) IP (DMA) : Parameter (RequestNumber) has Id (ADC1) currently not set
2026-04-21 22:22:56,806 [INFO] ImportTextPane:234 - (OptionalMessage_ERROR) IP (DMA) : Parameter (SyncSignalID) has Id (ADC1) currently not set
2026-04-21 22:22:56,806 [INFO] ImportTextPane:234 - (OptionalMessage_ERROR) IP (DMA) : Parameter (SyncPolarity) has Id (ADC1) currently not set
2026-04-21 22:22:56,807 [INFO] ImportTextPane:234 - (OptionalMessage_ERROR) IP (DMA) : Parameter (SyncEnable) has Id (ADC1) currently not set
2026-04-21 22:22:56,807 [INFO] ImportTextPane:234 - (OptionalMessage_ERROR) IP (DMA) : Parameter (EventEnable) has Id (ADC1) currently not set
2026-04-21 22:22:56,807 [INFO] ImportTextPane:234 - (OptionalMessage_ERROR) IP (DMA) : Parameter (SyncRequestNumber) has Id (ADC1) currently not set
2026-04-21 22:22:57,465 [ERROR] LogOutputStream:75 - [STDERR_REDIRECT] [Fatal Error] :1:1: Premature end of file.
2026-04-21 22:22:57,465 [ERROR] LogOutputStream:75 - [STDERR_REDIRECT] 
2026-04-21 22:22:57,666 [INFO] ApiDb:581 - Connected to CubeFinder SQLite database (C:\Users\SNYDE\.stmcufinder\plugins\mcufinder\mcu\cube-finder-db.db)
2026-04-21 22:22:57,786 [INFO] ApiDb:668 - CubeFinder database Data Model version=2.1
2026-04-21 22:22:57,786 [INFO] ApiDb:669 - CubeFinder database Configuration version=3.0.39
2026-04-21 22:22:57,787 [INFO] ApiDb:670 - CubeFinder database generation date=2025-12-22 (1766407740)
2026-04-21 22:22:57,787 [INFO] ApiDb:671 - CubeFinder database FW Pack versions=[FP-ATR-ASTRA1_V2.0.0, FP-SNS-FLIGHT1_V5.1.0, FP-SNS-MOTENV1_V5.1.0, FP-SNS-MOTENVWB1_V1.4.0, FP-SNS-SMARTAG2_V1.2.0, FP-SNS-STBOX1_V2.1.0, STM32Cube_FW_C0_V1.4.0, STM32Cube_FW_F4_V1.28.3, STM32Cube_FW_F7_V1.17.4, STM32Cube_FW_G0_V1.6.2, STM32Cube_FW_G4_V1.6.1, STM32Cube_FW_H5_V1.5.1, STM32Cube_FW_H7RS_V1.3.0, STM32Cube_FW_H7_V1.12.1, STM32Cube_FW_L0_V1.12.2, STM32Cube_FW_L4_V1.18.1, STM32Cube_FW_L5_V1.6.0, STM32Cube_FW_N6_V1.3.0, STM32Cube_FW_U0_V1.3.0, STM32Cube_FW_U3_V1.2.1, STM32Cube_FW_U5_V1.8.0, STM32Cube_FW_WB0_V1.4.0, STM32Cube_FW_WBA_V1.8.0, STM32Cube_FW_WB_V1.24.0, STM32Cube_FW_WL3_V1.3.0, STM32Cube_FW_WL_V1.4.0, X-CUBE-ALGOBUILD_V1.4.0, X-CUBE-ALS_V1.0.2, X-CUBE-AZRTOS-F4_V1.1.0, X-CUBE-AZRTOS-F7_V1.1.0, X-CUBE-AZRTOS-G0_V1.1.0, X-CUBE-AZRTOS-G4_V2.0.0, X-CUBE-AZRTOS-H7RS_V1.1.0, X-CUBE-AZRTOS-H7_V3.4.0, X-CUBE-AZRTOS-L4_V2.0.0, X-CUBE-AZRTOS-L5_V2.0.0, X-CUBE-AZRTOS-WB_V2.0.0, X-CUBE-AZRTOS-WL_V2.0.0, X-CUBE-BLE1_V7.1.0, X-CUBE-BLE2_V3.3.0, X-CUBE-BLEMGR_V4.1.0, X-CUBE-EEPRMA1_V5.2.0, X-CUBE-FREERTOS_V1.3.1, X-CUBE-GNSS1_V6.0.0, X-CUBE-MEMS1_V12.0.0, X-CUBE-NFC4_V3.0.0, X-CUBE-NFC7_V2.0.0, X-CUBE-SFXS2LP1_V4.0.0, X-CUBE-ST67W61_V1.1.0, X-CUBE-SUBG2_V5.0.0, X-CUBE-TOF1_V3.4.3]
2026-04-21 22:22:57,945 [INFO] DbBoardsSqlite:226 - include board P-NUCLEO-WB55-NUCLEO as a kit item of type 'Nucleo-64'
2026-04-21 22:22:57,946 [INFO] DbBoardsSqlite:226 - include board P-NUCLEO-WB55-USBDONGLE as a kit item of type 'Nucleo USB Dongle'
2026-04-21 22:22:57,947 [INFO] DbBoardsSqlite:226 - include board STEVAL-IDP005V1 as a kit item of type 'Evaluation Board'
2026-04-21 22:22:57,947 [INFO] DbBoardsSqlite:226 - include board STEVAL-IDP005V2 as a kit item of type 'Evaluation Board'
2026-04-21 22:22:58,438 [ERROR] LogOutputStream:75 - [STDERR_REDIRECT] [Fatal Error] :1:1: Premature end of file.
2026-04-21 22:22:58,438 [ERROR] LogOutputStream:75 - [STDERR_REDIRECT] 
2026-04-21 22:22:58,540 [INFO] ApiDb:240 - Found 880 in-development CPN: [B-G473E-ZEST1S, B-WB1M-WPAN1, B-WBA5M-WPAN, B-WL5M-SUBG1, NUCLEO-C031C6, NUCLEO-C051C8, NUCLEO-C071RB, NUCLEO-C092RC, NUCLEO-H503RB, NUCLEO-H533RE, NUCLEO-H563ZI, NUCLEO-H7S3L8, NUCLEO-N657X0-Q, NUCLEO-U031R8, NUCLEO-U083RC, NUCLEO-U385RG-Q, NUCLEO-U545RE-Q, NUCLEO-U5A5ZJ-Q, NUCLEO-WB05KZ, NUCLEO-WB07CC, NUCLEO-WB09KE, NUCLEO-WBA52CG, NUCLEO-WBA55CG, NUCLEO-WL33CC1, NUCLEO-WL33CC2, STEVAL-PROTEUS1, STEVAL-SMARTAG2, STEVAL-STWINBX1, STM320518-EVAL, STM32C0116-DK, STM32C011D6Y3TR, STM32C011D6Y6TR, STM32C011F4P3, STM32C011F4P6, STM32C011F4U3, STM32C011F4U6TR, STM32C011F6P3, STM32C011F6P6, STM32C011F6U3, STM32C011F6U6TR, STM32C011J4M3, STM32C011J4M6, STM32C011J6M3, STM32C011J6M6, STM32C0316-DK, STM32C031C4T3, STM32C031C4T6, STM32C031C4U3, STM32C031C4U6, STM32C031C6T3, STM32C031C6T6, STM32C031C6U3, STM32C031C6U6, STM32C031F4P3, STM32C031F4P6, STM32C031F6P3, STM32C031F6P6, STM32C031G4U3, STM32C031G4U6, STM32C031G6U3, STM32C031G6U6, STM32C031K4T3, STM32C031K4T6, STM32C031K4U3, STM32C031K4U6, STM32C031K6T3, STM32C031K6T6, STM32C031K6U3, STM32C031K6U6, STM32C051C6T6, STM32C051C6U6, STM32C051C8T6, STM32C051C8U6, STM32C051D8Y6TR, STM32C051F6P6, STM32C051F8P6, STM32C051G6U6, STM32C051G8U6, STM32C051K6T6, STM32C051K6U6, STM32C051K8T6, STM32C071C8T6, STM32C071C8T6N, STM32C071C8U6, STM32C071C8U6N, STM32C071CBT6, STM32C071CBT6N, STM32C071CBU6, STM32C071CBU6N, STM32C071F8P6, STM32C071F8P6N, STM32C071FBP6, STM32C071FBP6N, STM32C071FBY6TR, STM32C071G8U6, STM32C071G8U6N, STM32C071GBU6, STM32C071GBU6N, STM32C071K8T6, STM32C071K8T6N, STM32C071K8U6, STM32C071K8U6N, STM32C071KBT6, STM32C071KBT6N, STM32C071KBU6, STM32C071KBU6N, STM32C071R8T6, STM32C071R8T6N, STM32C071RBI6N, STM32C071RBT6, STM32C071RBT6N, STM32C091CBT6, STM32C091CBU6, STM32C091CCT6, STM32C091CCU6, STM32C091ECY6TR, STM32C091FBP6, STM32C091FCP6, STM32C091GBU6, STM32C091GCU6, STM32C091KBT6, STM32C091KBU6, STM32C091KCT6, STM32C091KCU6, STM32C091RBT6, STM32C091RCI6, STM32C091RCT6, STM32C092CBT6, STM32C092CBU6, STM32C092CCT6, STM32C092CCU6, STM32C092ECY6TR, STM32C092FBP6, STM32C092FCP6, STM32C092GBU6, STM32C092GCU6, STM32C092KBT6, STM32C092KBU6, STM32C092KCT6, STM32C092KCU6, STM32C092RBT6, STM32C092RCI6, STM32C092RCT6, STM32G071K8TXN, STM32G071K8UXN, STM32G081GBU6N, STM32G081KBT6N, STM32G081KBUXN, STM32G0B1CCT6N, STM32G0B1KCT6, STM32G0B1NEY6TR, STM32G0B1RCT6N, STM32G0C1CCT6, STM32G0C1CCT6N, STM32G0C1CCU6N, STM32G0C1CET6N, STM32G0C1CEU6N, STM32G0C1KCT6, STM32G0C1NEY6TR, STM32G0C1RCI6N, STM32G0C1RCT6N, STM32G0C1REI6N, STM32G0C1RET6N, STM32G0C1VCI6, STM32G0C1VEI6, STM32G411C6T3, STM32G411C6T6, STM32G411C6U3, STM32G411C6U6, STM32G411C8T3, STM32G411C8T6, STM32G411C8U3, STM32G411C8U6, STM32G411CBT3, STM32G411CBT6, STM32G411CBU3, STM32G411CBU6, STM32G411K6T3, STM32G411K6T6, STM32G411K6U3, STM32G411K6U6, STM32G411K8T3, STM32G411K8T6, STM32G411K8U3, STM32G411K8U6, STM32G411KBT3, STM32G411KBT6, STM32G411KBU3, STM32G411KBU6, STM32G411M6T3, STM32G411M6T6, STM32G411M8T3, STM32G411M8T6, STM32G411MBT3, STM32G411MBT6, STM32G411R6T3, STM32G411R6T6, STM32G411R8T3, STM32G411R8T6, STM32G411RBT3, STM32G411RBT6, STM32G414CBT3, STM32G414CBT6, STM32G414CBU3, STM32G414CBU6, STM32G414CCT3, STM32G414CCT6, STM32G414CCU3, STM32G414CCU6, STM32G414MBT3, STM32G414MBT6, STM32G414MCT3, STM32G414MCT6, STM32G414RBT3, STM32G414RBT6, STM32G414RCT3, STM32G414RCT6, STM32G414VBT3, STM32G414VBT6, STM32G414VCT3, STM32G414VCT6, STM32G431CBT3Z, STM32G431RBT3Z, STM32G471CCT6, STM32G471CCU6, STM32G471CET3, STM32G471CET6, STM32G471CEU3, STM32G471CEU6, STM32G471MCT6, STM32G471MET3, STM32G471MET6, STM32G471MEY6TR, STM32G471QCT6, STM32G471QET3, STM32G471RCT6, STM32G471RET3, STM32G471RET6, STM32G471VCH6, STM32G471VCI6, STM32G471VCT6, STM32G471VEH3, STM32G471VEH6, STM32G471VEI3, STM32G471VEI6, STM32G471VET3, STM32G471VET6, STM32G473QET3Z, STM32G473RET3Z, STM32G474CCT6, STM32G491RET3Z, STM32H503CBT6, STM32H503CBU6, STM32H503EBY6TR, STM32H503KBU6, STM32H503RBT6, STM32H523CCT6, STM32H523CCU6, STM32H523CET6, STM32H523CEU6, STM32H523HEY6TR, STM32H523RCT6, STM32H523RET6, STM32H523VCI6, STM32H523VCT6, STM32H523VEI6, STM32H523VET6, STM32H523ZCJ6, STM32H523ZCT6, STM32H523ZEJ6, STM32H523ZET6, STM32H533CET6, STM32H533CEU6, STM32H533HEY6TR, STM32H533RET6, STM32H533VEI6, STM32H533VET6, STM32H533ZEJ6, STM32H533ZET6, STM32H562AGI6, STM32H562AII6, STM32H562IGK6, STM32H562IGT6, STM32H562IIK6, STM32H562IIT6, STM32H562RGT6, STM32H562RGV6, STM32H562RIT6, STM32H562RIV6, STM32H562VGT6, STM32H562VIT6, STM32H562ZGT6, STM32H562ZIT6, STM32H563AGI6, STM32H563AII3Q, STM32H563AII6, STM32H563IGK6, STM32H563IGT6, STM32H563IIK3Q, STM32H563IIK6, STM32H563IIT3Q, STM32H563IIT6, STM32H563MIY3QTR, STM32H563RGT6, STM32H563RGV6, STM32H563RIT6, STM32H563RIV6, STM32H563VGT6, STM32H563VIT3Q, STM32H563VIT6, STM32H563ZGT6, STM32H563ZIT3Q, STM32H563ZIT6, STM32H573AII3Q, STM32H573AII6, STM32H573I-DK, STM32H573IIK3Q, STM32H573IIK6, STM32H573IIT3Q, STM32H573IIT6, STM32H573MIY3QTR, STM32H573RIT6, STM32H573RIV6, STM32H573VIT3Q, STM32H573VIT6, STM32H573ZIT3Q, STM32H573ZIT6, STM32H7R3A8I6, STM32H7R3I8K6, STM32H7R3I8T6, STM32H7R3L8H6, STM32H7R3L8H6H, STM32H7R3R8V6, STM32H7R3V8H6, STM32H7R3V8T6, STM32H7R3V8Y6TR, STM32H7R3Z8J6, STM32H7R3Z8T6, STM32H7R7A8I6, STM32H7R7I8K6, STM32H7R7I8T6, STM32H7R7L8H6, STM32H7R7L8H6H, STM32H7R7Z8J6, STM32H7S3A8I6, STM32H7S3I8K6, STM32H7S3I8T6, STM32H7S3L8H6, STM32H7S3L8H6H, STM32H7S3R8V6, STM32H7S3V8H6, STM32H7S3V8T6, STM32H7S3V8Y6TR, STM32H7S3Z8J6, STM32H7S3Z8T6, STM32H7S78-DK, STM32H7S7A8I6, STM32H7S7I8K6, STM32H7S7I8T6, STM32H7S7L8H6, STM32H7S7L8H6H, STM32H7S7Z8J6, STM32L4R5QGI6STR, STM32MP131AAE3, STM32MP131AAF3, STM32MP131AAG3, STM32MP131CAE3, STM32MP131CAF3, STM32MP131CAG3, STM32MP131DAE7, STM32MP131DAF7, STM32MP131DAG7, STM32MP131FAE7, STM32MP131FAF7, STM32MP131FAG7, STM32MP133AAE3, STM32MP133AAF3, STM32MP133AAG3, STM32MP133CAE3, STM32MP133CAF3, STM32MP133CAG3, STM32MP133DAE7, STM32MP133DAF7, STM32MP133DAG7, STM32MP133FAE7, STM32MP133FAF7, STM32MP133FAG7, STM32MP135AAE3, STM32MP135AAF3, STM32MP135AAG3, STM32MP135CAE3, STM32MP135CAF3, STM32MP135CAG3, STM32MP135DAE7, STM32MP135DAF7, STM32MP135DAG7, STM32MP135F-DK, STM32MP135FAE7, STM32MP135FAF7, STM32MP135FAF7T, STM32MP135FAF7U, STM32MP135FAG7, STM32MP211AAL3, STM32MP211AAM3, STM32MP211AAN3, STM32MP211AAO3, STM32MP211CAL3, STM32MP211CAM3, STM32MP211CAN3, STM32MP211CAO3, STM32MP211DAL3, STM32MP211DAM3, STM32MP211DAN3, STM32MP211DAO3, STM32MP211FAL3, STM32MP211FAM3, STM32MP211FAN3, STM32MP211FAO3, STM32MP213AAL3, STM32MP213AAM3, STM32MP213AAN3, STM32MP213AAO3, STM32MP213CAL3, STM32MP213CAM3, STM32MP213CAN3, STM32MP213CAO3, STM32MP213DAL3, STM32MP213DAM3, STM32MP213DAN3, STM32MP213DAO3, STM32MP213FAL3, STM32MP213FAM3, STM32MP213FAN3, STM32MP213FAO3, STM32MP215AAL3, STM32MP215AAM3, STM32MP215AAN3, STM32MP215AAO3, STM32MP215CAL3, STM32MP215CAM3, STM32MP215CAN3, STM32MP215CAO3, STM32MP215DAL3, STM32MP215DAM3, STM32MP215DAN3, STM32MP215DAO3, STM32MP215F-DK, STM32MP215FAL3, STM32MP215FAM3, STM32MP215FAN3, STM32MP215FAO3, STM32MP231AAJ3, STM32MP231AAK3, STM32MP231AAL3, STM32MP231CAJ3, STM32MP231CAK3, STM32MP231CAL3, STM32MP231DAJ3, STM32MP231DAK3, STM32MP231DAL3, STM32MP231FAJ3, STM32MP231FAK3, STM32MP231FAL3, STM32MP233AAJ3, STM32MP233AAK3, STM32MP233AAL3, STM32MP233CAJ3, STM32MP233CAK3, STM32MP233CAL3, STM32MP233DAJ3, STM32MP233DAK3, STM32MP233DAL3, STM32MP233FAJ3, STM32MP233FAK3, STM32MP233FAL3, STM32MP235AAJ3, STM32MP235AAK3, STM32MP235AAL3, STM32MP235CAJ3, STM32MP235CAK3, STM32MP235CAL3, STM32MP235DAJ3, STM32MP235DAK3, STM32MP235DAL3, STM32MP235FAJ3, STM32MP235FAK3, STM32MP235FAL3, STM32MP251AAI3, STM32MP251AAK3, STM32MP251AAL3, STM32MP251CAI3, STM32MP251CAK3, STM32MP251CAL3, STM32MP251DAI3, STM32MP251DAK3, STM32MP251DAL3, STM32MP251FAI3, STM32MP251FAK3, STM32MP251FAL3, STM32MP253AAI3, STM32MP253AAK3, STM32MP253AAL3, STM32MP253CAI3, STM32MP253CAK3, STM32MP253CAL3, STM32MP253DAI3, STM32MP253DAK3, STM32MP253DAL3, STM32MP253FAI3, STM32MP253FAK3, STM32MP253FAL3, STM32MP255AAI3, STM32MP255AAK3, STM32MP255AAL3, STM32MP255CAI3, STM32MP255CAK3, STM32MP255CAL3, STM32MP255DAI3, STM32MP255DAK3, STM32MP255DAL3, STM32MP255FAI3, STM32MP255FAK3, STM32MP255FAL3, STM32MP257AAI3, STM32MP257AAK3, STM32MP257AAL3, STM32MP257CAI3, STM32MP257CAK3, STM32MP257CAL3, STM32MP257DAI3, STM32MP257DAK3, STM32MP257DAL3, STM32MP257F-DK, STM32MP257F-EV1, STM32MP257FAI3, STM32MP257FAK3, STM32MP257FAL3, STM32N645A0H3Q, STM32N645B0H3Q, STM32N645I0H3Q, STM32N645L0H3Q, STM32N645X0H3Q, STM32N645Z0H3Q, STM32N647A0H3Q, STM32N647B0H3Q, STM32N647I0H3Q, STM32N647L0H3Q, STM32N647X0H3Q, STM32N647Z0H3Q, STM32N655A0H3Q, STM32N655B0H3Q, STM32N655I0H3Q, STM32N655L0H3Q, STM32N655X0H3Q, STM32N655Z0H3Q, STM32N6570-DK, STM32N657A0H3Q, STM32N657B0H3Q, STM32N657I0H3Q, STM32N657L0H3Q, STM32N657X0H3Q, STM32N657Z0H3Q, STM32U031C6T6, STM32U031C6U6, STM32U031C8T6, STM32U031C8U6, STM32U031F4P6, STM32U031F6P6, STM32U031F8P6, STM32U031G6Y6TR, STM32U031G8Y6TR, STM32U031K4U6, STM32U031K6U6, STM32U031K8U6, STM32U031R6I6, STM32U031R6T6, STM32U031R8I6, STM32U031R8T6, STM32U073C8T6, STM32U073C8U6, STM32U073CBT6, STM32U073CBU6, STM32U073CCT6, STM32U073CCU6, STM32U073H8Y6TR, STM32U073HBY6TR, STM32U073HCY6TR, STM32U073K8U6, STM32U073KBU6, STM32U073KCU6, STM32U073M8I6, STM32U073M8T6, STM32U073MBI6, STM32U073MBT6, STM32U073MCI6, STM32U073MCT6, STM32U073R8I6, STM32U073R8T6, STM32U073RBI6, STM32U073RBT6, STM32U073RCI6, STM32U073RCT6, STM32U083C-DK, STM32U083CCT6, STM32U083CCU6, STM32U083HCY6TR, STM32U083KCU6, STM32U083MCI6, STM32U083MCT6, STM32U083RCI6, STM32U083RCT6, STM32U375CET6, STM32U375CET6Q, STM32U375CEU6, STM32U375CEU6Q, STM32U375CEY6QTR, STM32U375CGT6, STM32U375CGT6Q, STM32U375CGU6, STM32U375CGU6Q, STM32U375CGY6QTR, STM32U375KEU6, STM32U375KGU6, STM32U375REI6, STM32U375REI6Q, STM32U375RET6, STM32U375RET6Q, STM32U375REY6GTR, STM32U375REY6QTR, STM32U375RGI6, STM32U375RGI6Q, STM32U375RGT6, STM32U375RGT6Q, STM32U375RGY6GTR, STM32U375RGY6QTR, STM32U375VEI6, STM32U375VEI6Q, STM32U375VET6, STM32U375VET6Q, STM32U375VGI6, STM32U375VGI6Q, STM32U375VGT6, STM32U375VGT6Q, STM32U385CGT6, STM32U385CGT6Q, STM32U385CGU6, STM32U385CGU6Q, STM32U385CGY6QTR, STM32U385KGU6, STM32U385RGI6, STM32U385RGI6Q, STM32U385RGT6, STM32U385RGT6Q, STM32U385RGY6GTR, STM32U385RGY6QTR, STM32U385VGI6, STM32U385VGI6Q, STM32U385VGT6, STM32U385VGT6Q, STM32U535CBT6, STM32U535CBT6Q, STM32U535CBU6, STM32U535CBU6Q, STM32U535CCT6, STM32U535CCT6Q, STM32U535CCU6, STM32U535CCU6Q, STM32U535CET6, STM32U535CET6Q, STM32U535CEU6, STM32U535CEU6Q, STM32U535JEY6QTR, STM32U535NCY6QTR, STM32U535NEY6QTR, STM32U535RBI6, STM32U535RBI6Q, STM32U535RBT6, STM32U535RBT6Q, STM32U535RCI6, STM32U535RCI6Q, STM32U535RCT6, STM32U535RCT6Q, STM32U535REI6, STM32U535REI6Q, STM32U535RET6, STM32U535RET6Q, STM32U535VCI6, STM32U535VCI6Q, STM32U535VCT6, STM32U535VCT6Q, STM32U535VEI6, STM32U535VEI6Q, STM32U535VET6, STM32U535VET6Q, STM32U545CET6, STM32U545CET6Q, STM32U545CEU6, STM32U545CEU6Q, STM32U545JEY6QTR, STM32U545NEY6QTR, STM32U545REI6, STM32U545REI6Q, STM32U545RET6, STM32U545RET6Q, STM32U545VEI6, STM32U545VEI6Q, STM32U545VET6, STM32U545VET6Q, STM32U595AIH6, STM32U595AIH6Q, STM32U595AJH6, STM32U595AJH6Q, STM32U595QII6, STM32U595QII6Q, STM32U595QJI6, STM32U595QJI6Q, STM32U595RIT6, STM32U595RIT6Q, STM32U595RJT6, STM32U595RJT6Q, STM32U595VIT6, STM32U595VIT6Q, STM32U595VJT6, STM32U595VJT6Q, STM32U595ZIT6, STM32U595ZIT6Q, STM32U595ZIY6QTR, STM32U595ZJT6, STM32U595ZJT6Q, STM32U595ZJY6QTR, STM32U599BJY6QTR, STM32U599NIH6Q, STM32U599NJH6Q, STM32U599VIT6Q, STM32U599VJT6, STM32U599VJT6Q, STM32U599ZIT6Q, STM32U599ZIY6QTR, STM32U599ZJT6Q, STM32U599ZJY6QTR, STM32U5A5AJH6, STM32U5A5AJH6Q, STM32U5A5QII3Q , STM32U5A5QJI6, STM32U5A5QJI6Q, STM32U5A5RJT6, STM32U5A5RJT6Q, STM32U5A5VJT6, STM32U5A5VJT6Q, STM32U5A5ZJT6, STM32U5A5ZJT6Q, STM32U5A5ZJY6QTR, STM32U5A9BJY6QTR, STM32U5A9J-DK, STM32U5A9NJH6Q, STM32U5A9VJT6Q, STM32U5A9ZJT6Q, STM32U5A9ZJY6QTR, STM32U5F7VIT6, STM32U5F7VIT6Q, STM32U5F7VJT6, STM32U5F7VJT6Q, STM32U5F9BJY6QTR, STM32U5F9NJH6Q, STM32U5F9VIT6Q, STM32U5F9VJT6Q, STM32U5F9ZIJ6QTR, STM32U5F9ZIT6Q, STM32U5F9ZJJ6QTR, STM32U5F9ZJT6Q, STM32U5G7VJT6, STM32U5G7VJT6Q, STM32U5G9BJY6QTR, STM32U5G9J-DK1, STM32U5G9J-DK2, STM32U5G9NJH6Q, STM32U5G9VJT6Q, STM32U5G9ZJJ6QTR, STM32U5G9ZJT6Q, STM32WB05KZV6TR, STM32WB05KZV7TR, STM32WB05TZF6TR, STM32WB05TZF7TR, STM32WB06CCF6TR, STM32WB06CCF7TR, STM32WB06CCV6TR, STM32WB06CCV7TR, STM32WB06KCV6TR, STM32WB06KCV7TR, STM32WB07CCF6TR, STM32WB07CCF7TR, STM32WB07CCV6TR, STM32WB07CCV7TR, STM32WB07KCV6TR, STM32WB07KCV7TR, STM32WB09KEV6TR, STM32WB09KEV7TR, STM32WB09TEF6TR, STM32WB09TEF7TR, STM32WB1MMCH6, STM32WBA50KGU6, STM32WBA50KGU6TR, STM32WBA52CEU6, STM32WBA52CEU6TR, STM32WBA52CEU7, STM32WBA52CEU7TR, STM32WBA52CGU6, STM32WBA52CGU6TR, STM32WBA52CGU6U, STM32WBA52CGU7, STM32WBA52CGU7TR, STM32WBA52KEU6, STM32WBA52KEU6TR, STM32WBA52KGU6, STM32WBA52KGU6TR, STM32WBA54CEU6, STM32WBA54CEU6TR, STM32WBA54CEU7, STM32WBA54CEU7TR, STM32WBA54CGU6, STM32WBA54CGU6TR, STM32WBA54CGU7, STM32WBA54CGU7TR, STM32WBA54KEU6, STM32WBA54KEU6TR, STM32WBA54KEU7, STM32WBA54KEU7TR, STM32WBA54KGU6, STM32WBA54KGU6TR, STM32WBA54KGU7, STM32WBA54KGU7TR, STM32WBA55CEU6, STM32WBA55CEU6TR, STM32WBA55CEU7, STM32WBA55CEU7TR, STM32WBA55CGU6, STM32WBA55CGU6TR, STM32WBA55CGU6U, STM32WBA55CGU7, STM32WBA55CGU7TR, STM32WBA55G-DK1, STM32WBA55HEF6, STM32WBA55HEF7, STM32WBA55HGF6, STM32WBA55HGF7, STM32WBA55UEI6, STM32WBA55UEI6TR, STM32WBA55UEI7, STM32WBA55UEI7TR, STM32WBA55UGI6, STM32WBA55UGI6TR, STM32WBA55UGI7, STM32WBA55UGI7TR, STM32WBA5MMGH6TR, STM32WBA62MGF6, STM32WBA62MIF6, STM32WBA65MGF7, STM32WBA65MIF6, STM32WBA65MIF7, STM32WL30K8V6, STM32WL30KBV6, STM32WL31C8V6, STM32WL31CBV6, STM32WL31K8V6, STM32WL31KBV6, STM32WL33C8V6, STM32WL33C8V6X, STM32WL33CBV6, STM32WL33CBV6X, STM32WL33CCV6, STM32WL33CCV6A, STM32WL33CCV6X, STM32WL33K8V7, STM32WL33K8V7X, STM32WL33KBV7 , STM32WL33KBV7X, STM32WL33KCV7, STM32WL33KCV7X, STM32WL5MOCH6, STM32WL5MOCH6TR]
2026-04-21 22:22:58,545 [INFO] ApiDb:668 - CubeFinder database Data Model version=2.1
2026-04-21 22:22:58,545 [INFO] ApiDb:669 - CubeFinder database Configuration version=3.0.39
2026-04-21 22:22:58,545 [INFO] ApiDb:670 - CubeFinder database generation date=2025-12-22 (1766407740)
2026-04-21 22:22:58,545 [INFO] ApiDb:671 - CubeFinder database FW Pack versions=[FP-ATR-ASTRA1_V2.0.0, FP-SNS-FLIGHT1_V5.1.0, FP-SNS-MOTENV1_V5.1.0, FP-SNS-MOTENVWB1_V1.4.0, FP-SNS-SMARTAG2_V1.2.0, FP-SNS-STBOX1_V2.1.0, STM32Cube_FW_C0_V1.4.0, STM32Cube_FW_F4_V1.28.3, STM32Cube_FW_F7_V1.17.4, STM32Cube_FW_G0_V1.6.2, STM32Cube_FW_G4_V1.6.1, STM32Cube_FW_H5_V1.5.1, STM32Cube_FW_H7RS_V1.3.0, STM32Cube_FW_H7_V1.12.1, STM32Cube_FW_L0_V1.12.2, STM32Cube_FW_L4_V1.18.1, STM32Cube_FW_L5_V1.6.0, STM32Cube_FW_N6_V1.3.0, STM32Cube_FW_U0_V1.3.0, STM32Cube_FW_U3_V1.2.1, STM32Cube_FW_U5_V1.8.0, STM32Cube_FW_WB0_V1.4.0, STM32Cube_FW_WBA_V1.8.0, STM32Cube_FW_WB_V1.24.0, STM32Cube_FW_WL3_V1.3.0, STM32Cube_FW_WL_V1.4.0, X-CUBE-ALGOBUILD_V1.4.0, X-CUBE-ALS_V1.0.2, X-CUBE-AZRTOS-F4_V1.1.0, X-CUBE-AZRTOS-F7_V1.1.0, X-CUBE-AZRTOS-G0_V1.1.0, X-CUBE-AZRTOS-G4_V2.0.0, X-CUBE-AZRTOS-H7RS_V1.1.0, X-CUBE-AZRTOS-H7_V3.4.0, X-CUBE-AZRTOS-L4_V2.0.0, X-CUBE-AZRTOS-L5_V2.0.0, X-CUBE-AZRTOS-WB_V2.0.0, X-CUBE-AZRTOS-WL_V2.0.0, X-CUBE-BLE1_V7.1.0, X-CUBE-BLE2_V3.3.0, X-CUBE-BLEMGR_V4.1.0, X-CUBE-EEPRMA1_V5.2.0, X-CUBE-FREERTOS_V1.3.1, X-CUBE-GNSS1_V6.0.0, X-CUBE-MEMS1_V12.0.0, X-CUBE-NFC4_V3.0.0, X-CUBE-NFC7_V2.0.0, X-CUBE-SFXS2LP1_V4.0.0, X-CUBE-ST67W61_V1.1.0, X-CUBE-SUBG2_V5.0.0, X-CUBE-TOF1_V3.4.3]
2026-04-21 22:22:59,438 [ERROR] LogOutputStream:75 - [STDERR_REDIRECT] [Fatal Error] :1:1: Premature end of file.
2026-04-21 22:22:59,439 [ERROR] LogOutputStream:75 - [STDERR_REDIRECT] 
2026-04-21 22:23:00,440 [ERROR] LogOutputStream:75 - [STDERR_REDIRECT] [Fatal Error] :1:1: Premature end of file.
2026-04-21 22:23:00,441 [ERROR] LogOutputStream:75 - [STDERR_REDIRECT] 
2026-04-21 22:23:01,109 [INFO] ApiDb:240 - Found 880 in-development CPN: [B-G473E-ZEST1S, B-WB1M-WPAN1, B-WBA5M-WPAN, B-WL5M-SUBG1, NUCLEO-C031C6, NUCLEO-C051C8, NUCLEO-C071RB, NUCLEO-C092RC, NUCLEO-H503RB, NUCLEO-H533RE, NUCLEO-H563ZI, NUCLEO-H7S3L8, NUCLEO-N657X0-Q, NUCLEO-U031R8, NUCLEO-U083RC, NUCLEO-U385RG-Q, NUCLEO-U545RE-Q, NUCLEO-U5A5ZJ-Q, NUCLEO-WB05KZ, NUCLEO-WB07CC, NUCLEO-WB09KE, NUCLEO-WBA52CG, NUCLEO-WBA55CG, NUCLEO-WL33CC1, NUCLEO-WL33CC2, STEVAL-PROTEUS1, STEVAL-SMARTAG2, STEVAL-STWINBX1, STM320518-EVAL, STM32C0116-DK, STM32C011D6Y3TR, STM32C011D6Y6TR, STM32C011F4P3, STM32C011F4P6, STM32C011F4U3, STM32C011F4U6TR, STM32C011F6P3, STM32C011F6P6, STM32C011F6U3, STM32C011F6U6TR, STM32C011J4M3, STM32C011J4M6, STM32C011J6M3, STM32C011J6M6, STM32C0316-DK, STM32C031C4T3, STM32C031C4T6, STM32C031C4U3, STM32C031C4U6, STM32C031C6T3, STM32C031C6T6, STM32C031C6U3, STM32C031C6U6, STM32C031F4P3, STM32C031F4P6, STM32C031F6P3, STM32C031F6P6, STM32C031G4U3, STM32C031G4U6, STM32C031G6U3, STM32C031G6U6, STM32C031K4T3, STM32C031K4T6, STM32C031K4U3, STM32C031K4U6, STM32C031K6T3, STM32C031K6T6, STM32C031K6U3, STM32C031K6U6, STM32C051C6T6, STM32C051C6U6, STM32C051C8T6, STM32C051C8U6, STM32C051D8Y6TR, STM32C051F6P6, STM32C051F8P6, STM32C051G6U6, STM32C051G8U6, STM32C051K6T6, STM32C051K6U6, STM32C051K8T6, STM32C071C8T6, STM32C071C8T6N, STM32C071C8U6, STM32C071C8U6N, STM32C071CBT6, STM32C071CBT6N, STM32C071CBU6, STM32C071CBU6N, STM32C071F8P6, STM32C071F8P6N, STM32C071FBP6, STM32C071FBP6N, STM32C071FBY6TR, STM32C071G8U6, STM32C071G8U6N, STM32C071GBU6, STM32C071GBU6N, STM32C071K8T6, STM32C071K8T6N, STM32C071K8U6, STM32C071K8U6N, STM32C071KBT6, STM32C071KBT6N, STM32C071KBU6, STM32C071KBU6N, STM32C071R8T6, STM32C071R8T6N, STM32C071RBI6N, STM32C071RBT6, STM32C071RBT6N, STM32C091CBT6, STM32C091CBU6, STM32C091CCT6, STM32C091CCU6, STM32C091ECY6TR, STM32C091FBP6, STM32C091FCP6, STM32C091GBU6, STM32C091GCU6, STM32C091KBT6, STM32C091KBU6, STM32C091KCT6, STM32C091KCU6, STM32C091RBT6, STM32C091RCI6, STM32C091RCT6, STM32C092CBT6, STM32C092CBU6, STM32C092CCT6, STM32C092CCU6, STM32C092ECY6TR, STM32C092FBP6, STM32C092FCP6, STM32C092GBU6, STM32C092GCU6, STM32C092KBT6, STM32C092KBU6, STM32C092KCT6, STM32C092KCU6, STM32C092RBT6, STM32C092RCI6, STM32C092RCT6, STM32G071K8TXN, STM32G071K8UXN, STM32G081GBU6N, STM32G081KBT6N, STM32G081KBUXN, STM32G0B1CCT6N, STM32G0B1KCT6, STM32G0B1NEY6TR, STM32G0B1RCT6N, STM32G0C1CCT6, STM32G0C1CCT6N, STM32G0C1CCU6N, STM32G0C1CET6N, STM32G0C1CEU6N, STM32G0C1KCT6, STM32G0C1NEY6TR, STM32G0C1RCI6N, STM32G0C1RCT6N, STM32G0C1REI6N, STM32G0C1RET6N, STM32G0C1VCI6, STM32G0C1VEI6, STM32G411C6T3, STM32G411C6T6, STM32G411C6U3, STM32G411C6U6, STM32G411C8T3, STM32G411C8T6, STM32G411C8U3, STM32G411C8U6, STM32G411CBT3, STM32G411CBT6, STM32G411CBU3, STM32G411CBU6, STM32G411K6T3, STM32G411K6T6, STM32G411K6U3, STM32G411K6U6, STM32G411K8T3, STM32G411K8T6, STM32G411K8U3, STM32G411K8U6, STM32G411KBT3, STM32G411KBT6, STM32G411KBU3, STM32G411KBU6, STM32G411M6T3, STM32G411M6T6, STM32G411M8T3, STM32G411M8T6, STM32G411MBT3, STM32G411MBT6, STM32G411R6T3, STM32G411R6T6, STM32G411R8T3, STM32G411R8T6, STM32G411RBT3, STM32G411RBT6, STM32G414CBT3, STM32G414CBT6, STM32G414CBU3, STM32G414CBU6, STM32G414CCT3, STM32G414CCT6, STM32G414CCU3, STM32G414CCU6, STM32G414MBT3, STM32G414MBT6, STM32G414MCT3, STM32G414MCT6, STM32G414RBT3, STM32G414RBT6, STM32G414RCT3, STM32G414RCT6, STM32G414VBT3, STM32G414VBT6, STM32G414VCT3, STM32G414VCT6, STM32G431CBT3Z, STM32G431RBT3Z, STM32G471CCT6, STM32G471CCU6, STM32G471CET3, STM32G471CET6, STM32G471CEU3, STM32G471CEU6, STM32G471MCT6, STM32G471MET3, STM32G471MET6, STM32G471MEY6TR, STM32G471QCT6, STM32G471QET3, STM32G471RCT6, STM32G471RET3, STM32G471RET6, STM32G471VCH6, STM32G471VCI6, STM32G471VCT6, STM32G471VEH3, STM32G471VEH6, STM32G471VEI3, STM32G471VEI6, STM32G471VET3, STM32G471VET6, STM32G473QET3Z, STM32G473RET3Z, STM32G474CCT6, STM32G491RET3Z, STM32H503CBT6, STM32H503CBU6, STM32H503EBY6TR, STM32H503KBU6, STM32H503RBT6, STM32H523CCT6, STM32H523CCU6, STM32H523CET6, STM32H523CEU6, STM32H523HEY6TR, STM32H523RCT6, STM32H523RET6, STM32H523VCI6, STM32H523VCT6, STM32H523VEI6, STM32H523VET6, STM32H523ZCJ6, STM32H523ZCT6, STM32H523ZEJ6, STM32H523ZET6, STM32H533CET6, STM32H533CEU6, STM32H533HEY6TR, STM32H533RET6, STM32H533VEI6, STM32H533VET6, STM32H533ZEJ6, STM32H533ZET6, STM32H562AGI6, STM32H562AII6, STM32H562IGK6, STM32H562IGT6, STM32H562IIK6, STM32H562IIT6, STM32H562RGT6, STM32H562RGV6, STM32H562RIT6, STM32H562RIV6, STM32H562VGT6, STM32H562VIT6, STM32H562ZGT6, STM32H562ZIT6, STM32H563AGI6, STM32H563AII3Q, STM32H563AII6, STM32H563IGK6, STM32H563IGT6, STM32H563IIK3Q, STM32H563IIK6, STM32H563IIT3Q, STM32H563IIT6, STM32H563MIY3QTR, STM32H563RGT6, STM32H563RGV6, STM32H563RIT6, STM32H563RIV6, STM32H563VGT6, STM32H563VIT3Q, STM32H563VIT6, STM32H563ZGT6, STM32H563ZIT3Q, STM32H563ZIT6, STM32H573AII3Q, STM32H573AII6, STM32H573I-DK, STM32H573IIK3Q, STM32H573IIK6, STM32H573IIT3Q, STM32H573IIT6, STM32H573MIY3QTR, STM32H573RIT6, STM32H573RIV6, STM32H573VIT3Q, STM32H573VIT6, STM32H573ZIT3Q, STM32H573ZIT6, STM32H7R3A8I6, STM32H7R3I8K6, STM32H7R3I8T6, STM32H7R3L8H6, STM32H7R3L8H6H, STM32H7R3R8V6, STM32H7R3V8H6, STM32H7R3V8T6, STM32H7R3V8Y6TR, STM32H7R3Z8J6, STM32H7R3Z8T6, STM32H7R7A8I6, STM32H7R7I8K6, STM32H7R7I8T6, STM32H7R7L8H6, STM32H7R7L8H6H, STM32H7R7Z8J6, STM32H7S3A8I6, STM32H7S3I8K6, STM32H7S3I8T6, STM32H7S3L8H6, STM32H7S3L8H6H, STM32H7S3R8V6, STM32H7S3V8H6, STM32H7S3V8T6, STM32H7S3V8Y6TR, STM32H7S3Z8J6, STM32H7S3Z8T6, STM32H7S78-DK, STM32H7S7A8I6, STM32H7S7I8K6, STM32H7S7I8T6, STM32H7S7L8H6, STM32H7S7L8H6H, STM32H7S7Z8J6, STM32L4R5QGI6STR, STM32MP131AAE3, STM32MP131AAF3, STM32MP131AAG3, STM32MP131CAE3, STM32MP131CAF3, STM32MP131CAG3, STM32MP131DAE7, STM32MP131DAF7, STM32MP131DAG7, STM32MP131FAE7, STM32MP131FAF7, STM32MP131FAG7, STM32MP133AAE3, STM32MP133AAF3, STM32MP133AAG3, STM32MP133CAE3, STM32MP133CAF3, STM32MP133CAG3, STM32MP133DAE7, STM32MP133DAF7, STM32MP133DAG7, STM32MP133FAE7, STM32MP133FAF7, STM32MP133FAG7, STM32MP135AAE3, STM32MP135AAF3, STM32MP135AAG3, STM32MP135CAE3, STM32MP135CAF3, STM32MP135CAG3, STM32MP135DAE7, STM32MP135DAF7, STM32MP135DAG7, STM32MP135F-DK, STM32MP135FAE7, STM32MP135FAF7, STM32MP135FAF7T, STM32MP135FAF7U, STM32MP135FAG7, STM32MP211AAL3, STM32MP211AAM3, STM32MP211AAN3, STM32MP211AAO3, STM32MP211CAL3, STM32MP211CAM3, STM32MP211CAN3, STM32MP211CAO3, STM32MP211DAL3, STM32MP211DAM3, STM32MP211DAN3, STM32MP211DAO3, STM32MP211FAL3, STM32MP211FAM3, STM32MP211FAN3, STM32MP211FAO3, STM32MP213AAL3, STM32MP213AAM3, STM32MP213AAN3, STM32MP213AAO3, STM32MP213CAL3, STM32MP213CAM3, STM32MP213CAN3, STM32MP213CAO3, STM32MP213DAL3, STM32MP213DAM3, STM32MP213DAN3, STM32MP213DAO3, STM32MP213FAL3, STM32MP213FAM3, STM32MP213FAN3, STM32MP213FAO3, STM32MP215AAL3, STM32MP215AAM3, STM32MP215AAN3, STM32MP215AAO3, STM32MP215CAL3, STM32MP215CAM3, STM32MP215CAN3, STM32MP215CAO3, STM32MP215DAL3, STM32MP215DAM3, STM32MP215DAN3, STM32MP215DAO3, STM32MP215F-DK, STM32MP215FAL3, STM32MP215FAM3, STM32MP215FAN3, STM32MP215FAO3, STM32MP231AAJ3, STM32MP231AAK3, STM32MP231AAL3, STM32MP231CAJ3, STM32MP231CAK3, STM32MP231CAL3, STM32MP231DAJ3, STM32MP231DAK3, STM32MP231DAL3, STM32MP231FAJ3, STM32MP231FAK3, STM32MP231FAL3, STM32MP233AAJ3, STM32MP233AAK3, STM32MP233AAL3, STM32MP233CAJ3, STM32MP233CAK3, STM32MP233CAL3, STM32MP233DAJ3, STM32MP233DAK3, STM32MP233DAL3, STM32MP233FAJ3, STM32MP233FAK3, STM32MP233FAL3, STM32MP235AAJ3, STM32MP235AAK3, STM32MP235AAL3, STM32MP235CAJ3, STM32MP235CAK3, STM32MP235CAL3, STM32MP235DAJ3, STM32MP235DAK3, STM32MP235DAL3, STM32MP235FAJ3, STM32MP235FAK3, STM32MP235FAL3, STM32MP251AAI3, STM32MP251AAK3, STM32MP251AAL3, STM32MP251CAI3, STM32MP251CAK3, STM32MP251CAL3, STM32MP251DAI3, STM32MP251DAK3, STM32MP251DAL3, STM32MP251FAI3, STM32MP251FAK3, STM32MP251FAL3, STM32MP253AAI3, STM32MP253AAK3, STM32MP253AAL3, STM32MP253CAI3, STM32MP253CAK3, STM32MP253CAL3, STM32MP253DAI3, STM32MP253DAK3, STM32MP253DAL3, STM32MP253FAI3, STM32MP253FAK3, STM32MP253FAL3, STM32MP255AAI3, STM32MP255AAK3, STM32MP255AAL3, STM32MP255CAI3, STM32MP255CAK3, STM32MP255CAL3, STM32MP255DAI3, STM32MP255DAK3, STM32MP255DAL3, STM32MP255FAI3, STM32MP255FAK3, STM32MP255FAL3, STM32MP257AAI3, STM32MP257AAK3, STM32MP257AAL3, STM32MP257CAI3, STM32MP257CAK3, STM32MP257CAL3, STM32MP257DAI3, STM32MP257DAK3, STM32MP257DAL3, STM32MP257F-DK, STM32MP257F-EV1, STM32MP257FAI3, STM32MP257FAK3, STM32MP257FAL3, STM32N645A0H3Q, STM32N645B0H3Q, STM32N645I0H3Q, STM32N645L0H3Q, STM32N645X0H3Q, STM32N645Z0H3Q, STM32N647A0H3Q, STM32N647B0H3Q, STM32N647I0H3Q, STM32N647L0H3Q, STM32N647X0H3Q, STM32N647Z0H3Q, STM32N655A0H3Q, STM32N655B0H3Q, STM32N655I0H3Q, STM32N655L0H3Q, STM32N655X0H3Q, STM32N655Z0H3Q, STM32N6570-DK, STM32N657A0H3Q, STM32N657B0H3Q, STM32N657I0H3Q, STM32N657L0H3Q, STM32N657X0H3Q, STM32N657Z0H3Q, STM32U031C6T6, STM32U031C6U6, STM32U031C8T6, STM32U031C8U6, STM32U031F4P6, STM32U031F6P6, STM32U031F8P6, STM32U031G6Y6TR, STM32U031G8Y6TR, STM32U031K4U6, STM32U031K6U6, STM32U031K8U6, STM32U031R6I6, STM32U031R6T6, STM32U031R8I6, STM32U031R8T6, STM32U073C8T6, STM32U073C8U6, STM32U073CBT6, STM32U073CBU6, STM32U073CCT6, STM32U073CCU6, STM32U073H8Y6TR, STM32U073HBY6TR, STM32U073HCY6TR, STM32U073K8U6, STM32U073KBU6, STM32U073KCU6, STM32U073M8I6, STM32U073M8T6, STM32U073MBI6, STM32U073MBT6, STM32U073MCI6, STM32U073MCT6, STM32U073R8I6, STM32U073R8T6, STM32U073RBI6, STM32U073RBT6, STM32U073RCI6, STM32U073RCT6, STM32U083C-DK, STM32U083CCT6, STM32U083CCU6, STM32U083HCY6TR, STM32U083KCU6, STM32U083MCI6, STM32U083MCT6, STM32U083RCI6, STM32U083RCT6, STM32U375CET6, STM32U375CET6Q, STM32U375CEU6, STM32U375CEU6Q, STM32U375CEY6QTR, STM32U375CGT6, STM32U375CGT6Q, STM32U375CGU6, STM32U375CGU6Q, STM32U375CGY6QTR, STM32U375KEU6, STM32U375KGU6, STM32U375REI6, STM32U375REI6Q, STM32U375RET6, STM32U375RET6Q, STM32U375REY6GTR, STM32U375REY6QTR, STM32U375RGI6, STM32U375RGI6Q, STM32U375RGT6, STM32U375RGT6Q, STM32U375RGY6GTR, STM32U375RGY6QTR, STM32U375VEI6, STM32U375VEI6Q, STM32U375VET6, STM32U375VET6Q, STM32U375VGI6, STM32U375VGI6Q, STM32U375VGT6, STM32U375VGT6Q, STM32U385CGT6, STM32U385CGT6Q, STM32U385CGU6, STM32U385CGU6Q, STM32U385CGY6QTR, STM32U385KGU6, STM32U385RGI6, STM32U385RGI6Q, STM32U385RGT6, STM32U385RGT6Q, STM32U385RGY6GTR, STM32U385RGY6QTR, STM32U385VGI6, STM32U385VGI6Q, STM32U385VGT6, STM32U385VGT6Q, STM32U535CBT6, STM32U535CBT6Q, STM32U535CBU6, STM32U535CBU6Q, STM32U535CCT6, STM32U535CCT6Q, STM32U535CCU6, STM32U535CCU6Q, STM32U535CET6, STM32U535CET6Q, STM32U535CEU6, STM32U535CEU6Q, STM32U535JEY6QTR, STM32U535NCY6QTR, STM32U535NEY6QTR, STM32U535RBI6, STM32U535RBI6Q, STM32U535RBT6, STM32U535RBT6Q, STM32U535RCI6, STM32U535RCI6Q, STM32U535RCT6, STM32U535RCT6Q, STM32U535REI6, STM32U535REI6Q, STM32U535RET6, STM32U535RET6Q, STM32U535VCI6, STM32U535VCI6Q, STM32U535VCT6, STM32U535VCT6Q, STM32U535VEI6, STM32U535VEI6Q, STM32U535VET6, STM32U535VET6Q, STM32U545CET6, STM32U545CET6Q, STM32U545CEU6, STM32U545CEU6Q, STM32U545JEY6QTR, STM32U545NEY6QTR, STM32U545REI6, STM32U545REI6Q, STM32U545RET6, STM32U545RET6Q, STM32U545VEI6, STM32U545VEI6Q, STM32U545VET6, STM32U545VET6Q, STM32U595AIH6, STM32U595AIH6Q, STM32U595AJH6, STM32U595AJH6Q, STM32U595QII6, STM32U595QII6Q, STM32U595QJI6, STM32U595QJI6Q, STM32U595RIT6, STM32U595RIT6Q, STM32U595RJT6, STM32U595RJT6Q, STM32U595VIT6, STM32U595VIT6Q, STM32U595VJT6, STM32U595VJT6Q, STM32U595ZIT6, STM32U595ZIT6Q, STM32U595ZIY6QTR, STM32U595ZJT6, STM32U595ZJT6Q, STM32U595ZJY6QTR, STM32U599BJY6QTR, STM32U599NIH6Q, STM32U599NJH6Q, STM32U599VIT6Q, STM32U599VJT6, STM32U599VJT6Q, STM32U599ZIT6Q, STM32U599ZIY6QTR, STM32U599ZJT6Q, STM32U599ZJY6QTR, STM32U5A5AJH6, STM32U5A5AJH6Q, STM32U5A5QII3Q , STM32U5A5QJI6, STM32U5A5QJI6Q, STM32U5A5RJT6, STM32U5A5RJT6Q, STM32U5A5VJT6, STM32U5A5VJT6Q, STM32U5A5ZJT6, STM32U5A5ZJT6Q, STM32U5A5ZJY6QTR, STM32U5A9BJY6QTR, STM32U5A9J-DK, STM32U5A9NJH6Q, STM32U5A9VJT6Q, STM32U5A9ZJT6Q, STM32U5A9ZJY6QTR, STM32U5F7VIT6, STM32U5F7VIT6Q, STM32U5F7VJT6, STM32U5F7VJT6Q, STM32U5F9BJY6QTR, STM32U5F9NJH6Q, STM32U5F9VIT6Q, STM32U5F9VJT6Q, STM32U5F9ZIJ6QTR, STM32U5F9ZIT6Q, STM32U5F9ZJJ6QTR, STM32U5F9ZJT6Q, STM32U5G7VJT6, STM32U5G7VJT6Q, STM32U5G9BJY6QTR, STM32U5G9J-DK1, STM32U5G9J-DK2, STM32U5G9NJH6Q, STM32U5G9VJT6Q, STM32U5G9ZJJ6QTR, STM32U5G9ZJT6Q, STM32WB05KZV6TR, STM32WB05KZV7TR, STM32WB05TZF6TR, STM32WB05TZF7TR, STM32WB06CCF6TR, STM32WB06CCF7TR, STM32WB06CCV6TR, STM32WB06CCV7TR, STM32WB06KCV6TR, STM32WB06KCV7TR, STM32WB07CCF6TR, STM32WB07CCF7TR, STM32WB07CCV6TR, STM32WB07CCV7TR, STM32WB07KCV6TR, STM32WB07KCV7TR, STM32WB09KEV6TR, STM32WB09KEV7TR, STM32WB09TEF6TR, STM32WB09TEF7TR, STM32WB1MMCH6, STM32WBA50KGU6, STM32WBA50KGU6TR, STM32WBA52CEU6, STM32WBA52CEU6TR, STM32WBA52CEU7, STM32WBA52CEU7TR, STM32WBA52CGU6, STM32WBA52CGU6TR, STM32WBA52CGU6U, STM32WBA52CGU7, STM32WBA52CGU7TR, STM32WBA52KEU6, STM32WBA52KEU6TR, STM32WBA52KGU6, STM32WBA52KGU6TR, STM32WBA54CEU6, STM32WBA54CEU6TR, STM32WBA54CEU7, STM32WBA54CEU7TR, STM32WBA54CGU6, STM32WBA54CGU6TR, STM32WBA54CGU7, STM32WBA54CGU7TR, STM32WBA54KEU6, STM32WBA54KEU6TR, STM32WBA54KEU7, STM32WBA54KEU7TR, STM32WBA54KGU6, STM32WBA54KGU6TR, STM32WBA54KGU7, STM32WBA54KGU7TR, STM32WBA55CEU6, STM32WBA55CEU6TR, STM32WBA55CEU7, STM32WBA55CEU7TR, STM32WBA55CGU6, STM32WBA55CGU6TR, STM32WBA55CGU6U, STM32WBA55CGU7, STM32WBA55CGU7TR, STM32WBA55G-DK1, STM32WBA55HEF6, STM32WBA55HEF7, STM32WBA55HGF6, STM32WBA55HGF7, STM32WBA55UEI6, STM32WBA55UEI6TR, STM32WBA55UEI7, STM32WBA55UEI7TR, STM32WBA55UGI6, STM32WBA55UGI6TR, STM32WBA55UGI7, STM32WBA55UGI7TR, STM32WBA5MMGH6TR, STM32WBA62MGF6, STM32WBA62MIF6, STM32WBA65MGF7, STM32WBA65MIF6, STM32WBA65MIF7, STM32WL30K8V6, STM32WL30KBV6, STM32WL31C8V6, STM32WL31CBV6, STM32WL31K8V6, STM32WL31KBV6, STM32WL33C8V6, STM32WL33C8V6X, STM32WL33CBV6, STM32WL33CBV6X, STM32WL33CCV6, STM32WL33CCV6A, STM32WL33CCV6X, STM32WL33K8V7, STM32WL33K8V7X, STM32WL33KBV7 , STM32WL33KBV7X, STM32WL33KCV7, STM32WL33KCV7X, STM32WL5MOCH6, STM32WL5MOCH6TR]
2026-04-21 22:23:01,116 [INFO] DbMcus:218 - Found 4876 MCUs, 4876 are supported
2026-04-21 22:23:01,117 [INFO] ApiDb:423 - Load user favorites file C:\Users\SNYDE/.stm32cubeide/favorites.mcus.txt: 0 item(s)
2026-04-21 22:23:01,117 [INFO] ApiDb:427 - User favorites MCUs=[]
2026-04-21 22:23:01,117 [INFO] DbMcus:224 - Set 0 / 0 favorites MCUs
2026-04-21 22:23:01,444 [ERROR] LogOutputStream:75 - [STDERR_REDIRECT] [Fatal Error] :1:1: Premature end of file.
2026-04-21 22:23:01,444 [ERROR] LogOutputStream:75 - [STDERR_REDIRECT] 
2026-04-21 22:23:02,066 [INFO] BoardInfo:889 - No configuration file found for board P-NUCLEO-WB55
2026-04-21 22:23:02,068 [INFO] DbBoards:161 - Kit is not supported: P-NUCLEO-WB55
2026-04-21 22:23:02,075 [INFO] BoardInfo:889 - No configuration file found for board STEVAL-BFA001V1B
2026-04-21 22:23:02,078 [INFO] DbBoards:161 - Kit is not supported: STEVAL-BFA001V1B
2026-04-21 22:23:02,080 [INFO] BoardInfo:889 - No configuration file found for board STEVAL-BFA001V2B
2026-04-21 22:23:02,081 [INFO] DbBoards:161 - Kit is not supported: STEVAL-BFA001V2B
2026-04-21 22:23:02,453 [ERROR] LogOutputStream:75 - [STDERR_REDIRECT] [Fatal Error] :1:1: Premature end of file.
2026-04-21 22:23:02,454 [ERROR] LogOutputStream:75 - [STDERR_REDIRECT] 
2026-04-21 22:23:02,461 [INFO] DbBoards:168 - Found 212 boards, 209 are supported
2026-04-21 22:23:02,461 [INFO] DbBoards:169 - Found 212 boards, 43 of them is supported for  Bsp
2026-04-21 22:23:02,465 [INFO] ApiDb:423 - Load user favorites file C:\Users\SNYDE/.stm32cubeide/favorites.boards.txt: 4 item(s)
2026-04-21 22:23:02,466 [INFO] ApiDb:427 - User favorites Boards=[NUCLEO-F411RE, NUCLEO-G431KB, NUCLEO-G474RE, NUCLEO-H755ZI-Q]
2026-04-21 22:23:02,466 [INFO] DbBoards:198 - Set 4 / 4 favorites Boards
2026-04-21 22:23:02,542 [INFO] UtilMem:75 - End LoadConfig() Used Memory: 821718336 Bytes (1073741824)
2026-04-21 22:23:02,737 [WARN] ThirdParty:833 - waiting for thirdparty lock release [change project]
2026-04-21 22:23:02,738 [INFO] ThirdParty:835 - entering critical section [change project]
2026-04-21 22:23:02,738 [INFO] ThirdParty:1030 - CMSIS Pack Vendor :STMicroelectronics X-CUBE-AZRTOS-H7 3.5.0
2026-04-21 22:23:02,738 [INFO] ThirdParty:1030 - CMSIS Pack Vendor :STMicroelectronics X-CUBE-PM33A1 1.0.0
2026-04-21 22:23:02,738 [INFO] ThirdParty:1030 - CMSIS Pack Vendor :STMicroelectronics USBPD 4.1
2026-04-21 22:23:02,738 [INFO] ThirdParty:1030 - CMSIS Pack Vendor :STMicroelectronics USB_HOST 2.0.0
2026-04-21 22:23:02,738 [INFO] ThirdParty:1030 - CMSIS Pack Vendor :STMicroelectronics FP-SNS-MOTENVWB1 1.4.0
2026-04-21 22:23:02,738 [INFO] ThirdParty:1030 - CMSIS Pack Vendor :STMicroelectronics X-CUBE-AZRTOS-F4 1.1.0
2026-04-21 22:23:02,738 [INFO] ThirdParty:1030 - CMSIS Pack Vendor :STMicroelectronics LIBJPEG 8.0.0
2026-04-21 22:23:02,738 [INFO] ThirdParty:1030 - CMSIS Pack Vendor :STMicroelectronics FP-ATR-ASTRA1 2.0.2
2026-04-21 22:23:02,738 [INFO] ThirdParty:1030 - CMSIS Pack Vendor :STMicroelectronics FP-ATR-ASTRA1 2.0.1
2026-04-21 22:23:02,738 [INFO] ThirdParty:1030 - CMSIS Pack Vendor :Avnet-IotConnect X-CUBE-IoTC-DA16k-PMOD 1.0.0
2026-04-21 22:23:02,738 [INFO] ThirdParty:1030 - CMSIS Pack Vendor :STMicroelectronics X-CUBE-SMBUS 2.1.0
2026-04-21 22:23:02,738 [INFO] ThirdParty:1030 - CMSIS Pack Vendor :STMicroelectronics X-CUBE-WB05N 1.1.0
2026-04-21 22:23:02,739 [INFO] ThirdParty:1030 - CMSIS Pack Vendor :STMicroelectronics X-CUBE-ISPU 2.1.0
2026-04-21 22:23:02,739 [INFO] ThirdParty:1030 - CMSIS Pack Vendor :STMicroelectronics X-CUBE-IPS 3.2.0
2026-04-21 22:23:02,739 [INFO] ThirdParty:1030 - CMSIS Pack Vendor :STMicroelectronics eDS-WB_DPC_TT-BIDIR 2.1.1
2026-04-21 22:23:02,739 [INFO] ThirdParty:1030 - CMSIS Pack Vendor :STMicroelectronics X-CUBE-ST60 1.0.0
2026-04-21 22:23:02,739 [INFO] ThirdParty:1030 - CMSIS Pack Vendor :STMicroelectronics X-CUBE-NFC12 1.0.0
2026-04-21 22:23:02,739 [INFO] ThirdParty:1030 - CMSIS Pack Vendor :STMicroelectronics X-CUBE-AZRTOS-F7 1.1.0
2026-04-21 22:23:02,739 [INFO] ThirdParty:1030 - CMSIS Pack Vendor :STMicroelectronics X-CUBE-AZRTOS-L5 2.0.0
2026-04-21 22:23:02,739 [INFO] ThirdParty:1030 - CMSIS Pack Vendor :STMicroelectronics USB_DEVICE 2.0.0
2026-04-21 22:23:02,739 [INFO] ThirdParty:1030 - CMSIS Pack Vendor :STMicroelectronics X-CUBE-NFC6 3.1.0
2026-04-21 22:23:02,739 [INFO] ThirdParty:1030 - CMSIS Pack Vendor :STMicroelectronics FP-SNS-MOTENV1 5.1.0
2026-04-21 22:23:02,739 [INFO] ThirdParty:1030 - CMSIS Pack Vendor :STMicroelectronics FreeRTOS 0.0.1
2026-04-21 22:23:02,739 [INFO] ThirdParty:1030 - CMSIS Pack Vendor :STMicroelectronics X-CUBE-DPower 1.2.0
2026-04-21 22:23:02,739 [INFO] ThirdParty:1030 - CMSIS Pack Vendor :STMicroelectronics eDS-WB_DPC_VIENNA 1.2.0
2026-04-21 22:23:02,739 [INFO] ThirdParty:1030 - CMSIS Pack Vendor :STMicroelectronics FP-SNS-FLIGHT1 5.0.2
2026-04-21 22:23:02,739 [INFO] ThirdParty:1030 - CMSIS Pack Vendor :STMicroelectronics eDS-WB_DPC_3PH2L-BIDIR 1.1.1
2026-04-21 22:23:02,739 [INFO] ThirdParty:1030 - CMSIS Pack Vendor :Infineon AIROC-Wi-Fi-Bluetooth-STM32 1.7.0
2026-04-21 22:23:02,739 [INFO] ThirdParty:1030 - CMSIS Pack Vendor :STMicroelectronics PDM2PCM 3.3.0
2026-04-21 22:23:02,739 [INFO] ThirdParty:1030 - CMSIS Pack Vendor :STMicroelectronics X-CUBE-AZRTOS-H7 3.4.0
2026-04-21 22:23:02,739 [INFO] ThirdParty:1030 - CMSIS Pack Vendor :STMicroelectronics X-CUBE-DISPLAY 3.0.0
2026-04-21 22:23:02,739 [INFO] ThirdParty:1030 - CMSIS Pack Vendor :STMicroelectronics FP-SNS-MOTENVWB1 1.5.0
2026-04-21 22:23:02,739 [INFO] ThirdParty:1030 - CMSIS Pack Vendor :STMicroelectronics X-CUBE-BLE1 7.0.0
2026-04-21 22:23:02,740 [INFO] ThirdParty:1030 - CMSIS Pack Vendor :STMicroelectronics X-CUBE-NFC10 1.0.0
2026-04-21 22:23:02,740 [INFO] ThirdParty:1030 - CMSIS Pack Vendor :STMicroelectronics X-CUBE-BLEMGR 4.0.0
2026-04-21 22:23:02,740 [INFO] ThirdParty:1030 - CMSIS Pack Vendor :STMicroelectronics X-CUBE-FREERTOS 1.3.1
2026-04-21 22:23:02,740 [INFO] ThirdParty:1030 - CMSIS Pack Vendor :STMicroelectronics HAL Drivers 0.0.0
2026-04-21 22:23:02,740 [INFO] ThirdParty:1030 - CMSIS Pack Vendor :STMicroelectronics X-CUBE-ST60 1.1.0
2026-04-21 22:23:02,740 [INFO] ThirdParty:1030 - CMSIS Pack Vendor :emotas I-CUBE-CANOPEN 1.3.0
2026-04-21 22:23:02,740 [INFO] ThirdParty:1030 - CMSIS Pack Vendor :STMicroelectronics X-CUBE-FREERTOS 1.3.0
2026-04-21 22:23:02,740 [INFO] ThirdParty:1030 - CMSIS Pack Vendor :STMicroelectronics X-CUBE-NFC7 1.0.1
2026-04-21 22:23:02,740 [INFO] ThirdParty:1030 - CMSIS Pack Vendor :STMicroelectronics MBEDTLS 2.14.1
2026-04-21 22:23:02,740 [INFO] ThirdParty:1030 - CMSIS Pack Vendor :STMicroelectronics X-CUBE-GNSS1 7.1.0
2026-04-21 22:23:02,740 [INFO] ThirdParty:1030 - CMSIS Pack Vendor :STMicroelectronics X-CUBE-TOUCHGFX 4.26.0
2026-04-21 22:23:02,740 [INFO] ThirdParty:1030 - CMSIS Pack Vendor :STMicroelectronics X-CUBE-TOUCHGFX 4.26.1
2026-04-21 22:23:02,740 [INFO] ThirdParty:1030 - CMSIS Pack Vendor :STMicroelectronics X-CUBE-AI 10.0.0
2026-04-21 22:23:02,740 [INFO] ThirdParty:1030 - CMSIS Pack Vendor :STMicroelectronics FP-SNS-STBOX1 2.1.0
2026-04-21 22:23:02,741 [INFO] ThirdParty:1030 - CMSIS Pack Vendor :STMicroelectronics FP-SNS-STAIOTCFT 1.0.0
2026-04-21 22:23:02,741 [INFO] ThirdParty:1030 - CMSIS Pack Vendor :STMicroelectronics FP-SNS-SMARTAG2 1.2.0
2026-04-21 22:23:02,741 [INFO] ThirdParty:1030 - CMSIS Pack Vendor :STMicroelectronics FP-SNS-FLIGHT1 5.1.0
2026-04-21 22:23:02,741 [INFO] ThirdParty:1030 - CMSIS Pack Vendor :STMicroelectronics X-CUBE-MEMS1 11.1.0
2026-04-21 22:23:02,741 [INFO] ThirdParty:1030 - CMSIS Pack Vendor :STMicroelectronics X-CUBE-AZRTOS-WL 2.0.0
2026-04-21 22:23:02,741 [INFO] ThirdParty:1030 - CMSIS Pack Vendor :STMicroelectronics X-CUBE-DPower 1.3.0
2026-04-21 22:23:02,741 [INFO] ThirdParty:1030 - CMSIS Pack Vendor :STMicroelectronics FP-SNS-MOTENV1 5.0.0
2026-04-21 22:23:02,741 [INFO] ThirdParty:1030 - CMSIS Pack Vendor :STMicroelectronics USB_DEVICE 1.0.0
2026-04-21 22:23:02,741 [INFO] ThirdParty:1030 - CMSIS Pack Vendor :STMicroelectronics X-CUBE-AZRTOS-H7RS 1.2.0
2026-04-21 22:23:02,741 [INFO] ThirdParty:1030 - CMSIS Pack Vendor :wolfSSL I-CUBE-wolfMQTT 1.19.0
2026-04-21 22:23:02,741 [INFO] ThirdParty:1030 - CMSIS Pack Vendor :STMicroelectronics X-CUBE-AZRTOS-L4 2.0.0
2026-04-21 22:23:02,741 [INFO] ThirdParty:1030 - CMSIS Pack Vendor :STMicroelectronics ThreadX 0.0.2
2026-04-21 22:23:02,741 [INFO] ThirdParty:1030 - CMSIS Pack Vendor :WES I-CUBE-Cesium 1.3.0
2026-04-21 22:23:02,741 [INFO] ThirdParty:1030 - CMSIS Pack Vendor :STMicroelectronics lwIP 2.1.2
2026-04-21 22:23:02,741 [INFO] ThirdParty:1030 - CMSIS Pack Vendor :STMicroelectronics X-CUBE-SFXS2LP1 4.0.0
2026-04-21 22:23:02,741 [INFO] ThirdParty:1030 - CMSIS Pack Vendor :STMicroelectronics X-CUBE-BLE2 3.3.0
2026-04-21 22:23:02,741 [INFO] ThirdParty:1030 - CMSIS Pack Vendor :Avnet-IOTCONNECT X-CUBE-iotc-st67-sdk 1.0.0
2026-04-21 22:23:02,741 [INFO] ThirdParty:1030 - CMSIS Pack Vendor :STMicroelectronics PDM2PCM 3.2.0
2026-04-21 22:23:02,741 [INFO] ThirdParty:1030 - CMSIS Pack Vendor :STMicroelectronics X-CUBE-WB05N 2.1.0
2026-04-21 22:23:02,741 [INFO] ThirdParty:1030 - CMSIS Pack Vendor :STMicroelectronics X-CUBE-ST67W61 1.2.0
2026-04-21 22:23:02,741 [INFO] ThirdParty:1030 - CMSIS Pack Vendor :STMicroelectronics X-CUBE-AZRTOS-H7 3.3.0
2026-04-21 22:23:02,741 [INFO] ThirdParty:1030 - CMSIS Pack Vendor :STMicroelectronics X-CUBE-NFC9 1.0.0
2026-04-21 22:23:02,742 [INFO] ThirdParty:1030 - CMSIS Pack Vendor :STMicroelectronics X-CUBE-BLE1 7.1.0
2026-04-21 22:23:02,742 [INFO] ThirdParty:1030 - CMSIS Pack Vendor :STMicroelectronics USB_DEVICE 3.0.0
2026-04-21 22:23:02,742 [INFO] ThirdParty:1030 - CMSIS Pack Vendor :STMicroelectronics X-CUBE-FREERTOS 1.4.0
2026-04-21 22:23:02,742 [INFO] ThirdParty:1030 - CMSIS Pack Vendor :STMicroelectronics X-CUBE-EEPRMA1 5.2.0
2026-04-21 22:23:02,742 [INFO] ThirdParty:1030 - CMSIS Pack Vendor :STMicroelectronics X-CUBE-BLEMGR 4.1.0
2026-04-21 22:23:02,742 [INFO] ThirdParty:1030 - CMSIS Pack Vendor :STMicroelectronics X-CUBE-AZRTOS-WB 2.0.0
2026-04-21 22:23:02,742 [INFO] ThirdParty:1030 - CMSIS Pack Vendor :STMicroelectronics X-CUBE-GNSS1 7.0.1
2026-04-21 22:23:02,742 [INFO] ThirdParty:1030 - CMSIS Pack Vendor :STMicroelectronics X-CUBE-TOUCHGFX 4.25.0
2026-04-21 22:23:02,742 [INFO] ThirdParty:1030 - CMSIS Pack Vendor :STMicroelectronics X-CUBE-ST67W61 1.1.0
2026-04-21 22:23:02,742 [INFO] ThirdParty:1030 - CMSIS Pack Vendor :STMicroelectronics X-CUBE-AI 10.1.0
2026-04-21 22:23:02,742 [INFO] ThirdParty:1030 - CMSIS Pack Vendor :STMicroelectronics FP-SNS-STBOX1 2.0.0
2026-04-21 22:23:02,742 [INFO] ThirdParty:1030 - CMSIS Pack Vendor :STMicroelectronics X-CUBE-MEMS1 12.0.0
2026-04-21 22:23:02,742 [INFO] ThirdParty:1030 - CMSIS Pack Vendor :STMicroelectronics X-CUBE-STSE01 2.0.0
2026-04-21 22:23:02,742 [INFO] ThirdParty:1030 - CMSIS Pack Vendor :STMicroelectronics X-CUBE-MEMS1 11.2.0
2026-04-21 22:23:02,742 [INFO] ThirdParty:1030 - CMSIS Pack Vendor :STMicroelectronics X-CUBE-AZRTOS-G0 1.1.0
2026-04-21 22:23:02,742 [INFO] ThirdParty:1030 - CMSIS Pack Vendor :STMicroelectronics X-CUBE-SAFEA1 1.2.2
2026-04-21 22:23:02,742 [INFO] ThirdParty:1030 - CMSIS Pack Vendor :STMicroelectronics X-CUBE-NFC4 3.0.0
2026-04-21 22:23:02,742 [INFO] ThirdParty:1030 - CMSIS Pack Vendor :STMicroelectronics X-CUBE-SUBG2 5.0.0
2026-04-21 22:23:02,743 [INFO] ThirdParty:1030 - CMSIS Pack Vendor :STMicroelectronics X-CUBE-AZRTOS-H7RS 1.1.0
2026-04-21 22:23:02,743 [INFO] ThirdParty:1030 - CMSIS Pack Vendor :STMicroelectronics STM32_WPAN 1.0.0
2026-04-21 22:23:02,743 [INFO] ThirdParty:1030 - CMSIS Pack Vendor :EmbeddedOffice I-CUBE-FS-RTOS 1.0.1
2026-04-21 22:23:02,743 [INFO] ThirdParty:1030 - CMSIS Pack Vendor :STMicroelectronics lwIP 2.0.3
2026-04-21 22:23:02,743 [INFO] ThirdParty:1030 - CMSIS Pack Vendor :Cesanta I-CUBE-Mongoose 7.13.0
2026-04-21 22:23:02,743 [INFO] ThirdParty:1030 - CMSIS Pack Vendor :STMicroelectronics USB_HOST 1.0.0
2026-04-21 22:23:02,743 [INFO] ThirdParty:1030 - CMSIS Pack Vendor :STMicroelectronics X-CUBE-AZRTOS-G4 2.0.0
2026-04-21 22:23:02,743 [INFO] ThirdParty:1030 - CMSIS Pack Vendor :STMicroelectronics X-CUBE-WB05N 2.0.0
2026-04-21 22:23:02,743 [INFO] ThirdParty:1030 - CMSIS Pack Vendor :STMicroelectronics PDM2PCM 3.1.0
2026-04-21 22:23:02,743 [INFO] ThirdParty:1030 - CMSIS Pack Vendor :STMicroelectronics X-CUBE-NFC7 2.0.0
2026-04-21 22:23:02,743 [INFO] ThirdParty:1030 - CMSIS Pack Vendor :STMicroelectronics X-CUBE-TCPP 4.2.0
2026-04-21 22:23:02,743 [INFO] ThirdParty:1030 - CMSIS Pack Vendor :RealThread X-CUBE-RT-Thread_Nano 4.1.1
2026-04-21 22:23:02,743 [INFO] ThirdParty:1030 - CMSIS Pack Vendor :STMicroelectronics FP-ATR-SIGFOX1 3.2.0
2026-04-21 22:23:02,743 [INFO] ThirdParty:1030 - CMSIS Pack Vendor :quantropi X-CUBE-qispace-sdk-base 1.9.3
2026-04-21 22:23:02,743 [INFO] ThirdParty:1030 - CMSIS Pack Vendor :STMicroelectronics X-CUBE-EEPRMA1 5.1.0
2026-04-21 22:23:02,743 [INFO] ThirdParty:1030 - CMSIS Pack Vendor :STMicroelectronics X-CUBE-FREERTOS 1.5.0
2026-04-21 22:23:02,744 [INFO] ThirdParty:1030 - CMSIS Pack Vendor :STMicroelectronics MBEDTLS 2.16.2
2026-04-21 22:23:02,744 [INFO] ThirdParty:1030 - CMSIS Pack Vendor :STMicroelectronics X-CUBE-IPS 3.1.0
2026-04-21 22:23:02,744 [INFO] ThirdParty:1030 - CMSIS Pack Vendor :STMicroelectronics X-CUBE-ALS 1.0.2
2026-04-21 22:23:02,744 [INFO] ThirdParty:1030 - CMSIS Pack Vendor :STMicroelectronics X-CUBE-MEMS1 10.0.0
2026-04-21 22:23:02,744 [INFO] ThirdParty:1030 - CMSIS Pack Vendor :wolfSSL I-CUBE-wolfSSL 5.7.4
2026-04-21 22:23:02,744 [INFO] ThirdParty:1030 - CMSIS Pack Vendor :ITTIA_DB I-CUBE-ITTIADB 8.9.0
2026-04-21 22:23:02,744 [INFO] ThirdParty:1030 - CMSIS Pack Vendor :STMicroelectronics X-CUBE-TOUCHGFX 4.24.2
2026-04-21 22:23:02,744 [INFO] ThirdParty:1030 - CMSIS Pack Vendor :STMicroelectronics X-CUBE-STSE01 1.0.0
2026-04-21 22:23:02,745 [INFO] ThirdParty:1030 - CMSIS Pack Vendor :wolfSSL I-CUBE-wolfTPM 3.4.0
2026-04-21 22:23:02,745 [INFO] ThirdParty:1030 - CMSIS Pack Vendor :portGmbH I-Cube-SoM-uGOAL 1.1.0
2026-04-21 22:23:02,745 [INFO] ThirdParty:1030 - CMSIS Pack Vendor :STMicroelectronics X-CUBE-NFC6 3.2.0
2026-04-21 22:23:02,745 [INFO] ThirdParty:1030 - CMSIS Pack Vendor :STMicroelectronics X-CUBE-ST67W61 1.0.0
2026-04-21 22:23:02,745 [INFO] ThirdParty:1030 - CMSIS Pack Vendor :STMicroelectronics X-CUBE-AI 10.2.0
2026-04-21 22:23:02,745 [INFO] ThirdParty:1030 - CMSIS Pack Vendor :STMicroelectronics ThreadX 1.0.0
2026-04-21 22:23:02,745 [INFO] ThirdParty:1030 - CMSIS Pack Vendor :SEGGER I-CUBE-embOS 1.3.1
2026-04-21 22:23:02,745 [INFO] ThirdParty:1030 - CMSIS Pack Vendor :STMicroelectronics X-CUBE-ALGOBUILD 1.4.0
2026-04-21 22:23:02,745 [INFO] ThirdParty:1030 - CMSIS Pack Vendor :STMicroelectronics X-CUBE-MEMS1 11.3.0
2026-04-21 22:23:02,745 [INFO] ThirdParty:1030 - CMSIS Pack Vendor :STMicroelectronics X-CUBE-AZRTOS-H7RS 1.0.0
2026-04-21 22:23:02,745 [INFO] ThirdParty:1030 - CMSIS Pack Vendor :STMicroelectronics X-CUBE-TOF1 3.4.2
2026-04-21 22:23:02,745 [INFO] ThirdParty:1030 - CMSIS Pack Vendor :STMicroelectronics X-CUBE-TOF1 3.4.3
2026-04-21 22:23:02,746 [INFO] ThirdParty:1030 - CMSIS Pack Vendor :STMicroelectronics X-CUBE-AI 9.1.0
2026-04-21 22:23:02,746 [INFO] ThirdParty:1030 - CMSIS Pack Vendor :wolfSSL I-CUBE-wolfSSH 1.4.17
2026-04-21 22:23:02,746 [INFO] ThirdParty:841 - exiting critical section [change project]
2026-04-21 22:23:03,477 [ERROR] LogOutputStream:75 - [STDERR_REDIRECT] [Fatal Error] :1:1: Premature end of file.
2026-04-21 22:23:03,478 [ERROR] LogOutputStream:75 - [STDERR_REDIRECT] 
2026-04-21 22:23:03,615 [INFO] PinOutPanel:1589 - setPackage(No Configuration,No Configuration)
2026-04-21 22:23:03,617 [INFO] PinOutPanel:1589 - setPackage(STM32G474RETx,LQFP64)
2026-04-21 22:23:04,296 [INFO] UtilMem:75 - Before build in PCC Used Memory: 788004864 Bytes (1073741824)
2026-04-21 22:23:04,486 [ERROR] LogOutputStream:75 - [STDERR_REDIRECT] [Fatal Error] :1:1: Premature end of file.
2026-04-21 22:23:04,487 [ERROR] LogOutputStream:75 - [STDERR_REDIRECT] 
2026-04-21 22:23:05,466 [ERROR] LogOutputStream:75 - [STDERR_REDIRECT] [Fatal Error] :1:1: Premature end of file.
2026-04-21 22:23:05,466 [ERROR] LogOutputStream:75 - [STDERR_REDIRECT] 
2026-04-21 22:23:05,621 [INFO] UtilMem:75 - After build in PCC Used Memory: 924397400 Bytes (1073741824)
2026-04-21 22:23:05,825 [INFO] ApiDbMcu:532 - Load IP Config File for FATFS
2026-04-21 22:23:05,903 [INFO] IPUIPlugin:80 - create IPUIPlugin
2026-04-21 22:23:05,903 [INFO] IPUIPlugin:80 - create IPUIPlugin
2026-04-21 22:23:05,904 [INFO] IPUIPlugin:80 - create IPUIPlugin
2026-04-21 22:23:05,905 [INFO] IPUIPlugin:80 - create IPUIPlugin
2026-04-21 22:23:05,906 [INFO] IPUIPlugin:80 - create IPUIPlugin
2026-04-21 22:23:05,906 [INFO] IPUIPlugin:80 - create IPUIPlugin
2026-04-21 22:23:05,907 [INFO] IPUIPlugin:80 - create IPUIPlugin
2026-04-21 22:23:05,907 [INFO] IPUIPlugin:80 - create IPUIPlugin
2026-04-21 22:23:05,907 [INFO] IPUIPlugin:80 - create IPUIPlugin
2026-04-21 22:23:05,908 [INFO] IPUIPlugin:80 - create IPUIPlugin
2026-04-21 22:23:05,908 [INFO] IPUIPlugin:80 - create IPUIPlugin
2026-04-21 22:23:05,908 [INFO] IPUIPlugin:80 - create IPUIPlugin
2026-04-21 22:23:05,909 [INFO] IPUIPlugin:80 - create IPUIPlugin
2026-04-21 22:23:05,910 [INFO] IPUIPlugin:80 - create IPUIPlugin
2026-04-21 22:23:05,912 [INFO] IPUIPlugin:80 - create IPUIPlugin
2026-04-21 22:23:05,913 [INFO] IPUIPlugin:80 - create IPUIPlugin
2026-04-21 22:23:05,915 [INFO] IPUIPlugin:80 - create IPUIPlugin
2026-04-21 22:23:05,915 [INFO] IPUIPlugin:80 - create IPUIPlugin
2026-04-21 22:23:05,915 [INFO] IPUIPlugin:80 - create IPUIPlugin
2026-04-21 22:23:05,915 [INFO] IPUIPlugin:80 - create IPUIPlugin
2026-04-21 22:23:05,915 [INFO] IPUIPlugin:80 - create IPUIPlugin
2026-04-21 22:23:05,915 [INFO] IPUIPlugin:80 - create IPUIPlugin
2026-04-21 22:23:05,915 [INFO] IPUIPlugin:80 - create IPUIPlugin
2026-04-21 22:23:05,915 [INFO] IPUIPlugin:80 - create IPUIPlugin
2026-04-21 22:23:05,916 [INFO] IPUIPlugin:80 - create IPUIPlugin
2026-04-21 22:23:05,916 [INFO] IPUIPlugin:80 - create IPUIPlugin
2026-04-21 22:23:05,916 [INFO] IPUIPlugin:80 - create IPUIPlugin
2026-04-21 22:23:05,916 [INFO] IPUIPlugin:80 - create IPUIPlugin
2026-04-21 22:23:05,916 [INFO] IPUIPlugin:80 - create IPUIPlugin
2026-04-21 22:23:05,916 [INFO] IPUIPlugin:80 - create IPUIPlugin
2026-04-21 22:23:05,916 [INFO] IPUIPlugin:80 - create IPUIPlugin
2026-04-21 22:23:05,917 [INFO] IPUIPlugin:80 - create IPUIPlugin
2026-04-21 22:23:05,917 [INFO] IPUIPlugin:80 - create IPUIPlugin
2026-04-21 22:23:05,917 [INFO] IPUIPlugin:80 - create IPUIPlugin
2026-04-21 22:23:05,917 [INFO] IPUIPlugin:80 - create IPUIPlugin
2026-04-21 22:23:05,917 [INFO] IPUIPlugin:80 - create IPUIPlugin
2026-04-21 22:23:05,917 [INFO] IPUIPlugin:80 - create IPUIPlugin
2026-04-21 22:23:05,918 [INFO] IPUIPlugin:80 - create IPUIPlugin
2026-04-21 22:23:05,918 [INFO] IPUIPlugin:80 - create IPUIPlugin
2026-04-21 22:23:05,918 [INFO] IPUIPlugin:80 - create IPUIPlugin
2026-04-21 22:23:05,918 [INFO] IPUIPlugin:80 - create IPUIPlugin
2026-04-21 22:23:05,918 [INFO] IPUIPlugin:80 - create IPUIPlugin
2026-04-21 22:23:05,918 [INFO] IPUIPlugin:80 - create IPUIPlugin
2026-04-21 22:23:05,919 [INFO] IPUIPlugin:80 - create IPUIPlugin
2026-04-21 22:23:05,919 [INFO] IPUIPlugin:80 - create IPUIPlugin
2026-04-21 22:23:05,919 [INFO] IPUIPlugin:80 - create IPUIPlugin
2026-04-21 22:23:05,919 [INFO] IPUIPlugin:80 - create IPUIPlugin
2026-04-21 22:23:05,920 [INFO] IPUIPlugin:80 - create IPUIPlugin
2026-04-21 22:23:05,920 [INFO] IPUIPlugin:80 - create IPUIPlugin
2026-04-21 22:23:05,920 [INFO] IPUIPlugin:80 - create IPUIPlugin
2026-04-21 22:23:05,920 [INFO] IPUIPlugin:80 - create IPUIPlugin
2026-04-21 22:23:05,921 [INFO] IPUIPlugin:80 - create IPUIPlugin
2026-04-21 22:23:05,921 [INFO] IPUIPlugin:80 - create IPUIPlugin
2026-04-21 22:23:05,921 [INFO] IPUIPlugin:80 - create IPUIPlugin
2026-04-21 22:23:05,921 [INFO] IPUIPlugin:80 - create IPUIPlugin
2026-04-21 22:23:05,922 [INFO] IPUIPlugin:80 - create IPUIPlugin
2026-04-21 22:23:05,922 [INFO] IPUIPlugin:80 - create IPUIPlugin
2026-04-21 22:23:05,922 [INFO] IPUIPlugin:80 - create IPUIPlugin
2026-04-21 22:23:05,922 [INFO] IPUIPlugin:80 - create IPUIPlugin
2026-04-21 22:23:05,922 [INFO] IPUIPlugin:80 - create IPUIPlugin
2026-04-21 22:23:05,923 [INFO] IPUIPlugin:80 - create IPUIPlugin
2026-04-21 22:23:05,923 [INFO] IPUIPlugin:80 - create IPUIPlugin
2026-04-21 22:23:05,923 [INFO] IPUIPlugin:80 - create IPUIPlugin
2026-04-21 22:23:05,923 [INFO] IPUIPlugin:80 - create IPUIPlugin
2026-04-21 22:23:05,924 [INFO] IPUIPlugin:80 - create IPUIPlugin
2026-04-21 22:23:05,924 [INFO] IPUIPlugin:80 - create IPUIPlugin
2026-04-21 22:23:05,924 [INFO] IPUIPlugin:80 - create IPUIPlugin
2026-04-21 22:23:05,925 [INFO] IPUIPlugin:80 - create IPUIPlugin
2026-04-21 22:23:05,925 [INFO] IPUIPlugin:80 - create IPUIPlugin
2026-04-21 22:23:05,925 [INFO] IPUIPlugin:80 - create IPUIPlugin
2026-04-21 22:23:05,926 [INFO] IPUIPlugin:80 - create IPUIPlugin
2026-04-21 22:23:05,926 [INFO] IPUIPlugin:80 - create IPUIPlugin
2026-04-21 22:23:05,927 [INFO] IPUIPlugin:80 - create IPUIPlugin
2026-04-21 22:23:05,927 [INFO] IPUIPlugin:80 - create IPUIPlugin
2026-04-21 22:23:05,930 [INFO] IPUIPlugin:80 - create IPUIPlugin
2026-04-21 22:23:05,930 [INFO] IPUIPlugin:80 - create IPUIPlugin
2026-04-21 22:23:05,931 [INFO] IPUIPlugin:80 - create IPUIPlugin
2026-04-21 22:23:06,586 [INFO] CADModel:165 - CPN selected for project levelSTM32G474RET6
2026-04-21 22:23:06,586 [INFO] CADModel:114 - Register for checkConnection events
2026-04-21 22:23:06,632 [INFO] OpenFileManager:386 - Restore cursor
2026-04-21 22:23:06,672 [ERROR] LogOutputStream:75 - [STDERR_REDIRECT] [Fatal Error] :1:1: Premature end of file.
2026-04-21 22:23:06,675 [ERROR] LogOutputStream:75 - [STDERR_REDIRECT] 
2026-04-21 22:23:07,593 [ERROR] LogOutputStream:75 - [STDERR_REDIRECT] [Fatal Error] :1:1: Premature end of file.
2026-04-21 22:23:07,594 [ERROR] LogOutputStream:75 - [STDERR_REDIRECT] 
2026-04-21 22:23:08,461 [ERROR] LogOutputStream:75 - [STDERR_REDIRECT] [Fatal Error] :1:1: Premature end of file.
2026-04-21 22:23:08,463 [ERROR] LogOutputStream:75 - [STDERR_REDIRECT] 
2026-04-21 22:23:09,464 [ERROR] LogOutputStream:75 - [STDERR_REDIRECT] [Fatal Error] :1:1: Premature end of file.
2026-04-21 22:23:09,464 [ERROR] LogOutputStream:75 - [STDERR_REDIRECT] 
2026-04-21 22:23:10,444 [ERROR] LogOutputStream:75 - [STDERR_REDIRECT] [Fatal Error] :1:1: Premature end of file.
2026-04-21 22:23:10,444 [ERROR] LogOutputStream:75 - [STDERR_REDIRECT] 
2026-04-21 22:23:11,439 [ERROR] LogOutputStream:75 - [STDERR_REDIRECT] [Fatal Error] :1:1: Premature end of file.
2026-04-21 22:23:11,439 [ERROR] LogOutputStream:75 - [STDERR_REDIRECT] 
2026-04-21 22:23:12,461 [ERROR] LogOutputStream:75 - [STDERR_REDIRECT] [Fatal Error] :1:1: Premature end of file.
2026-04-21 22:23:12,461 [ERROR] LogOutputStream:75 - [STDERR_REDIRECT] 
2026-04-21 22:23:13,453 [ERROR] LogOutputStream:75 - [STDERR_REDIRECT] [Fatal Error] :1:1: Premature end of file.
2026-04-21 22:23:13,453 [ERROR] LogOutputStream:75 - [STDERR_REDIRECT] 
2026-04-21 22:23:14,452 [ERROR] LogOutputStream:75 - [STDERR_REDIRECT] [Fatal Error] :1:1: Premature end of file.
2026-04-21 22:23:14,452 [ERROR] LogOutputStream:75 - [STDERR_REDIRECT] 
2026-04-21 22:23:15,443 [ERROR] LogOutputStream:75 - [STDERR_REDIRECT] [Fatal Error] :1:1: Premature end of file.
2026-04-21 22:23:15,444 [ERROR] LogOutputStream:75 - [STDERR_REDIRECT] 
2026-04-21 22:23:16,442 [ERROR] LogOutputStream:75 - [STDERR_REDIRECT] [Fatal Error] :1:1: Premature end of file.
2026-04-21 22:23:16,442 [ERROR] LogOutputStream:75 - [STDERR_REDIRECT] 
2026-04-21 22:23:17,452 [ERROR] LogOutputStream:75 - [STDERR_REDIRECT] [Fatal Error] :1:1: Premature end of file.
2026-04-21 22:23:17,452 [ERROR] LogOutputStream:75 - [STDERR_REDIRECT] 
2026-04-21 22:23:18,452 [ERROR] LogOutputStream:75 - [STDERR_REDIRECT] [Fatal Error] :1:1: Premature end of file.
2026-04-21 22:23:18,452 [ERROR] LogOutputStream:75 - [STDERR_REDIRECT] 
2026-04-21 22:23:19,464 [ERROR] LogOutputStream:75 - [STDERR_REDIRECT] [Fatal Error] :1:1: Premature end of file.
2026-04-21 22:23:19,465 [ERROR] LogOutputStream:75 - [STDERR_REDIRECT] 
2026-04-21 22:23:20,438 [ERROR] LogOutputStream:75 - [STDERR_REDIRECT] [Fatal Error] :1:1: Premature end of file.
2026-04-21 22:23:20,438 [ERROR] LogOutputStream:75 - [STDERR_REDIRECT] 
2026-04-21 22:23:21,623 [ERROR] LogOutputStream:75 - [STDERR_REDIRECT] [Fatal Error] :1:1: Premature end of file.
2026-04-21 22:23:21,624 [ERROR] LogOutputStream:75 - [STDERR_REDIRECT] 
2026-04-21 22:23:22,473 [ERROR] LogOutputStream:75 - [STDERR_REDIRECT] [Fatal Error] :1:1: Premature end of file.
2026-04-21 22:23:22,473 [ERROR] LogOutputStream:75 - [STDERR_REDIRECT] 
2026-04-21 22:23:23,541 [ERROR] LogOutputStream:75 - [STDERR_REDIRECT] [Fatal Error] :1:1: Premature end of file.
2026-04-21 22:23:23,541 [ERROR] LogOutputStream:75 - [STDERR_REDIRECT] 
2026-04-21 22:23:24,493 [ERROR] LogOutputStream:75 - [STDERR_REDIRECT] [Fatal Error] :1:1: Premature end of file.
2026-04-21 22:23:24,493 [ERROR] LogOutputStream:75 - [STDERR_REDIRECT] 
2026-04-21 22:23:25,468 [ERROR] LogOutputStream:75 - [STDERR_REDIRECT] [Fatal Error] :1:1: Premature end of file.
2026-04-21 22:23:25,468 [ERROR] LogOutputStream:75 - [STDERR_REDIRECT] 
2026-04-21 22:23:26,457 [ERROR] LogOutputStream:75 - [STDERR_REDIRECT] [Fatal Error] :1:1: Premature end of file.
2026-04-21 22:23:26,457 [ERROR] LogOutputStream:75 - [STDERR_REDIRECT] 
2026-04-21 22:23:27,447 [ERROR] LogOutputStream:75 - [STDERR_REDIRECT] [Fatal Error] :1:1: Premature end of file.
2026-04-21 22:23:27,448 [ERROR] LogOutputStream:75 - [STDERR_REDIRECT] 
2026-04-21 22:23:28,445 [ERROR] LogOutputStream:75 - [STDERR_REDIRECT] [Fatal Error] :1:1: Premature end of file.
2026-04-21 22:23:28,445 [ERROR] LogOutputStream:75 - [STDERR_REDIRECT] 
2026-04-21 22:23:29,436 [ERROR] LogOutputStream:75 - [STDERR_REDIRECT] [Fatal Error] :1:1: Premature end of file.
2026-04-21 22:23:29,436 [ERROR] LogOutputStream:75 - [STDERR_REDIRECT] 
2026-04-21 22:23:30,446 [ERROR] LogOutputStream:75 - [STDERR_REDIRECT] [Fatal Error] :1:1: Premature end of file.
2026-04-21 22:23:30,446 [ERROR] LogOutputStream:75 - [STDERR_REDIRECT] 
2026-04-21 22:23:31,444 [ERROR] LogOutputStream:75 - [STDERR_REDIRECT] [Fatal Error] :1:1: Premature end of file.
2026-04-21 22:23:31,445 [ERROR] LogOutputStream:75 - [STDERR_REDIRECT] 
2026-04-21 22:23:32,507 [ERROR] LogOutputStream:75 - [STDERR_REDIRECT] [Fatal Error] :1:1: Premature end of file.
2026-04-21 22:23:32,507 [ERROR] LogOutputStream:75 - [STDERR_REDIRECT] 
2026-04-21 22:23:33,439 [ERROR] LogOutputStream:75 - [STDERR_REDIRECT] [Fatal Error] :1:1: Premature end of file.
2026-04-21 22:23:33,439 [ERROR] LogOutputStream:75 - [STDERR_REDIRECT] 
2026-04-21 22:23:34,450 [ERROR] LogOutputStream:75 - [STDERR_REDIRECT] [Fatal Error] :1:1: Premature end of file.
2026-04-21 22:23:34,450 [ERROR] LogOutputStream:75 - [STDERR_REDIRECT] 
2026-04-21 22:23:35,440 [ERROR] LogOutputStream:75 - [STDERR_REDIRECT] [Fatal Error] :1:1: Premature end of file.
2026-04-21 22:23:35,440 [ERROR] LogOutputStream:75 - [STDERR_REDIRECT] 
2026-04-21 22:23:36,476 [ERROR] LogOutputStream:75 - [STDERR_REDIRECT] [Fatal Error] :1:1: Premature end of file.
2026-04-21 22:23:36,477 [ERROR] LogOutputStream:75 - [STDERR_REDIRECT] 
2026-04-21 22:23:37,448 [ERROR] LogOutputStream:75 - [STDERR_REDIRECT] [Fatal Error] :1:1: Premature end of file.
2026-04-21 22:23:37,448 [ERROR] LogOutputStream:75 - [STDERR_REDIRECT] 
2026-04-21 22:23:38,444 [ERROR] LogOutputStream:75 - [STDERR_REDIRECT] [Fatal Error] :1:1: Premature end of file.
2026-04-21 22:23:38,445 [ERROR] LogOutputStream:75 - [STDERR_REDIRECT] 
2026-04-21 22:23:39,439 [ERROR] LogOutputStream:75 - [STDERR_REDIRECT] [Fatal Error] :1:1: Premature end of file.
2026-04-21 22:23:39,439 [ERROR] LogOutputStream:75 - [STDERR_REDIRECT] 
2026-04-21 22:23:40,450 [ERROR] LogOutputStream:75 - [STDERR_REDIRECT] [Fatal Error] :1:1: Premature end of file.
2026-04-21 22:23:40,451 [ERROR] LogOutputStream:75 - [STDERR_REDIRECT] 
2026-04-21 22:23:41,487 [ERROR] LogOutputStream:75 - [STDERR_REDIRECT] [Fatal Error] :1:1: Premature end of file.
2026-04-21 22:23:41,487 [ERROR] LogOutputStream:75 - [STDERR_REDIRECT] 
2026-04-21 22:23:42,605 [ERROR] LogOutputStream:75 - [STDERR_REDIRECT] [Fatal Error] :1:1: Premature end of file.
2026-04-21 22:23:42,605 [ERROR] LogOutputStream:75 - [STDERR_REDIRECT] 
2026-04-21 22:23:43,635 [ERROR] LogOutputStream:75 - [STDERR_REDIRECT] [Fatal Error] :1:1: Premature end of file.
2026-04-21 22:23:43,635 [ERROR] LogOutputStream:75 - [STDERR_REDIRECT] 
2026-04-21 22:23:44,597 [ERROR] LogOutputStream:75 - [STDERR_REDIRECT] [Fatal Error] :1:1: Premature end of file.
2026-04-21 22:23:44,597 [ERROR] LogOutputStream:75 - [STDERR_REDIRECT] 
2026-04-21 22:23:45,589 [ERROR] LogOutputStream:75 - [STDERR_REDIRECT] [Fatal Error] :1:1: Premature end of file.
2026-04-21 22:23:45,589 [ERROR] LogOutputStream:75 - [STDERR_REDIRECT] 
2026-04-21 22:23:46,559 [ERROR] LogOutputStream:75 - [STDERR_REDIRECT] [Fatal Error] :1:1: Premature end of file.
2026-04-21 22:23:46,559 [ERROR] LogOutputStream:75 - [STDERR_REDIRECT] 
2026-04-21 22:23:47,485 [ERROR] LogOutputStream:75 - [STDERR_REDIRECT] [Fatal Error] :1:1: Premature end of file.
2026-04-21 22:23:47,486 [ERROR] LogOutputStream:75 - [STDERR_REDIRECT] 
2026-04-21 22:23:48,447 [ERROR] LogOutputStream:75 - [STDERR_REDIRECT] [Fatal Error] :1:1: Premature end of file.
2026-04-21 22:23:48,447 [ERROR] LogOutputStream:75 - [STDERR_REDIRECT] 
2026-04-21 22:23:48,885 [INFO] ADCParametersView:116 -                Rank 1 : false
2026-04-21 22:23:48,885 [INFO] ADCParametersView:116 -                Rank 1 : false
2026-04-21 22:23:48,886 [INFO] ADCParametersView:116 -                Rank 2 : false
2026-04-21 22:23:49,003 [INFO] ADCParametersView:116 -                Rank 1 : false
2026-04-21 22:23:49,003 [INFO] ADCParametersView:116 -                Rank 2 : false
2026-04-21 22:23:49,003 [INFO] ADCParametersView:116 -                Rank 1 : false
2026-04-21 22:23:49,004 [INFO] ADCParametersView:116 -                Rank 2 : false
2026-04-21 22:23:49,004 [INFO] ADCParametersView:116 -                Rank 1 : false
2026-04-21 22:23:49,004 [INFO] ADCParametersView:116 -                Rank 2 : false
2026-04-21 22:23:49,004 [INFO] ADCParametersView:116 -                Rank 1 : false
2026-04-21 22:23:49,004 [INFO] ADCParametersView:116 -                Rank 2 : false
2026-04-21 22:23:49,004 [INFO] ADCParametersView:116 -                Rank 1 : false
2026-04-21 22:23:49,004 [INFO] ADCParametersView:116 -                Rank 2 : false
2026-04-21 22:23:49,005 [INFO] ADCParametersView:116 -                Rank 1 : false
2026-04-21 22:23:49,005 [INFO] ADCParametersView:116 -                Rank 2 : false
2026-04-21 22:23:49,005 [INFO] ADCParametersView:116 -                Rank 1 : false
2026-04-21 22:23:49,005 [INFO] ADCParametersView:116 -                Rank 2 : false
2026-04-21 22:23:49,005 [INFO] ADCParametersView:116 -                Rank 1 : false
2026-04-21 22:23:49,005 [INFO] ADCParametersView:116 -                Rank 2 : false
2026-04-21 22:23:49,005 [INFO] ADCParametersView:116 -                Rank 1 : false
2026-04-21 22:23:49,005 [INFO] ADCParametersView:116 -                Rank 2 : false
2026-04-21 22:23:49,005 [INFO] ADCParametersView:116 -                Rank 1 : false
2026-04-21 22:23:49,005 [INFO] ADCParametersView:116 -                Rank 2 : false
2026-04-21 22:23:49,006 [INFO] ADCParametersView:116 -                Rank 1 : false
2026-04-21 22:23:49,006 [INFO] ADCParametersView:116 -                Rank 2 : false
2026-04-21 22:23:49,006 [INFO] ADCParametersView:116 -                Rank 1 : false
2026-04-21 22:23:49,006 [INFO] ADCParametersView:116 -                Rank 2 : false
2026-04-21 22:23:49,006 [INFO] ADCParametersView:116 -                Rank 1 : false
2026-04-21 22:23:49,006 [INFO] ADCParametersView:116 -                Rank 2 : false
2026-04-21 22:23:49,006 [INFO] ADCParametersView:116 -                Rank 1 : false
2026-04-21 22:23:49,006 [INFO] ADCParametersView:116 -                Rank 2 : false
2026-04-21 22:23:49,006 [INFO] ADCParametersView:116 -                Rank 1 : false
2026-04-21 22:23:49,006 [INFO] ADCParametersView:116 -                Rank 2 : false
2026-04-21 22:23:49,007 [INFO] ADCParametersView:116 -                Rank 1 : false
2026-04-21 22:23:49,007 [INFO] ADCParametersView:116 -                Rank 2 : false
2026-04-21 22:23:49,007 [INFO] ADCParametersView:116 -                Rank 1 : false
2026-04-21 22:23:49,007 [INFO] ADCParametersView:116 -                Rank 2 : false
2026-04-21 22:23:49,007 [INFO] ADCParametersView:116 -                Rank 1 : false
2026-04-21 22:23:49,007 [INFO] ADCParametersView:116 -                Rank 2 : false
2026-04-21 22:23:49,007 [INFO] ADCParametersView:116 -                Rank 1 : false
2026-04-21 22:23:49,007 [INFO] ADCParametersView:116 -                Rank 2 : false
2026-04-21 22:23:49,008 [INFO] ADCParametersView:116 -                Rank 1 : false
2026-04-21 22:23:49,008 [INFO] ADCParametersView:116 -                Rank 2 : false
2026-04-21 22:23:49,008 [INFO] ADCParametersView:116 -                Rank 1 : false
2026-04-21 22:23:49,008 [INFO] ADCParametersView:116 -                Rank 2 : false
2026-04-21 22:23:49,008 [INFO] ADCParametersView:116 -                Rank 2 : false
2026-04-21 22:23:49,032 [INFO] ADCParametersView:116 -                Rank 1 : false
2026-04-21 22:23:49,033 [INFO] ADCParametersView:116 -                Rank 1 : false
2026-04-21 22:23:49,033 [INFO] ADCParametersView:116 -                Rank 2 : false
2026-04-21 22:23:49,534 [ERROR] LogOutputStream:75 - [STDERR_REDIRECT] [Fatal Error] :1:1: Premature end of file.
2026-04-21 22:23:49,534 [ERROR] LogOutputStream:75 - [STDERR_REDIRECT] 
2026-04-21 22:23:50,524 [ERROR] LogOutputStream:75 - [STDERR_REDIRECT] [Fatal Error] :1:1: Premature end of file.
2026-04-21 22:23:50,525 [ERROR] LogOutputStream:75 - [STDERR_REDIRECT] 
2026-04-21 22:23:51,466 [ERROR] LogOutputStream:75 - [STDERR_REDIRECT] [Fatal Error] :1:1: Premature end of file.
2026-04-21 22:23:51,466 [ERROR] LogOutputStream:75 - [STDERR_REDIRECT] 
2026-04-21 22:23:52,435 [ERROR] LogOutputStream:75 - [STDERR_REDIRECT] [Fatal Error] :1:1: Premature end of file.
2026-04-21 22:23:52,435 [ERROR] LogOutputStream:75 - [STDERR_REDIRECT] 
2026-04-21 22:23:53,504 [ERROR] LogOutputStream:75 - [STDERR_REDIRECT] [Fatal Error] :1:1: Premature end of file.
2026-04-21 22:23:53,504 [ERROR] LogOutputStream:75 - [STDERR_REDIRECT] 
2026-04-21 22:23:54,547 [ERROR] LogOutputStream:75 - [STDERR_REDIRECT] [Fatal Error] :1:1: Premature end of file.
2026-04-21 22:23:54,548 [ERROR] LogOutputStream:75 - [STDERR_REDIRECT] 
2026-04-21 22:23:55,461 [ERROR] LogOutputStream:75 - [STDERR_REDIRECT] [Fatal Error] :1:1: Premature end of file.
2026-04-21 22:23:55,461 [ERROR] LogOutputStream:75 - [STDERR_REDIRECT] 
2026-04-21 22:23:56,438 [ERROR] LogOutputStream:75 - [STDERR_REDIRECT] [Fatal Error] :1:1: Premature end of file.
2026-04-21 22:23:56,438 [ERROR] LogOutputStream:75 - [STDERR_REDIRECT] 
2026-04-21 22:23:57,436 [ERROR] LogOutputStream:75 - [STDERR_REDIRECT] [Fatal Error] :1:1: Premature end of file.
2026-04-21 22:23:57,436 [ERROR] LogOutputStream:75 - [STDERR_REDIRECT] 
2026-04-21 22:23:58,434 [ERROR] LogOutputStream:75 - [STDERR_REDIRECT] [Fatal Error] :1:1: Premature end of file.
2026-04-21 22:23:58,435 [ERROR] LogOutputStream:75 - [STDERR_REDIRECT] 
2026-04-21 22:23:59,438 [ERROR] LogOutputStream:75 - [STDERR_REDIRECT] [Fatal Error] :1:1: Premature end of file.
2026-04-21 22:23:59,438 [ERROR] LogOutputStream:75 - [STDERR_REDIRECT] 
2026-04-21 22:24:00,449 [ERROR] LogOutputStream:75 - [STDERR_REDIRECT] [Fatal Error] :1:1: Premature end of file.
2026-04-21 22:24:00,449 [ERROR] LogOutputStream:75 - [STDERR_REDIRECT] 
2026-04-21 22:24:01,449 [ERROR] LogOutputStream:75 - [STDERR_REDIRECT] [Fatal Error] :1:1: Premature end of file.
2026-04-21 22:24:01,449 [ERROR] LogOutputStream:75 - [STDERR_REDIRECT] 
2026-04-21 22:24:02,435 [ERROR] LogOutputStream:75 - [STDERR_REDIRECT] [Fatal Error] :1:1: Premature end of file.
2026-04-21 22:24:02,435 [ERROR] LogOutputStream:75 - [STDERR_REDIRECT] 
2026-04-21 22:24:03,438 [ERROR] LogOutputStream:75 - [STDERR_REDIRECT] [Fatal Error] :1:1: Premature end of file.
2026-04-21 22:24:03,438 [ERROR] LogOutputStream:75 - [STDERR_REDIRECT] 
2026-04-21 22:24:04,435 [ERROR] LogOutputStream:75 - [STDERR_REDIRECT] [Fatal Error] :1:1: Premature end of file.
2026-04-21 22:24:04,435 [ERROR] LogOutputStream:75 - [STDERR_REDIRECT] 
2026-04-21 22:24:05,434 [ERROR] LogOutputStream:75 - [STDERR_REDIRECT] [Fatal Error] :1:1: Premature end of file.
2026-04-21 22:24:05,434 [ERROR] LogOutputStream:75 - [STDERR_REDIRECT] 
2026-04-21 22:24:06,007 [INFO] ADCParametersView:116 -                Rank 1 : false
2026-04-21 22:24:06,007 [INFO] ADCParametersView:116 -                Rank 2 : true
2026-04-21 22:24:06,436 [ERROR] LogOutputStream:75 - [STDERR_REDIRECT] [Fatal Error] :1:1: Premature end of file.
2026-04-21 22:24:06,436 [ERROR] LogOutputStream:75 - [STDERR_REDIRECT] 
2026-04-21 22:24:06,786 [INFO] ADCParametersView:116 -                Rank 1 : true
2026-04-21 22:24:06,786 [INFO] ADCParametersView:116 -                Rank 2 : true
2026-04-21 22:24:07,435 [ERROR] LogOutputStream:75 - [STDERR_REDIRECT] [Fatal Error] :1:1: Premature end of file.
2026-04-21 22:24:07,435 [ERROR] LogOutputStream:75 - [STDERR_REDIRECT] 
2026-04-21 22:24:08,527 [ERROR] LogOutputStream:75 - [STDERR_REDIRECT] [Fatal Error] :1:1: Premature end of file.
2026-04-21 22:24:08,527 [ERROR] LogOutputStream:75 - [STDERR_REDIRECT] 
2026-04-21 22:24:09,459 [ERROR] LogOutputStream:75 - [STDERR_REDIRECT] [Fatal Error] :1:1: Premature end of file.
2026-04-21 22:24:09,459 [ERROR] LogOutputStream:75 - [STDERR_REDIRECT] 
2026-04-21 22:24:10,472 [ERROR] LogOutputStream:75 - [STDERR_REDIRECT] [Fatal Error] :1:1: Premature end of file.
2026-04-21 22:24:10,473 [ERROR] LogOutputStream:75 - [STDERR_REDIRECT] 
2026-04-21 22:24:11,516 [ERROR] LogOutputStream:75 - [STDERR_REDIRECT] [Fatal Error] :1:1: Premature end of file.
2026-04-21 22:24:11,516 [ERROR] LogOutputStream:75 - [STDERR_REDIRECT] 
2026-04-21 22:24:12,441 [ERROR] LogOutputStream:75 - [STDERR_REDIRECT] [Fatal Error] :1:1: Premature end of file.
2026-04-21 22:24:12,442 [ERROR] LogOutputStream:75 - [STDERR_REDIRECT] 
2026-04-21 22:24:13,435 [ERROR] LogOutputStream:75 - [STDERR_REDIRECT] [Fatal Error] :1:1: Premature end of file.
2026-04-21 22:24:13,435 [ERROR] LogOutputStream:75 - [STDERR_REDIRECT] 
2026-04-21 22:24:14,436 [ERROR] LogOutputStream:75 - [STDERR_REDIRECT] [Fatal Error] :1:1: Premature end of file.
2026-04-21 22:24:14,436 [ERROR] LogOutputStream:75 - [STDERR_REDIRECT] 
2026-04-21 22:24:15,439 [ERROR] LogOutputStream:75 - [STDERR_REDIRECT] [Fatal Error] :1:1: Premature end of file.
2026-04-21 22:24:15,439 [ERROR] LogOutputStream:75 - [STDERR_REDIRECT] 
2026-04-21 22:24:16,437 [ERROR] LogOutputStream:75 - [STDERR_REDIRECT] [Fatal Error] :1:1: Premature end of file.
2026-04-21 22:24:16,437 [ERROR] LogOutputStream:75 - [STDERR_REDIRECT] 
2026-04-21 22:24:17,478 [ERROR] LogOutputStream:75 - [STDERR_REDIRECT] [Fatal Error] :1:1: Premature end of file.
2026-04-21 22:24:17,478 [ERROR] LogOutputStream:75 - [STDERR_REDIRECT] 
2026-04-21 22:24:18,446 [ERROR] LogOutputStream:75 - [STDERR_REDIRECT] [Fatal Error] :1:1: Premature end of file.
2026-04-21 22:24:18,447 [ERROR] LogOutputStream:75 - [STDERR_REDIRECT] 
2026-04-21 22:24:19,440 [ERROR] LogOutputStream:75 - [STDERR_REDIRECT] [Fatal Error] :1:1: Premature end of file.
2026-04-21 22:24:19,441 [ERROR] LogOutputStream:75 - [STDERR_REDIRECT] 
2026-04-21 22:24:20,462 [ERROR] LogOutputStream:75 - [STDERR_REDIRECT] [Fatal Error] :1:1: Premature end of file.
2026-04-21 22:24:20,463 [ERROR] LogOutputStream:75 - [STDERR_REDIRECT] 
2026-04-21 22:24:21,441 [ERROR] LogOutputStream:75 - [STDERR_REDIRECT] [Fatal Error] :1:1: Premature end of file.
2026-04-21 22:24:21,441 [ERROR] LogOutputStream:75 - [STDERR_REDIRECT] 
2026-04-21 22:24:22,438 [ERROR] LogOutputStream:75 - [STDERR_REDIRECT] [Fatal Error] :1:1: Premature end of file.
2026-04-21 22:24:22,438 [ERROR] LogOutputStream:75 - [STDERR_REDIRECT] 
2026-04-21 22:24:23,435 [ERROR] LogOutputStream:75 - [STDERR_REDIRECT] [Fatal Error] :1:1: Premature end of file.
2026-04-21 22:24:23,435 [ERROR] LogOutputStream:75 - [STDERR_REDIRECT] 
2026-04-21 22:24:24,435 [ERROR] LogOutputStream:75 - [STDERR_REDIRECT] [Fatal Error] :1:1: Premature end of file.
2026-04-21 22:24:24,435 [ERROR] LogOutputStream:75 - [STDERR_REDIRECT] 
2026-04-21 22:24:25,436 [ERROR] LogOutputStream:75 - [STDERR_REDIRECT] [Fatal Error] :1:1: Premature end of file.
2026-04-21 22:24:25,437 [ERROR] LogOutputStream:75 - [STDERR_REDIRECT] 
2026-04-21 22:24:26,435 [ERROR] LogOutputStream:75 - [STDERR_REDIRECT] [Fatal Error] :1:1: Premature end of file.
2026-04-21 22:24:26,435 [ERROR] LogOutputStream:75 - [STDERR_REDIRECT] 
2026-04-21 22:24:27,455 [ERROR] LogOutputStream:75 - [STDERR_REDIRECT] [Fatal Error] :1:1: Premature end of file.
2026-04-21 22:24:27,455 [ERROR] LogOutputStream:75 - [STDERR_REDIRECT] 
2026-04-21 22:24:28,456 [ERROR] LogOutputStream:75 - [STDERR_REDIRECT] [Fatal Error] :1:1: Premature end of file.
2026-04-21 22:24:28,456 [ERROR] LogOutputStream:75 - [STDERR_REDIRECT] 
2026-04-21 22:24:29,436 [ERROR] LogOutputStream:75 - [STDERR_REDIRECT] [Fatal Error] :1:1: Premature end of file.
2026-04-21 22:24:29,436 [ERROR] LogOutputStream:75 - [STDERR_REDIRECT] 
2026-04-21 22:24:30,453 [ERROR] LogOutputStream:75 - [STDERR_REDIRECT] [Fatal Error] :1:1: Premature end of file.
2026-04-21 22:24:30,453 [ERROR] LogOutputStream:75 - [STDERR_REDIRECT] 
2026-04-21 22:24:31,448 [ERROR] LogOutputStream:75 - [STDERR_REDIRECT] [Fatal Error] :1:1: Premature end of file.
2026-04-21 22:24:31,448 [ERROR] LogOutputStream:75 - [STDERR_REDIRECT] 
2026-04-21 22:24:32,458 [ERROR] LogOutputStream:75 - [STDERR_REDIRECT] [Fatal Error] :1:1: Premature end of file.
2026-04-21 22:24:32,458 [ERROR] LogOutputStream:75 - [STDERR_REDIRECT] 
2026-04-21 22:24:33,451 [ERROR] LogOutputStream:75 - [STDERR_REDIRECT] [Fatal Error] :1:1: Premature end of file.
2026-04-21 22:24:33,451 [ERROR] LogOutputStream:75 - [STDERR_REDIRECT] 
2026-04-21 22:24:34,459 [ERROR] LogOutputStream:75 - [STDERR_REDIRECT] [Fatal Error] :1:1: Premature end of file.
2026-04-21 22:24:34,459 [ERROR] LogOutputStream:75 - [STDERR_REDIRECT] 
2026-04-21 22:24:35,453 [ERROR] LogOutputStream:75 - [STDERR_REDIRECT] [Fatal Error] :1:1: Premature end of file.
2026-04-21 22:24:35,453 [ERROR] LogOutputStream:75 - [STDERR_REDIRECT] 
2026-04-21 22:24:36,441 [ERROR] LogOutputStream:75 - [STDERR_REDIRECT] [Fatal Error] :1:1: Premature end of file.
2026-04-21 22:24:36,441 [ERROR] LogOutputStream:75 - [STDERR_REDIRECT] 
2026-04-21 22:24:37,443 [ERROR] LogOutputStream:75 - [STDERR_REDIRECT] [Fatal Error] :1:1: Premature end of file.
2026-04-21 22:24:37,443 [ERROR] LogOutputStream:75 - [STDERR_REDIRECT] 
2026-04-21 22:24:38,477 [ERROR] LogOutputStream:75 - [STDERR_REDIRECT] [Fatal Error] :1:1: Premature end of file.
2026-04-21 22:24:38,477 [ERROR] LogOutputStream:75 - [STDERR_REDIRECT] 
2026-04-21 22:24:39,535 [ERROR] LogOutputStream:75 - [STDERR_REDIRECT] [Fatal Error] :1:1: Premature end of file.
2026-04-21 22:24:39,536 [ERROR] LogOutputStream:75 - [STDERR_REDIRECT] 
2026-04-21 22:24:40,441 [ERROR] LogOutputStream:75 - [STDERR_REDIRECT] [Fatal Error] :1:1: Premature end of file.
2026-04-21 22:24:40,441 [ERROR] LogOutputStream:75 - [STDERR_REDIRECT] 
2026-04-21 22:24:41,448 [ERROR] LogOutputStream:75 - [STDERR_REDIRECT] [Fatal Error] :1:1: Premature end of file.
2026-04-21 22:24:41,448 [ERROR] LogOutputStream:75 - [STDERR_REDIRECT] 
2026-04-21 22:24:42,437 [ERROR] LogOutputStream:75 - [STDERR_REDIRECT] [Fatal Error] :1:1: Premature end of file.
2026-04-21 22:24:42,438 [ERROR] LogOutputStream:75 - [STDERR_REDIRECT] 
2026-04-21 22:24:43,437 [ERROR] LogOutputStream:75 - [STDERR_REDIRECT] [Fatal Error] :1:1: Premature end of file.
2026-04-21 22:24:43,437 [ERROR] LogOutputStream:75 - [STDERR_REDIRECT] 
2026-04-21 22:24:44,438 [ERROR] LogOutputStream:75 - [STDERR_REDIRECT] [Fatal Error] :1:1: Premature end of file.
2026-04-21 22:24:44,439 [ERROR] LogOutputStream:75 - [STDERR_REDIRECT] 
2026-04-21 22:24:45,435 [ERROR] LogOutputStream:75 - [STDERR_REDIRECT] [Fatal Error] :1:1: Premature end of file.
2026-04-21 22:24:45,435 [ERROR] LogOutputStream:75 - [STDERR_REDIRECT] 
2026-04-21 22:24:46,435 [ERROR] LogOutputStream:75 - [STDERR_REDIRECT] [Fatal Error] :1:1: Premature end of file.
2026-04-21 22:24:46,435 [ERROR] LogOutputStream:75 - [STDERR_REDIRECT] 
2026-04-21 22:24:47,443 [ERROR] LogOutputStream:75 - [STDERR_REDIRECT] [Fatal Error] :1:1: Premature end of file.
2026-04-21 22:24:47,443 [ERROR] LogOutputStream:75 - [STDERR_REDIRECT] 
2026-04-21 22:24:48,439 [ERROR] LogOutputStream:75 - [STDERR_REDIRECT] [Fatal Error] :1:1: Premature end of file.
2026-04-21 22:24:48,439 [ERROR] LogOutputStream:75 - [STDERR_REDIRECT] 
2026-04-21 22:24:49,434 [ERROR] LogOutputStream:75 - [STDERR_REDIRECT] [Fatal Error] :1:1: Premature end of file.
2026-04-21 22:24:49,434 [ERROR] LogOutputStream:75 - [STDERR_REDIRECT] 
2026-04-21 22:24:50,439 [ERROR] LogOutputStream:75 - [STDERR_REDIRECT] [Fatal Error] :1:1: Premature end of file.
2026-04-21 22:24:50,439 [ERROR] LogOutputStream:75 - [STDERR_REDIRECT] 
2026-04-21 22:24:51,447 [ERROR] LogOutputStream:75 - [STDERR_REDIRECT] [Fatal Error] :1:1: Premature end of file.
2026-04-21 22:24:51,447 [ERROR] LogOutputStream:75 - [STDERR_REDIRECT] 
2026-04-21 22:24:52,440 [ERROR] LogOutputStream:75 - [STDERR_REDIRECT] [Fatal Error] :1:1: Premature end of file.
2026-04-21 22:24:52,440 [ERROR] LogOutputStream:75 - [STDERR_REDIRECT] 
2026-04-21 22:24:53,447 [ERROR] LogOutputStream:75 - [STDERR_REDIRECT] [Fatal Error] :1:1: Premature end of file.
2026-04-21 22:24:53,447 [ERROR] LogOutputStream:75 - [STDERR_REDIRECT] 
2026-04-21 22:24:54,457 [ERROR] LogOutputStream:75 - [STDERR_REDIRECT] [Fatal Error] :1:1: Premature end of file.
2026-04-21 22:24:54,457 [ERROR] LogOutputStream:75 - [STDERR_REDIRECT] 
2026-04-21 22:24:55,437 [ERROR] LogOutputStream:75 - [STDERR_REDIRECT] [Fatal Error] :1:1: Premature end of file.
2026-04-21 22:24:55,437 [ERROR] LogOutputStream:75 - [STDERR_REDIRECT] 
2026-04-21 22:24:56,457 [ERROR] LogOutputStream:75 - [STDERR_REDIRECT] [Fatal Error] :1:1: Premature end of file.
2026-04-21 22:24:56,457 [ERROR] LogOutputStream:75 - [STDERR_REDIRECT] 
2026-04-21 22:24:57,439 [ERROR] LogOutputStream:75 - [STDERR_REDIRECT] [Fatal Error] :1:1: Premature end of file.
2026-04-21 22:24:57,439 [ERROR] LogOutputStream:75 - [STDERR_REDIRECT] 
2026-04-21 22:24:58,438 [ERROR] LogOutputStream:75 - [STDERR_REDIRECT] [Fatal Error] :1:1: Premature end of file.
2026-04-21 22:24:58,439 [ERROR] LogOutputStream:75 - [STDERR_REDIRECT] 
2026-04-21 22:24:59,446 [ERROR] LogOutputStream:75 - [STDERR_REDIRECT] [Fatal Error] :1:1: Premature end of file.
2026-04-21 22:24:59,446 [ERROR] LogOutputStream:75 - [STDERR_REDIRECT] 
2026-04-21 22:25:00,443 [ERROR] LogOutputStream:75 - [STDERR_REDIRECT] [Fatal Error] :1:1: Premature end of file.
2026-04-21 22:25:00,443 [ERROR] LogOutputStream:75 - [STDERR_REDIRECT] 
2026-04-21 22:25:01,489 [ERROR] LogOutputStream:75 - [STDERR_REDIRECT] [Fatal Error] :1:1: Premature end of file.
2026-04-21 22:25:01,489 [ERROR] LogOutputStream:75 - [STDERR_REDIRECT] 
2026-04-21 22:25:02,523 [ERROR] LogOutputStream:75 - [STDERR_REDIRECT] [Fatal Error] :1:1: Premature end of file.
2026-04-21 22:25:02,524 [ERROR] LogOutputStream:75 - [STDERR_REDIRECT] 
2026-04-21 22:25:03,446 [ERROR] LogOutputStream:75 - [STDERR_REDIRECT] [Fatal Error] :1:1: Premature end of file.
2026-04-21 22:25:03,446 [ERROR] LogOutputStream:75 - [STDERR_REDIRECT] 
2026-04-21 22:25:04,454 [ERROR] LogOutputStream:75 - [STDERR_REDIRECT] [Fatal Error] :1:1: Premature end of file.
2026-04-21 22:25:04,454 [ERROR] LogOutputStream:75 - [STDERR_REDIRECT] 
2026-04-21 22:25:05,440 [ERROR] LogOutputStream:75 - [STDERR_REDIRECT] [Fatal Error] :1:1: Premature end of file.
2026-04-21 22:25:05,440 [ERROR] LogOutputStream:75 - [STDERR_REDIRECT] 
2026-04-21 22:25:06,449 [ERROR] LogOutputStream:75 - [STDERR_REDIRECT] [Fatal Error] :1:1: Premature end of file.
2026-04-21 22:25:06,449 [ERROR] LogOutputStream:75 - [STDERR_REDIRECT] 
2026-04-21 22:25:07,439 [ERROR] LogOutputStream:75 - [STDERR_REDIRECT] [Fatal Error] :1:1: Premature end of file.
2026-04-21 22:25:07,440 [ERROR] LogOutputStream:75 - [STDERR_REDIRECT] 
2026-04-21 22:25:08,448 [ERROR] LogOutputStream:75 - [STDERR_REDIRECT] [Fatal Error] :1:1: Premature end of file.
2026-04-21 22:25:08,448 [ERROR] LogOutputStream:75 - [STDERR_REDIRECT] 
2026-04-21 22:25:09,446 [ERROR] LogOutputStream:75 - [STDERR_REDIRECT] [Fatal Error] :1:1: Premature end of file.
2026-04-21 22:25:09,446 [ERROR] LogOutputStream:75 - [STDERR_REDIRECT] 
2026-04-21 22:25:10,493 [ERROR] LogOutputStream:75 - [STDERR_REDIRECT] [Fatal Error] :1:1: Premature end of file.
2026-04-21 22:25:10,493 [ERROR] LogOutputStream:75 - [STDERR_REDIRECT] 
2026-04-21 22:25:11,511 [ERROR] LogOutputStream:75 - [STDERR_REDIRECT] [Fatal Error] :1:1: Premature end of file.
2026-04-21 22:25:11,511 [ERROR] LogOutputStream:75 - [STDERR_REDIRECT] 
2026-04-21 22:25:12,447 [ERROR] LogOutputStream:75 - [STDERR_REDIRECT] [Fatal Error] :1:1: Premature end of file.
2026-04-21 22:25:12,447 [ERROR] LogOutputStream:75 - [STDERR_REDIRECT] 
2026-04-21 22:25:13,434 [ERROR] LogOutputStream:75 - [STDERR_REDIRECT] [Fatal Error] :1:1: Premature end of file.
2026-04-21 22:25:13,434 [ERROR] LogOutputStream:75 - [STDERR_REDIRECT] 
2026-04-21 22:25:14,438 [ERROR] LogOutputStream:75 - [STDERR_REDIRECT] [Fatal Error] :1:1: Premature end of file.
2026-04-21 22:25:14,438 [ERROR] LogOutputStream:75 - [STDERR_REDIRECT] 
2026-04-21 22:25:15,587 [ERROR] LogOutputStream:75 - [STDERR_REDIRECT] [Fatal Error] :1:1: Premature end of file.
2026-04-21 22:25:15,587 [ERROR] LogOutputStream:75 - [STDERR_REDIRECT] 
2026-04-21 22:25:16,568 [ERROR] LogOutputStream:75 - [STDERR_REDIRECT] [Fatal Error] :1:1: Premature end of file.
2026-04-21 22:25:16,568 [ERROR] LogOutputStream:75 - [STDERR_REDIRECT] 
2026-04-21 22:25:17,505 [ERROR] LogOutputStream:75 - [STDERR_REDIRECT] [Fatal Error] :1:1: Premature end of file.
2026-04-21 22:25:17,505 [ERROR] LogOutputStream:75 - [STDERR_REDIRECT] 
2026-04-21 22:25:18,443 [ERROR] LogOutputStream:75 - [STDERR_REDIRECT] [Fatal Error] :1:1: Premature end of file.
2026-04-21 22:25:18,444 [ERROR] LogOutputStream:75 - [STDERR_REDIRECT] 
2026-04-21 22:25:19,591 [ERROR] LogOutputStream:75 - [STDERR_REDIRECT] [Fatal Error] :1:1: Premature end of file.
2026-04-21 22:25:19,591 [ERROR] LogOutputStream:75 - [STDERR_REDIRECT] 
2026-04-21 22:25:20,472 [ERROR] LogOutputStream:75 - [STDERR_REDIRECT] [Fatal Error] :1:1: Premature end of file.
2026-04-21 22:25:20,473 [ERROR] LogOutputStream:75 - [STDERR_REDIRECT] 
2026-04-21 22:25:21,496 [ERROR] LogOutputStream:75 - [STDERR_REDIRECT] [Fatal Error] :1:1: Premature end of file.
2026-04-21 22:25:21,497 [ERROR] LogOutputStream:75 - [STDERR_REDIRECT] 
2026-04-21 22:25:21,781 [ERROR] LogOutputStream:75 - [STDERR_REDIRECT] 
2026-04-21 22:25:21,789 [ERROR] LogOutputStream:75 - [STDERR_REDIRECT] 
