2026-03-01 00:43:31,432 [INFO] WebApp:194 - Connection lost
2026-03-01 00:43:31,488 [ERROR] LogOutputStream:75 - [STDERR_REDIRECT] [Fatal Error] :1:1: Premature end of file.
2026-03-01 00:43:31,488 [ERROR] LogOutputStream:75 - [STDERR_REDIRECT] 
2026-03-01 00:43:31,557 [ERROR] LogOutputStream:75 - [STDERR_REDIRECT] [Fatal Error] :1:1: Premature end of file.
2026-03-01 00:43:31,558 [ERROR] LogOutputStream:75 - [STDERR_REDIRECT] 
2026-03-01 00:43:31,584 [INFO] WebApp:191 - Connection restablished
2026-03-01 00:43:31,651 [ERROR] LogOutputStream:75 - [STDERR_REDIRECT] [Fatal Error] :1:1: Premature end of file.
2026-03-01 00:43:31,651 [ERROR] LogOutputStream:75 - [STDERR_REDIRECT] 
2026-03-01 00:43:31,717 [ERROR] LogOutputStream:75 - [STDERR_REDIRECT] [Fatal Error] :1:1: Premature end of file.
2026-03-01 00:43:31,718 [ERROR] LogOutputStream:75 - [STDERR_REDIRECT] 
2026-03-01 00:43:31,771 [ERROR] LogOutputStream:75 - [STDERR_REDIRECT] [Fatal Error] :1:1: Premature end of file.
2026-03-01 00:43:31,771 [ERROR] LogOutputStream:75 - [STDERR_REDIRECT] 
2026-03-01 00:43:31,831 [ERROR] LogOutputStream:75 - [STDERR_REDIRECT] [Fatal Error] :1:1: Premature end of file.
2026-03-01 00:43:31,831 [ERROR] LogOutputStream:75 - [STDERR_REDIRECT] 
2026-03-01 00:43:31,904 [ERROR] LogOutputStream:75 - [STDERR_REDIRECT] [Fatal Error] :1:1: Premature end of file.
2026-03-01 00:43:31,904 [ERROR] LogOutputStream:75 - [STDERR_REDIRECT] 
2026-03-01 00:43:32,180 [ERROR] LogOutputStream:75 - [STDERR_REDIRECT] [Fatal Error] :1:1: Premature end of file.
2026-03-01 00:43:32,181 [ERROR] LogOutputStream:75 - [STDERR_REDIRECT] 
2026-03-01 00:43:32,815 [ERROR] LogOutputStream:75 - [STDERR_REDIRECT] [Fatal Error] :1:1: Premature end of file.
2026-03-01 00:43:32,815 [ERROR] LogOutputStream:75 - [STDERR_REDIRECT] 
2026-03-01 00:43:33,514 [INFO] WebApp:194 - Connection lost
2026-03-01 00:43:33,667 [INFO] WebApp:191 - Connection restablished
2026-03-01 00:43:33,831 [ERROR] LogOutputStream:75 - [STDERR_REDIRECT] [Fatal Error] :1:1: Premature end of file.
2026-03-01 00:43:33,832 [ERROR] LogOutputStream:75 - [STDERR_REDIRECT] 
2026-03-01 00:43:34,811 [ERROR] LogOutputStream:75 - [STDERR_REDIRECT] [Fatal Error] :1:1: Premature end of file.
2026-03-01 00:43:34,811 [ERROR] LogOutputStream:75 - [STDERR_REDIRECT] 
2026-03-01 00:43:35,795 [ERROR] LogOutputStream:75 - [STDERR_REDIRECT] [Fatal Error] :1:1: Premature end of file.
2026-03-01 00:43:35,795 [ERROR] LogOutputStream:75 - [STDERR_REDIRECT] 
2026-03-01 00:43:36,800 [ERROR] LogOutputStream:75 - [STDERR_REDIRECT] [Fatal Error] :1:1: Premature end of file.
2026-03-01 00:43:36,800 [ERROR] LogOutputStream:75 - [STDERR_REDIRECT] 
2026-03-01 00:43:36,883 [INFO] WebApp:194 - Connection lost
2026-03-01 00:43:37,010 [INFO] WebApp:191 - Connection restablished
2026-03-01 00:43:37,843 [ERROR] LogOutputStream:75 - [STDERR_REDIRECT] [Fatal Error] :1:1: Premature end of file.
2026-03-01 00:43:37,843 [ERROR] LogOutputStream:75 - [STDERR_REDIRECT] 
2026-03-01 00:43:38,795 [ERROR] LogOutputStream:75 - [STDERR_REDIRECT] [Fatal Error] :1:1: Premature end of file.
2026-03-01 00:43:38,795 [ERROR] LogOutputStream:75 - [STDERR_REDIRECT] 
2026-03-01 00:43:39,791 [ERROR] LogOutputStream:75 - [STDERR_REDIRECT] [Fatal Error] :1:1: Premature end of file.
2026-03-01 00:43:39,791 [ERROR] LogOutputStream:75 - [STDERR_REDIRECT] 
2026-03-01 00:43:40,789 [ERROR] LogOutputStream:75 - [STDERR_REDIRECT] [Fatal Error] :1:1: Premature end of file.
2026-03-01 00:43:40,789 [ERROR] LogOutputStream:75 - [STDERR_REDIRECT] 
2026-03-01 00:43:41,793 [ERROR] LogOutputStream:75 - [STDERR_REDIRECT] [Fatal Error] :1:1: Premature end of file.
2026-03-01 00:43:41,793 [ERROR] LogOutputStream:75 - [STDERR_REDIRECT] 
2026-03-01 00:43:42,787 [ERROR] LogOutputStream:75 - [STDERR_REDIRECT] [Fatal Error] :1:1: Premature end of file.
2026-03-01 00:43:42,787 [ERROR] LogOutputStream:75 - [STDERR_REDIRECT] 
2026-03-01 00:43:43,789 [ERROR] LogOutputStream:75 - [STDERR_REDIRECT] [Fatal Error] :1:1: Premature end of file.
2026-03-01 00:43:43,789 [ERROR] LogOutputStream:75 - [STDERR_REDIRECT] 
2026-03-01 00:43:44,788 [ERROR] LogOutputStream:75 - [STDERR_REDIRECT] [Fatal Error] :1:1: Premature end of file.
2026-03-01 00:43:44,789 [ERROR] LogOutputStream:75 - [STDERR_REDIRECT] 
2026-03-01 00:43:45,839 [ERROR] LogOutputStream:75 - [STDERR_REDIRECT] [Fatal Error] :1:1: Premature end of file.
2026-03-01 00:43:45,839 [ERROR] LogOutputStream:75 - [STDERR_REDIRECT] 
2026-03-01 00:43:46,795 [ERROR] LogOutputStream:75 - [STDERR_REDIRECT] [Fatal Error] :1:1: Premature end of file.
2026-03-01 00:43:46,795 [ERROR] LogOutputStream:75 - [STDERR_REDIRECT] 
2026-03-01 00:43:47,789 [ERROR] LogOutputStream:75 - [STDERR_REDIRECT] [Fatal Error] :1:1: Premature end of file.
2026-03-01 00:43:47,789 [ERROR] LogOutputStream:75 - [STDERR_REDIRECT] 
2026-03-01 00:43:48,791 [ERROR] LogOutputStream:75 - [STDERR_REDIRECT] [Fatal Error] :1:1: Premature end of file.
2026-03-01 00:43:48,792 [ERROR] LogOutputStream:75 - [STDERR_REDIRECT] 
2026-03-01 00:43:49,792 [ERROR] LogOutputStream:75 - [STDERR_REDIRECT] [Fatal Error] :1:1: Premature end of file.
2026-03-01 00:43:49,792 [ERROR] LogOutputStream:75 - [STDERR_REDIRECT] 
2026-03-01 00:43:50,792 [ERROR] LogOutputStream:75 - [STDERR_REDIRECT] [Fatal Error] :1:1: Premature end of file.
2026-03-01 00:43:50,792 [ERROR] LogOutputStream:75 - [STDERR_REDIRECT] 
2026-03-01 00:43:51,795 [ERROR] LogOutputStream:75 - [STDERR_REDIRECT] [Fatal Error] :1:1: Premature end of file.
2026-03-01 00:43:51,795 [ERROR] LogOutputStream:75 - [STDERR_REDIRECT] 
2026-03-01 00:43:52,793 [ERROR] LogOutputStream:75 - [STDERR_REDIRECT] [Fatal Error] :1:1: Premature end of file.
2026-03-01 00:43:52,793 [ERROR] LogOutputStream:75 - [STDERR_REDIRECT] 
2026-03-01 00:43:53,785 [ERROR] LogOutputStream:75 - [STDERR_REDIRECT] [Fatal Error] :1:1: Premature end of file.
2026-03-01 00:43:53,785 [ERROR] LogOutputStream:75 - [STDERR_REDIRECT] 
2026-03-01 00:43:54,787 [ERROR] LogOutputStream:75 - [STDERR_REDIRECT] [Fatal Error] :1:1: Premature end of file.
2026-03-01 00:43:54,787 [ERROR] LogOutputStream:75 - [STDERR_REDIRECT] 
2026-03-01 00:43:55,787 [ERROR] LogOutputStream:75 - [STDERR_REDIRECT] [Fatal Error] :1:1: Premature end of file.
2026-03-01 00:43:55,787 [ERROR] LogOutputStream:75 - [STDERR_REDIRECT] 
2026-03-01 00:43:56,786 [ERROR] LogOutputStream:75 - [STDERR_REDIRECT] [Fatal Error] :1:1: Premature end of file.
2026-03-01 00:43:56,786 [ERROR] LogOutputStream:75 - [STDERR_REDIRECT] 
2026-03-01 00:43:57,791 [ERROR] LogOutputStream:75 - [STDERR_REDIRECT] [Fatal Error] :1:1: Premature end of file.
2026-03-01 00:43:57,791 [ERROR] LogOutputStream:75 - [STDERR_REDIRECT] 
2026-03-01 00:43:58,786 [ERROR] LogOutputStream:75 - [STDERR_REDIRECT] [Fatal Error] :1:1: Premature end of file.
2026-03-01 00:43:58,786 [ERROR] LogOutputStream:75 - [STDERR_REDIRECT] 
2026-03-01 00:43:59,786 [ERROR] LogOutputStream:75 - [STDERR_REDIRECT] [Fatal Error] :1:1: Premature end of file.
2026-03-01 00:43:59,786 [ERROR] LogOutputStream:75 - [STDERR_REDIRECT] 
2026-03-01 00:44:00,785 [ERROR] LogOutputStream:75 - [STDERR_REDIRECT] [Fatal Error] :1:1: Premature end of file.
2026-03-01 00:44:00,786 [ERROR] LogOutputStream:75 - [STDERR_REDIRECT] 
2026-03-01 00:44:01,786 [ERROR] LogOutputStream:75 - [STDERR_REDIRECT] [Fatal Error] :1:1: Premature end of file.
2026-03-01 00:44:01,786 [ERROR] LogOutputStream:75 - [STDERR_REDIRECT] 
2026-03-01 00:44:02,791 [ERROR] LogOutputStream:75 - [STDERR_REDIRECT] [Fatal Error] :1:1: Premature end of file.
2026-03-01 00:44:02,791 [ERROR] LogOutputStream:75 - [STDERR_REDIRECT] 
2026-03-01 00:44:03,788 [ERROR] LogOutputStream:75 - [STDERR_REDIRECT] [Fatal Error] :1:1: Premature end of file.
2026-03-01 00:44:03,788 [ERROR] LogOutputStream:75 - [STDERR_REDIRECT] 
2026-03-01 00:44:04,786 [ERROR] LogOutputStream:75 - [STDERR_REDIRECT] [Fatal Error] :1:1: Premature end of file.
2026-03-01 00:44:04,786 [ERROR] LogOutputStream:75 - [STDERR_REDIRECT] 
2026-03-01 00:44:05,786 [ERROR] LogOutputStream:75 - [STDERR_REDIRECT] [Fatal Error] :1:1: Premature end of file.
2026-03-01 00:44:05,786 [ERROR] LogOutputStream:75 - [STDERR_REDIRECT] 
2026-03-01 00:44:06,788 [ERROR] LogOutputStream:75 - [STDERR_REDIRECT] [Fatal Error] :1:1: Premature end of file.
2026-03-01 00:44:06,788 [ERROR] LogOutputStream:75 - [STDERR_REDIRECT] 
2026-03-01 00:44:07,786 [ERROR] LogOutputStream:75 - [STDERR_REDIRECT] [Fatal Error] :1:1: Premature end of file.
2026-03-01 00:44:07,786 [ERROR] LogOutputStream:75 - [STDERR_REDIRECT] 
2026-03-01 00:44:08,786 [ERROR] LogOutputStream:75 - [STDERR_REDIRECT] [Fatal Error] :1:1: Premature end of file.
2026-03-01 00:44:08,786 [ERROR] LogOutputStream:75 - [STDERR_REDIRECT] 
2026-03-01 00:44:09,786 [ERROR] LogOutputStream:75 - [STDERR_REDIRECT] [Fatal Error] :1:1: Premature end of file.
2026-03-01 00:44:09,786 [ERROR] LogOutputStream:75 - [STDERR_REDIRECT] 
2026-03-01 00:44:10,785 [ERROR] LogOutputStream:75 - [STDERR_REDIRECT] [Fatal Error] :1:1: Premature end of file.
2026-03-01 00:44:10,785 [ERROR] LogOutputStream:75 - [STDERR_REDIRECT] 
2026-03-01 00:44:11,786 [ERROR] LogOutputStream:75 - [STDERR_REDIRECT] [Fatal Error] :1:1: Premature end of file.
2026-03-01 00:44:11,786 [ERROR] LogOutputStream:75 - [STDERR_REDIRECT] 
2026-03-01 00:44:12,787 [ERROR] LogOutputStream:75 - [STDERR_REDIRECT] [Fatal Error] :1:1: Premature end of file.
2026-03-01 00:44:12,787 [ERROR] LogOutputStream:75 - [STDERR_REDIRECT] 
2026-03-01 00:44:13,787 [ERROR] LogOutputStream:75 - [STDERR_REDIRECT] [Fatal Error] :1:1: Premature end of file.
2026-03-01 00:44:13,787 [ERROR] LogOutputStream:75 - [STDERR_REDIRECT] 
2026-03-01 00:44:14,785 [ERROR] LogOutputStream:75 - [STDERR_REDIRECT] [Fatal Error] :1:1: Premature end of file.
2026-03-01 00:44:14,785 [ERROR] LogOutputStream:75 - [STDERR_REDIRECT] 
2026-03-01 00:44:15,785 [ERROR] LogOutputStream:75 - [STDERR_REDIRECT] [Fatal Error] :1:1: Premature end of file.
2026-03-01 00:44:15,785 [ERROR] LogOutputStream:75 - [STDERR_REDIRECT] 
2026-03-01 00:44:16,786 [ERROR] LogOutputStream:75 - [STDERR_REDIRECT] [Fatal Error] :1:1: Premature end of file.
2026-03-01 00:44:16,786 [ERROR] LogOutputStream:75 - [STDERR_REDIRECT] 
2026-03-01 00:44:17,786 [ERROR] LogOutputStream:75 - [STDERR_REDIRECT] [Fatal Error] :1:1: Premature end of file.
2026-03-01 00:44:17,786 [ERROR] LogOutputStream:75 - [STDERR_REDIRECT] 
2026-03-01 00:44:18,786 [ERROR] LogOutputStream:75 - [STDERR_REDIRECT] [Fatal Error] :1:1: Premature end of file.
2026-03-01 00:44:18,786 [ERROR] LogOutputStream:75 - [STDERR_REDIRECT] 
2026-03-01 00:44:19,787 [ERROR] LogOutputStream:75 - [STDERR_REDIRECT] [Fatal Error] :1:1: Premature end of file.
2026-03-01 00:44:19,787 [ERROR] LogOutputStream:75 - [STDERR_REDIRECT] 
2026-03-01 00:44:20,785 [ERROR] LogOutputStream:75 - [STDERR_REDIRECT] [Fatal Error] :1:1: Premature end of file.
2026-03-01 00:44:20,785 [ERROR] LogOutputStream:75 - [STDERR_REDIRECT] 
2026-03-01 00:44:21,786 [ERROR] LogOutputStream:75 - [STDERR_REDIRECT] [Fatal Error] :1:1: Premature end of file.
2026-03-01 00:44:21,786 [ERROR] LogOutputStream:75 - [STDERR_REDIRECT] 
2026-03-01 00:44:22,786 [ERROR] LogOutputStream:75 - [STDERR_REDIRECT] [Fatal Error] :1:1: Premature end of file.
2026-03-01 00:44:22,786 [ERROR] LogOutputStream:75 - [STDERR_REDIRECT] 
2026-03-01 00:44:23,788 [ERROR] LogOutputStream:75 - [STDERR_REDIRECT] [Fatal Error] :1:1: Premature end of file.
2026-03-01 00:44:23,788 [ERROR] LogOutputStream:75 - [STDERR_REDIRECT] 
2026-03-01 00:44:24,786 [ERROR] LogOutputStream:75 - [STDERR_REDIRECT] [Fatal Error] :1:1: Premature end of file.
2026-03-01 00:44:24,787 [ERROR] LogOutputStream:75 - [STDERR_REDIRECT] 
2026-03-01 00:44:26,185 [ERROR] LogOutputStream:75 - [STDERR_REDIRECT] [Fatal Error] :1:1: Premature end of file.
2026-03-01 00:44:26,185 [ERROR] LogOutputStream:75 - [STDERR_REDIRECT] 
2026-03-01 00:44:26,785 [ERROR] LogOutputStream:75 - [STDERR_REDIRECT] [Fatal Error] :1:1: Premature end of file.
2026-03-01 00:44:26,785 [ERROR] LogOutputStream:75 - [STDERR_REDIRECT] 
2026-03-01 00:44:27,787 [ERROR] LogOutputStream:75 - [STDERR_REDIRECT] [Fatal Error] :1:1: Premature end of file.
2026-03-01 00:44:27,787 [ERROR] LogOutputStream:75 - [STDERR_REDIRECT] 
2026-03-01 00:44:28,789 [ERROR] LogOutputStream:75 - [STDERR_REDIRECT] [Fatal Error] :1:1: Premature end of file.
2026-03-01 00:44:28,789 [ERROR] LogOutputStream:75 - [STDERR_REDIRECT] 
2026-03-01 00:44:29,785 [ERROR] LogOutputStream:75 - [STDERR_REDIRECT] [Fatal Error] :1:1: Premature end of file.
2026-03-01 00:44:29,785 [ERROR] LogOutputStream:75 - [STDERR_REDIRECT] 
2026-03-01 00:44:30,792 [ERROR] LogOutputStream:75 - [STDERR_REDIRECT] [Fatal Error] :1:1: Premature end of file.
2026-03-01 00:44:30,792 [ERROR] LogOutputStream:75 - [STDERR_REDIRECT] 
2026-03-01 00:44:31,785 [ERROR] LogOutputStream:75 - [STDERR_REDIRECT] [Fatal Error] :1:1: Premature end of file.
2026-03-01 00:44:31,786 [ERROR] LogOutputStream:75 - [STDERR_REDIRECT] 
2026-03-01 00:44:32,785 [ERROR] LogOutputStream:75 - [STDERR_REDIRECT] [Fatal Error] :1:1: Premature end of file.
2026-03-01 00:44:32,785 [ERROR] LogOutputStream:75 - [STDERR_REDIRECT] 
2026-03-01 00:44:33,788 [ERROR] LogOutputStream:75 - [STDERR_REDIRECT] [Fatal Error] :1:1: Premature end of file.
2026-03-01 00:44:33,788 [ERROR] LogOutputStream:75 - [STDERR_REDIRECT] 
2026-03-01 00:44:34,786 [ERROR] LogOutputStream:75 - [STDERR_REDIRECT] [Fatal Error] :1:1: Premature end of file.
2026-03-01 00:44:34,787 [ERROR] LogOutputStream:75 - [STDERR_REDIRECT] 
2026-03-01 00:44:35,784 [ERROR] LogOutputStream:75 - [STDERR_REDIRECT] [Fatal Error] :1:1: Premature end of file.
2026-03-01 00:44:35,784 [ERROR] LogOutputStream:75 - [STDERR_REDIRECT] 
2026-03-01 00:44:36,792 [ERROR] LogOutputStream:75 - [STDERR_REDIRECT] [Fatal Error] :1:1: Premature end of file.
2026-03-01 00:44:36,792 [ERROR] LogOutputStream:75 - [STDERR_REDIRECT] 
2026-03-01 00:44:37,786 [ERROR] LogOutputStream:75 - [STDERR_REDIRECT] [Fatal Error] :1:1: Premature end of file.
2026-03-01 00:44:37,786 [ERROR] LogOutputStream:75 - [STDERR_REDIRECT] 
2026-03-01 00:44:38,788 [ERROR] LogOutputStream:75 - [STDERR_REDIRECT] [Fatal Error] :1:1: Premature end of file.
2026-03-01 00:44:38,788 [ERROR] LogOutputStream:75 - [STDERR_REDIRECT] 
2026-03-01 00:44:39,792 [ERROR] LogOutputStream:75 - [STDERR_REDIRECT] [Fatal Error] :1:1: Premature end of file.
2026-03-01 00:44:39,792 [ERROR] LogOutputStream:75 - [STDERR_REDIRECT] 
2026-03-01 00:44:40,786 [ERROR] LogOutputStream:75 - [STDERR_REDIRECT] [Fatal Error] :1:1: Premature end of file.
2026-03-01 00:44:40,786 [ERROR] LogOutputStream:75 - [STDERR_REDIRECT] 
2026-03-01 00:44:41,786 [ERROR] LogOutputStream:75 - [STDERR_REDIRECT] [Fatal Error] :1:1: Premature end of file.
2026-03-01 00:44:41,786 [ERROR] LogOutputStream:75 - [STDERR_REDIRECT] 
2026-03-01 00:44:42,787 [ERROR] LogOutputStream:75 - [STDERR_REDIRECT] [Fatal Error] :1:1: Premature end of file.
2026-03-01 00:44:42,795 [ERROR] LogOutputStream:75 - [STDERR_REDIRECT] 
2026-03-01 00:44:43,787 [ERROR] LogOutputStream:75 - [STDERR_REDIRECT] [Fatal Error] :1:1: Premature end of file.
2026-03-01 00:44:43,787 [ERROR] LogOutputStream:75 - [STDERR_REDIRECT] 
2026-03-01 00:44:44,786 [ERROR] LogOutputStream:75 - [STDERR_REDIRECT] [Fatal Error] :1:1: Premature end of file.
2026-03-01 00:44:44,786 [ERROR] LogOutputStream:75 - [STDERR_REDIRECT] 
2026-03-01 00:44:45,787 [ERROR] LogOutputStream:75 - [STDERR_REDIRECT] [Fatal Error] :1:1: Premature end of file.
2026-03-01 00:44:45,787 [ERROR] LogOutputStream:75 - [STDERR_REDIRECT] 
2026-03-01 00:44:46,786 [ERROR] LogOutputStream:75 - [STDERR_REDIRECT] [Fatal Error] :1:1: Premature end of file.
2026-03-01 00:44:46,786 [ERROR] LogOutputStream:75 - [STDERR_REDIRECT] 
2026-03-01 00:44:47,785 [ERROR] LogOutputStream:75 - [STDERR_REDIRECT] [Fatal Error] :1:1: Premature end of file.
2026-03-01 00:44:47,785 [ERROR] LogOutputStream:75 - [STDERR_REDIRECT] 
2026-03-01 00:44:48,786 [ERROR] LogOutputStream:75 - [STDERR_REDIRECT] [Fatal Error] :1:1: Premature end of file.
2026-03-01 00:44:48,786 [ERROR] LogOutputStream:75 - [STDERR_REDIRECT] 
2026-03-01 00:44:49,789 [ERROR] LogOutputStream:75 - [STDERR_REDIRECT] [Fatal Error] :1:1: Premature end of file.
2026-03-01 00:44:49,789 [ERROR] LogOutputStream:75 - [STDERR_REDIRECT] 
2026-03-01 00:44:50,786 [ERROR] LogOutputStream:75 - [STDERR_REDIRECT] [Fatal Error] :1:1: Premature end of file.
2026-03-01 00:44:50,786 [ERROR] LogOutputStream:75 - [STDERR_REDIRECT] 
2026-03-01 00:44:51,786 [ERROR] LogOutputStream:75 - [STDERR_REDIRECT] [Fatal Error] :1:1: Premature end of file.
2026-03-01 00:44:51,786 [ERROR] LogOutputStream:75 - [STDERR_REDIRECT] 
2026-03-01 00:44:52,785 [ERROR] LogOutputStream:75 - [STDERR_REDIRECT] [Fatal Error] :1:1: Premature end of file.
2026-03-01 00:44:52,787 [ERROR] LogOutputStream:75 - [STDERR_REDIRECT] 
2026-03-01 00:44:53,785 [ERROR] LogOutputStream:75 - [STDERR_REDIRECT] [Fatal Error] :1:1: Premature end of file.
2026-03-01 00:44:53,785 [ERROR] LogOutputStream:75 - [STDERR_REDIRECT] 
2026-03-01 00:44:54,794 [ERROR] LogOutputStream:75 - [STDERR_REDIRECT] [Fatal Error] :1:1: Premature end of file.
2026-03-01 00:44:54,794 [ERROR] LogOutputStream:75 - [STDERR_REDIRECT] 
2026-03-01 00:44:55,787 [ERROR] LogOutputStream:75 - [STDERR_REDIRECT] [Fatal Error] :1:1: Premature end of file.
2026-03-01 00:44:55,787 [ERROR] LogOutputStream:75 - [STDERR_REDIRECT] 
2026-03-01 00:44:56,789 [ERROR] LogOutputStream:75 - [STDERR_REDIRECT] [Fatal Error] :1:1: Premature end of file.
2026-03-01 00:44:56,790 [ERROR] LogOutputStream:75 - [STDERR_REDIRECT] 
2026-03-01 00:44:57,790 [ERROR] LogOutputStream:75 - [STDERR_REDIRECT] [Fatal Error] :1:1: Premature end of file.
2026-03-01 00:44:57,790 [ERROR] LogOutputStream:75 - [STDERR_REDIRECT] 
2026-03-01 00:44:58,785 [ERROR] LogOutputStream:75 - [STDERR_REDIRECT] [Fatal Error] :1:1: Premature end of file.
2026-03-01 00:44:58,785 [ERROR] LogOutputStream:75 - [STDERR_REDIRECT] 
2026-03-01 00:44:59,787 [ERROR] LogOutputStream:75 - [STDERR_REDIRECT] [Fatal Error] :1:1: Premature end of file.
2026-03-01 00:44:59,787 [ERROR] LogOutputStream:75 - [STDERR_REDIRECT] 
2026-03-01 00:45:00,785 [ERROR] LogOutputStream:75 - [STDERR_REDIRECT] [Fatal Error] :1:1: Premature end of file.
2026-03-01 00:45:00,786 [ERROR] LogOutputStream:75 - [STDERR_REDIRECT] 
2026-03-01 00:45:01,786 [ERROR] LogOutputStream:75 - [STDERR_REDIRECT] [Fatal Error] :1:1: Premature end of file.
2026-03-01 00:45:01,786 [ERROR] LogOutputStream:75 - [STDERR_REDIRECT] 
2026-03-01 00:45:02,785 [ERROR] LogOutputStream:75 - [STDERR_REDIRECT] [Fatal Error] :1:1: Premature end of file.
2026-03-01 00:45:02,785 [ERROR] LogOutputStream:75 - [STDERR_REDIRECT] 
2026-03-01 00:45:03,786 [ERROR] LogOutputStream:75 - [STDERR_REDIRECT] [Fatal Error] :1:1: Premature end of file.
2026-03-01 00:45:03,786 [ERROR] LogOutputStream:75 - [STDERR_REDIRECT] 
2026-03-01 00:45:04,786 [ERROR] LogOutputStream:75 - [STDERR_REDIRECT] [Fatal Error] :1:1: Premature end of file.
2026-03-01 00:45:04,786 [ERROR] LogOutputStream:75 - [STDERR_REDIRECT] 
2026-03-01 00:45:05,786 [ERROR] LogOutputStream:75 - [STDERR_REDIRECT] [Fatal Error] :1:1: Premature end of file.
2026-03-01 00:45:05,786 [ERROR] LogOutputStream:75 - [STDERR_REDIRECT] 
2026-03-01 00:45:06,785 [ERROR] LogOutputStream:75 - [STDERR_REDIRECT] [Fatal Error] :1:1: Premature end of file.
2026-03-01 00:45:06,785 [ERROR] LogOutputStream:75 - [STDERR_REDIRECT] 
2026-03-01 00:45:07,788 [ERROR] LogOutputStream:75 - [STDERR_REDIRECT] [Fatal Error] :1:1: Premature end of file.
2026-03-01 00:45:07,788 [ERROR] LogOutputStream:75 - [STDERR_REDIRECT] 
2026-03-01 00:45:08,787 [ERROR] LogOutputStream:75 - [STDERR_REDIRECT] [Fatal Error] :1:1: Premature end of file.
2026-03-01 00:45:08,787 [ERROR] LogOutputStream:75 - [STDERR_REDIRECT] 
2026-03-01 00:45:09,786 [ERROR] LogOutputStream:75 - [STDERR_REDIRECT] [Fatal Error] :1:1: Premature end of file.
2026-03-01 00:45:09,786 [ERROR] LogOutputStream:75 - [STDERR_REDIRECT] 
2026-03-01 00:45:10,786 [ERROR] LogOutputStream:75 - [STDERR_REDIRECT] [Fatal Error] :1:1: Premature end of file.
2026-03-01 00:45:10,786 [ERROR] LogOutputStream:75 - [STDERR_REDIRECT] 
2026-03-01 00:45:11,786 [ERROR] LogOutputStream:75 - [STDERR_REDIRECT] [Fatal Error] :1:1: Premature end of file.
2026-03-01 00:45:11,786 [ERROR] LogOutputStream:75 - [STDERR_REDIRECT] 
2026-03-01 00:45:12,784 [ERROR] LogOutputStream:75 - [STDERR_REDIRECT] [Fatal Error] :1:1: Premature end of file.
2026-03-01 00:45:12,784 [ERROR] LogOutputStream:75 - [STDERR_REDIRECT] 
2026-03-01 00:45:13,791 [ERROR] LogOutputStream:75 - [STDERR_REDIRECT] [Fatal Error] :1:1: Premature end of file.
2026-03-01 00:45:13,791 [ERROR] LogOutputStream:75 - [STDERR_REDIRECT] 
2026-03-01 00:45:14,786 [ERROR] LogOutputStream:75 - [STDERR_REDIRECT] [Fatal Error] :1:1: Premature end of file.
2026-03-01 00:45:14,786 [ERROR] LogOutputStream:75 - [STDERR_REDIRECT] 
2026-03-01 00:45:15,786 [ERROR] LogOutputStream:75 - [STDERR_REDIRECT] [Fatal Error] :1:1: Premature end of file.
2026-03-01 00:45:15,786 [ERROR] LogOutputStream:75 - [STDERR_REDIRECT] 
2026-03-01 00:45:16,785 [ERROR] LogOutputStream:75 - [STDERR_REDIRECT] [Fatal Error] :1:1: Premature end of file.
2026-03-01 00:45:16,785 [ERROR] LogOutputStream:75 - [STDERR_REDIRECT] 
2026-03-01 00:45:17,785 [ERROR] LogOutputStream:75 - [STDERR_REDIRECT] [Fatal Error] :1:1: Premature end of file.
2026-03-01 00:45:17,785 [ERROR] LogOutputStream:75 - [STDERR_REDIRECT] 
2026-03-01 00:45:18,785 [ERROR] LogOutputStream:75 - [STDERR_REDIRECT] [Fatal Error] :1:1: Premature end of file.
2026-03-01 00:45:18,785 [ERROR] LogOutputStream:75 - [STDERR_REDIRECT] 
2026-03-01 00:45:19,787 [ERROR] LogOutputStream:75 - [STDERR_REDIRECT] [Fatal Error] :1:1: Premature end of file.
2026-03-01 00:45:19,787 [ERROR] LogOutputStream:75 - [STDERR_REDIRECT] 
2026-03-01 00:45:20,786 [ERROR] LogOutputStream:75 - [STDERR_REDIRECT] [Fatal Error] :1:1: Premature end of file.
2026-03-01 00:45:20,786 [ERROR] LogOutputStream:75 - [STDERR_REDIRECT] 
2026-03-01 00:45:21,785 [ERROR] LogOutputStream:75 - [STDERR_REDIRECT] [Fatal Error] :1:1: Premature end of file.
2026-03-01 00:45:21,785 [ERROR] LogOutputStream:75 - [STDERR_REDIRECT] 
2026-03-01 00:45:22,793 [ERROR] LogOutputStream:75 - [STDERR_REDIRECT] [Fatal Error] :1:1: Premature end of file.
2026-03-01 00:45:22,794 [ERROR] LogOutputStream:75 - [STDERR_REDIRECT] 
2026-03-01 00:45:23,786 [ERROR] LogOutputStream:75 - [STDERR_REDIRECT] [Fatal Error] :1:1: Premature end of file.
2026-03-01 00:45:23,786 [ERROR] LogOutputStream:75 - [STDERR_REDIRECT] 
2026-03-01 00:45:24,785 [ERROR] LogOutputStream:75 - [STDERR_REDIRECT] [Fatal Error] :1:1: Premature end of file.
2026-03-01 00:45:24,785 [ERROR] LogOutputStream:75 - [STDERR_REDIRECT] 
2026-03-01 00:45:25,786 [ERROR] LogOutputStream:75 - [STDERR_REDIRECT] [Fatal Error] :1:1: Premature end of file.
2026-03-01 00:45:25,786 [ERROR] LogOutputStream:75 - [STDERR_REDIRECT] 
2026-03-01 00:45:26,786 [ERROR] LogOutputStream:75 - [STDERR_REDIRECT] [Fatal Error] :1:1: Premature end of file.
2026-03-01 00:45:26,786 [ERROR] LogOutputStream:75 - [STDERR_REDIRECT] 
2026-03-01 00:45:27,786 [ERROR] LogOutputStream:75 - [STDERR_REDIRECT] [Fatal Error] :1:1: Premature end of file.
2026-03-01 00:45:27,786 [ERROR] LogOutputStream:75 - [STDERR_REDIRECT] 
2026-03-01 00:45:28,787 [ERROR] LogOutputStream:75 - [STDERR_REDIRECT] [Fatal Error] :1:1: Premature end of file.
2026-03-01 00:45:28,787 [ERROR] LogOutputStream:75 - [STDERR_REDIRECT] 
2026-03-01 00:45:29,787 [ERROR] LogOutputStream:75 - [STDERR_REDIRECT] [Fatal Error] :1:1: Premature end of file.
2026-03-01 00:45:29,788 [ERROR] LogOutputStream:75 - [STDERR_REDIRECT] 
2026-03-01 00:45:30,785 [ERROR] LogOutputStream:75 - [STDERR_REDIRECT] [Fatal Error] :1:1: Premature end of file.
2026-03-01 00:45:30,785 [ERROR] LogOutputStream:75 - [STDERR_REDIRECT] 
2026-03-01 00:45:31,785 [ERROR] LogOutputStream:75 - [STDERR_REDIRECT] [Fatal Error] :1:1: Premature end of file.
2026-03-01 00:45:31,785 [ERROR] LogOutputStream:75 - [STDERR_REDIRECT] 
2026-03-01 00:45:32,786 [ERROR] LogOutputStream:75 - [STDERR_REDIRECT] [Fatal Error] :1:1: Premature end of file.
2026-03-01 00:45:32,786 [ERROR] LogOutputStream:75 - [STDERR_REDIRECT] 
2026-03-01 00:45:33,785 [ERROR] LogOutputStream:75 - [STDERR_REDIRECT] [Fatal Error] :1:1: Premature end of file.
2026-03-01 00:45:33,785 [ERROR] LogOutputStream:75 - [STDERR_REDIRECT] 
2026-03-01 00:45:34,798 [ERROR] LogOutputStream:75 - [STDERR_REDIRECT] [Fatal Error] :1:1: Premature end of file.
2026-03-01 00:45:34,799 [ERROR] LogOutputStream:75 - [STDERR_REDIRECT] 
2026-03-01 00:45:35,787 [ERROR] LogOutputStream:75 - [STDERR_REDIRECT] [Fatal Error] :1:1: Premature end of file.
2026-03-01 00:45:35,788 [ERROR] LogOutputStream:75 - [STDERR_REDIRECT] 
2026-03-01 00:45:36,786 [ERROR] LogOutputStream:75 - [STDERR_REDIRECT] [Fatal Error] :1:1: Premature end of file.
2026-03-01 00:45:36,786 [ERROR] LogOutputStream:75 - [STDERR_REDIRECT] 
2026-03-01 00:45:37,786 [ERROR] LogOutputStream:75 - [STDERR_REDIRECT] [Fatal Error] :1:1: Premature end of file.
2026-03-01 00:45:37,787 [ERROR] LogOutputStream:75 - [STDERR_REDIRECT] 
2026-03-01 00:45:38,787 [ERROR] LogOutputStream:75 - [STDERR_REDIRECT] [Fatal Error] :1:1: Premature end of file.
2026-03-01 00:45:38,787 [ERROR] LogOutputStream:75 - [STDERR_REDIRECT] 
2026-03-01 00:45:39,787 [ERROR] LogOutputStream:75 - [STDERR_REDIRECT] [Fatal Error] :1:1: Premature end of file.
2026-03-01 00:45:39,787 [ERROR] LogOutputStream:75 - [STDERR_REDIRECT] 
2026-03-01 00:45:40,789 [ERROR] LogOutputStream:75 - [STDERR_REDIRECT] [Fatal Error] :1:1: Premature end of file.
2026-03-01 00:45:40,789 [ERROR] LogOutputStream:75 - [STDERR_REDIRECT] 
2026-03-01 00:45:41,786 [ERROR] LogOutputStream:75 - [STDERR_REDIRECT] [Fatal Error] :1:1: Premature end of file.
2026-03-01 00:45:41,786 [ERROR] LogOutputStream:75 - [STDERR_REDIRECT] 
2026-03-01 00:45:42,822 [ERROR] LogOutputStream:75 - [STDERR_REDIRECT] [Fatal Error] :1:1: Premature end of file.
2026-03-01 00:45:42,822 [ERROR] LogOutputStream:75 - [STDERR_REDIRECT] 
2026-03-01 00:45:43,785 [ERROR] LogOutputStream:75 - [STDERR_REDIRECT] [Fatal Error] :1:1: Premature end of file.
2026-03-01 00:45:43,785 [ERROR] LogOutputStream:75 - [STDERR_REDIRECT] 
2026-03-01 00:45:44,786 [ERROR] LogOutputStream:75 - [STDERR_REDIRECT] [Fatal Error] :1:1: Premature end of file.
2026-03-01 00:45:44,786 [ERROR] LogOutputStream:75 - [STDERR_REDIRECT] 
2026-03-01 00:45:45,801 [ERROR] LogOutputStream:75 - [STDERR_REDIRECT] [Fatal Error] :1:1: Premature end of file.
2026-03-01 00:45:45,801 [ERROR] LogOutputStream:75 - [STDERR_REDIRECT] 
2026-03-01 00:45:46,787 [ERROR] LogOutputStream:75 - [STDERR_REDIRECT] [Fatal Error] :1:1: Premature end of file.
2026-03-01 00:45:46,787 [ERROR] LogOutputStream:75 - [STDERR_REDIRECT] 
2026-03-01 00:45:47,786 [ERROR] LogOutputStream:75 - [STDERR_REDIRECT] [Fatal Error] :1:1: Premature end of file.
2026-03-01 00:45:47,786 [ERROR] LogOutputStream:75 - [STDERR_REDIRECT] 
2026-03-01 00:45:48,787 [ERROR] LogOutputStream:75 - [STDERR_REDIRECT] [Fatal Error] :1:1: Premature end of file.
2026-03-01 00:45:48,787 [ERROR] LogOutputStream:75 - [STDERR_REDIRECT] 
2026-03-01 00:45:49,786 [ERROR] LogOutputStream:75 - [STDERR_REDIRECT] [Fatal Error] :1:1: Premature end of file.
2026-03-01 00:45:49,786 [ERROR] LogOutputStream:75 - [STDERR_REDIRECT] 
2026-03-01 00:45:50,788 [ERROR] LogOutputStream:75 - [STDERR_REDIRECT] [Fatal Error] :1:1: Premature end of file.
2026-03-01 00:45:50,788 [ERROR] LogOutputStream:75 - [STDERR_REDIRECT] 
2026-03-01 00:45:51,787 [ERROR] LogOutputStream:75 - [STDERR_REDIRECT] [Fatal Error] :1:1: Premature end of file.
2026-03-01 00:45:51,787 [ERROR] LogOutputStream:75 - [STDERR_REDIRECT] 
2026-03-01 00:45:52,785 [ERROR] LogOutputStream:75 - [STDERR_REDIRECT] [Fatal Error] :1:1: Premature end of file.
2026-03-01 00:45:52,785 [ERROR] LogOutputStream:75 - [STDERR_REDIRECT] 
2026-03-01 00:45:53,787 [ERROR] LogOutputStream:75 - [STDERR_REDIRECT] [Fatal Error] :1:1: Premature end of file.
2026-03-01 00:45:53,787 [ERROR] LogOutputStream:75 - [STDERR_REDIRECT] 
2026-03-01 00:45:54,786 [ERROR] LogOutputStream:75 - [STDERR_REDIRECT] [Fatal Error] :1:1: Premature end of file.
2026-03-01 00:45:54,786 [ERROR] LogOutputStream:75 - [STDERR_REDIRECT] 
2026-03-01 00:45:55,786 [ERROR] LogOutputStream:75 - [STDERR_REDIRECT] [Fatal Error] :1:1: Premature end of file.
2026-03-01 00:45:55,786 [ERROR] LogOutputStream:75 - [STDERR_REDIRECT] 
2026-03-01 00:45:56,787 [ERROR] LogOutputStream:75 - [STDERR_REDIRECT] [Fatal Error] :1:1: Premature end of file.
2026-03-01 00:45:56,787 [ERROR] LogOutputStream:75 - [STDERR_REDIRECT] 
2026-03-01 00:45:57,787 [ERROR] LogOutputStream:75 - [STDERR_REDIRECT] [Fatal Error] :1:1: Premature end of file.
2026-03-01 00:45:57,787 [ERROR] LogOutputStream:75 - [STDERR_REDIRECT] 
2026-03-01 00:45:58,788 [ERROR] LogOutputStream:75 - [STDERR_REDIRECT] [Fatal Error] :1:1: Premature end of file.
2026-03-01 00:45:58,788 [ERROR] LogOutputStream:75 - [STDERR_REDIRECT] 
2026-03-01 00:45:59,790 [ERROR] LogOutputStream:75 - [STDERR_REDIRECT] [Fatal Error] :1:1: Premature end of file.
2026-03-01 00:45:59,790 [ERROR] LogOutputStream:75 - [STDERR_REDIRECT] 
2026-03-01 00:46:00,786 [ERROR] LogOutputStream:75 - [STDERR_REDIRECT] [Fatal Error] :1:1: Premature end of file.
2026-03-01 00:46:00,786 [ERROR] LogOutputStream:75 - [STDERR_REDIRECT] 
2026-03-01 00:46:01,787 [ERROR] LogOutputStream:75 - [STDERR_REDIRECT] [Fatal Error] :1:1: Premature end of file.
2026-03-01 00:46:01,787 [ERROR] LogOutputStream:75 - [STDERR_REDIRECT] 
2026-03-01 00:46:02,808 [ERROR] LogOutputStream:75 - [STDERR_REDIRECT] [Fatal Error] :1:1: Premature end of file.
2026-03-01 00:46:02,808 [ERROR] LogOutputStream:75 - [STDERR_REDIRECT] 
2026-03-01 00:46:03,787 [ERROR] LogOutputStream:75 - [STDERR_REDIRECT] [Fatal Error] :1:1: Premature end of file.
2026-03-01 00:46:03,787 [ERROR] LogOutputStream:75 - [STDERR_REDIRECT] 
2026-03-01 00:46:04,786 [ERROR] LogOutputStream:75 - [STDERR_REDIRECT] [Fatal Error] :1:1: Premature end of file.
2026-03-01 00:46:04,786 [ERROR] LogOutputStream:75 - [STDERR_REDIRECT] 
2026-03-01 00:46:05,789 [ERROR] LogOutputStream:75 - [STDERR_REDIRECT] [Fatal Error] :1:1: Premature end of file.
2026-03-01 00:46:05,789 [ERROR] LogOutputStream:75 - [STDERR_REDIRECT] 
2026-03-01 00:46:06,786 [ERROR] LogOutputStream:75 - [STDERR_REDIRECT] [Fatal Error] :1:1: Premature end of file.
2026-03-01 00:46:06,786 [ERROR] LogOutputStream:75 - [STDERR_REDIRECT] 
2026-03-01 00:46:07,786 [ERROR] LogOutputStream:75 - [STDERR_REDIRECT] [Fatal Error] :1:1: Premature end of file.
2026-03-01 00:46:07,786 [ERROR] LogOutputStream:75 - [STDERR_REDIRECT] 
2026-03-01 00:46:08,785 [ERROR] LogOutputStream:75 - [STDERR_REDIRECT] [Fatal Error] :1:1: Premature end of file.
2026-03-01 00:46:08,786 [ERROR] LogOutputStream:75 - [STDERR_REDIRECT] 
2026-03-01 00:46:09,786 [ERROR] LogOutputStream:75 - [STDERR_REDIRECT] [Fatal Error] :1:1: Premature end of file.
2026-03-01 00:46:09,786 [ERROR] LogOutputStream:75 - [STDERR_REDIRECT] 
2026-03-01 00:46:10,786 [ERROR] LogOutputStream:75 - [STDERR_REDIRECT] [Fatal Error] :1:1: Premature end of file.
2026-03-01 00:46:10,786 [ERROR] LogOutputStream:75 - [STDERR_REDIRECT] 
2026-03-01 00:46:11,785 [ERROR] LogOutputStream:75 - [STDERR_REDIRECT] [Fatal Error] :1:1: Premature end of file.
2026-03-01 00:46:11,785 [ERROR] LogOutputStream:75 - [STDERR_REDIRECT] 
2026-03-01 00:46:12,790 [ERROR] LogOutputStream:75 - [STDERR_REDIRECT] [Fatal Error] :1:1: Premature end of file.
2026-03-01 00:46:12,790 [ERROR] LogOutputStream:75 - [STDERR_REDIRECT] 
2026-03-01 00:46:13,787 [ERROR] LogOutputStream:75 - [STDERR_REDIRECT] [Fatal Error] :1:1: Premature end of file.
2026-03-01 00:46:13,787 [ERROR] LogOutputStream:75 - [STDERR_REDIRECT] 
2026-03-01 00:46:14,785 [ERROR] LogOutputStream:75 - [STDERR_REDIRECT] [Fatal Error] :1:1: Premature end of file.
2026-03-01 00:46:14,785 [ERROR] LogOutputStream:75 - [STDERR_REDIRECT] 
2026-03-01 00:46:15,785 [ERROR] LogOutputStream:75 - [STDERR_REDIRECT] [Fatal Error] :1:1: Premature end of file.
2026-03-01 00:46:15,786 [ERROR] LogOutputStream:75 - [STDERR_REDIRECT] 
2026-03-01 00:46:16,784 [ERROR] LogOutputStream:75 - [STDERR_REDIRECT] [Fatal Error] :1:1: Premature end of file.
2026-03-01 00:46:16,784 [ERROR] LogOutputStream:75 - [STDERR_REDIRECT] 
2026-03-01 00:46:17,790 [ERROR] LogOutputStream:75 - [STDERR_REDIRECT] [Fatal Error] :1:1: Premature end of file.
2026-03-01 00:46:17,790 [ERROR] LogOutputStream:75 - [STDERR_REDIRECT] 
2026-03-01 00:46:18,786 [ERROR] LogOutputStream:75 - [STDERR_REDIRECT] [Fatal Error] :1:1: Premature end of file.
2026-03-01 00:46:18,786 [ERROR] LogOutputStream:75 - [STDERR_REDIRECT] 
2026-03-01 00:46:19,786 [ERROR] LogOutputStream:75 - [STDERR_REDIRECT] [Fatal Error] :1:1: Premature end of file.
2026-03-01 00:46:19,786 [ERROR] LogOutputStream:75 - [STDERR_REDIRECT] 
2026-03-01 00:46:20,786 [ERROR] LogOutputStream:75 - [STDERR_REDIRECT] [Fatal Error] :1:1: Premature end of file.
2026-03-01 00:46:20,786 [ERROR] LogOutputStream:75 - [STDERR_REDIRECT] 
2026-03-01 00:46:21,785 [ERROR] LogOutputStream:75 - [STDERR_REDIRECT] [Fatal Error] :1:1: Premature end of file.
2026-03-01 00:46:21,785 [ERROR] LogOutputStream:75 - [STDERR_REDIRECT] 
2026-03-01 00:46:22,786 [ERROR] LogOutputStream:75 - [STDERR_REDIRECT] [Fatal Error] :1:1: Premature end of file.
2026-03-01 00:46:22,786 [ERROR] LogOutputStream:75 - [STDERR_REDIRECT] 
2026-03-01 00:46:23,785 [ERROR] LogOutputStream:75 - [STDERR_REDIRECT] [Fatal Error] :1:1: Premature end of file.
2026-03-01 00:46:23,785 [ERROR] LogOutputStream:75 - [STDERR_REDIRECT] 
2026-03-01 00:46:24,785 [ERROR] LogOutputStream:75 - [STDERR_REDIRECT] [Fatal Error] :1:1: Premature end of file.
2026-03-01 00:46:24,785 [ERROR] LogOutputStream:75 - [STDERR_REDIRECT] 
2026-03-01 00:46:25,784 [ERROR] LogOutputStream:75 - [STDERR_REDIRECT] [Fatal Error] :1:1: Premature end of file.
2026-03-01 00:46:25,784 [ERROR] LogOutputStream:75 - [STDERR_REDIRECT] 
2026-03-01 00:46:26,786 [ERROR] LogOutputStream:75 - [STDERR_REDIRECT] [Fatal Error] :1:1: Premature end of file.
2026-03-01 00:46:26,786 [ERROR] LogOutputStream:75 - [STDERR_REDIRECT] 
2026-03-01 00:46:27,785 [ERROR] LogOutputStream:75 - [STDERR_REDIRECT] [Fatal Error] :1:1: Premature end of file.
2026-03-01 00:46:27,785 [ERROR] LogOutputStream:75 - [STDERR_REDIRECT] 
2026-03-01 00:46:28,785 [ERROR] LogOutputStream:75 - [STDERR_REDIRECT] [Fatal Error] :1:1: Premature end of file.
2026-03-01 00:46:28,785 [ERROR] LogOutputStream:75 - [STDERR_REDIRECT] 
2026-03-01 00:46:29,786 [ERROR] LogOutputStream:75 - [STDERR_REDIRECT] [Fatal Error] :1:1: Premature end of file.
2026-03-01 00:46:29,786 [ERROR] LogOutputStream:75 - [STDERR_REDIRECT] 
2026-03-01 00:46:30,786 [ERROR] LogOutputStream:75 - [STDERR_REDIRECT] [Fatal Error] :1:1: Premature end of file.
2026-03-01 00:46:30,786 [ERROR] LogOutputStream:75 - [STDERR_REDIRECT] 
2026-03-01 00:46:31,784 [ERROR] LogOutputStream:75 - [STDERR_REDIRECT] [Fatal Error] :1:1: Premature end of file.
2026-03-01 00:46:31,784 [ERROR] LogOutputStream:75 - [STDERR_REDIRECT] 
2026-03-01 00:46:32,788 [ERROR] LogOutputStream:75 - [STDERR_REDIRECT] [Fatal Error] :1:1: Premature end of file.
2026-03-01 00:46:32,788 [ERROR] LogOutputStream:75 - [STDERR_REDIRECT] 
2026-03-01 00:46:33,785 [ERROR] LogOutputStream:75 - [STDERR_REDIRECT] [Fatal Error] :1:1: Premature end of file.
2026-03-01 00:46:33,786 [ERROR] LogOutputStream:75 - [STDERR_REDIRECT] 
2026-03-01 00:46:34,786 [ERROR] LogOutputStream:75 - [STDERR_REDIRECT] [Fatal Error] :1:1: Premature end of file.
2026-03-01 00:46:34,786 [ERROR] LogOutputStream:75 - [STDERR_REDIRECT] 
2026-03-01 00:46:35,784 [ERROR] LogOutputStream:75 - [STDERR_REDIRECT] [Fatal Error] :1:1: Premature end of file.
2026-03-01 00:46:35,784 [ERROR] LogOutputStream:75 - [STDERR_REDIRECT] 
2026-03-01 00:46:36,795 [ERROR] LogOutputStream:75 - [STDERR_REDIRECT] [Fatal Error] :1:1: Premature end of file.
2026-03-01 00:46:36,795 [ERROR] LogOutputStream:75 - [STDERR_REDIRECT] 
2026-03-01 00:46:37,790 [ERROR] LogOutputStream:75 - [STDERR_REDIRECT] [Fatal Error] :1:1: Premature end of file.
2026-03-01 00:46:37,790 [ERROR] LogOutputStream:75 - [STDERR_REDIRECT] 
2026-03-01 00:46:38,787 [ERROR] LogOutputStream:75 - [STDERR_REDIRECT] [Fatal Error] :1:1: Premature end of file.
2026-03-01 00:46:38,787 [ERROR] LogOutputStream:75 - [STDERR_REDIRECT] 
2026-03-01 00:46:39,786 [ERROR] LogOutputStream:75 - [STDERR_REDIRECT] [Fatal Error] :1:1: Premature end of file.
2026-03-01 00:46:39,786 [ERROR] LogOutputStream:75 - [STDERR_REDIRECT] 
2026-03-01 00:46:40,784 [ERROR] LogOutputStream:75 - [STDERR_REDIRECT] [Fatal Error] :1:1: Premature end of file.
2026-03-01 00:46:40,784 [ERROR] LogOutputStream:75 - [STDERR_REDIRECT] 
2026-03-01 00:46:41,791 [ERROR] LogOutputStream:75 - [STDERR_REDIRECT] [Fatal Error] :1:1: Premature end of file.
2026-03-01 00:46:41,791 [ERROR] LogOutputStream:75 - [STDERR_REDIRECT] 
2026-03-01 00:46:42,786 [ERROR] LogOutputStream:75 - [STDERR_REDIRECT] [Fatal Error] :1:1: Premature end of file.
2026-03-01 00:46:42,786 [ERROR] LogOutputStream:75 - [STDERR_REDIRECT] 
2026-03-01 00:46:43,788 [ERROR] LogOutputStream:75 - [STDERR_REDIRECT] [Fatal Error] :1:1: Premature end of file.
2026-03-01 00:46:43,788 [ERROR] LogOutputStream:75 - [STDERR_REDIRECT] 
2026-03-01 00:46:44,808 [ERROR] LogOutputStream:75 - [STDERR_REDIRECT] [Fatal Error] :1:1: Premature end of file.
2026-03-01 00:46:44,808 [ERROR] LogOutputStream:75 - [STDERR_REDIRECT] 
2026-03-01 00:46:45,786 [ERROR] LogOutputStream:75 - [STDERR_REDIRECT] [Fatal Error] :1:1: Premature end of file.
2026-03-01 00:46:45,786 [ERROR] LogOutputStream:75 - [STDERR_REDIRECT] 
2026-03-01 00:46:46,793 [ERROR] LogOutputStream:75 - [STDERR_REDIRECT] [Fatal Error] :1:1: Premature end of file.
2026-03-01 00:46:46,793 [ERROR] LogOutputStream:75 - [STDERR_REDIRECT] 
2026-03-01 00:46:47,785 [ERROR] LogOutputStream:75 - [STDERR_REDIRECT] [Fatal Error] :1:1: Premature end of file.
2026-03-01 00:46:47,785 [ERROR] LogOutputStream:75 - [STDERR_REDIRECT] 
2026-03-01 00:46:48,789 [ERROR] LogOutputStream:75 - [STDERR_REDIRECT] [Fatal Error] :1:1: Premature end of file.
2026-03-01 00:46:48,789 [ERROR] LogOutputStream:75 - [STDERR_REDIRECT] 
2026-03-01 00:46:49,789 [ERROR] LogOutputStream:75 - [STDERR_REDIRECT] [Fatal Error] :1:1: Premature end of file.
2026-03-01 00:46:49,789 [ERROR] LogOutputStream:75 - [STDERR_REDIRECT] 
2026-03-01 00:46:50,785 [ERROR] LogOutputStream:75 - [STDERR_REDIRECT] [Fatal Error] :1:1: Premature end of file.
2026-03-01 00:46:50,785 [ERROR] LogOutputStream:75 - [STDERR_REDIRECT] 
2026-03-01 00:46:51,786 [ERROR] LogOutputStream:75 - [STDERR_REDIRECT] [Fatal Error] :1:1: Premature end of file.
2026-03-01 00:46:51,786 [ERROR] LogOutputStream:75 - [STDERR_REDIRECT] 
2026-03-01 00:46:52,784 [ERROR] LogOutputStream:75 - [STDERR_REDIRECT] [Fatal Error] :1:1: Premature end of file.
2026-03-01 00:46:52,784 [ERROR] LogOutputStream:75 - [STDERR_REDIRECT] 
2026-03-01 00:46:53,800 [ERROR] LogOutputStream:75 - [STDERR_REDIRECT] [Fatal Error] :1:1: Premature end of file.
2026-03-01 00:46:53,800 [ERROR] LogOutputStream:75 - [STDERR_REDIRECT] 
2026-03-01 00:46:54,785 [ERROR] LogOutputStream:75 - [STDERR_REDIRECT] [Fatal Error] :1:1: Premature end of file.
2026-03-01 00:46:54,785 [ERROR] LogOutputStream:75 - [STDERR_REDIRECT] 
2026-03-01 00:46:55,790 [ERROR] LogOutputStream:75 - [STDERR_REDIRECT] [Fatal Error] :1:1: Premature end of file.
2026-03-01 00:46:55,790 [ERROR] LogOutputStream:75 - [STDERR_REDIRECT] 
2026-03-01 00:46:56,786 [ERROR] LogOutputStream:75 - [STDERR_REDIRECT] [Fatal Error] :1:1: Premature end of file.
2026-03-01 00:46:56,786 [ERROR] LogOutputStream:75 - [STDERR_REDIRECT] 
2026-03-01 00:46:57,785 [ERROR] LogOutputStream:75 - [STDERR_REDIRECT] [Fatal Error] :1:1: Premature end of file.
2026-03-01 00:46:57,786 [ERROR] LogOutputStream:75 - [STDERR_REDIRECT] 
2026-03-01 00:46:58,786 [ERROR] LogOutputStream:75 - [STDERR_REDIRECT] [Fatal Error] :1:1: Premature end of file.
2026-03-01 00:46:58,786 [ERROR] LogOutputStream:75 - [STDERR_REDIRECT] 
2026-03-01 00:46:59,786 [ERROR] LogOutputStream:75 - [STDERR_REDIRECT] [Fatal Error] :1:1: Premature end of file.
2026-03-01 00:46:59,786 [ERROR] LogOutputStream:75 - [STDERR_REDIRECT] 
2026-03-01 00:47:00,787 [ERROR] LogOutputStream:75 - [STDERR_REDIRECT] [Fatal Error] :1:1: Premature end of file.
2026-03-01 00:47:00,787 [ERROR] LogOutputStream:75 - [STDERR_REDIRECT] 
2026-03-01 00:47:01,785 [ERROR] LogOutputStream:75 - [STDERR_REDIRECT] [Fatal Error] :1:1: Premature end of file.
2026-03-01 00:47:01,785 [ERROR] LogOutputStream:75 - [STDERR_REDIRECT] 
2026-03-01 00:47:02,785 [ERROR] LogOutputStream:75 - [STDERR_REDIRECT] [Fatal Error] :1:1: Premature end of file.
2026-03-01 00:47:02,785 [ERROR] LogOutputStream:75 - [STDERR_REDIRECT] 
2026-03-01 00:47:03,786 [ERROR] LogOutputStream:75 - [STDERR_REDIRECT] [Fatal Error] :1:1: Premature end of file.
2026-03-01 00:47:03,786 [ERROR] LogOutputStream:75 - [STDERR_REDIRECT] 
2026-03-01 00:47:04,784 [ERROR] LogOutputStream:75 - [STDERR_REDIRECT] [Fatal Error] :1:1: Premature end of file.
2026-03-01 00:47:04,784 [ERROR] LogOutputStream:75 - [STDERR_REDIRECT] 
2026-03-01 00:47:05,786 [ERROR] LogOutputStream:75 - [STDERR_REDIRECT] [Fatal Error] :1:1: Premature end of file.
2026-03-01 00:47:05,786 [ERROR] LogOutputStream:75 - [STDERR_REDIRECT] 
2026-03-01 00:47:06,786 [ERROR] LogOutputStream:75 - [STDERR_REDIRECT] [Fatal Error] :1:1: Premature end of file.
2026-03-01 00:47:06,786 [ERROR] LogOutputStream:75 - [STDERR_REDIRECT] 
2026-03-01 00:47:07,786 [ERROR] LogOutputStream:75 - [STDERR_REDIRECT] [Fatal Error] :1:1: Premature end of file.
2026-03-01 00:47:07,786 [ERROR] LogOutputStream:75 - [STDERR_REDIRECT] 
2026-03-01 00:47:08,786 [ERROR] LogOutputStream:75 - [STDERR_REDIRECT] [Fatal Error] :1:1: Premature end of file.
2026-03-01 00:47:08,786 [ERROR] LogOutputStream:75 - [STDERR_REDIRECT] 
2026-03-01 00:47:09,785 [ERROR] LogOutputStream:75 - [STDERR_REDIRECT] [Fatal Error] :1:1: Premature end of file.
2026-03-01 00:47:09,785 [ERROR] LogOutputStream:75 - [STDERR_REDIRECT] 
2026-03-01 00:47:10,785 [ERROR] LogOutputStream:75 - [STDERR_REDIRECT] [Fatal Error] :1:1: Premature end of file.
2026-03-01 00:47:10,785 [ERROR] LogOutputStream:75 - [STDERR_REDIRECT] 
2026-03-01 00:47:11,785 [ERROR] LogOutputStream:75 - [STDERR_REDIRECT] [Fatal Error] :1:1: Premature end of file.
2026-03-01 00:47:11,786 [ERROR] LogOutputStream:75 - [STDERR_REDIRECT] 
2026-03-01 00:47:12,785 [ERROR] LogOutputStream:75 - [STDERR_REDIRECT] [Fatal Error] :1:1: Premature end of file.
2026-03-01 00:47:12,785 [ERROR] LogOutputStream:75 - [STDERR_REDIRECT] 
2026-03-01 00:47:13,790 [ERROR] LogOutputStream:75 - [STDERR_REDIRECT] [Fatal Error] :1:1: Premature end of file.
2026-03-01 00:47:13,790 [ERROR] LogOutputStream:75 - [STDERR_REDIRECT] 
2026-03-01 00:47:14,785 [ERROR] LogOutputStream:75 - [STDERR_REDIRECT] [Fatal Error] :1:1: Premature end of file.
2026-03-01 00:47:14,785 [ERROR] LogOutputStream:75 - [STDERR_REDIRECT] 
2026-03-01 00:47:15,785 [ERROR] LogOutputStream:75 - [STDERR_REDIRECT] [Fatal Error] :1:1: Premature end of file.
2026-03-01 00:47:15,785 [ERROR] LogOutputStream:75 - [STDERR_REDIRECT] 
2026-03-01 00:47:16,785 [ERROR] LogOutputStream:75 - [STDERR_REDIRECT] [Fatal Error] :1:1: Premature end of file.
2026-03-01 00:47:16,786 [ERROR] LogOutputStream:75 - [STDERR_REDIRECT] 
2026-03-01 00:47:17,785 [ERROR] LogOutputStream:75 - [STDERR_REDIRECT] [Fatal Error] :1:1: Premature end of file.
2026-03-01 00:47:17,786 [ERROR] LogOutputStream:75 - [STDERR_REDIRECT] 
2026-03-01 00:47:18,785 [ERROR] LogOutputStream:75 - [STDERR_REDIRECT] [Fatal Error] :1:1: Premature end of file.
2026-03-01 00:47:18,785 [ERROR] LogOutputStream:75 - [STDERR_REDIRECT] 
2026-03-01 00:47:19,787 [ERROR] LogOutputStream:75 - [STDERR_REDIRECT] [Fatal Error] :1:1: Premature end of file.
2026-03-01 00:47:19,787 [ERROR] LogOutputStream:75 - [STDERR_REDIRECT] 
2026-03-01 00:47:20,785 [ERROR] LogOutputStream:75 - [STDERR_REDIRECT] [Fatal Error] :1:1: Premature end of file.
2026-03-01 00:47:20,785 [ERROR] LogOutputStream:75 - [STDERR_REDIRECT] 
2026-03-01 00:47:21,785 [ERROR] LogOutputStream:75 - [STDERR_REDIRECT] [Fatal Error] :1:1: Premature end of file.
2026-03-01 00:47:21,785 [ERROR] LogOutputStream:75 - [STDERR_REDIRECT] 
2026-03-01 00:47:22,786 [ERROR] LogOutputStream:75 - [STDERR_REDIRECT] [Fatal Error] :1:1: Premature end of file.
2026-03-01 00:47:22,786 [ERROR] LogOutputStream:75 - [STDERR_REDIRECT] 
2026-03-01 00:47:23,785 [ERROR] LogOutputStream:75 - [STDERR_REDIRECT] [Fatal Error] :1:1: Premature end of file.
2026-03-01 00:47:23,785 [ERROR] LogOutputStream:75 - [STDERR_REDIRECT] 
2026-03-01 00:47:24,785 [ERROR] LogOutputStream:75 - [STDERR_REDIRECT] [Fatal Error] :1:1: Premature end of file.
2026-03-01 00:47:24,785 [ERROR] LogOutputStream:75 - [STDERR_REDIRECT] 
2026-03-01 00:47:25,786 [ERROR] LogOutputStream:75 - [STDERR_REDIRECT] [Fatal Error] :1:1: Premature end of file.
2026-03-01 00:47:25,786 [ERROR] LogOutputStream:75 - [STDERR_REDIRECT] 
2026-03-01 00:47:26,785 [ERROR] LogOutputStream:75 - [STDERR_REDIRECT] [Fatal Error] :1:1: Premature end of file.
2026-03-01 00:47:26,786 [ERROR] LogOutputStream:75 - [STDERR_REDIRECT] 
2026-03-01 00:47:27,786 [ERROR] LogOutputStream:75 - [STDERR_REDIRECT] [Fatal Error] :1:1: Premature end of file.
2026-03-01 00:47:27,786 [ERROR] LogOutputStream:75 - [STDERR_REDIRECT] 
2026-03-01 00:47:28,786 [ERROR] LogOutputStream:75 - [STDERR_REDIRECT] [Fatal Error] :1:1: Premature end of file.
2026-03-01 00:47:28,786 [ERROR] LogOutputStream:75 - [STDERR_REDIRECT] 
2026-03-01 00:47:29,786 [ERROR] LogOutputStream:75 - [STDERR_REDIRECT] [Fatal Error] :1:1: Premature end of file.
2026-03-01 00:47:29,786 [ERROR] LogOutputStream:75 - [STDERR_REDIRECT] 
2026-03-01 00:47:30,788 [ERROR] LogOutputStream:75 - [STDERR_REDIRECT] [Fatal Error] :1:1: Premature end of file.
2026-03-01 00:47:30,788 [ERROR] LogOutputStream:75 - [STDERR_REDIRECT] 
2026-03-01 00:47:31,786 [ERROR] LogOutputStream:75 - [STDERR_REDIRECT] [Fatal Error] :1:1: Premature end of file.
2026-03-01 00:47:31,786 [ERROR] LogOutputStream:75 - [STDERR_REDIRECT] 
2026-03-01 00:47:32,789 [ERROR] LogOutputStream:75 - [STDERR_REDIRECT] [Fatal Error] :1:1: Premature end of file.
2026-03-01 00:47:32,789 [ERROR] LogOutputStream:75 - [STDERR_REDIRECT] 
2026-03-01 00:47:33,785 [ERROR] LogOutputStream:75 - [STDERR_REDIRECT] [Fatal Error] :1:1: Premature end of file.
2026-03-01 00:47:33,785 [ERROR] LogOutputStream:75 - [STDERR_REDIRECT] 
2026-03-01 00:47:34,786 [ERROR] LogOutputStream:75 - [STDERR_REDIRECT] [Fatal Error] :1:1: Premature end of file.
2026-03-01 00:47:34,786 [ERROR] LogOutputStream:75 - [STDERR_REDIRECT] 
2026-03-01 00:47:35,784 [ERROR] LogOutputStream:75 - [STDERR_REDIRECT] [Fatal Error] :1:1: Premature end of file.
2026-03-01 00:47:35,784 [ERROR] LogOutputStream:75 - [STDERR_REDIRECT] 
2026-03-01 00:47:36,791 [ERROR] LogOutputStream:75 - [STDERR_REDIRECT] [Fatal Error] :1:1: Premature end of file.
2026-03-01 00:47:36,791 [ERROR] LogOutputStream:75 - [STDERR_REDIRECT] 
2026-03-01 00:47:37,786 [ERROR] LogOutputStream:75 - [STDERR_REDIRECT] [Fatal Error] :1:1: Premature end of file.
2026-03-01 00:47:37,786 [ERROR] LogOutputStream:75 - [STDERR_REDIRECT] 
2026-03-01 00:47:38,786 [ERROR] LogOutputStream:75 - [STDERR_REDIRECT] [Fatal Error] :1:1: Premature end of file.
2026-03-01 00:47:38,786 [ERROR] LogOutputStream:75 - [STDERR_REDIRECT] 
2026-03-01 00:47:39,787 [ERROR] LogOutputStream:75 - [STDERR_REDIRECT] [Fatal Error] :1:1: Premature end of file.
2026-03-01 00:47:39,787 [ERROR] LogOutputStream:75 - [STDERR_REDIRECT] 
2026-03-01 00:47:40,788 [ERROR] LogOutputStream:75 - [STDERR_REDIRECT] [Fatal Error] :1:1: Premature end of file.
2026-03-01 00:47:40,788 [ERROR] LogOutputStream:75 - [STDERR_REDIRECT] 
2026-03-01 00:47:41,785 [ERROR] LogOutputStream:75 - [STDERR_REDIRECT] [Fatal Error] :1:1: Premature end of file.
2026-03-01 00:47:41,786 [ERROR] LogOutputStream:75 - [STDERR_REDIRECT] 
2026-03-01 00:47:42,784 [ERROR] LogOutputStream:75 - [STDERR_REDIRECT] [Fatal Error] :1:1: Premature end of file.
2026-03-01 00:47:42,784 [ERROR] LogOutputStream:75 - [STDERR_REDIRECT] 
2026-03-01 00:47:43,786 [ERROR] LogOutputStream:75 - [STDERR_REDIRECT] [Fatal Error] :1:1: Premature end of file.
2026-03-01 00:47:43,786 [ERROR] LogOutputStream:75 - [STDERR_REDIRECT] 
2026-03-01 00:47:44,785 [ERROR] LogOutputStream:75 - [STDERR_REDIRECT] [Fatal Error] :1:1: Premature end of file.
2026-03-01 00:47:44,785 [ERROR] LogOutputStream:75 - [STDERR_REDIRECT] 
2026-03-01 00:47:45,786 [ERROR] LogOutputStream:75 - [STDERR_REDIRECT] [Fatal Error] :1:1: Premature end of file.
2026-03-01 00:47:45,786 [ERROR] LogOutputStream:75 - [STDERR_REDIRECT] 
2026-03-01 00:47:47,108 [ERROR] LogOutputStream:75 - [STDERR_REDIRECT] [Fatal Error] :1:1: Premature end of file.
2026-03-01 00:47:47,108 [ERROR] LogOutputStream:75 - [STDERR_REDIRECT] 
2026-03-01 00:47:47,785 [ERROR] LogOutputStream:75 - [STDERR_REDIRECT] [Fatal Error] :1:1: Premature end of file.
2026-03-01 00:47:47,785 [ERROR] LogOutputStream:75 - [STDERR_REDIRECT] 
2026-03-01 00:47:48,788 [ERROR] LogOutputStream:75 - [STDERR_REDIRECT] [Fatal Error] :1:1: Premature end of file.
2026-03-01 00:47:48,788 [ERROR] LogOutputStream:75 - [STDERR_REDIRECT] 
2026-03-01 00:47:49,786 [ERROR] LogOutputStream:75 - [STDERR_REDIRECT] [Fatal Error] :1:1: Premature end of file.
2026-03-01 00:47:49,786 [ERROR] LogOutputStream:75 - [STDERR_REDIRECT] 
2026-03-01 00:47:50,786 [ERROR] LogOutputStream:75 - [STDERR_REDIRECT] [Fatal Error] :1:1: Premature end of file.
2026-03-01 00:47:50,786 [ERROR] LogOutputStream:75 - [STDERR_REDIRECT] 
2026-03-01 00:47:51,785 [ERROR] LogOutputStream:75 - [STDERR_REDIRECT] [Fatal Error] :1:1: Premature end of file.
2026-03-01 00:47:51,786 [ERROR] LogOutputStream:75 - [STDERR_REDIRECT] 
2026-03-01 00:47:52,784 [ERROR] LogOutputStream:75 - [STDERR_REDIRECT] [Fatal Error] :1:1: Premature end of file.
2026-03-01 00:47:52,785 [ERROR] LogOutputStream:75 - [STDERR_REDIRECT] 
2026-03-01 00:47:53,789 [ERROR] LogOutputStream:75 - [STDERR_REDIRECT] [Fatal Error] :1:1: Premature end of file.
2026-03-01 00:47:53,789 [ERROR] LogOutputStream:75 - [STDERR_REDIRECT] 
2026-03-01 00:47:54,786 [ERROR] LogOutputStream:75 - [STDERR_REDIRECT] [Fatal Error] :1:1: Premature end of file.
2026-03-01 00:47:54,786 [ERROR] LogOutputStream:75 - [STDERR_REDIRECT] 
2026-03-01 00:47:55,786 [ERROR] LogOutputStream:75 - [STDERR_REDIRECT] [Fatal Error] :1:1: Premature end of file.
2026-03-01 00:47:55,786 [ERROR] LogOutputStream:75 - [STDERR_REDIRECT] 
2026-03-01 00:47:56,786 [ERROR] LogOutputStream:75 - [STDERR_REDIRECT] [Fatal Error] :1:1: Premature end of file.
2026-03-01 00:47:56,786 [ERROR] LogOutputStream:75 - [STDERR_REDIRECT] 
2026-03-01 00:47:57,786 [ERROR] LogOutputStream:75 - [STDERR_REDIRECT] [Fatal Error] :1:1: Premature end of file.
2026-03-01 00:47:57,786 [ERROR] LogOutputStream:75 - [STDERR_REDIRECT] 
2026-03-01 00:47:58,785 [ERROR] LogOutputStream:75 - [STDERR_REDIRECT] [Fatal Error] :1:1: Premature end of file.
2026-03-01 00:47:58,785 [ERROR] LogOutputStream:75 - [STDERR_REDIRECT] 
2026-03-01 00:47:59,785 [ERROR] LogOutputStream:75 - [STDERR_REDIRECT] [Fatal Error] :1:1: Premature end of file.
2026-03-01 00:47:59,785 [ERROR] LogOutputStream:75 - [STDERR_REDIRECT] 
2026-03-01 00:48:00,785 [ERROR] LogOutputStream:75 - [STDERR_REDIRECT] [Fatal Error] :1:1: Premature end of file.
2026-03-01 00:48:00,785 [ERROR] LogOutputStream:75 - [STDERR_REDIRECT] 
2026-03-01 00:48:01,786 [ERROR] LogOutputStream:75 - [STDERR_REDIRECT] [Fatal Error] :1:1: Premature end of file.
2026-03-01 00:48:01,786 [ERROR] LogOutputStream:75 - [STDERR_REDIRECT] 
2026-03-01 00:48:02,789 [ERROR] LogOutputStream:75 - [STDERR_REDIRECT] [Fatal Error] :1:1: Premature end of file.
2026-03-01 00:48:02,789 [ERROR] LogOutputStream:75 - [STDERR_REDIRECT] 
2026-03-01 00:48:03,787 [ERROR] LogOutputStream:75 - [STDERR_REDIRECT] [Fatal Error] :1:1: Premature end of file.
2026-03-01 00:48:03,787 [ERROR] LogOutputStream:75 - [STDERR_REDIRECT] 
2026-03-01 00:48:04,788 [ERROR] LogOutputStream:75 - [STDERR_REDIRECT] [Fatal Error] :1:1: Premature end of file.
2026-03-01 00:48:04,788 [ERROR] LogOutputStream:75 - [STDERR_REDIRECT] 
2026-03-01 00:48:05,786 [ERROR] LogOutputStream:75 - [STDERR_REDIRECT] [Fatal Error] :1:1: Premature end of file.
2026-03-01 00:48:05,786 [ERROR] LogOutputStream:75 - [STDERR_REDIRECT] 
2026-03-01 00:48:06,787 [ERROR] LogOutputStream:75 - [STDERR_REDIRECT] [Fatal Error] :1:1: Premature end of file.
2026-03-01 00:48:06,787 [ERROR] LogOutputStream:75 - [STDERR_REDIRECT] 
2026-03-01 00:48:07,784 [ERROR] LogOutputStream:75 - [STDERR_REDIRECT] [Fatal Error] :1:1: Premature end of file.
2026-03-01 00:48:07,784 [ERROR] LogOutputStream:75 - [STDERR_REDIRECT] 
2026-03-01 00:48:08,786 [ERROR] LogOutputStream:75 - [STDERR_REDIRECT] [Fatal Error] :1:1: Premature end of file.
2026-03-01 00:48:08,786 [ERROR] LogOutputStream:75 - [STDERR_REDIRECT] 
2026-03-01 00:48:09,785 [ERROR] LogOutputStream:75 - [STDERR_REDIRECT] [Fatal Error] :1:1: Premature end of file.
2026-03-01 00:48:09,785 [ERROR] LogOutputStream:75 - [STDERR_REDIRECT] 
2026-03-01 00:48:10,787 [ERROR] LogOutputStream:75 - [STDERR_REDIRECT] [Fatal Error] :1:1: Premature end of file.
2026-03-01 00:48:10,787 [ERROR] LogOutputStream:75 - [STDERR_REDIRECT] 
2026-03-01 00:48:11,785 [ERROR] LogOutputStream:75 - [STDERR_REDIRECT] [Fatal Error] :1:1: Premature end of file.
2026-03-01 00:48:11,785 [ERROR] LogOutputStream:75 - [STDERR_REDIRECT] 
2026-03-01 00:48:12,785 [ERROR] LogOutputStream:75 - [STDERR_REDIRECT] [Fatal Error] :1:1: Premature end of file.
2026-03-01 00:48:12,786 [ERROR] LogOutputStream:75 - [STDERR_REDIRECT] 
2026-03-01 00:48:13,786 [ERROR] LogOutputStream:75 - [STDERR_REDIRECT] [Fatal Error] :1:1: Premature end of file.
2026-03-01 00:48:13,787 [ERROR] LogOutputStream:75 - [STDERR_REDIRECT] 
2026-03-01 00:48:14,785 [ERROR] LogOutputStream:75 - [STDERR_REDIRECT] [Fatal Error] :1:1: Premature end of file.
2026-03-01 00:48:14,785 [ERROR] LogOutputStream:75 - [STDERR_REDIRECT] 
2026-03-01 00:48:15,797 [ERROR] LogOutputStream:75 - [STDERR_REDIRECT] [Fatal Error] :1:1: Premature end of file.
2026-03-01 00:48:15,797 [ERROR] LogOutputStream:75 - [STDERR_REDIRECT] 
2026-03-01 00:48:16,785 [ERROR] LogOutputStream:75 - [STDERR_REDIRECT] [Fatal Error] :1:1: Premature end of file.
2026-03-01 00:48:16,785 [ERROR] LogOutputStream:75 - [STDERR_REDIRECT] 
2026-03-01 00:48:17,794 [ERROR] LogOutputStream:75 - [STDERR_REDIRECT] [Fatal Error] :1:1: Premature end of file.
2026-03-01 00:48:17,794 [ERROR] LogOutputStream:75 - [STDERR_REDIRECT] 
2026-03-01 00:48:18,798 [ERROR] LogOutputStream:75 - [STDERR_REDIRECT] [Fatal Error] :1:1: Premature end of file.
2026-03-01 00:48:18,798 [ERROR] LogOutputStream:75 - [STDERR_REDIRECT] 
2026-03-01 00:48:19,786 [ERROR] LogOutputStream:75 - [STDERR_REDIRECT] [Fatal Error] :1:1: Premature end of file.
2026-03-01 00:48:19,787 [ERROR] LogOutputStream:75 - [STDERR_REDIRECT] 
2026-03-01 00:48:20,785 [ERROR] LogOutputStream:75 - [STDERR_REDIRECT] [Fatal Error] :1:1: Premature end of file.
2026-03-01 00:48:20,785 [ERROR] LogOutputStream:75 - [STDERR_REDIRECT] 
2026-03-01 00:48:21,786 [ERROR] LogOutputStream:75 - [STDERR_REDIRECT] [Fatal Error] :1:1: Premature end of file.
2026-03-01 00:48:21,786 [ERROR] LogOutputStream:75 - [STDERR_REDIRECT] 
2026-03-01 00:48:22,787 [ERROR] LogOutputStream:75 - [STDERR_REDIRECT] [Fatal Error] :1:1: Premature end of file.
2026-03-01 00:48:22,787 [ERROR] LogOutputStream:75 - [STDERR_REDIRECT] 
2026-03-01 00:48:23,783 [ERROR] LogOutputStream:75 - [STDERR_REDIRECT] [Fatal Error] :1:1: Premature end of file.
2026-03-01 00:48:23,783 [ERROR] LogOutputStream:75 - [STDERR_REDIRECT] 
2026-03-01 00:48:24,786 [ERROR] LogOutputStream:75 - [STDERR_REDIRECT] [Fatal Error] :1:1: Premature end of file.
2026-03-01 00:48:24,786 [ERROR] LogOutputStream:75 - [STDERR_REDIRECT] 
2026-03-01 00:48:25,785 [ERROR] LogOutputStream:75 - [STDERR_REDIRECT] [Fatal Error] :1:1: Premature end of file.
2026-03-01 00:48:25,786 [ERROR] LogOutputStream:75 - [STDERR_REDIRECT] 
2026-03-01 00:48:26,787 [ERROR] LogOutputStream:75 - [STDERR_REDIRECT] [Fatal Error] :1:1: Premature end of file.
2026-03-01 00:48:26,787 [ERROR] LogOutputStream:75 - [STDERR_REDIRECT] 
2026-03-01 00:48:27,815 [ERROR] LogOutputStream:75 - [STDERR_REDIRECT] [Fatal Error] :1:1: Premature end of file.
2026-03-01 00:48:27,815 [ERROR] LogOutputStream:75 - [STDERR_REDIRECT] 
2026-03-01 00:48:28,785 [ERROR] LogOutputStream:75 - [STDERR_REDIRECT] [Fatal Error] :1:1: Premature end of file.
2026-03-01 00:48:28,785 [ERROR] LogOutputStream:75 - [STDERR_REDIRECT] 
2026-03-01 00:48:29,786 [ERROR] LogOutputStream:75 - [STDERR_REDIRECT] [Fatal Error] :1:1: Premature end of file.
2026-03-01 00:48:29,786 [ERROR] LogOutputStream:75 - [STDERR_REDIRECT] 
2026-03-01 00:48:30,786 [ERROR] LogOutputStream:75 - [STDERR_REDIRECT] [Fatal Error] :1:1: Premature end of file.
2026-03-01 00:48:30,786 [ERROR] LogOutputStream:75 - [STDERR_REDIRECT] 
2026-03-01 00:48:31,785 [ERROR] LogOutputStream:75 - [STDERR_REDIRECT] [Fatal Error] :1:1: Premature end of file.
2026-03-01 00:48:31,785 [ERROR] LogOutputStream:75 - [STDERR_REDIRECT] 
2026-03-01 00:48:32,787 [ERROR] LogOutputStream:75 - [STDERR_REDIRECT] [Fatal Error] :1:1: Premature end of file.
2026-03-01 00:48:32,787 [ERROR] LogOutputStream:75 - [STDERR_REDIRECT] 
2026-03-01 00:48:33,786 [ERROR] LogOutputStream:75 - [STDERR_REDIRECT] [Fatal Error] :1:1: Premature end of file.
2026-03-01 00:48:33,786 [ERROR] LogOutputStream:75 - [STDERR_REDIRECT] 
2026-03-01 00:48:34,784 [ERROR] LogOutputStream:75 - [STDERR_REDIRECT] [Fatal Error] :1:1: Premature end of file.
2026-03-01 00:48:34,785 [ERROR] LogOutputStream:75 - [STDERR_REDIRECT] 
2026-03-01 00:48:35,785 [ERROR] LogOutputStream:75 - [STDERR_REDIRECT] [Fatal Error] :1:1: Premature end of file.
2026-03-01 00:48:35,785 [ERROR] LogOutputStream:75 - [STDERR_REDIRECT] 
2026-03-01 00:48:36,785 [ERROR] LogOutputStream:75 - [STDERR_REDIRECT] [Fatal Error] :1:1: Premature end of file.
2026-03-01 00:48:36,785 [ERROR] LogOutputStream:75 - [STDERR_REDIRECT] 
2026-03-01 00:48:37,787 [ERROR] LogOutputStream:75 - [STDERR_REDIRECT] [Fatal Error] :1:1: Premature end of file.
2026-03-01 00:48:37,787 [ERROR] LogOutputStream:75 - [STDERR_REDIRECT] 
2026-03-01 00:48:38,784 [ERROR] LogOutputStream:75 - [STDERR_REDIRECT] [Fatal Error] :1:1: Premature end of file.
2026-03-01 00:48:38,784 [ERROR] LogOutputStream:75 - [STDERR_REDIRECT] 
2026-03-01 00:48:39,786 [ERROR] LogOutputStream:75 - [STDERR_REDIRECT] [Fatal Error] :1:1: Premature end of file.
2026-03-01 00:48:39,786 [ERROR] LogOutputStream:75 - [STDERR_REDIRECT] 
2026-03-01 00:48:40,785 [ERROR] LogOutputStream:75 - [STDERR_REDIRECT] [Fatal Error] :1:1: Premature end of file.
2026-03-01 00:48:40,785 [ERROR] LogOutputStream:75 - [STDERR_REDIRECT] 
2026-03-01 00:48:41,786 [ERROR] LogOutputStream:75 - [STDERR_REDIRECT] [Fatal Error] :1:1: Premature end of file.
2026-03-01 00:48:41,786 [ERROR] LogOutputStream:75 - [STDERR_REDIRECT] 
2026-03-01 00:48:42,785 [ERROR] LogOutputStream:75 - [STDERR_REDIRECT] [Fatal Error] :1:1: Premature end of file.
2026-03-01 00:48:42,785 [ERROR] LogOutputStream:75 - [STDERR_REDIRECT] 
2026-03-01 00:48:43,785 [ERROR] LogOutputStream:75 - [STDERR_REDIRECT] [Fatal Error] :1:1: Premature end of file.
2026-03-01 00:48:43,785 [ERROR] LogOutputStream:75 - [STDERR_REDIRECT] 
2026-03-01 00:48:44,785 [ERROR] LogOutputStream:75 - [STDERR_REDIRECT] [Fatal Error] :1:1: Premature end of file.
2026-03-01 00:48:44,785 [ERROR] LogOutputStream:75 - [STDERR_REDIRECT] 
2026-03-01 00:48:45,786 [ERROR] LogOutputStream:75 - [STDERR_REDIRECT] [Fatal Error] :1:1: Premature end of file.
2026-03-01 00:48:45,786 [ERROR] LogOutputStream:75 - [STDERR_REDIRECT] 
2026-03-01 00:48:46,785 [ERROR] LogOutputStream:75 - [STDERR_REDIRECT] [Fatal Error] :1:1: Premature end of file.
2026-03-01 00:48:46,785 [ERROR] LogOutputStream:75 - [STDERR_REDIRECT] 
2026-03-01 00:48:47,787 [ERROR] LogOutputStream:75 - [STDERR_REDIRECT] [Fatal Error] :1:1: Premature end of file.
2026-03-01 00:48:47,787 [ERROR] LogOutputStream:75 - [STDERR_REDIRECT] 
2026-03-01 00:48:48,788 [ERROR] LogOutputStream:75 - [STDERR_REDIRECT] [Fatal Error] :1:1: Premature end of file.
2026-03-01 00:48:48,788 [ERROR] LogOutputStream:75 - [STDERR_REDIRECT] 
2026-03-01 00:48:49,785 [ERROR] LogOutputStream:75 - [STDERR_REDIRECT] [Fatal Error] :1:1: Premature end of file.
2026-03-01 00:48:49,785 [ERROR] LogOutputStream:75 - [STDERR_REDIRECT] 
2026-03-01 00:48:50,787 [ERROR] LogOutputStream:75 - [STDERR_REDIRECT] [Fatal Error] :1:1: Premature end of file.
2026-03-01 00:48:50,787 [ERROR] LogOutputStream:75 - [STDERR_REDIRECT] 
2026-03-01 00:48:51,786 [ERROR] LogOutputStream:75 - [STDERR_REDIRECT] [Fatal Error] :1:1: Premature end of file.
2026-03-01 00:48:51,786 [ERROR] LogOutputStream:75 - [STDERR_REDIRECT] 
2026-03-01 00:48:52,784 [ERROR] LogOutputStream:75 - [STDERR_REDIRECT] [Fatal Error] :1:1: Premature end of file.
2026-03-01 00:48:52,785 [ERROR] LogOutputStream:75 - [STDERR_REDIRECT] 
2026-03-01 00:48:53,785 [ERROR] LogOutputStream:75 - [STDERR_REDIRECT] [Fatal Error] :1:1: Premature end of file.
2026-03-01 00:48:53,786 [ERROR] LogOutputStream:75 - [STDERR_REDIRECT] 
2026-03-01 00:48:54,785 [ERROR] LogOutputStream:75 - [STDERR_REDIRECT] [Fatal Error] :1:1: Premature end of file.
2026-03-01 00:48:54,785 [ERROR] LogOutputStream:75 - [STDERR_REDIRECT] 
2026-03-01 00:48:55,785 [ERROR] LogOutputStream:75 - [STDERR_REDIRECT] [Fatal Error] :1:1: Premature end of file.
2026-03-01 00:48:55,785 [ERROR] LogOutputStream:75 - [STDERR_REDIRECT] 
2026-03-01 00:48:56,787 [ERROR] LogOutputStream:75 - [STDERR_REDIRECT] [Fatal Error] :1:1: Premature end of file.
2026-03-01 00:48:56,787 [ERROR] LogOutputStream:75 - [STDERR_REDIRECT] 
2026-03-01 00:48:57,786 [ERROR] LogOutputStream:75 - [STDERR_REDIRECT] [Fatal Error] :1:1: Premature end of file.
2026-03-01 00:48:57,786 [ERROR] LogOutputStream:75 - [STDERR_REDIRECT] 
2026-03-01 00:48:58,785 [ERROR] LogOutputStream:75 - [STDERR_REDIRECT] [Fatal Error] :1:1: Premature end of file.
2026-03-01 00:48:58,786 [ERROR] LogOutputStream:75 - [STDERR_REDIRECT] 
2026-03-01 00:48:59,788 [ERROR] LogOutputStream:75 - [STDERR_REDIRECT] [Fatal Error] :1:1: Premature end of file.
2026-03-01 00:48:59,788 [ERROR] LogOutputStream:75 - [STDERR_REDIRECT] 
2026-03-01 00:49:00,784 [ERROR] LogOutputStream:75 - [STDERR_REDIRECT] [Fatal Error] :1:1: Premature end of file.
2026-03-01 00:49:00,784 [ERROR] LogOutputStream:75 - [STDERR_REDIRECT] 
2026-03-01 00:49:01,783 [ERROR] LogOutputStream:75 - [STDERR_REDIRECT] [Fatal Error] :1:1: Premature end of file.
2026-03-01 00:49:01,784 [ERROR] LogOutputStream:75 - [STDERR_REDIRECT] 
2026-03-01 00:49:02,787 [ERROR] LogOutputStream:75 - [STDERR_REDIRECT] [Fatal Error] :1:1: Premature end of file.
2026-03-01 00:49:02,788 [ERROR] LogOutputStream:75 - [STDERR_REDIRECT] 
2026-03-01 00:49:03,785 [ERROR] LogOutputStream:75 - [STDERR_REDIRECT] [Fatal Error] :1:1: Premature end of file.
2026-03-01 00:49:03,785 [ERROR] LogOutputStream:75 - [STDERR_REDIRECT] 
2026-03-01 00:49:04,790 [ERROR] LogOutputStream:75 - [STDERR_REDIRECT] [Fatal Error] :1:1: Premature end of file.
2026-03-01 00:49:04,790 [ERROR] LogOutputStream:75 - [STDERR_REDIRECT] 
2026-03-01 00:49:05,786 [ERROR] LogOutputStream:75 - [STDERR_REDIRECT] [Fatal Error] :1:1: Premature end of file.
2026-03-01 00:49:05,786 [ERROR] LogOutputStream:75 - [STDERR_REDIRECT] 
2026-03-01 00:49:06,786 [ERROR] LogOutputStream:75 - [STDERR_REDIRECT] [Fatal Error] :1:1: Premature end of file.
2026-03-01 00:49:06,786 [ERROR] LogOutputStream:75 - [STDERR_REDIRECT] 
2026-03-01 00:49:07,785 [ERROR] LogOutputStream:75 - [STDERR_REDIRECT] [Fatal Error] :1:1: Premature end of file.
2026-03-01 00:49:07,785 [ERROR] LogOutputStream:75 - [STDERR_REDIRECT] 
2026-03-01 00:49:08,827 [ERROR] LogOutputStream:75 - [STDERR_REDIRECT] [Fatal Error] :1:1: Premature end of file.
2026-03-01 00:49:08,827 [ERROR] LogOutputStream:75 - [STDERR_REDIRECT] 
2026-03-01 00:49:09,788 [ERROR] LogOutputStream:75 - [STDERR_REDIRECT] [Fatal Error] :1:1: Premature end of file.
2026-03-01 00:49:09,788 [ERROR] LogOutputStream:75 - [STDERR_REDIRECT] 
2026-03-01 00:49:10,787 [ERROR] LogOutputStream:75 - [STDERR_REDIRECT] [Fatal Error] :1:1: Premature end of file.
2026-03-01 00:49:10,788 [ERROR] LogOutputStream:75 - [STDERR_REDIRECT] 
2026-03-01 00:49:11,785 [ERROR] LogOutputStream:75 - [STDERR_REDIRECT] [Fatal Error] :1:1: Premature end of file.
2026-03-01 00:49:11,785 [ERROR] LogOutputStream:75 - [STDERR_REDIRECT] 
2026-03-01 00:49:12,786 [ERROR] LogOutputStream:75 - [STDERR_REDIRECT] [Fatal Error] :1:1: Premature end of file.
2026-03-01 00:49:12,786 [ERROR] LogOutputStream:75 - [STDERR_REDIRECT] 
2026-03-01 00:49:13,787 [ERROR] LogOutputStream:75 - [STDERR_REDIRECT] [Fatal Error] :1:1: Premature end of file.
2026-03-01 00:49:13,787 [ERROR] LogOutputStream:75 - [STDERR_REDIRECT] 
2026-03-01 00:49:14,789 [ERROR] LogOutputStream:75 - [STDERR_REDIRECT] [Fatal Error] :1:1: Premature end of file.
2026-03-01 00:49:14,789 [ERROR] LogOutputStream:75 - [STDERR_REDIRECT] 
2026-03-01 00:49:15,785 [ERROR] LogOutputStream:75 - [STDERR_REDIRECT] [Fatal Error] :1:1: Premature end of file.
2026-03-01 00:49:15,785 [ERROR] LogOutputStream:75 - [STDERR_REDIRECT] 
2026-03-01 00:49:16,785 [ERROR] LogOutputStream:75 - [STDERR_REDIRECT] [Fatal Error] :1:1: Premature end of file.
2026-03-01 00:49:16,785 [ERROR] LogOutputStream:75 - [STDERR_REDIRECT] 
2026-03-01 00:49:17,786 [ERROR] LogOutputStream:75 - [STDERR_REDIRECT] [Fatal Error] :1:1: Premature end of file.
2026-03-01 00:49:17,787 [ERROR] LogOutputStream:75 - [STDERR_REDIRECT] 
2026-03-01 00:49:18,787 [ERROR] LogOutputStream:75 - [STDERR_REDIRECT] [Fatal Error] :1:1: Premature end of file.
2026-03-01 00:49:18,788 [ERROR] LogOutputStream:75 - [STDERR_REDIRECT] 
2026-03-01 00:49:19,787 [ERROR] LogOutputStream:75 - [STDERR_REDIRECT] [Fatal Error] :1:1: Premature end of file.
2026-03-01 00:49:19,788 [ERROR] LogOutputStream:75 - [STDERR_REDIRECT] 
2026-03-01 00:49:20,784 [ERROR] LogOutputStream:75 - [STDERR_REDIRECT] [Fatal Error] :1:1: Premature end of file.
2026-03-01 00:49:20,785 [ERROR] LogOutputStream:75 - [STDERR_REDIRECT] 
2026-03-01 00:49:21,792 [ERROR] LogOutputStream:75 - [STDERR_REDIRECT] [Fatal Error] :1:1: Premature end of file.
2026-03-01 00:49:21,792 [ERROR] LogOutputStream:75 - [STDERR_REDIRECT] 
2026-03-01 00:49:22,786 [ERROR] LogOutputStream:75 - [STDERR_REDIRECT] [Fatal Error] :1:1: Premature end of file.
2026-03-01 00:49:22,786 [ERROR] LogOutputStream:75 - [STDERR_REDIRECT] 
2026-03-01 00:49:23,785 [ERROR] LogOutputStream:75 - [STDERR_REDIRECT] [Fatal Error] :1:1: Premature end of file.
2026-03-01 00:49:23,785 [ERROR] LogOutputStream:75 - [STDERR_REDIRECT] 
2026-03-01 00:49:24,799 [ERROR] LogOutputStream:75 - [STDERR_REDIRECT] [Fatal Error] :1:1: Premature end of file.
2026-03-01 00:49:24,799 [ERROR] LogOutputStream:75 - [STDERR_REDIRECT] 
2026-03-01 00:49:25,786 [ERROR] LogOutputStream:75 - [STDERR_REDIRECT] [Fatal Error] :1:1: Premature end of file.
2026-03-01 00:49:25,786 [ERROR] LogOutputStream:75 - [STDERR_REDIRECT] 
2026-03-01 00:49:26,790 [ERROR] LogOutputStream:75 - [STDERR_REDIRECT] [Fatal Error] :1:1: Premature end of file.
2026-03-01 00:49:26,790 [ERROR] LogOutputStream:75 - [STDERR_REDIRECT] 
2026-03-01 00:49:27,786 [ERROR] LogOutputStream:75 - [STDERR_REDIRECT] [Fatal Error] :1:1: Premature end of file.
2026-03-01 00:49:27,786 [ERROR] LogOutputStream:75 - [STDERR_REDIRECT] 
2026-03-01 00:49:28,786 [ERROR] LogOutputStream:75 - [STDERR_REDIRECT] [Fatal Error] :1:1: Premature end of file.
2026-03-01 00:49:28,786 [ERROR] LogOutputStream:75 - [STDERR_REDIRECT] 
2026-03-01 00:49:29,789 [ERROR] LogOutputStream:75 - [STDERR_REDIRECT] [Fatal Error] :1:1: Premature end of file.
2026-03-01 00:49:29,789 [ERROR] LogOutputStream:75 - [STDERR_REDIRECT] 
2026-03-01 00:49:30,786 [ERROR] LogOutputStream:75 - [STDERR_REDIRECT] [Fatal Error] :1:1: Premature end of file.
2026-03-01 00:49:30,786 [ERROR] LogOutputStream:75 - [STDERR_REDIRECT] 
2026-03-01 00:49:31,786 [ERROR] LogOutputStream:75 - [STDERR_REDIRECT] [Fatal Error] :1:1: Premature end of file.
2026-03-01 00:49:31,786 [ERROR] LogOutputStream:75 - [STDERR_REDIRECT] 
2026-03-01 00:49:32,794 [ERROR] LogOutputStream:75 - [STDERR_REDIRECT] [Fatal Error] :1:1: Premature end of file.
2026-03-01 00:49:32,794 [ERROR] LogOutputStream:75 - [STDERR_REDIRECT] 
2026-03-01 00:49:33,785 [ERROR] LogOutputStream:75 - [STDERR_REDIRECT] [Fatal Error] :1:1: Premature end of file.
2026-03-01 00:49:33,786 [ERROR] LogOutputStream:75 - [STDERR_REDIRECT] 
2026-03-01 00:49:34,785 [ERROR] LogOutputStream:75 - [STDERR_REDIRECT] [Fatal Error] :1:1: Premature end of file.
2026-03-01 00:49:34,785 [ERROR] LogOutputStream:75 - [STDERR_REDIRECT] 
2026-03-01 00:49:35,785 [ERROR] LogOutputStream:75 - [STDERR_REDIRECT] [Fatal Error] :1:1: Premature end of file.
2026-03-01 00:49:35,786 [ERROR] LogOutputStream:75 - [STDERR_REDIRECT] 
2026-03-01 00:49:36,785 [ERROR] LogOutputStream:75 - [STDERR_REDIRECT] [Fatal Error] :1:1: Premature end of file.
2026-03-01 00:49:36,785 [ERROR] LogOutputStream:75 - [STDERR_REDIRECT] 
2026-03-01 00:49:37,792 [ERROR] LogOutputStream:75 - [STDERR_REDIRECT] [Fatal Error] :1:1: Premature end of file.
2026-03-01 00:49:37,792 [ERROR] LogOutputStream:75 - [STDERR_REDIRECT] 
2026-03-01 00:49:38,785 [ERROR] LogOutputStream:75 - [STDERR_REDIRECT] [Fatal Error] :1:1: Premature end of file.
2026-03-01 00:49:38,785 [ERROR] LogOutputStream:75 - [STDERR_REDIRECT] 
2026-03-01 00:49:39,788 [ERROR] LogOutputStream:75 - [STDERR_REDIRECT] [Fatal Error] :1:1: Premature end of file.
2026-03-01 00:49:39,788 [ERROR] LogOutputStream:75 - [STDERR_REDIRECT] 
2026-03-01 00:49:40,787 [ERROR] LogOutputStream:75 - [STDERR_REDIRECT] [Fatal Error] :1:1: Premature end of file.
2026-03-01 00:49:40,787 [ERROR] LogOutputStream:75 - [STDERR_REDIRECT] 
2026-03-01 00:49:41,786 [ERROR] LogOutputStream:75 - [STDERR_REDIRECT] [Fatal Error] :1:1: Premature end of file.
2026-03-01 00:49:41,786 [ERROR] LogOutputStream:75 - [STDERR_REDIRECT] 
2026-03-01 00:49:42,785 [ERROR] LogOutputStream:75 - [STDERR_REDIRECT] [Fatal Error] :1:1: Premature end of file.
2026-03-01 00:49:42,786 [ERROR] LogOutputStream:75 - [STDERR_REDIRECT] 
2026-03-01 00:49:43,787 [ERROR] LogOutputStream:75 - [STDERR_REDIRECT] [Fatal Error] :1:1: Premature end of file.
2026-03-01 00:49:43,787 [ERROR] LogOutputStream:75 - [STDERR_REDIRECT] 
2026-03-01 00:49:44,785 [ERROR] LogOutputStream:75 - [STDERR_REDIRECT] [Fatal Error] :1:1: Premature end of file.
2026-03-01 00:49:44,785 [ERROR] LogOutputStream:75 - [STDERR_REDIRECT] 
2026-03-01 00:49:45,786 [ERROR] LogOutputStream:75 - [STDERR_REDIRECT] [Fatal Error] :1:1: Premature end of file.
2026-03-01 00:49:45,786 [ERROR] LogOutputStream:75 - [STDERR_REDIRECT] 
2026-03-01 00:49:46,786 [ERROR] LogOutputStream:75 - [STDERR_REDIRECT] [Fatal Error] :1:1: Premature end of file.
2026-03-01 00:49:46,786 [ERROR] LogOutputStream:75 - [STDERR_REDIRECT] 
2026-03-01 00:49:47,785 [ERROR] LogOutputStream:75 - [STDERR_REDIRECT] [Fatal Error] :1:1: Premature end of file.
2026-03-01 00:49:47,786 [ERROR] LogOutputStream:75 - [STDERR_REDIRECT] 
2026-03-01 00:49:48,785 [ERROR] LogOutputStream:75 - [STDERR_REDIRECT] [Fatal Error] :1:1: Premature end of file.
2026-03-01 00:49:48,785 [ERROR] LogOutputStream:75 - [STDERR_REDIRECT] 
2026-03-01 00:49:49,786 [ERROR] LogOutputStream:75 - [STDERR_REDIRECT] [Fatal Error] :1:1: Premature end of file.
2026-03-01 00:49:49,786 [ERROR] LogOutputStream:75 - [STDERR_REDIRECT] 
2026-03-01 00:49:50,785 [ERROR] LogOutputStream:75 - [STDERR_REDIRECT] [Fatal Error] :1:1: Premature end of file.
2026-03-01 00:49:50,786 [ERROR] LogOutputStream:75 - [STDERR_REDIRECT] 
2026-03-01 00:49:51,785 [ERROR] LogOutputStream:75 - [STDERR_REDIRECT] [Fatal Error] :1:1: Premature end of file.
2026-03-01 00:49:51,785 [ERROR] LogOutputStream:75 - [STDERR_REDIRECT] 
2026-03-01 00:49:52,797 [ERROR] LogOutputStream:75 - [STDERR_REDIRECT] [Fatal Error] :1:1: Premature end of file.
2026-03-01 00:49:52,797 [ERROR] LogOutputStream:75 - [STDERR_REDIRECT] 
2026-03-01 00:49:53,785 [ERROR] LogOutputStream:75 - [STDERR_REDIRECT] [Fatal Error] :1:1: Premature end of file.
2026-03-01 00:49:53,785 [ERROR] LogOutputStream:75 - [STDERR_REDIRECT] 
2026-03-01 00:49:54,786 [ERROR] LogOutputStream:75 - [STDERR_REDIRECT] [Fatal Error] :1:1: Premature end of file.
2026-03-01 00:49:54,786 [ERROR] LogOutputStream:75 - [STDERR_REDIRECT] 
2026-03-01 00:49:55,785 [ERROR] LogOutputStream:75 - [STDERR_REDIRECT] [Fatal Error] :1:1: Premature end of file.
2026-03-01 00:49:55,785 [ERROR] LogOutputStream:75 - [STDERR_REDIRECT] 
2026-03-01 00:49:56,785 [ERROR] LogOutputStream:75 - [STDERR_REDIRECT] [Fatal Error] :1:1: Premature end of file.
2026-03-01 00:49:56,785 [ERROR] LogOutputStream:75 - [STDERR_REDIRECT] 
2026-03-01 00:49:57,785 [ERROR] LogOutputStream:75 - [STDERR_REDIRECT] [Fatal Error] :1:1: Premature end of file.
2026-03-01 00:49:57,785 [ERROR] LogOutputStream:75 - [STDERR_REDIRECT] 
2026-03-01 00:49:58,784 [ERROR] LogOutputStream:75 - [STDERR_REDIRECT] [Fatal Error] :1:1: Premature end of file.
2026-03-01 00:49:58,784 [ERROR] LogOutputStream:75 - [STDERR_REDIRECT] 
2026-03-01 00:49:59,800 [ERROR] LogOutputStream:75 - [STDERR_REDIRECT] [Fatal Error] :1:1: Premature end of file.
2026-03-01 00:49:59,800 [ERROR] LogOutputStream:75 - [STDERR_REDIRECT] 
2026-03-01 00:50:00,786 [ERROR] LogOutputStream:75 - [STDERR_REDIRECT] [Fatal Error] :1:1: Premature end of file.
2026-03-01 00:50:00,786 [ERROR] LogOutputStream:75 - [STDERR_REDIRECT] 
2026-03-01 00:50:01,785 [ERROR] LogOutputStream:75 - [STDERR_REDIRECT] [Fatal Error] :1:1: Premature end of file.
2026-03-01 00:50:01,785 [ERROR] LogOutputStream:75 - [STDERR_REDIRECT] 
2026-03-01 00:50:02,786 [ERROR] LogOutputStream:75 - [STDERR_REDIRECT] [Fatal Error] :1:1: Premature end of file.
2026-03-01 00:50:02,786 [ERROR] LogOutputStream:75 - [STDERR_REDIRECT] 
2026-03-01 00:50:03,785 [ERROR] LogOutputStream:75 - [STDERR_REDIRECT] [Fatal Error] :1:1: Premature end of file.
2026-03-01 00:50:03,786 [ERROR] LogOutputStream:75 - [STDERR_REDIRECT] 
2026-03-01 00:50:04,784 [ERROR] LogOutputStream:75 - [STDERR_REDIRECT] [Fatal Error] :1:1: Premature end of file.
2026-03-01 00:50:04,784 [ERROR] LogOutputStream:75 - [STDERR_REDIRECT] 
2026-03-01 00:50:05,791 [ERROR] LogOutputStream:75 - [STDERR_REDIRECT] [Fatal Error] :1:1: Premature end of file.
2026-03-01 00:50:05,791 [ERROR] LogOutputStream:75 - [STDERR_REDIRECT] 
2026-03-01 00:50:06,791 [ERROR] LogOutputStream:75 - [STDERR_REDIRECT] [Fatal Error] :1:1: Premature end of file.
2026-03-01 00:50:06,791 [ERROR] LogOutputStream:75 - [STDERR_REDIRECT] 
2026-03-01 00:50:07,786 [ERROR] LogOutputStream:75 - [STDERR_REDIRECT] [Fatal Error] :1:1: Premature end of file.
2026-03-01 00:50:07,787 [ERROR] LogOutputStream:75 - [STDERR_REDIRECT] 
2026-03-01 00:50:08,785 [ERROR] LogOutputStream:75 - [STDERR_REDIRECT] [Fatal Error] :1:1: Premature end of file.
2026-03-01 00:50:08,786 [ERROR] LogOutputStream:75 - [STDERR_REDIRECT] 
2026-03-01 00:50:09,785 [ERROR] LogOutputStream:75 - [STDERR_REDIRECT] [Fatal Error] :1:1: Premature end of file.
2026-03-01 00:50:09,786 [ERROR] LogOutputStream:75 - [STDERR_REDIRECT] 
2026-03-01 00:50:10,785 [ERROR] LogOutputStream:75 - [STDERR_REDIRECT] [Fatal Error] :1:1: Premature end of file.
2026-03-01 00:50:10,785 [ERROR] LogOutputStream:75 - [STDERR_REDIRECT] 
2026-03-01 00:50:11,795 [ERROR] LogOutputStream:75 - [STDERR_REDIRECT] [Fatal Error] :1:1: Premature end of file.
2026-03-01 00:50:11,795 [ERROR] LogOutputStream:75 - [STDERR_REDIRECT] 
2026-03-01 00:50:12,784 [ERROR] LogOutputStream:75 - [STDERR_REDIRECT] [Fatal Error] :1:1: Premature end of file.
2026-03-01 00:50:12,784 [ERROR] LogOutputStream:75 - [STDERR_REDIRECT] 
2026-03-01 00:50:13,791 [ERROR] LogOutputStream:75 - [STDERR_REDIRECT] [Fatal Error] :1:1: Premature end of file.
2026-03-01 00:50:13,791 [ERROR] LogOutputStream:75 - [STDERR_REDIRECT] 
2026-03-01 00:50:14,785 [ERROR] LogOutputStream:75 - [STDERR_REDIRECT] [Fatal Error] :1:1: Premature end of file.
2026-03-01 00:50:14,785 [ERROR] LogOutputStream:75 - [STDERR_REDIRECT] 
2026-03-01 00:50:15,790 [ERROR] LogOutputStream:75 - [STDERR_REDIRECT] [Fatal Error] :1:1: Premature end of file.
2026-03-01 00:50:15,790 [ERROR] LogOutputStream:75 - [STDERR_REDIRECT] 
2026-03-01 00:50:16,786 [ERROR] LogOutputStream:75 - [STDERR_REDIRECT] [Fatal Error] :1:1: Premature end of file.
2026-03-01 00:50:16,786 [ERROR] LogOutputStream:75 - [STDERR_REDIRECT] 
2026-03-01 00:50:17,785 [ERROR] LogOutputStream:75 - [STDERR_REDIRECT] [Fatal Error] :1:1: Premature end of file.
2026-03-01 00:50:17,786 [ERROR] LogOutputStream:75 - [STDERR_REDIRECT] 
2026-03-01 00:50:18,785 [ERROR] LogOutputStream:75 - [STDERR_REDIRECT] [Fatal Error] :1:1: Premature end of file.
2026-03-01 00:50:18,785 [ERROR] LogOutputStream:75 - [STDERR_REDIRECT] 
2026-03-01 00:50:19,790 [ERROR] LogOutputStream:75 - [STDERR_REDIRECT] [Fatal Error] :1:1: Premature end of file.
2026-03-01 00:50:19,790 [ERROR] LogOutputStream:75 - [STDERR_REDIRECT] 
2026-03-01 00:50:20,785 [ERROR] LogOutputStream:75 - [STDERR_REDIRECT] [Fatal Error] :1:1: Premature end of file.
2026-03-01 00:50:20,785 [ERROR] LogOutputStream:75 - [STDERR_REDIRECT] 
2026-03-01 00:50:21,785 [ERROR] LogOutputStream:75 - [STDERR_REDIRECT] [Fatal Error] :1:1: Premature end of file.
2026-03-01 00:50:21,785 [ERROR] LogOutputStream:75 - [STDERR_REDIRECT] 
2026-03-01 00:50:22,787 [ERROR] LogOutputStream:75 - [STDERR_REDIRECT] [Fatal Error] :1:1: Premature end of file.
2026-03-01 00:50:22,787 [ERROR] LogOutputStream:75 - [STDERR_REDIRECT] 
2026-03-01 00:50:23,784 [ERROR] LogOutputStream:75 - [STDERR_REDIRECT] [Fatal Error] :1:1: Premature end of file.
2026-03-01 00:50:23,785 [ERROR] LogOutputStream:75 - [STDERR_REDIRECT] 
2026-03-01 00:50:24,794 [ERROR] LogOutputStream:75 - [STDERR_REDIRECT] [Fatal Error] :1:1: Premature end of file.
2026-03-01 00:50:24,794 [ERROR] LogOutputStream:75 - [STDERR_REDIRECT] 
2026-03-01 00:50:25,785 [ERROR] LogOutputStream:75 - [STDERR_REDIRECT] [Fatal Error] :1:1: Premature end of file.
2026-03-01 00:50:25,785 [ERROR] LogOutputStream:75 - [STDERR_REDIRECT] 
2026-03-01 00:50:26,784 [ERROR] LogOutputStream:75 - [STDERR_REDIRECT] [Fatal Error] :1:1: Premature end of file.
2026-03-01 00:50:26,784 [ERROR] LogOutputStream:75 - [STDERR_REDIRECT] 
2026-03-01 00:50:27,791 [ERROR] LogOutputStream:75 - [STDERR_REDIRECT] [Fatal Error] :1:1: Premature end of file.
2026-03-01 00:50:27,791 [ERROR] LogOutputStream:75 - [STDERR_REDIRECT] 
2026-03-01 00:50:28,789 [ERROR] LogOutputStream:75 - [STDERR_REDIRECT] [Fatal Error] :1:1: Premature end of file.
2026-03-01 00:50:28,789 [ERROR] LogOutputStream:75 - [STDERR_REDIRECT] 
2026-03-01 00:50:29,785 [ERROR] LogOutputStream:75 - [STDERR_REDIRECT] [Fatal Error] :1:1: Premature end of file.
2026-03-01 00:50:29,785 [ERROR] LogOutputStream:75 - [STDERR_REDIRECT] 
2026-03-01 00:50:30,786 [ERROR] LogOutputStream:75 - [STDERR_REDIRECT] [Fatal Error] :1:1: Premature end of file.
2026-03-01 00:50:30,786 [ERROR] LogOutputStream:75 - [STDERR_REDIRECT] 
2026-03-01 00:50:31,784 [ERROR] LogOutputStream:75 - [STDERR_REDIRECT] [Fatal Error] :1:1: Premature end of file.
2026-03-01 00:50:31,785 [ERROR] LogOutputStream:75 - [STDERR_REDIRECT] 
2026-03-01 00:50:32,795 [ERROR] LogOutputStream:75 - [STDERR_REDIRECT] [Fatal Error] :1:1: Premature end of file.
2026-03-01 00:50:32,795 [ERROR] LogOutputStream:75 - [STDERR_REDIRECT] 
2026-03-01 00:50:33,783 [ERROR] LogOutputStream:75 - [STDERR_REDIRECT] [Fatal Error] :1:1: Premature end of file.
2026-03-01 00:50:33,783 [ERROR] LogOutputStream:75 - [STDERR_REDIRECT] 
2026-03-01 00:50:34,785 [ERROR] LogOutputStream:75 - [STDERR_REDIRECT] [Fatal Error] :1:1: Premature end of file.
2026-03-01 00:50:34,786 [ERROR] LogOutputStream:75 - [STDERR_REDIRECT] 
2026-03-01 00:50:35,785 [ERROR] LogOutputStream:75 - [STDERR_REDIRECT] [Fatal Error] :1:1: Premature end of file.
2026-03-01 00:50:35,785 [ERROR] LogOutputStream:75 - [STDERR_REDIRECT] 
2026-03-01 00:50:36,789 [ERROR] LogOutputStream:75 - [STDERR_REDIRECT] [Fatal Error] :1:1: Premature end of file.
2026-03-01 00:50:36,790 [ERROR] LogOutputStream:75 - [STDERR_REDIRECT] 
2026-03-01 00:50:37,791 [ERROR] LogOutputStream:75 - [STDERR_REDIRECT] [Fatal Error] :1:1: Premature end of file.
2026-03-01 00:50:37,791 [ERROR] LogOutputStream:75 - [STDERR_REDIRECT] 
2026-03-01 00:50:38,785 [ERROR] LogOutputStream:75 - [STDERR_REDIRECT] [Fatal Error] :1:1: Premature end of file.
2026-03-01 00:50:38,785 [ERROR] LogOutputStream:75 - [STDERR_REDIRECT] 
2026-03-01 00:50:39,784 [ERROR] LogOutputStream:75 - [STDERR_REDIRECT] [Fatal Error] :1:1: Premature end of file.
2026-03-01 00:50:39,784 [ERROR] LogOutputStream:75 - [STDERR_REDIRECT] 
2026-03-01 00:50:40,796 [ERROR] LogOutputStream:75 - [STDERR_REDIRECT] [Fatal Error] :1:1: Premature end of file.
2026-03-01 00:50:40,796 [ERROR] LogOutputStream:75 - [STDERR_REDIRECT] 
2026-03-01 00:50:41,784 [ERROR] LogOutputStream:75 - [STDERR_REDIRECT] [Fatal Error] :1:1: Premature end of file.
2026-03-01 00:50:41,784 [ERROR] LogOutputStream:75 - [STDERR_REDIRECT] 
2026-03-01 00:50:42,796 [ERROR] LogOutputStream:75 - [STDERR_REDIRECT] [Fatal Error] :1:1: Premature end of file.
2026-03-01 00:50:42,796 [ERROR] LogOutputStream:75 - [STDERR_REDIRECT] 
2026-03-01 00:50:43,784 [ERROR] LogOutputStream:75 - [STDERR_REDIRECT] [Fatal Error] :1:1: Premature end of file.
2026-03-01 00:50:43,784 [ERROR] LogOutputStream:75 - [STDERR_REDIRECT] 
2026-03-01 00:50:44,786 [ERROR] LogOutputStream:75 - [STDERR_REDIRECT] [Fatal Error] :1:1: Premature end of file.
2026-03-01 00:50:44,786 [ERROR] LogOutputStream:75 - [STDERR_REDIRECT] 
2026-03-01 00:50:45,785 [ERROR] LogOutputStream:75 - [STDERR_REDIRECT] [Fatal Error] :1:1: Premature end of file.
2026-03-01 00:50:45,785 [ERROR] LogOutputStream:75 - [STDERR_REDIRECT] 
2026-03-01 00:50:46,787 [ERROR] LogOutputStream:75 - [STDERR_REDIRECT] [Fatal Error] :1:1: Premature end of file.
2026-03-01 00:50:46,787 [ERROR] LogOutputStream:75 - [STDERR_REDIRECT] 
2026-03-01 00:50:47,784 [ERROR] LogOutputStream:75 - [STDERR_REDIRECT] [Fatal Error] :1:1: Premature end of file.
2026-03-01 00:50:47,784 [ERROR] LogOutputStream:75 - [STDERR_REDIRECT] 
2026-03-01 00:50:48,793 [ERROR] LogOutputStream:75 - [STDERR_REDIRECT] [Fatal Error] :1:1: Premature end of file.
2026-03-01 00:50:48,793 [ERROR] LogOutputStream:75 - [STDERR_REDIRECT] 
2026-03-01 00:50:49,786 [ERROR] LogOutputStream:75 - [STDERR_REDIRECT] [Fatal Error] :1:1: Premature end of file.
2026-03-01 00:50:49,786 [ERROR] LogOutputStream:75 - [STDERR_REDIRECT] 
2026-03-01 00:50:50,785 [ERROR] LogOutputStream:75 - [STDERR_REDIRECT] [Fatal Error] :1:1: Premature end of file.
2026-03-01 00:50:50,785 [ERROR] LogOutputStream:75 - [STDERR_REDIRECT] 
2026-03-01 00:50:51,785 [ERROR] LogOutputStream:75 - [STDERR_REDIRECT] [Fatal Error] :1:1: Premature end of file.
2026-03-01 00:50:51,785 [ERROR] LogOutputStream:75 - [STDERR_REDIRECT] 
2026-03-01 00:50:52,821 [ERROR] LogOutputStream:75 - [STDERR_REDIRECT] [Fatal Error] :1:1: Premature end of file.
2026-03-01 00:50:52,821 [ERROR] LogOutputStream:75 - [STDERR_REDIRECT] 
2026-03-01 00:50:53,782 [ERROR] LogOutputStream:75 - [STDERR_REDIRECT] [Fatal Error] :1:1: Premature end of file.
2026-03-01 00:50:53,782 [ERROR] LogOutputStream:75 - [STDERR_REDIRECT] 
2026-03-01 00:50:54,783 [ERROR] LogOutputStream:75 - [STDERR_REDIRECT] [Fatal Error] :1:1: Premature end of file.
2026-03-01 00:50:54,783 [ERROR] LogOutputStream:75 - [STDERR_REDIRECT] 
2026-03-01 00:50:55,786 [ERROR] LogOutputStream:75 - [STDERR_REDIRECT] [Fatal Error] :1:1: Premature end of file.
2026-03-01 00:50:55,787 [ERROR] LogOutputStream:75 - [STDERR_REDIRECT] 
2026-03-01 00:50:56,785 [ERROR] LogOutputStream:75 - [STDERR_REDIRECT] [Fatal Error] :1:1: Premature end of file.
2026-03-01 00:50:56,785 [ERROR] LogOutputStream:75 - [STDERR_REDIRECT] 
2026-03-01 00:50:57,786 [ERROR] LogOutputStream:75 - [STDERR_REDIRECT] [Fatal Error] :1:1: Premature end of file.
2026-03-01 00:50:57,786 [ERROR] LogOutputStream:75 - [STDERR_REDIRECT] 
2026-03-01 00:50:58,786 [ERROR] LogOutputStream:75 - [STDERR_REDIRECT] [Fatal Error] :1:1: Premature end of file.
2026-03-01 00:50:58,786 [ERROR] LogOutputStream:75 - [STDERR_REDIRECT] 
2026-03-01 00:50:59,785 [ERROR] LogOutputStream:75 - [STDERR_REDIRECT] [Fatal Error] :1:1: Premature end of file.
2026-03-01 00:50:59,785 [ERROR] LogOutputStream:75 - [STDERR_REDIRECT] 
2026-03-01 00:51:00,785 [ERROR] LogOutputStream:75 - [STDERR_REDIRECT] [Fatal Error] :1:1: Premature end of file.
2026-03-01 00:51:00,785 [ERROR] LogOutputStream:75 - [STDERR_REDIRECT] 
2026-03-01 00:51:01,786 [ERROR] LogOutputStream:75 - [STDERR_REDIRECT] [Fatal Error] :1:1: Premature end of file.
2026-03-01 00:51:01,786 [ERROR] LogOutputStream:75 - [STDERR_REDIRECT] 
2026-03-01 00:51:02,787 [ERROR] LogOutputStream:75 - [STDERR_REDIRECT] [Fatal Error] :1:1: Premature end of file.
2026-03-01 00:51:02,787 [ERROR] LogOutputStream:75 - [STDERR_REDIRECT] 
2026-03-01 00:51:03,788 [ERROR] LogOutputStream:75 - [STDERR_REDIRECT] [Fatal Error] :1:1: Premature end of file.
2026-03-01 00:51:03,788 [ERROR] LogOutputStream:75 - [STDERR_REDIRECT] 
2026-03-01 00:51:04,785 [ERROR] LogOutputStream:75 - [STDERR_REDIRECT] [Fatal Error] :1:1: Premature end of file.
2026-03-01 00:51:04,785 [ERROR] LogOutputStream:75 - [STDERR_REDIRECT] 
2026-03-01 00:51:05,785 [ERROR] LogOutputStream:75 - [STDERR_REDIRECT] [Fatal Error] :1:1: Premature end of file.
2026-03-01 00:51:05,785 [ERROR] LogOutputStream:75 - [STDERR_REDIRECT] 
2026-03-01 00:51:06,791 [ERROR] LogOutputStream:75 - [STDERR_REDIRECT] [Fatal Error] :1:1: Premature end of file.
2026-03-01 00:51:06,791 [ERROR] LogOutputStream:75 - [STDERR_REDIRECT] 
2026-03-01 00:51:07,787 [ERROR] LogOutputStream:75 - [STDERR_REDIRECT] [Fatal Error] :1:1: Premature end of file.
2026-03-01 00:51:07,787 [ERROR] LogOutputStream:75 - [STDERR_REDIRECT] 
2026-03-01 00:51:08,793 [ERROR] LogOutputStream:75 - [STDERR_REDIRECT] [Fatal Error] :1:1: Premature end of file.
2026-03-01 00:51:08,793 [ERROR] LogOutputStream:75 - [STDERR_REDIRECT] 
2026-03-01 00:51:09,785 [ERROR] LogOutputStream:75 - [STDERR_REDIRECT] [Fatal Error] :1:1: Premature end of file.
2026-03-01 00:51:09,785 [ERROR] LogOutputStream:75 - [STDERR_REDIRECT] 
2026-03-01 00:51:10,785 [ERROR] LogOutputStream:75 - [STDERR_REDIRECT] [Fatal Error] :1:1: Premature end of file.
2026-03-01 00:51:10,786 [ERROR] LogOutputStream:75 - [STDERR_REDIRECT] 
2026-03-01 00:51:11,787 [ERROR] LogOutputStream:75 - [STDERR_REDIRECT] [Fatal Error] :1:1: Premature end of file.
2026-03-01 00:51:11,787 [ERROR] LogOutputStream:75 - [STDERR_REDIRECT] 
2026-03-01 00:51:12,785 [ERROR] LogOutputStream:75 - [STDERR_REDIRECT] [Fatal Error] :1:1: Premature end of file.
2026-03-01 00:51:12,785 [ERROR] LogOutputStream:75 - [STDERR_REDIRECT] 
2026-03-01 00:51:13,785 [ERROR] LogOutputStream:75 - [STDERR_REDIRECT] [Fatal Error] :1:1: Premature end of file.
2026-03-01 00:51:13,785 [ERROR] LogOutputStream:75 - [STDERR_REDIRECT] 
2026-03-01 00:51:14,786 [ERROR] LogOutputStream:75 - [STDERR_REDIRECT] [Fatal Error] :1:1: Premature end of file.
2026-03-01 00:51:14,786 [ERROR] LogOutputStream:75 - [STDERR_REDIRECT] 
2026-03-01 00:51:15,787 [ERROR] LogOutputStream:75 - [STDERR_REDIRECT] [Fatal Error] :1:1: Premature end of file.
2026-03-01 00:51:15,787 [ERROR] LogOutputStream:75 - [STDERR_REDIRECT] 
2026-03-01 00:51:16,786 [ERROR] LogOutputStream:75 - [STDERR_REDIRECT] [Fatal Error] :1:1: Premature end of file.
2026-03-01 00:51:16,786 [ERROR] LogOutputStream:75 - [STDERR_REDIRECT] 
2026-03-01 00:51:17,784 [ERROR] LogOutputStream:75 - [STDERR_REDIRECT] [Fatal Error] :1:1: Premature end of file.
2026-03-01 00:51:17,784 [ERROR] LogOutputStream:75 - [STDERR_REDIRECT] 
2026-03-01 00:51:18,799 [ERROR] LogOutputStream:75 - [STDERR_REDIRECT] [Fatal Error] :1:1: Premature end of file.
2026-03-01 00:51:18,799 [ERROR] LogOutputStream:75 - [STDERR_REDIRECT] 
2026-03-01 00:51:19,784 [ERROR] LogOutputStream:75 - [STDERR_REDIRECT] [Fatal Error] :1:1: Premature end of file.
2026-03-01 00:51:19,784 [ERROR] LogOutputStream:75 - [STDERR_REDIRECT] 
2026-03-01 00:51:20,800 [ERROR] LogOutputStream:75 - [STDERR_REDIRECT] [Fatal Error] :1:1: Premature end of file.
2026-03-01 00:51:20,800 [ERROR] LogOutputStream:75 - [STDERR_REDIRECT] 
2026-03-01 00:51:21,785 [ERROR] LogOutputStream:75 - [STDERR_REDIRECT] [Fatal Error] :1:1: Premature end of file.
2026-03-01 00:51:21,785 [ERROR] LogOutputStream:75 - [STDERR_REDIRECT] 
2026-03-01 00:51:22,786 [ERROR] LogOutputStream:75 - [STDERR_REDIRECT] [Fatal Error] :1:1: Premature end of file.
2026-03-01 00:51:22,786 [ERROR] LogOutputStream:75 - [STDERR_REDIRECT] 
2026-03-01 00:51:23,786 [ERROR] LogOutputStream:75 - [STDERR_REDIRECT] [Fatal Error] :1:1: Premature end of file.
2026-03-01 00:51:23,786 [ERROR] LogOutputStream:75 - [STDERR_REDIRECT] 
2026-03-01 00:51:24,785 [ERROR] LogOutputStream:75 - [STDERR_REDIRECT] [Fatal Error] :1:1: Premature end of file.
2026-03-01 00:51:24,785 [ERROR] LogOutputStream:75 - [STDERR_REDIRECT] 
2026-03-01 00:51:25,786 [ERROR] LogOutputStream:75 - [STDERR_REDIRECT] [Fatal Error] :1:1: Premature end of file.
2026-03-01 00:51:25,786 [ERROR] LogOutputStream:75 - [STDERR_REDIRECT] 
2026-03-01 00:51:26,786 [ERROR] LogOutputStream:75 - [STDERR_REDIRECT] [Fatal Error] :1:1: Premature end of file.
2026-03-01 00:51:26,786 [ERROR] LogOutputStream:75 - [STDERR_REDIRECT] 
2026-03-01 00:51:27,786 [ERROR] LogOutputStream:75 - [STDERR_REDIRECT] [Fatal Error] :1:1: Premature end of file.
2026-03-01 00:51:27,787 [ERROR] LogOutputStream:75 - [STDERR_REDIRECT] 
2026-03-01 00:51:28,789 [ERROR] LogOutputStream:75 - [STDERR_REDIRECT] [Fatal Error] :1:1: Premature end of file.
2026-03-01 00:51:28,789 [ERROR] LogOutputStream:75 - [STDERR_REDIRECT] 
2026-03-01 00:51:29,786 [ERROR] LogOutputStream:75 - [STDERR_REDIRECT] [Fatal Error] :1:1: Premature end of file.
2026-03-01 00:51:29,786 [ERROR] LogOutputStream:75 - [STDERR_REDIRECT] 
2026-03-01 00:51:30,784 [ERROR] LogOutputStream:75 - [STDERR_REDIRECT] [Fatal Error] :1:1: Premature end of file.
2026-03-01 00:51:30,784 [ERROR] LogOutputStream:75 - [STDERR_REDIRECT] 
2026-03-01 00:51:31,791 [ERROR] LogOutputStream:75 - [STDERR_REDIRECT] [Fatal Error] :1:1: Premature end of file.
2026-03-01 00:51:31,791 [ERROR] LogOutputStream:75 - [STDERR_REDIRECT] 
2026-03-01 00:51:32,785 [ERROR] LogOutputStream:75 - [STDERR_REDIRECT] [Fatal Error] :1:1: Premature end of file.
2026-03-01 00:51:32,785 [ERROR] LogOutputStream:75 - [STDERR_REDIRECT] 
2026-03-01 00:51:33,791 [ERROR] LogOutputStream:75 - [STDERR_REDIRECT] [Fatal Error] :1:1: Premature end of file.
2026-03-01 00:51:33,791 [ERROR] LogOutputStream:75 - [STDERR_REDIRECT] 
2026-03-01 00:51:34,787 [ERROR] LogOutputStream:75 - [STDERR_REDIRECT] [Fatal Error] :1:1: Premature end of file.
2026-03-01 00:51:34,788 [ERROR] LogOutputStream:75 - [STDERR_REDIRECT] 
2026-03-01 00:51:35,783 [ERROR] LogOutputStream:75 - [STDERR_REDIRECT] [Fatal Error] :1:1: Premature end of file.
2026-03-01 00:51:35,784 [ERROR] LogOutputStream:75 - [STDERR_REDIRECT] 
2026-03-01 00:51:36,784 [ERROR] LogOutputStream:75 - [STDERR_REDIRECT] [Fatal Error] :1:1: Premature end of file.
2026-03-01 00:51:36,784 [ERROR] LogOutputStream:75 - [STDERR_REDIRECT] 
2026-03-01 00:51:37,794 [ERROR] LogOutputStream:75 - [STDERR_REDIRECT] [Fatal Error] :1:1: Premature end of file.
2026-03-01 00:51:37,794 [ERROR] LogOutputStream:75 - [STDERR_REDIRECT] 
2026-03-01 00:51:38,796 [ERROR] LogOutputStream:75 - [STDERR_REDIRECT] [Fatal Error] :1:1: Premature end of file.
2026-03-01 00:51:38,796 [ERROR] LogOutputStream:75 - [STDERR_REDIRECT] 
2026-03-01 00:51:39,785 [ERROR] LogOutputStream:75 - [STDERR_REDIRECT] [Fatal Error] :1:1: Premature end of file.
2026-03-01 00:51:39,785 [ERROR] LogOutputStream:75 - [STDERR_REDIRECT] 
2026-03-01 00:51:40,797 [ERROR] LogOutputStream:75 - [STDERR_REDIRECT] [Fatal Error] :1:1: Premature end of file.
2026-03-01 00:51:40,798 [ERROR] LogOutputStream:75 - [STDERR_REDIRECT] 
2026-03-01 00:51:41,785 [ERROR] LogOutputStream:75 - [STDERR_REDIRECT] [Fatal Error] :1:1: Premature end of file.
2026-03-01 00:51:41,785 [ERROR] LogOutputStream:75 - [STDERR_REDIRECT] 
2026-03-01 00:51:42,785 [ERROR] LogOutputStream:75 - [STDERR_REDIRECT] [Fatal Error] :1:1: Premature end of file.
2026-03-01 00:51:42,785 [ERROR] LogOutputStream:75 - [STDERR_REDIRECT] 
2026-03-01 00:51:43,788 [ERROR] LogOutputStream:75 - [STDERR_REDIRECT] [Fatal Error] :1:1: Premature end of file.
2026-03-01 00:51:43,788 [ERROR] LogOutputStream:75 - [STDERR_REDIRECT] 
2026-03-01 00:51:44,784 [ERROR] LogOutputStream:75 - [STDERR_REDIRECT] [Fatal Error] :1:1: Premature end of file.
2026-03-01 00:51:44,785 [ERROR] LogOutputStream:75 - [STDERR_REDIRECT] 
2026-03-01 00:51:45,795 [ERROR] LogOutputStream:75 - [STDERR_REDIRECT] [Fatal Error] :1:1: Premature end of file.
2026-03-01 00:51:45,795 [ERROR] LogOutputStream:75 - [STDERR_REDIRECT] 
2026-03-01 00:51:46,784 [ERROR] LogOutputStream:75 - [STDERR_REDIRECT] [Fatal Error] :1:1: Premature end of file.
2026-03-01 00:51:46,785 [ERROR] LogOutputStream:75 - [STDERR_REDIRECT] 
2026-03-01 00:51:47,799 [ERROR] LogOutputStream:75 - [STDERR_REDIRECT] [Fatal Error] :1:1: Premature end of file.
2026-03-01 00:51:47,799 [ERROR] LogOutputStream:75 - [STDERR_REDIRECT] 
2026-03-01 00:51:48,787 [ERROR] LogOutputStream:75 - [STDERR_REDIRECT] [Fatal Error] :1:1: Premature end of file.
2026-03-01 00:51:48,787 [ERROR] LogOutputStream:75 - [STDERR_REDIRECT] 
2026-03-01 00:51:49,831 [ERROR] LogOutputStream:75 - [STDERR_REDIRECT] [Fatal Error] :1:1: Premature end of file.
2026-03-01 00:51:49,831 [ERROR] LogOutputStream:75 - [STDERR_REDIRECT] 
2026-03-01 00:51:50,786 [ERROR] LogOutputStream:75 - [STDERR_REDIRECT] [Fatal Error] :1:1: Premature end of file.
2026-03-01 00:51:50,786 [ERROR] LogOutputStream:75 - [STDERR_REDIRECT] 
2026-03-01 00:51:51,786 [ERROR] LogOutputStream:75 - [STDERR_REDIRECT] [Fatal Error] :1:1: Premature end of file.
2026-03-01 00:51:51,786 [ERROR] LogOutputStream:75 - [STDERR_REDIRECT] 
2026-03-01 00:51:52,785 [ERROR] LogOutputStream:75 - [STDERR_REDIRECT] [Fatal Error] :1:1: Premature end of file.
2026-03-01 00:51:52,785 [ERROR] LogOutputStream:75 - [STDERR_REDIRECT] 
2026-03-01 00:51:53,785 [ERROR] LogOutputStream:75 - [STDERR_REDIRECT] [Fatal Error] :1:1: Premature end of file.
2026-03-01 00:51:53,785 [ERROR] LogOutputStream:75 - [STDERR_REDIRECT] 
2026-03-01 00:51:54,785 [ERROR] LogOutputStream:75 - [STDERR_REDIRECT] [Fatal Error] :1:1: Premature end of file.
2026-03-01 00:51:54,786 [ERROR] LogOutputStream:75 - [STDERR_REDIRECT] 
2026-03-01 00:51:55,785 [ERROR] LogOutputStream:75 - [STDERR_REDIRECT] [Fatal Error] :1:1: Premature end of file.
2026-03-01 00:51:55,786 [ERROR] LogOutputStream:75 - [STDERR_REDIRECT] 
2026-03-01 00:51:56,784 [ERROR] LogOutputStream:75 - [STDERR_REDIRECT] [Fatal Error] :1:1: Premature end of file.
2026-03-01 00:51:56,784 [ERROR] LogOutputStream:75 - [STDERR_REDIRECT] 
2026-03-01 00:51:57,793 [ERROR] LogOutputStream:75 - [STDERR_REDIRECT] [Fatal Error] :1:1: Premature end of file.
2026-03-01 00:51:57,793 [ERROR] LogOutputStream:75 - [STDERR_REDIRECT] 
2026-03-01 00:51:58,784 [ERROR] LogOutputStream:75 - [STDERR_REDIRECT] [Fatal Error] :1:1: Premature end of file.
2026-03-01 00:51:58,784 [ERROR] LogOutputStream:75 - [STDERR_REDIRECT] 
2026-03-01 00:51:59,794 [ERROR] LogOutputStream:75 - [STDERR_REDIRECT] [Fatal Error] :1:1: Premature end of file.
2026-03-01 00:51:59,794 [ERROR] LogOutputStream:75 - [STDERR_REDIRECT] 
2026-03-01 00:52:00,790 [ERROR] LogOutputStream:75 - [STDERR_REDIRECT] [Fatal Error] :1:1: Premature end of file.
2026-03-01 00:52:00,790 [ERROR] LogOutputStream:75 - [STDERR_REDIRECT] 
2026-03-01 00:52:01,785 [ERROR] LogOutputStream:75 - [STDERR_REDIRECT] [Fatal Error] :1:1: Premature end of file.
2026-03-01 00:52:01,785 [ERROR] LogOutputStream:75 - [STDERR_REDIRECT] 
2026-03-01 00:52:02,785 [ERROR] LogOutputStream:75 - [STDERR_REDIRECT] [Fatal Error] :1:1: Premature end of file.
2026-03-01 00:52:02,785 [ERROR] LogOutputStream:75 - [STDERR_REDIRECT] 
2026-03-01 00:52:03,785 [ERROR] LogOutputStream:75 - [STDERR_REDIRECT] [Fatal Error] :1:1: Premature end of file.
2026-03-01 00:52:03,785 [ERROR] LogOutputStream:75 - [STDERR_REDIRECT] 
2026-03-01 00:52:04,785 [ERROR] LogOutputStream:75 - [STDERR_REDIRECT] [Fatal Error] :1:1: Premature end of file.
2026-03-01 00:52:04,785 [ERROR] LogOutputStream:75 - [STDERR_REDIRECT] 
2026-03-01 00:52:05,784 [ERROR] LogOutputStream:75 - [STDERR_REDIRECT] [Fatal Error] :1:1: Premature end of file.
2026-03-01 00:52:05,784 [ERROR] LogOutputStream:75 - [STDERR_REDIRECT] 
2026-03-01 00:52:06,794 [ERROR] LogOutputStream:75 - [STDERR_REDIRECT] [Fatal Error] :1:1: Premature end of file.
2026-03-01 00:52:06,794 [ERROR] LogOutputStream:75 - [STDERR_REDIRECT] 
2026-03-01 00:52:07,790 [ERROR] LogOutputStream:75 - [STDERR_REDIRECT] [Fatal Error] :1:1: Premature end of file.
2026-03-01 00:52:07,790 [ERROR] LogOutputStream:75 - [STDERR_REDIRECT] 
2026-03-01 00:52:08,787 [ERROR] LogOutputStream:75 - [STDERR_REDIRECT] [Fatal Error] :1:1: Premature end of file.
2026-03-01 00:52:08,787 [ERROR] LogOutputStream:75 - [STDERR_REDIRECT] 
2026-03-01 00:52:09,785 [ERROR] LogOutputStream:75 - [STDERR_REDIRECT] [Fatal Error] :1:1: Premature end of file.
2026-03-01 00:52:09,785 [ERROR] LogOutputStream:75 - [STDERR_REDIRECT] 
2026-03-01 00:52:10,792 [ERROR] LogOutputStream:75 - [STDERR_REDIRECT] [Fatal Error] :1:1: Premature end of file.
2026-03-01 00:52:10,792 [ERROR] LogOutputStream:75 - [STDERR_REDIRECT] 
2026-03-01 00:52:11,784 [ERROR] LogOutputStream:75 - [STDERR_REDIRECT] [Fatal Error] :1:1: Premature end of file.
2026-03-01 00:52:11,784 [ERROR] LogOutputStream:75 - [STDERR_REDIRECT] 
2026-03-01 00:52:12,786 [ERROR] LogOutputStream:75 - [STDERR_REDIRECT] [Fatal Error] :1:1: Premature end of file.
2026-03-01 00:52:12,786 [ERROR] LogOutputStream:75 - [STDERR_REDIRECT] 
2026-03-01 00:52:13,784 [ERROR] LogOutputStream:75 - [STDERR_REDIRECT] [Fatal Error] :1:1: Premature end of file.
2026-03-01 00:52:13,784 [ERROR] LogOutputStream:75 - [STDERR_REDIRECT] 
2026-03-01 00:52:14,791 [ERROR] LogOutputStream:75 - [STDERR_REDIRECT] [Fatal Error] :1:1: Premature end of file.
2026-03-01 00:52:14,791 [ERROR] LogOutputStream:75 - [STDERR_REDIRECT] 
2026-03-01 00:52:15,787 [ERROR] LogOutputStream:75 - [STDERR_REDIRECT] [Fatal Error] :1:1: Premature end of file.
2026-03-01 00:52:15,787 [ERROR] LogOutputStream:75 - [STDERR_REDIRECT] 
2026-03-01 00:52:16,807 [ERROR] LogOutputStream:75 - [STDERR_REDIRECT] [Fatal Error] :1:1: Premature end of file.
2026-03-01 00:52:16,807 [ERROR] LogOutputStream:75 - [STDERR_REDIRECT] 
2026-03-01 00:52:17,787 [ERROR] LogOutputStream:75 - [STDERR_REDIRECT] [Fatal Error] :1:1: Premature end of file.
2026-03-01 00:52:17,787 [ERROR] LogOutputStream:75 - [STDERR_REDIRECT] 
2026-03-01 00:52:18,786 [ERROR] LogOutputStream:75 - [STDERR_REDIRECT] [Fatal Error] :1:1: Premature end of file.
2026-03-01 00:52:18,786 [ERROR] LogOutputStream:75 - [STDERR_REDIRECT] 
2026-03-01 00:52:19,786 [ERROR] LogOutputStream:75 - [STDERR_REDIRECT] [Fatal Error] :1:1: Premature end of file.
2026-03-01 00:52:19,786 [ERROR] LogOutputStream:75 - [STDERR_REDIRECT] 
2026-03-01 00:52:20,785 [ERROR] LogOutputStream:75 - [STDERR_REDIRECT] [Fatal Error] :1:1: Premature end of file.
2026-03-01 00:52:20,785 [ERROR] LogOutputStream:75 - [STDERR_REDIRECT] 
2026-03-01 00:52:21,785 [ERROR] LogOutputStream:75 - [STDERR_REDIRECT] [Fatal Error] :1:1: Premature end of file.
2026-03-01 00:52:21,785 [ERROR] LogOutputStream:75 - [STDERR_REDIRECT] 
2026-03-01 00:52:22,786 [ERROR] LogOutputStream:75 - [STDERR_REDIRECT] [Fatal Error] :1:1: Premature end of file.
2026-03-01 00:52:22,787 [ERROR] LogOutputStream:75 - [STDERR_REDIRECT] 
2026-03-01 00:52:23,787 [ERROR] LogOutputStream:75 - [STDERR_REDIRECT] [Fatal Error] :1:1: Premature end of file.
2026-03-01 00:52:23,787 [ERROR] LogOutputStream:75 - [STDERR_REDIRECT] 
2026-03-01 00:52:24,785 [ERROR] LogOutputStream:75 - [STDERR_REDIRECT] [Fatal Error] :1:1: Premature end of file.
2026-03-01 00:52:24,785 [ERROR] LogOutputStream:75 - [STDERR_REDIRECT] 
2026-03-01 00:52:25,799 [ERROR] LogOutputStream:75 - [STDERR_REDIRECT] [Fatal Error] :1:1: Premature end of file.
2026-03-01 00:52:25,799 [ERROR] LogOutputStream:75 - [STDERR_REDIRECT] 
2026-03-01 00:52:26,789 [ERROR] LogOutputStream:75 - [STDERR_REDIRECT] [Fatal Error] :1:1: Premature end of file.
2026-03-01 00:52:26,789 [ERROR] LogOutputStream:75 - [STDERR_REDIRECT] 
2026-03-01 00:52:27,786 [ERROR] LogOutputStream:75 - [STDERR_REDIRECT] [Fatal Error] :1:1: Premature end of file.
2026-03-01 00:52:27,786 [ERROR] LogOutputStream:75 - [STDERR_REDIRECT] 
2026-03-01 00:52:28,786 [ERROR] LogOutputStream:75 - [STDERR_REDIRECT] [Fatal Error] :1:1: Premature end of file.
2026-03-01 00:52:28,786 [ERROR] LogOutputStream:75 - [STDERR_REDIRECT] 
2026-03-01 00:52:29,787 [ERROR] LogOutputStream:75 - [STDERR_REDIRECT] [Fatal Error] :1:1: Premature end of file.
2026-03-01 00:52:29,787 [ERROR] LogOutputStream:75 - [STDERR_REDIRECT] 
2026-03-01 00:52:30,788 [ERROR] LogOutputStream:75 - [STDERR_REDIRECT] [Fatal Error] :1:1: Premature end of file.
2026-03-01 00:52:30,788 [ERROR] LogOutputStream:75 - [STDERR_REDIRECT] 
2026-03-01 00:52:31,787 [ERROR] LogOutputStream:75 - [STDERR_REDIRECT] [Fatal Error] :1:1: Premature end of file.
2026-03-01 00:52:31,787 [ERROR] LogOutputStream:75 - [STDERR_REDIRECT] 
2026-03-01 00:52:32,786 [ERROR] LogOutputStream:75 - [STDERR_REDIRECT] [Fatal Error] :1:1: Premature end of file.
2026-03-01 00:52:32,786 [ERROR] LogOutputStream:75 - [STDERR_REDIRECT] 
2026-03-01 00:52:33,786 [ERROR] LogOutputStream:75 - [STDERR_REDIRECT] [Fatal Error] :1:1: Premature end of file.
2026-03-01 00:52:33,786 [ERROR] LogOutputStream:75 - [STDERR_REDIRECT] 
2026-03-01 00:52:34,784 [ERROR] LogOutputStream:75 - [STDERR_REDIRECT] [Fatal Error] :1:1: Premature end of file.
2026-03-01 00:52:34,784 [ERROR] LogOutputStream:75 - [STDERR_REDIRECT] 
2026-03-01 00:52:35,789 [ERROR] LogOutputStream:75 - [STDERR_REDIRECT] [Fatal Error] :1:1: Premature end of file.
2026-03-01 00:52:35,789 [ERROR] LogOutputStream:75 - [STDERR_REDIRECT] 
2026-03-01 00:52:36,785 [ERROR] LogOutputStream:75 - [STDERR_REDIRECT] [Fatal Error] :1:1: Premature end of file.
2026-03-01 00:52:36,785 [ERROR] LogOutputStream:75 - [STDERR_REDIRECT] 
2026-03-01 00:52:37,784 [ERROR] LogOutputStream:75 - [STDERR_REDIRECT] [Fatal Error] :1:1: Premature end of file.
2026-03-01 00:52:37,785 [ERROR] LogOutputStream:75 - [STDERR_REDIRECT] 
2026-03-01 00:52:38,795 [ERROR] LogOutputStream:75 - [STDERR_REDIRECT] [Fatal Error] :1:1: Premature end of file.
2026-03-01 00:52:38,795 [ERROR] LogOutputStream:75 - [STDERR_REDIRECT] 
2026-03-01 00:52:39,798 [ERROR] LogOutputStream:75 - [STDERR_REDIRECT] [Fatal Error] :1:1: Premature end of file.
2026-03-01 00:52:39,798 [ERROR] LogOutputStream:75 - [STDERR_REDIRECT] 
2026-03-01 00:52:40,785 [ERROR] LogOutputStream:75 - [STDERR_REDIRECT] [Fatal Error] :1:1: Premature end of file.
2026-03-01 00:52:40,785 [ERROR] LogOutputStream:75 - [STDERR_REDIRECT] 
2026-03-01 00:52:41,797 [ERROR] LogOutputStream:75 - [STDERR_REDIRECT] [Fatal Error] :1:1: Premature end of file.
2026-03-01 00:52:41,797 [ERROR] LogOutputStream:75 - [STDERR_REDIRECT] 
2026-03-01 00:52:42,785 [ERROR] LogOutputStream:75 - [STDERR_REDIRECT] [Fatal Error] :1:1: Premature end of file.
2026-03-01 00:52:42,785 [ERROR] LogOutputStream:75 - [STDERR_REDIRECT] 
2026-03-01 00:52:43,784 [ERROR] LogOutputStream:75 - [STDERR_REDIRECT] [Fatal Error] :1:1: Premature end of file.
2026-03-01 00:52:43,785 [ERROR] LogOutputStream:75 - [STDERR_REDIRECT] 
2026-03-01 00:52:44,790 [ERROR] LogOutputStream:75 - [STDERR_REDIRECT] [Fatal Error] :1:1: Premature end of file.
2026-03-01 00:52:44,790 [ERROR] LogOutputStream:75 - [STDERR_REDIRECT] 
2026-03-01 00:52:45,785 [ERROR] LogOutputStream:75 - [STDERR_REDIRECT] [Fatal Error] :1:1: Premature end of file.
2026-03-01 00:52:45,786 [ERROR] LogOutputStream:75 - [STDERR_REDIRECT] 
2026-03-01 00:52:46,785 [ERROR] LogOutputStream:75 - [STDERR_REDIRECT] [Fatal Error] :1:1: Premature end of file.
2026-03-01 00:52:46,785 [ERROR] LogOutputStream:75 - [STDERR_REDIRECT] 
2026-03-01 00:52:47,786 [ERROR] LogOutputStream:75 - [STDERR_REDIRECT] [Fatal Error] :1:1: Premature end of file.
2026-03-01 00:52:47,786 [ERROR] LogOutputStream:75 - [STDERR_REDIRECT] 
2026-03-01 00:52:48,784 [ERROR] LogOutputStream:75 - [STDERR_REDIRECT] [Fatal Error] :1:1: Premature end of file.
2026-03-01 00:52:48,785 [ERROR] LogOutputStream:75 - [STDERR_REDIRECT] 
2026-03-01 00:52:49,798 [ERROR] LogOutputStream:75 - [STDERR_REDIRECT] [Fatal Error] :1:1: Premature end of file.
2026-03-01 00:52:49,798 [ERROR] LogOutputStream:75 - [STDERR_REDIRECT] 
2026-03-01 00:52:50,785 [ERROR] LogOutputStream:75 - [STDERR_REDIRECT] [Fatal Error] :1:1: Premature end of file.
2026-03-01 00:52:50,785 [ERROR] LogOutputStream:75 - [STDERR_REDIRECT] 
2026-03-01 00:52:51,786 [ERROR] LogOutputStream:75 - [STDERR_REDIRECT] [Fatal Error] :1:1: Premature end of file.
2026-03-01 00:52:51,787 [ERROR] LogOutputStream:75 - [STDERR_REDIRECT] 
2026-03-01 00:52:52,785 [ERROR] LogOutputStream:75 - [STDERR_REDIRECT] [Fatal Error] :1:1: Premature end of file.
2026-03-01 00:52:52,786 [ERROR] LogOutputStream:75 - [STDERR_REDIRECT] 
2026-03-01 00:52:53,786 [ERROR] LogOutputStream:75 - [STDERR_REDIRECT] [Fatal Error] :1:1: Premature end of file.
2026-03-01 00:52:53,786 [ERROR] LogOutputStream:75 - [STDERR_REDIRECT] 
2026-03-01 00:52:54,786 [ERROR] LogOutputStream:75 - [STDERR_REDIRECT] [Fatal Error] :1:1: Premature end of file.
2026-03-01 00:52:54,786 [ERROR] LogOutputStream:75 - [STDERR_REDIRECT] 
2026-03-01 00:52:55,784 [ERROR] LogOutputStream:75 - [STDERR_REDIRECT] [Fatal Error] :1:1: Premature end of file.
2026-03-01 00:52:55,784 [ERROR] LogOutputStream:75 - [STDERR_REDIRECT] 
2026-03-01 00:52:56,801 [ERROR] LogOutputStream:75 - [STDERR_REDIRECT] [Fatal Error] :1:1: Premature end of file.
2026-03-01 00:52:56,802 [ERROR] LogOutputStream:75 - [STDERR_REDIRECT] 
2026-03-01 00:52:57,799 [ERROR] LogOutputStream:75 - [STDERR_REDIRECT] [Fatal Error] :1:1: Premature end of file.
2026-03-01 00:52:57,799 [ERROR] LogOutputStream:75 - [STDERR_REDIRECT] 
2026-03-01 00:52:58,783 [ERROR] LogOutputStream:75 - [STDERR_REDIRECT] [Fatal Error] :1:1: Premature end of file.
2026-03-01 00:52:58,783 [ERROR] LogOutputStream:75 - [STDERR_REDIRECT] 
2026-03-01 00:52:59,787 [ERROR] LogOutputStream:75 - [STDERR_REDIRECT] [Fatal Error] :1:1: Premature end of file.
2026-03-01 00:52:59,787 [ERROR] LogOutputStream:75 - [STDERR_REDIRECT] 
2026-03-01 00:53:00,785 [ERROR] LogOutputStream:75 - [STDERR_REDIRECT] [Fatal Error] :1:1: Premature end of file.
2026-03-01 00:53:00,785 [ERROR] LogOutputStream:75 - [STDERR_REDIRECT] 
2026-03-01 00:53:01,786 [ERROR] LogOutputStream:75 - [STDERR_REDIRECT] [Fatal Error] :1:1: Premature end of file.
2026-03-01 00:53:01,786 [ERROR] LogOutputStream:75 - [STDERR_REDIRECT] 
2026-03-01 00:53:02,784 [ERROR] LogOutputStream:75 - [STDERR_REDIRECT] [Fatal Error] :1:1: Premature end of file.
2026-03-01 00:53:02,784 [ERROR] LogOutputStream:75 - [STDERR_REDIRECT] 
2026-03-01 00:53:03,794 [ERROR] LogOutputStream:75 - [STDERR_REDIRECT] [Fatal Error] :1:1: Premature end of file.
2026-03-01 00:53:03,795 [ERROR] LogOutputStream:75 - [STDERR_REDIRECT] 
2026-03-01 00:53:04,794 [ERROR] LogOutputStream:75 - [STDERR_REDIRECT] [Fatal Error] :1:1: Premature end of file.
2026-03-01 00:53:04,794 [ERROR] LogOutputStream:75 - [STDERR_REDIRECT] 
2026-03-01 00:53:05,795 [ERROR] LogOutputStream:75 - [STDERR_REDIRECT] [Fatal Error] :1:1: Premature end of file.
2026-03-01 00:53:05,795 [ERROR] LogOutputStream:75 - [STDERR_REDIRECT] 
2026-03-01 00:53:06,785 [ERROR] LogOutputStream:75 - [STDERR_REDIRECT] [Fatal Error] :1:1: Premature end of file.
2026-03-01 00:53:06,785 [ERROR] LogOutputStream:75 - [STDERR_REDIRECT] 
2026-03-01 00:53:07,786 [ERROR] LogOutputStream:75 - [STDERR_REDIRECT] [Fatal Error] :1:1: Premature end of file.
2026-03-01 00:53:07,786 [ERROR] LogOutputStream:75 - [STDERR_REDIRECT] 
2026-03-01 00:53:08,785 [ERROR] LogOutputStream:75 - [STDERR_REDIRECT] [Fatal Error] :1:1: Premature end of file.
2026-03-01 00:53:08,785 [ERROR] LogOutputStream:75 - [STDERR_REDIRECT] 
2026-03-01 00:53:09,786 [ERROR] LogOutputStream:75 - [STDERR_REDIRECT] [Fatal Error] :1:1: Premature end of file.
2026-03-01 00:53:09,787 [ERROR] LogOutputStream:75 - [STDERR_REDIRECT] 
2026-03-01 00:53:10,785 [ERROR] LogOutputStream:75 - [STDERR_REDIRECT] [Fatal Error] :1:1: Premature end of file.
2026-03-01 00:53:10,785 [ERROR] LogOutputStream:75 - [STDERR_REDIRECT] 
2026-03-01 00:53:11,788 [ERROR] LogOutputStream:75 - [STDERR_REDIRECT] [Fatal Error] :1:1: Premature end of file.
2026-03-01 00:53:11,788 [ERROR] LogOutputStream:75 - [STDERR_REDIRECT] 
2026-03-01 00:53:12,791 [ERROR] LogOutputStream:75 - [STDERR_REDIRECT] [Fatal Error] :1:1: Premature end of file.
2026-03-01 00:53:12,791 [ERROR] LogOutputStream:75 - [STDERR_REDIRECT] 
2026-03-01 00:53:13,790 [ERROR] LogOutputStream:75 - [STDERR_REDIRECT] [Fatal Error] :1:1: Premature end of file.
2026-03-01 00:53:13,790 [ERROR] LogOutputStream:75 - [STDERR_REDIRECT] 
2026-03-01 00:53:14,790 [ERROR] LogOutputStream:75 - [STDERR_REDIRECT] [Fatal Error] :1:1: Premature end of file.
2026-03-01 00:53:14,790 [ERROR] LogOutputStream:75 - [STDERR_REDIRECT] 
2026-03-01 00:53:15,787 [ERROR] LogOutputStream:75 - [STDERR_REDIRECT] [Fatal Error] :1:1: Premature end of file.
2026-03-01 00:53:15,788 [ERROR] LogOutputStream:75 - [STDERR_REDIRECT] 
2026-03-01 00:53:16,785 [ERROR] LogOutputStream:75 - [STDERR_REDIRECT] [Fatal Error] :1:1: Premature end of file.
2026-03-01 00:53:16,785 [ERROR] LogOutputStream:75 - [STDERR_REDIRECT] 
2026-03-01 00:53:17,786 [ERROR] LogOutputStream:75 - [STDERR_REDIRECT] [Fatal Error] :1:1: Premature end of file.
2026-03-01 00:53:17,786 [ERROR] LogOutputStream:75 - [STDERR_REDIRECT] 
2026-03-01 00:53:18,786 [ERROR] LogOutputStream:75 - [STDERR_REDIRECT] [Fatal Error] :1:1: Premature end of file.
2026-03-01 00:53:18,786 [ERROR] LogOutputStream:75 - [STDERR_REDIRECT] 
2026-03-01 00:53:19,785 [ERROR] LogOutputStream:75 - [STDERR_REDIRECT] [Fatal Error] :1:1: Premature end of file.
2026-03-01 00:53:19,786 [ERROR] LogOutputStream:75 - [STDERR_REDIRECT] 
2026-03-01 00:53:20,785 [ERROR] LogOutputStream:75 - [STDERR_REDIRECT] [Fatal Error] :1:1: Premature end of file.
2026-03-01 00:53:20,785 [ERROR] LogOutputStream:75 - [STDERR_REDIRECT] 
2026-03-01 00:53:21,785 [ERROR] LogOutputStream:75 - [STDERR_REDIRECT] [Fatal Error] :1:1: Premature end of file.
2026-03-01 00:53:21,785 [ERROR] LogOutputStream:75 - [STDERR_REDIRECT] 
2026-03-01 00:53:22,785 [ERROR] LogOutputStream:75 - [STDERR_REDIRECT] [Fatal Error] :1:1: Premature end of file.
2026-03-01 00:53:22,785 [ERROR] LogOutputStream:75 - [STDERR_REDIRECT] 
2026-03-01 00:53:23,786 [ERROR] LogOutputStream:75 - [STDERR_REDIRECT] [Fatal Error] :1:1: Premature end of file.
2026-03-01 00:53:23,786 [ERROR] LogOutputStream:75 - [STDERR_REDIRECT] 
2026-03-01 00:53:24,786 [ERROR] LogOutputStream:75 - [STDERR_REDIRECT] [Fatal Error] :1:1: Premature end of file.
2026-03-01 00:53:24,786 [ERROR] LogOutputStream:75 - [STDERR_REDIRECT] 
2026-03-01 00:53:25,786 [ERROR] LogOutputStream:75 - [STDERR_REDIRECT] [Fatal Error] :1:1: Premature end of file.
2026-03-01 00:53:25,787 [ERROR] LogOutputStream:75 - [STDERR_REDIRECT] 
2026-03-01 00:53:26,785 [ERROR] LogOutputStream:75 - [STDERR_REDIRECT] [Fatal Error] :1:1: Premature end of file.
2026-03-01 00:53:26,786 [ERROR] LogOutputStream:75 - [STDERR_REDIRECT] 
2026-03-01 00:53:27,788 [ERROR] LogOutputStream:75 - [STDERR_REDIRECT] [Fatal Error] :1:1: Premature end of file.
2026-03-01 00:53:27,788 [ERROR] LogOutputStream:75 - [STDERR_REDIRECT] 
2026-03-01 00:53:28,785 [ERROR] LogOutputStream:75 - [STDERR_REDIRECT] [Fatal Error] :1:1: Premature end of file.
2026-03-01 00:53:28,785 [ERROR] LogOutputStream:75 - [STDERR_REDIRECT] 
2026-03-01 00:53:29,785 [ERROR] LogOutputStream:75 - [STDERR_REDIRECT] [Fatal Error] :1:1: Premature end of file.
2026-03-01 00:53:29,785 [ERROR] LogOutputStream:75 - [STDERR_REDIRECT] 
2026-03-01 00:53:30,786 [ERROR] LogOutputStream:75 - [STDERR_REDIRECT] [Fatal Error] :1:1: Premature end of file.
2026-03-01 00:53:30,786 [ERROR] LogOutputStream:75 - [STDERR_REDIRECT] 
2026-03-01 00:53:31,789 [ERROR] LogOutputStream:75 - [STDERR_REDIRECT] [Fatal Error] :1:1: Premature end of file.
2026-03-01 00:53:31,789 [ERROR] LogOutputStream:75 - [STDERR_REDIRECT] 
2026-03-01 00:53:32,788 [ERROR] LogOutputStream:75 - [STDERR_REDIRECT] [Fatal Error] :1:1: Premature end of file.
2026-03-01 00:53:32,788 [ERROR] LogOutputStream:75 - [STDERR_REDIRECT] 
2026-03-01 00:53:33,788 [ERROR] LogOutputStream:75 - [STDERR_REDIRECT] [Fatal Error] :1:1: Premature end of file.
2026-03-01 00:53:33,788 [ERROR] LogOutputStream:75 - [STDERR_REDIRECT] 
2026-03-01 00:53:34,787 [ERROR] LogOutputStream:75 - [STDERR_REDIRECT] [Fatal Error] :1:1: Premature end of file.
2026-03-01 00:53:34,787 [ERROR] LogOutputStream:75 - [STDERR_REDIRECT] 
2026-03-01 00:53:35,786 [ERROR] LogOutputStream:75 - [STDERR_REDIRECT] [Fatal Error] :1:1: Premature end of file.
2026-03-01 00:53:35,786 [ERROR] LogOutputStream:75 - [STDERR_REDIRECT] 
2026-03-01 00:53:36,784 [ERROR] LogOutputStream:75 - [STDERR_REDIRECT] [Fatal Error] :1:1: Premature end of file.
2026-03-01 00:53:36,784 [ERROR] LogOutputStream:75 - [STDERR_REDIRECT] 
2026-03-01 00:53:37,787 [ERROR] LogOutputStream:75 - [STDERR_REDIRECT] [Fatal Error] :1:1: Premature end of file.
2026-03-01 00:53:37,787 [ERROR] LogOutputStream:75 - [STDERR_REDIRECT] 
2026-03-01 00:53:38,784 [ERROR] LogOutputStream:75 - [STDERR_REDIRECT] [Fatal Error] :1:1: Premature end of file.
2026-03-01 00:53:38,785 [ERROR] LogOutputStream:75 - [STDERR_REDIRECT] 
2026-03-01 00:53:39,787 [ERROR] LogOutputStream:75 - [STDERR_REDIRECT] [Fatal Error] :1:1: Premature end of file.
2026-03-01 00:53:39,787 [ERROR] LogOutputStream:75 - [STDERR_REDIRECT] 
2026-03-01 00:53:40,785 [ERROR] LogOutputStream:75 - [STDERR_REDIRECT] [Fatal Error] :1:1: Premature end of file.
2026-03-01 00:53:40,786 [ERROR] LogOutputStream:75 - [STDERR_REDIRECT] 
2026-03-01 00:53:41,786 [ERROR] LogOutputStream:75 - [STDERR_REDIRECT] [Fatal Error] :1:1: Premature end of file.
2026-03-01 00:53:41,786 [ERROR] LogOutputStream:75 - [STDERR_REDIRECT] 
2026-03-01 00:53:42,785 [ERROR] LogOutputStream:75 - [STDERR_REDIRECT] [Fatal Error] :1:1: Premature end of file.
2026-03-01 00:53:42,785 [ERROR] LogOutputStream:75 - [STDERR_REDIRECT] 
2026-03-01 00:53:43,786 [ERROR] LogOutputStream:75 - [STDERR_REDIRECT] [Fatal Error] :1:1: Premature end of file.
2026-03-01 00:53:43,787 [ERROR] LogOutputStream:75 - [STDERR_REDIRECT] 
2026-03-01 00:53:44,787 [ERROR] LogOutputStream:75 - [STDERR_REDIRECT] [Fatal Error] :1:1: Premature end of file.
2026-03-01 00:53:44,787 [ERROR] LogOutputStream:75 - [STDERR_REDIRECT] 
2026-03-01 00:53:45,788 [ERROR] LogOutputStream:75 - [STDERR_REDIRECT] [Fatal Error] :1:1: Premature end of file.
2026-03-01 00:53:45,788 [ERROR] LogOutputStream:75 - [STDERR_REDIRECT] 
2026-03-01 00:53:46,785 [ERROR] LogOutputStream:75 - [STDERR_REDIRECT] [Fatal Error] :1:1: Premature end of file.
2026-03-01 00:53:46,785 [ERROR] LogOutputStream:75 - [STDERR_REDIRECT] 
2026-03-01 00:53:47,785 [ERROR] LogOutputStream:75 - [STDERR_REDIRECT] [Fatal Error] :1:1: Premature end of file.
2026-03-01 00:53:47,785 [ERROR] LogOutputStream:75 - [STDERR_REDIRECT] 
2026-03-01 00:53:48,785 [ERROR] LogOutputStream:75 - [STDERR_REDIRECT] [Fatal Error] :1:1: Premature end of file.
2026-03-01 00:53:48,785 [ERROR] LogOutputStream:75 - [STDERR_REDIRECT] 
2026-03-01 00:53:49,785 [ERROR] LogOutputStream:75 - [STDERR_REDIRECT] [Fatal Error] :1:1: Premature end of file.
2026-03-01 00:53:49,786 [ERROR] LogOutputStream:75 - [STDERR_REDIRECT] 
2026-03-01 00:53:50,785 [ERROR] LogOutputStream:75 - [STDERR_REDIRECT] [Fatal Error] :1:1: Premature end of file.
2026-03-01 00:53:50,786 [ERROR] LogOutputStream:75 - [STDERR_REDIRECT] 
2026-03-01 00:53:51,784 [ERROR] LogOutputStream:75 - [STDERR_REDIRECT] [Fatal Error] :1:1: Premature end of file.
2026-03-01 00:53:51,785 [ERROR] LogOutputStream:75 - [STDERR_REDIRECT] 
2026-03-01 00:53:52,791 [ERROR] LogOutputStream:75 - [STDERR_REDIRECT] [Fatal Error] :1:1: Premature end of file.
2026-03-01 00:53:52,791 [ERROR] LogOutputStream:75 - [STDERR_REDIRECT] 
2026-03-01 00:53:53,794 [ERROR] LogOutputStream:75 - [STDERR_REDIRECT] [Fatal Error] :1:1: Premature end of file.
2026-03-01 00:53:53,794 [ERROR] LogOutputStream:75 - [STDERR_REDIRECT] 
2026-03-01 00:53:54,788 [ERROR] LogOutputStream:75 - [STDERR_REDIRECT] [Fatal Error] :1:1: Premature end of file.
2026-03-01 00:53:54,788 [ERROR] LogOutputStream:75 - [STDERR_REDIRECT] 
2026-03-01 00:53:55,786 [ERROR] LogOutputStream:75 - [STDERR_REDIRECT] [Fatal Error] :1:1: Premature end of file.
2026-03-01 00:53:55,786 [ERROR] LogOutputStream:75 - [STDERR_REDIRECT] 
2026-03-01 00:53:56,785 [ERROR] LogOutputStream:75 - [STDERR_REDIRECT] [Fatal Error] :1:1: Premature end of file.
2026-03-01 00:53:56,785 [ERROR] LogOutputStream:75 - [STDERR_REDIRECT] 
2026-03-01 00:53:57,785 [ERROR] LogOutputStream:75 - [STDERR_REDIRECT] [Fatal Error] :1:1: Premature end of file.
2026-03-01 00:53:57,785 [ERROR] LogOutputStream:75 - [STDERR_REDIRECT] 
2026-03-01 00:53:58,786 [ERROR] LogOutputStream:75 - [STDERR_REDIRECT] [Fatal Error] :1:1: Premature end of file.
2026-03-01 00:53:58,786 [ERROR] LogOutputStream:75 - [STDERR_REDIRECT] 
2026-03-01 00:53:59,786 [ERROR] LogOutputStream:75 - [STDERR_REDIRECT] [Fatal Error] :1:1: Premature end of file.
2026-03-01 00:53:59,786 [ERROR] LogOutputStream:75 - [STDERR_REDIRECT] 
2026-03-01 00:54:00,784 [ERROR] LogOutputStream:75 - [STDERR_REDIRECT] [Fatal Error] :1:1: Premature end of file.
2026-03-01 00:54:00,784 [ERROR] LogOutputStream:75 - [STDERR_REDIRECT] 
2026-03-01 00:54:01,785 [ERROR] LogOutputStream:75 - [STDERR_REDIRECT] [Fatal Error] :1:1: Premature end of file.
2026-03-01 00:54:01,785 [ERROR] LogOutputStream:75 - [STDERR_REDIRECT] 
2026-03-01 00:54:02,785 [ERROR] LogOutputStream:75 - [STDERR_REDIRECT] [Fatal Error] :1:1: Premature end of file.
2026-03-01 00:54:02,785 [ERROR] LogOutputStream:75 - [STDERR_REDIRECT] 
2026-03-01 00:54:03,787 [ERROR] LogOutputStream:75 - [STDERR_REDIRECT] [Fatal Error] :1:1: Premature end of file.
2026-03-01 00:54:03,787 [ERROR] LogOutputStream:75 - [STDERR_REDIRECT] 
2026-03-01 00:54:04,786 [ERROR] LogOutputStream:75 - [STDERR_REDIRECT] [Fatal Error] :1:1: Premature end of file.
2026-03-01 00:54:04,786 [ERROR] LogOutputStream:75 - [STDERR_REDIRECT] 
2026-03-01 00:54:05,785 [ERROR] LogOutputStream:75 - [STDERR_REDIRECT] [Fatal Error] :1:1: Premature end of file.
2026-03-01 00:54:05,785 [ERROR] LogOutputStream:75 - [STDERR_REDIRECT] 
2026-03-01 00:54:06,785 [ERROR] LogOutputStream:75 - [STDERR_REDIRECT] [Fatal Error] :1:1: Premature end of file.
2026-03-01 00:54:06,785 [ERROR] LogOutputStream:75 - [STDERR_REDIRECT] 
2026-03-01 00:54:07,786 [ERROR] LogOutputStream:75 - [STDERR_REDIRECT] [Fatal Error] :1:1: Premature end of file.
2026-03-01 00:54:07,786 [ERROR] LogOutputStream:75 - [STDERR_REDIRECT] 
2026-03-01 00:54:08,786 [ERROR] LogOutputStream:75 - [STDERR_REDIRECT] [Fatal Error] :1:1: Premature end of file.
2026-03-01 00:54:08,786 [ERROR] LogOutputStream:75 - [STDERR_REDIRECT] 
2026-03-01 00:54:09,787 [ERROR] LogOutputStream:75 - [STDERR_REDIRECT] [Fatal Error] :1:1: Premature end of file.
2026-03-01 00:54:09,787 [ERROR] LogOutputStream:75 - [STDERR_REDIRECT] 
2026-03-01 00:54:10,788 [ERROR] LogOutputStream:75 - [STDERR_REDIRECT] [Fatal Error] :1:1: Premature end of file.
2026-03-01 00:54:10,788 [ERROR] LogOutputStream:75 - [STDERR_REDIRECT] 
2026-03-01 00:54:11,785 [ERROR] LogOutputStream:75 - [STDERR_REDIRECT] [Fatal Error] :1:1: Premature end of file.
2026-03-01 00:54:11,785 [ERROR] LogOutputStream:75 - [STDERR_REDIRECT] 
2026-03-01 00:54:12,782 [ERROR] LogOutputStream:75 - [STDERR_REDIRECT] [Fatal Error] :1:1: Premature end of file.
2026-03-01 00:54:12,782 [ERROR] LogOutputStream:75 - [STDERR_REDIRECT] 
2026-03-01 00:54:13,785 [ERROR] LogOutputStream:75 - [STDERR_REDIRECT] [Fatal Error] :1:1: Premature end of file.
2026-03-01 00:54:13,785 [ERROR] LogOutputStream:75 - [STDERR_REDIRECT] 
2026-03-01 00:54:14,787 [ERROR] LogOutputStream:75 - [STDERR_REDIRECT] [Fatal Error] :1:1: Premature end of file.
2026-03-01 00:54:14,787 [ERROR] LogOutputStream:75 - [STDERR_REDIRECT] 
2026-03-01 00:54:15,784 [ERROR] LogOutputStream:75 - [STDERR_REDIRECT] [Fatal Error] :1:1: Premature end of file.
2026-03-01 00:54:15,784 [ERROR] LogOutputStream:75 - [STDERR_REDIRECT] 
2026-03-01 00:54:16,786 [ERROR] LogOutputStream:75 - [STDERR_REDIRECT] [Fatal Error] :1:1: Premature end of file.
2026-03-01 00:54:16,786 [ERROR] LogOutputStream:75 - [STDERR_REDIRECT] 
2026-03-01 00:54:17,785 [ERROR] LogOutputStream:75 - [STDERR_REDIRECT] [Fatal Error] :1:1: Premature end of file.
2026-03-01 00:54:17,785 [ERROR] LogOutputStream:75 - [STDERR_REDIRECT] 
2026-03-01 00:54:18,784 [ERROR] LogOutputStream:75 - [STDERR_REDIRECT] [Fatal Error] :1:1: Premature end of file.
2026-03-01 00:54:18,784 [ERROR] LogOutputStream:75 - [STDERR_REDIRECT] 
2026-03-01 00:54:19,784 [ERROR] LogOutputStream:75 - [STDERR_REDIRECT] [Fatal Error] :1:1: Premature end of file.
2026-03-01 00:54:19,784 [ERROR] LogOutputStream:75 - [STDERR_REDIRECT] 
2026-03-01 00:54:20,800 [ERROR] LogOutputStream:75 - [STDERR_REDIRECT] [Fatal Error] :1:1: Premature end of file.
2026-03-01 00:54:20,800 [ERROR] LogOutputStream:75 - [STDERR_REDIRECT] 
2026-03-01 00:54:21,786 [ERROR] LogOutputStream:75 - [STDERR_REDIRECT] [Fatal Error] :1:1: Premature end of file.
2026-03-01 00:54:21,786 [ERROR] LogOutputStream:75 - [STDERR_REDIRECT] 
2026-03-01 00:54:22,789 [ERROR] LogOutputStream:75 - [STDERR_REDIRECT] [Fatal Error] :1:1: Premature end of file.
2026-03-01 00:54:22,789 [ERROR] LogOutputStream:75 - [STDERR_REDIRECT] 
2026-03-01 00:54:23,788 [ERROR] LogOutputStream:75 - [STDERR_REDIRECT] [Fatal Error] :1:1: Premature end of file.
2026-03-01 00:54:23,788 [ERROR] LogOutputStream:75 - [STDERR_REDIRECT] 
2026-03-01 00:54:24,786 [ERROR] LogOutputStream:75 - [STDERR_REDIRECT] [Fatal Error] :1:1: Premature end of file.
2026-03-01 00:54:24,786 [ERROR] LogOutputStream:75 - [STDERR_REDIRECT] 
2026-03-01 00:54:25,786 [ERROR] LogOutputStream:75 - [STDERR_REDIRECT] [Fatal Error] :1:1: Premature end of file.
2026-03-01 00:54:25,786 [ERROR] LogOutputStream:75 - [STDERR_REDIRECT] 
2026-03-01 00:54:26,785 [ERROR] LogOutputStream:75 - [STDERR_REDIRECT] [Fatal Error] :1:1: Premature end of file.
2026-03-01 00:54:26,785 [ERROR] LogOutputStream:75 - [STDERR_REDIRECT] 
2026-03-01 00:54:27,785 [ERROR] LogOutputStream:75 - [STDERR_REDIRECT] [Fatal Error] :1:1: Premature end of file.
2026-03-01 00:54:27,785 [ERROR] LogOutputStream:75 - [STDERR_REDIRECT] 
2026-03-01 00:54:28,785 [ERROR] LogOutputStream:75 - [STDERR_REDIRECT] [Fatal Error] :1:1: Premature end of file.
2026-03-01 00:54:28,785 [ERROR] LogOutputStream:75 - [STDERR_REDIRECT] 
2026-03-01 00:54:29,800 [ERROR] LogOutputStream:75 - [STDERR_REDIRECT] [Fatal Error] :1:1: Premature end of file.
2026-03-01 00:54:29,800 [ERROR] LogOutputStream:75 - [STDERR_REDIRECT] 
2026-03-01 00:54:30,786 [ERROR] LogOutputStream:75 - [STDERR_REDIRECT] [Fatal Error] :1:1: Premature end of file.
2026-03-01 00:54:30,786 [ERROR] LogOutputStream:75 - [STDERR_REDIRECT] 
2026-03-01 00:54:31,791 [ERROR] LogOutputStream:75 - [STDERR_REDIRECT] [Fatal Error] :1:1: Premature end of file.
2026-03-01 00:54:31,791 [ERROR] LogOutputStream:75 - [STDERR_REDIRECT] 
2026-03-01 00:54:32,787 [ERROR] LogOutputStream:75 - [STDERR_REDIRECT] [Fatal Error] :1:1: Premature end of file.
2026-03-01 00:54:32,787 [ERROR] LogOutputStream:75 - [STDERR_REDIRECT] 
2026-03-01 00:54:33,787 [ERROR] LogOutputStream:75 - [STDERR_REDIRECT] [Fatal Error] :1:1: Premature end of file.
2026-03-01 00:54:33,787 [ERROR] LogOutputStream:75 - [STDERR_REDIRECT] 
2026-03-01 00:54:34,785 [ERROR] LogOutputStream:75 - [STDERR_REDIRECT] [Fatal Error] :1:1: Premature end of file.
2026-03-01 00:54:34,785 [ERROR] LogOutputStream:75 - [STDERR_REDIRECT] 
2026-03-01 00:54:35,786 [ERROR] LogOutputStream:75 - [STDERR_REDIRECT] [Fatal Error] :1:1: Premature end of file.
2026-03-01 00:54:35,786 [ERROR] LogOutputStream:75 - [STDERR_REDIRECT] 
2026-03-01 00:54:36,788 [ERROR] LogOutputStream:75 - [STDERR_REDIRECT] [Fatal Error] :1:1: Premature end of file.
2026-03-01 00:54:36,788 [ERROR] LogOutputStream:75 - [STDERR_REDIRECT] 
2026-03-01 00:54:37,786 [ERROR] LogOutputStream:75 - [STDERR_REDIRECT] [Fatal Error] :1:1: Premature end of file.
2026-03-01 00:54:37,786 [ERROR] LogOutputStream:75 - [STDERR_REDIRECT] 
2026-03-01 00:54:38,783 [ERROR] LogOutputStream:75 - [STDERR_REDIRECT] [Fatal Error] :1:1: Premature end of file.
2026-03-01 00:54:38,784 [ERROR] LogOutputStream:75 - [STDERR_REDIRECT] 
2026-03-01 00:54:39,787 [ERROR] LogOutputStream:75 - [STDERR_REDIRECT] [Fatal Error] :1:1: Premature end of file.
2026-03-01 00:54:39,787 [ERROR] LogOutputStream:75 - [STDERR_REDIRECT] 
2026-03-01 00:54:40,784 [ERROR] LogOutputStream:75 - [STDERR_REDIRECT] [Fatal Error] :1:1: Premature end of file.
2026-03-01 00:54:40,784 [ERROR] LogOutputStream:75 - [STDERR_REDIRECT] 
2026-03-01 00:54:41,793 [ERROR] LogOutputStream:75 - [STDERR_REDIRECT] [Fatal Error] :1:1: Premature end of file.
2026-03-01 00:54:41,793 [ERROR] LogOutputStream:75 - [STDERR_REDIRECT] 
2026-03-01 00:54:42,785 [ERROR] LogOutputStream:75 - [STDERR_REDIRECT] [Fatal Error] :1:1: Premature end of file.
2026-03-01 00:54:42,785 [ERROR] LogOutputStream:75 - [STDERR_REDIRECT] 
2026-03-01 00:54:43,793 [ERROR] LogOutputStream:75 - [STDERR_REDIRECT] [Fatal Error] :1:1: Premature end of file.
2026-03-01 00:54:43,793 [ERROR] LogOutputStream:75 - [STDERR_REDIRECT] 
2026-03-01 00:54:44,785 [ERROR] LogOutputStream:75 - [STDERR_REDIRECT] [Fatal Error] :1:1: Premature end of file.
2026-03-01 00:54:44,785 [ERROR] LogOutputStream:75 - [STDERR_REDIRECT] 
2026-03-01 00:54:45,796 [ERROR] LogOutputStream:75 - [STDERR_REDIRECT] [Fatal Error] :1:1: Premature end of file.
2026-03-01 00:54:45,796 [ERROR] LogOutputStream:75 - [STDERR_REDIRECT] 
2026-03-01 00:54:46,786 [ERROR] LogOutputStream:75 - [STDERR_REDIRECT] [Fatal Error] :1:1: Premature end of file.
2026-03-01 00:54:46,786 [ERROR] LogOutputStream:75 - [STDERR_REDIRECT] 
2026-03-01 00:54:47,784 [ERROR] LogOutputStream:75 - [STDERR_REDIRECT] [Fatal Error] :1:1: Premature end of file.
2026-03-01 00:54:47,784 [ERROR] LogOutputStream:75 - [STDERR_REDIRECT] 
2026-03-01 00:54:48,800 [ERROR] LogOutputStream:75 - [STDERR_REDIRECT] [Fatal Error] :1:1: Premature end of file.
2026-03-01 00:54:48,800 [ERROR] LogOutputStream:75 - [STDERR_REDIRECT] 
2026-03-01 00:54:49,785 [ERROR] LogOutputStream:75 - [STDERR_REDIRECT] [Fatal Error] :1:1: Premature end of file.
2026-03-01 00:54:49,785 [ERROR] LogOutputStream:75 - [STDERR_REDIRECT] 
2026-03-01 00:54:50,786 [ERROR] LogOutputStream:75 - [STDERR_REDIRECT] [Fatal Error] :1:1: Premature end of file.
2026-03-01 00:54:50,786 [ERROR] LogOutputStream:75 - [STDERR_REDIRECT] 
2026-03-01 00:54:51,785 [ERROR] LogOutputStream:75 - [STDERR_REDIRECT] [Fatal Error] :1:1: Premature end of file.
2026-03-01 00:54:51,785 [ERROR] LogOutputStream:75 - [STDERR_REDIRECT] 
2026-03-01 00:54:52,785 [ERROR] LogOutputStream:75 - [STDERR_REDIRECT] [Fatal Error] :1:1: Premature end of file.
2026-03-01 00:54:52,785 [ERROR] LogOutputStream:75 - [STDERR_REDIRECT] 
2026-03-01 00:54:53,786 [ERROR] LogOutputStream:75 - [STDERR_REDIRECT] [Fatal Error] :1:1: Premature end of file.
2026-03-01 00:54:53,786 [ERROR] LogOutputStream:75 - [STDERR_REDIRECT] 
2026-03-01 00:54:54,785 [ERROR] LogOutputStream:75 - [STDERR_REDIRECT] [Fatal Error] :1:1: Premature end of file.
2026-03-01 00:54:54,786 [ERROR] LogOutputStream:75 - [STDERR_REDIRECT] 
2026-03-01 00:54:55,785 [ERROR] LogOutputStream:75 - [STDERR_REDIRECT] [Fatal Error] :1:1: Premature end of file.
2026-03-01 00:54:55,785 [ERROR] LogOutputStream:75 - [STDERR_REDIRECT] 
2026-03-01 00:54:56,785 [ERROR] LogOutputStream:75 - [STDERR_REDIRECT] [Fatal Error] :1:1: Premature end of file.
2026-03-01 00:54:56,785 [ERROR] LogOutputStream:75 - [STDERR_REDIRECT] 
2026-03-01 00:54:57,784 [ERROR] LogOutputStream:75 - [STDERR_REDIRECT] [Fatal Error] :1:1: Premature end of file.
2026-03-01 00:54:57,784 [ERROR] LogOutputStream:75 - [STDERR_REDIRECT] 
2026-03-01 00:54:58,798 [ERROR] LogOutputStream:75 - [STDERR_REDIRECT] [Fatal Error] :1:1: Premature end of file.
2026-03-01 00:54:58,798 [ERROR] LogOutputStream:75 - [STDERR_REDIRECT] 
2026-03-01 00:54:59,786 [ERROR] LogOutputStream:75 - [STDERR_REDIRECT] [Fatal Error] :1:1: Premature end of file.
2026-03-01 00:54:59,786 [ERROR] LogOutputStream:75 - [STDERR_REDIRECT] 
2026-03-01 00:55:00,784 [ERROR] LogOutputStream:75 - [STDERR_REDIRECT] [Fatal Error] :1:1: Premature end of file.
2026-03-01 00:55:00,784 [ERROR] LogOutputStream:75 - [STDERR_REDIRECT] 
2026-03-01 00:55:01,790 [ERROR] LogOutputStream:75 - [STDERR_REDIRECT] [Fatal Error] :1:1: Premature end of file.
2026-03-01 00:55:01,791 [ERROR] LogOutputStream:75 - [STDERR_REDIRECT] 
2026-03-01 00:55:02,786 [ERROR] LogOutputStream:75 - [STDERR_REDIRECT] [Fatal Error] :1:1: Premature end of file.
2026-03-01 00:55:02,786 [ERROR] LogOutputStream:75 - [STDERR_REDIRECT] 
2026-03-01 00:55:03,784 [ERROR] LogOutputStream:75 - [STDERR_REDIRECT] [Fatal Error] :1:1: Premature end of file.
2026-03-01 00:55:03,784 [ERROR] LogOutputStream:75 - [STDERR_REDIRECT] 
2026-03-01 00:55:04,789 [ERROR] LogOutputStream:75 - [STDERR_REDIRECT] [Fatal Error] :1:1: Premature end of file.
2026-03-01 00:55:04,789 [ERROR] LogOutputStream:75 - [STDERR_REDIRECT] 
2026-03-01 00:55:05,784 [ERROR] LogOutputStream:75 - [STDERR_REDIRECT] [Fatal Error] :1:1: Premature end of file.
2026-03-01 00:55:05,784 [ERROR] LogOutputStream:75 - [STDERR_REDIRECT] 
2026-03-01 00:55:06,800 [ERROR] LogOutputStream:75 - [STDERR_REDIRECT] [Fatal Error] :1:1: Premature end of file.
2026-03-01 00:55:06,800 [ERROR] LogOutputStream:75 - [STDERR_REDIRECT] 
2026-03-01 00:55:07,787 [ERROR] LogOutputStream:75 - [STDERR_REDIRECT] [Fatal Error] :1:1: Premature end of file.
2026-03-01 00:55:07,787 [ERROR] LogOutputStream:75 - [STDERR_REDIRECT] 
2026-03-01 00:55:08,784 [ERROR] LogOutputStream:75 - [STDERR_REDIRECT] [Fatal Error] :1:1: Premature end of file.
2026-03-01 00:55:08,784 [ERROR] LogOutputStream:75 - [STDERR_REDIRECT] 
2026-03-01 00:55:09,797 [ERROR] LogOutputStream:75 - [STDERR_REDIRECT] [Fatal Error] :1:1: Premature end of file.
2026-03-01 00:55:09,797 [ERROR] LogOutputStream:75 - [STDERR_REDIRECT] 
2026-03-01 00:55:10,790 [ERROR] LogOutputStream:75 - [STDERR_REDIRECT] [Fatal Error] :1:1: Premature end of file.
2026-03-01 00:55:10,790 [ERROR] LogOutputStream:75 - [STDERR_REDIRECT] 
2026-03-01 00:55:11,785 [ERROR] LogOutputStream:75 - [STDERR_REDIRECT] [Fatal Error] :1:1: Premature end of file.
2026-03-01 00:55:11,785 [ERROR] LogOutputStream:75 - [STDERR_REDIRECT] 
2026-03-01 00:55:12,786 [ERROR] LogOutputStream:75 - [STDERR_REDIRECT] [Fatal Error] :1:1: Premature end of file.
2026-03-01 00:55:12,786 [ERROR] LogOutputStream:75 - [STDERR_REDIRECT] 
2026-03-01 00:55:13,786 [ERROR] LogOutputStream:75 - [STDERR_REDIRECT] [Fatal Error] :1:1: Premature end of file.
2026-03-01 00:55:13,786 [ERROR] LogOutputStream:75 - [STDERR_REDIRECT] 
2026-03-01 00:55:14,785 [ERROR] LogOutputStream:75 - [STDERR_REDIRECT] [Fatal Error] :1:1: Premature end of file.
2026-03-01 00:55:14,785 [ERROR] LogOutputStream:75 - [STDERR_REDIRECT] 
2026-03-01 00:55:15,787 [ERROR] LogOutputStream:75 - [STDERR_REDIRECT] [Fatal Error] :1:1: Premature end of file.
2026-03-01 00:55:15,787 [ERROR] LogOutputStream:75 - [STDERR_REDIRECT] 
2026-03-01 00:55:16,802 [ERROR] LogOutputStream:75 - [STDERR_REDIRECT] [Fatal Error] :1:1: Premature end of file.
2026-03-01 00:55:16,803 [ERROR] LogOutputStream:75 - [STDERR_REDIRECT] 
2026-03-01 00:55:17,813 [ERROR] LogOutputStream:75 - [STDERR_REDIRECT] [Fatal Error] :1:1: Premature end of file.
2026-03-01 00:55:17,813 [ERROR] LogOutputStream:75 - [STDERR_REDIRECT] 
2026-03-01 00:55:18,784 [ERROR] LogOutputStream:75 - [STDERR_REDIRECT] [Fatal Error] :1:1: Premature end of file.
2026-03-01 00:55:18,784 [ERROR] LogOutputStream:75 - [STDERR_REDIRECT] 
2026-03-01 00:55:19,793 [ERROR] LogOutputStream:75 - [STDERR_REDIRECT] [Fatal Error] :1:1: Premature end of file.
2026-03-01 00:55:19,794 [ERROR] LogOutputStream:75 - [STDERR_REDIRECT] 
2026-03-01 00:55:20,785 [ERROR] LogOutputStream:75 - [STDERR_REDIRECT] [Fatal Error] :1:1: Premature end of file.
2026-03-01 00:55:20,785 [ERROR] LogOutputStream:75 - [STDERR_REDIRECT] 
2026-03-01 00:55:21,785 [ERROR] LogOutputStream:75 - [STDERR_REDIRECT] [Fatal Error] :1:1: Premature end of file.
2026-03-01 00:55:21,785 [ERROR] LogOutputStream:75 - [STDERR_REDIRECT] 
2026-03-01 00:55:22,787 [ERROR] LogOutputStream:75 - [STDERR_REDIRECT] [Fatal Error] :1:1: Premature end of file.
2026-03-01 00:55:22,787 [ERROR] LogOutputStream:75 - [STDERR_REDIRECT] 
2026-03-01 00:55:23,819 [ERROR] LogOutputStream:75 - [STDERR_REDIRECT] [Fatal Error] :1:1: Premature end of file.
2026-03-01 00:55:23,819 [ERROR] LogOutputStream:75 - [STDERR_REDIRECT] 
2026-03-01 00:55:24,784 [ERROR] LogOutputStream:75 - [STDERR_REDIRECT] [Fatal Error] :1:1: Premature end of file.
2026-03-01 00:55:24,784 [ERROR] LogOutputStream:75 - [STDERR_REDIRECT] 
2026-03-01 00:55:25,783 [ERROR] LogOutputStream:75 - [STDERR_REDIRECT] [Fatal Error] :1:1: Premature end of file.
2026-03-01 00:55:25,783 [ERROR] LogOutputStream:75 - [STDERR_REDIRECT] 
2026-03-01 00:55:26,785 [ERROR] LogOutputStream:75 - [STDERR_REDIRECT] [Fatal Error] :1:1: Premature end of file.
2026-03-01 00:55:26,785 [ERROR] LogOutputStream:75 - [STDERR_REDIRECT] 
2026-03-01 00:55:27,787 [ERROR] LogOutputStream:75 - [STDERR_REDIRECT] [Fatal Error] :1:1: Premature end of file.
2026-03-01 00:55:27,787 [ERROR] LogOutputStream:75 - [STDERR_REDIRECT] 
2026-03-01 00:55:28,789 [ERROR] LogOutputStream:75 - [STDERR_REDIRECT] [Fatal Error] :1:1: Premature end of file.
2026-03-01 00:55:28,789 [ERROR] LogOutputStream:75 - [STDERR_REDIRECT] 
2026-03-01 00:55:29,784 [ERROR] LogOutputStream:75 - [STDERR_REDIRECT] [Fatal Error] :1:1: Premature end of file.
2026-03-01 00:55:29,784 [ERROR] LogOutputStream:75 - [STDERR_REDIRECT] 
2026-03-01 00:55:30,793 [ERROR] LogOutputStream:75 - [STDERR_REDIRECT] [Fatal Error] :1:1: Premature end of file.
2026-03-01 00:55:30,794 [ERROR] LogOutputStream:75 - [STDERR_REDIRECT] 
2026-03-01 00:55:31,790 [ERROR] LogOutputStream:75 - [STDERR_REDIRECT] [Fatal Error] :1:1: Premature end of file.
2026-03-01 00:55:31,791 [ERROR] LogOutputStream:75 - [STDERR_REDIRECT] 
2026-03-01 00:55:32,785 [ERROR] LogOutputStream:75 - [STDERR_REDIRECT] [Fatal Error] :1:1: Premature end of file.
2026-03-01 00:55:32,785 [ERROR] LogOutputStream:75 - [STDERR_REDIRECT] 
2026-03-01 00:55:33,814 [ERROR] LogOutputStream:75 - [STDERR_REDIRECT] [Fatal Error] :1:1: Premature end of file.
2026-03-01 00:55:33,815 [ERROR] LogOutputStream:75 - [STDERR_REDIRECT] 
2026-03-01 00:55:34,795 [ERROR] LogOutputStream:75 - [STDERR_REDIRECT] [Fatal Error] :1:1: Premature end of file.
2026-03-01 00:55:34,795 [ERROR] LogOutputStream:75 - [STDERR_REDIRECT] 
2026-03-01 00:55:35,786 [ERROR] LogOutputStream:75 - [STDERR_REDIRECT] [Fatal Error] :1:1: Premature end of file.
2026-03-01 00:55:35,786 [ERROR] LogOutputStream:75 - [STDERR_REDIRECT] 
2026-03-01 00:55:36,784 [ERROR] LogOutputStream:75 - [STDERR_REDIRECT] [Fatal Error] :1:1: Premature end of file.
2026-03-01 00:55:36,784 [ERROR] LogOutputStream:75 - [STDERR_REDIRECT] 
2026-03-01 00:55:37,799 [ERROR] LogOutputStream:75 - [STDERR_REDIRECT] [Fatal Error] :1:1: Premature end of file.
2026-03-01 00:55:37,799 [ERROR] LogOutputStream:75 - [STDERR_REDIRECT] 
2026-03-01 00:55:38,788 [ERROR] LogOutputStream:75 - [STDERR_REDIRECT] [Fatal Error] :1:1: Premature end of file.
2026-03-01 00:55:38,788 [ERROR] LogOutputStream:75 - [STDERR_REDIRECT] 
2026-03-01 00:55:39,786 [ERROR] LogOutputStream:75 - [STDERR_REDIRECT] [Fatal Error] :1:1: Premature end of file.
2026-03-01 00:55:39,786 [ERROR] LogOutputStream:75 - [STDERR_REDIRECT] 
2026-03-01 00:55:40,789 [ERROR] LogOutputStream:75 - [STDERR_REDIRECT] [Fatal Error] :1:1: Premature end of file.
2026-03-01 00:55:40,789 [ERROR] LogOutputStream:75 - [STDERR_REDIRECT] 
2026-03-01 00:55:41,785 [ERROR] LogOutputStream:75 - [STDERR_REDIRECT] [Fatal Error] :1:1: Premature end of file.
2026-03-01 00:55:41,785 [ERROR] LogOutputStream:75 - [STDERR_REDIRECT] 
2026-03-01 00:55:42,785 [ERROR] LogOutputStream:75 - [STDERR_REDIRECT] [Fatal Error] :1:1: Premature end of file.
2026-03-01 00:55:42,785 [ERROR] LogOutputStream:75 - [STDERR_REDIRECT] 
2026-03-01 00:55:43,800 [ERROR] LogOutputStream:75 - [STDERR_REDIRECT] [Fatal Error] :1:1: Premature end of file.
2026-03-01 00:55:43,800 [ERROR] LogOutputStream:75 - [STDERR_REDIRECT] 
2026-03-01 00:55:44,785 [ERROR] LogOutputStream:75 - [STDERR_REDIRECT] [Fatal Error] :1:1: Premature end of file.
2026-03-01 00:55:44,785 [ERROR] LogOutputStream:75 - [STDERR_REDIRECT] 
2026-03-01 00:55:45,785 [ERROR] LogOutputStream:75 - [STDERR_REDIRECT] [Fatal Error] :1:1: Premature end of file.
2026-03-01 00:55:45,785 [ERROR] LogOutputStream:75 - [STDERR_REDIRECT] 
2026-03-01 00:55:46,787 [ERROR] LogOutputStream:75 - [STDERR_REDIRECT] [Fatal Error] :1:1: Premature end of file.
2026-03-01 00:55:46,787 [ERROR] LogOutputStream:75 - [STDERR_REDIRECT] 
2026-03-01 00:55:47,787 [ERROR] LogOutputStream:75 - [STDERR_REDIRECT] [Fatal Error] :1:1: Premature end of file.
2026-03-01 00:55:47,787 [ERROR] LogOutputStream:75 - [STDERR_REDIRECT] 
2026-03-01 00:55:48,785 [ERROR] LogOutputStream:75 - [STDERR_REDIRECT] [Fatal Error] :1:1: Premature end of file.
2026-03-01 00:55:48,785 [ERROR] LogOutputStream:75 - [STDERR_REDIRECT] 
2026-03-01 00:55:49,788 [ERROR] LogOutputStream:75 - [STDERR_REDIRECT] [Fatal Error] :1:1: Premature end of file.
2026-03-01 00:55:49,788 [ERROR] LogOutputStream:75 - [STDERR_REDIRECT] 
2026-03-01 00:55:50,784 [ERROR] LogOutputStream:75 - [STDERR_REDIRECT] [Fatal Error] :1:1: Premature end of file.
2026-03-01 00:55:50,785 [ERROR] LogOutputStream:75 - [STDERR_REDIRECT] 
2026-03-01 00:55:51,789 [ERROR] LogOutputStream:75 - [STDERR_REDIRECT] [Fatal Error] :1:1: Premature end of file.
2026-03-01 00:55:51,789 [ERROR] LogOutputStream:75 - [STDERR_REDIRECT] 
2026-03-01 00:55:52,786 [ERROR] LogOutputStream:75 - [STDERR_REDIRECT] [Fatal Error] :1:1: Premature end of file.
2026-03-01 00:55:52,786 [ERROR] LogOutputStream:75 - [STDERR_REDIRECT] 
2026-03-01 00:55:53,788 [ERROR] LogOutputStream:75 - [STDERR_REDIRECT] [Fatal Error] :1:1: Premature end of file.
2026-03-01 00:55:53,788 [ERROR] LogOutputStream:75 - [STDERR_REDIRECT] 
2026-03-01 00:55:54,786 [ERROR] LogOutputStream:75 - [STDERR_REDIRECT] [Fatal Error] :1:1: Premature end of file.
2026-03-01 00:55:54,786 [ERROR] LogOutputStream:75 - [STDERR_REDIRECT] 
2026-03-01 00:55:55,784 [ERROR] LogOutputStream:75 - [STDERR_REDIRECT] [Fatal Error] :1:1: Premature end of file.
2026-03-01 00:55:55,784 [ERROR] LogOutputStream:75 - [STDERR_REDIRECT] 
2026-03-01 00:55:56,801 [ERROR] LogOutputStream:75 - [STDERR_REDIRECT] [Fatal Error] :1:1: Premature end of file.
2026-03-01 00:55:56,801 [ERROR] LogOutputStream:75 - [STDERR_REDIRECT] 
2026-03-01 00:55:57,786 [ERROR] LogOutputStream:75 - [STDERR_REDIRECT] [Fatal Error] :1:1: Premature end of file.
2026-03-01 00:55:57,786 [ERROR] LogOutputStream:75 - [STDERR_REDIRECT] 
2026-03-01 00:55:58,787 [ERROR] LogOutputStream:75 - [STDERR_REDIRECT] [Fatal Error] :1:1: Premature end of file.
2026-03-01 00:55:58,788 [ERROR] LogOutputStream:75 - [STDERR_REDIRECT] 
2026-03-01 00:55:59,788 [ERROR] LogOutputStream:75 - [STDERR_REDIRECT] [Fatal Error] :1:1: Premature end of file.
2026-03-01 00:55:59,788 [ERROR] LogOutputStream:75 - [STDERR_REDIRECT] 
2026-03-01 00:56:00,790 [ERROR] LogOutputStream:75 - [STDERR_REDIRECT] [Fatal Error] :1:1: Premature end of file.
2026-03-01 00:56:00,790 [ERROR] LogOutputStream:75 - [STDERR_REDIRECT] 
2026-03-01 00:56:01,784 [ERROR] LogOutputStream:75 - [STDERR_REDIRECT] [Fatal Error] :1:1: Premature end of file.
2026-03-01 00:56:01,784 [ERROR] LogOutputStream:75 - [STDERR_REDIRECT] 
2026-03-01 00:56:02,788 [ERROR] LogOutputStream:75 - [STDERR_REDIRECT] [Fatal Error] :1:1: Premature end of file.
2026-03-01 00:56:02,788 [ERROR] LogOutputStream:75 - [STDERR_REDIRECT] 
2026-03-01 00:56:03,786 [ERROR] LogOutputStream:75 - [STDERR_REDIRECT] [Fatal Error] :1:1: Premature end of file.
2026-03-01 00:56:03,786 [ERROR] LogOutputStream:75 - [STDERR_REDIRECT] 
2026-03-01 00:56:04,785 [ERROR] LogOutputStream:75 - [STDERR_REDIRECT] [Fatal Error] :1:1: Premature end of file.
2026-03-01 00:56:04,785 [ERROR] LogOutputStream:75 - [STDERR_REDIRECT] 
2026-03-01 00:56:05,785 [ERROR] LogOutputStream:75 - [STDERR_REDIRECT] [Fatal Error] :1:1: Premature end of file.
2026-03-01 00:56:05,785 [ERROR] LogOutputStream:75 - [STDERR_REDIRECT] 
2026-03-01 00:56:06,788 [ERROR] LogOutputStream:75 - [STDERR_REDIRECT] [Fatal Error] :1:1: Premature end of file.
2026-03-01 00:56:06,788 [ERROR] LogOutputStream:75 - [STDERR_REDIRECT] 
2026-03-01 00:56:07,785 [ERROR] LogOutputStream:75 - [STDERR_REDIRECT] [Fatal Error] :1:1: Premature end of file.
2026-03-01 00:56:07,785 [ERROR] LogOutputStream:75 - [STDERR_REDIRECT] 
2026-03-01 00:56:08,793 [ERROR] LogOutputStream:75 - [STDERR_REDIRECT] [Fatal Error] :1:1: Premature end of file.
2026-03-01 00:56:08,793 [ERROR] LogOutputStream:75 - [STDERR_REDIRECT] 
2026-03-01 00:56:09,787 [ERROR] LogOutputStream:75 - [STDERR_REDIRECT] [Fatal Error] :1:1: Premature end of file.
2026-03-01 00:56:09,787 [ERROR] LogOutputStream:75 - [STDERR_REDIRECT] 
2026-03-01 00:56:10,787 [ERROR] LogOutputStream:75 - [STDERR_REDIRECT] [Fatal Error] :1:1: Premature end of file.
2026-03-01 00:56:10,787 [ERROR] LogOutputStream:75 - [STDERR_REDIRECT] 
2026-03-01 00:56:11,785 [ERROR] LogOutputStream:75 - [STDERR_REDIRECT] [Fatal Error] :1:1: Premature end of file.
2026-03-01 00:56:11,785 [ERROR] LogOutputStream:75 - [STDERR_REDIRECT] 
2026-03-01 00:56:12,797 [ERROR] LogOutputStream:75 - [STDERR_REDIRECT] [Fatal Error] :1:1: Premature end of file.
2026-03-01 00:56:12,797 [ERROR] LogOutputStream:75 - [STDERR_REDIRECT] 
2026-03-01 00:56:13,784 [ERROR] LogOutputStream:75 - [STDERR_REDIRECT] [Fatal Error] :1:1: Premature end of file.
2026-03-01 00:56:13,784 [ERROR] LogOutputStream:75 - [STDERR_REDIRECT] 
2026-03-01 00:56:14,795 [ERROR] LogOutputStream:75 - [STDERR_REDIRECT] [Fatal Error] :1:1: Premature end of file.
2026-03-01 00:56:14,795 [ERROR] LogOutputStream:75 - [STDERR_REDIRECT] 
2026-03-01 00:56:15,795 [ERROR] LogOutputStream:75 - [STDERR_REDIRECT] [Fatal Error] :1:1: Premature end of file.
2026-03-01 00:56:15,795 [ERROR] LogOutputStream:75 - [STDERR_REDIRECT] 
2026-03-01 00:56:16,792 [ERROR] LogOutputStream:75 - [STDERR_REDIRECT] [Fatal Error] :1:1: Premature end of file.
2026-03-01 00:56:16,792 [ERROR] LogOutputStream:75 - [STDERR_REDIRECT] 
2026-03-01 00:56:17,788 [ERROR] LogOutputStream:75 - [STDERR_REDIRECT] [Fatal Error] :1:1: Premature end of file.
2026-03-01 00:56:17,789 [ERROR] LogOutputStream:75 - [STDERR_REDIRECT] 
2026-03-01 00:56:18,796 [ERROR] LogOutputStream:75 - [STDERR_REDIRECT] [Fatal Error] :1:1: Premature end of file.
2026-03-01 00:56:18,796 [ERROR] LogOutputStream:75 - [STDERR_REDIRECT] 
2026-03-01 00:56:19,792 [ERROR] LogOutputStream:75 - [STDERR_REDIRECT] [Fatal Error] :1:1: Premature end of file.
2026-03-01 00:56:19,792 [ERROR] LogOutputStream:75 - [STDERR_REDIRECT] 
2026-03-01 00:56:20,786 [ERROR] LogOutputStream:75 - [STDERR_REDIRECT] [Fatal Error] :1:1: Premature end of file.
2026-03-01 00:56:20,786 [ERROR] LogOutputStream:75 - [STDERR_REDIRECT] 
2026-03-01 00:56:21,787 [ERROR] LogOutputStream:75 - [STDERR_REDIRECT] [Fatal Error] :1:1: Premature end of file.
2026-03-01 00:56:21,788 [ERROR] LogOutputStream:75 - [STDERR_REDIRECT] 
2026-03-01 00:56:22,782 [ERROR] LogOutputStream:75 - [STDERR_REDIRECT] [Fatal Error] :1:1: Premature end of file.
2026-03-01 00:56:22,783 [ERROR] LogOutputStream:75 - [STDERR_REDIRECT] 
2026-03-01 00:56:23,786 [ERROR] LogOutputStream:75 - [STDERR_REDIRECT] [Fatal Error] :1:1: Premature end of file.
2026-03-01 00:56:23,786 [ERROR] LogOutputStream:75 - [STDERR_REDIRECT] 
2026-03-01 00:56:24,785 [ERROR] LogOutputStream:75 - [STDERR_REDIRECT] [Fatal Error] :1:1: Premature end of file.
2026-03-01 00:56:24,785 [ERROR] LogOutputStream:75 - [STDERR_REDIRECT] 
2026-03-01 00:56:25,796 [ERROR] LogOutputStream:75 - [STDERR_REDIRECT] [Fatal Error] :1:1: Premature end of file.
2026-03-01 00:56:25,797 [ERROR] LogOutputStream:75 - [STDERR_REDIRECT] 
2026-03-01 00:56:26,784 [ERROR] LogOutputStream:75 - [STDERR_REDIRECT] [Fatal Error] :1:1: Premature end of file.
2026-03-01 00:56:26,784 [ERROR] LogOutputStream:75 - [STDERR_REDIRECT] 
2026-03-01 00:56:27,795 [ERROR] LogOutputStream:75 - [STDERR_REDIRECT] [Fatal Error] :1:1: Premature end of file.
2026-03-01 00:56:27,795 [ERROR] LogOutputStream:75 - [STDERR_REDIRECT] 
2026-03-01 00:56:28,794 [ERROR] LogOutputStream:75 - [STDERR_REDIRECT] [Fatal Error] :1:1: Premature end of file.
2026-03-01 00:56:28,794 [ERROR] LogOutputStream:75 - [STDERR_REDIRECT] 
2026-03-01 00:56:29,786 [ERROR] LogOutputStream:75 - [STDERR_REDIRECT] [Fatal Error] :1:1: Premature end of file.
2026-03-01 00:56:29,786 [ERROR] LogOutputStream:75 - [STDERR_REDIRECT] 
2026-03-01 00:56:30,838 [ERROR] LogOutputStream:75 - [STDERR_REDIRECT] [Fatal Error] :1:1: Premature end of file.
2026-03-01 00:56:30,838 [ERROR] LogOutputStream:75 - [STDERR_REDIRECT] 
2026-03-01 00:56:31,788 [ERROR] LogOutputStream:75 - [STDERR_REDIRECT] [Fatal Error] :1:1: Premature end of file.
2026-03-01 00:56:31,788 [ERROR] LogOutputStream:75 - [STDERR_REDIRECT] 
2026-03-01 00:56:32,791 [ERROR] LogOutputStream:75 - [STDERR_REDIRECT] [Fatal Error] :1:1: Premature end of file.
2026-03-01 00:56:32,791 [ERROR] LogOutputStream:75 - [STDERR_REDIRECT] 
2026-03-01 00:56:33,787 [ERROR] LogOutputStream:75 - [STDERR_REDIRECT] [Fatal Error] :1:1: Premature end of file.
2026-03-01 00:56:33,787 [ERROR] LogOutputStream:75 - [STDERR_REDIRECT] 
2026-03-01 00:56:34,785 [ERROR] LogOutputStream:75 - [STDERR_REDIRECT] [Fatal Error] :1:1: Premature end of file.
2026-03-01 00:56:34,785 [ERROR] LogOutputStream:75 - [STDERR_REDIRECT] 
2026-03-01 00:56:35,785 [ERROR] LogOutputStream:75 - [STDERR_REDIRECT] [Fatal Error] :1:1: Premature end of file.
2026-03-01 00:56:35,785 [ERROR] LogOutputStream:75 - [STDERR_REDIRECT] 
2026-03-01 00:56:36,786 [ERROR] LogOutputStream:75 - [STDERR_REDIRECT] [Fatal Error] :1:1: Premature end of file.
2026-03-01 00:56:36,786 [ERROR] LogOutputStream:75 - [STDERR_REDIRECT] 
2026-03-01 00:56:37,785 [ERROR] LogOutputStream:75 - [STDERR_REDIRECT] [Fatal Error] :1:1: Premature end of file.
2026-03-01 00:56:37,786 [ERROR] LogOutputStream:75 - [STDERR_REDIRECT] 
2026-03-01 00:56:38,786 [ERROR] LogOutputStream:75 - [STDERR_REDIRECT] [Fatal Error] :1:1: Premature end of file.
2026-03-01 00:56:38,786 [ERROR] LogOutputStream:75 - [STDERR_REDIRECT] 
2026-03-01 00:56:39,785 [ERROR] LogOutputStream:75 - [STDERR_REDIRECT] [Fatal Error] :1:1: Premature end of file.
2026-03-01 00:56:39,785 [ERROR] LogOutputStream:75 - [STDERR_REDIRECT] 
2026-03-01 00:56:40,786 [ERROR] LogOutputStream:75 - [STDERR_REDIRECT] [Fatal Error] :1:1: Premature end of file.
2026-03-01 00:56:40,786 [ERROR] LogOutputStream:75 - [STDERR_REDIRECT] 
2026-03-01 00:56:41,787 [ERROR] LogOutputStream:75 - [STDERR_REDIRECT] [Fatal Error] :1:1: Premature end of file.
2026-03-01 00:56:41,787 [ERROR] LogOutputStream:75 - [STDERR_REDIRECT] 
2026-03-01 00:56:42,786 [ERROR] LogOutputStream:75 - [STDERR_REDIRECT] [Fatal Error] :1:1: Premature end of file.
2026-03-01 00:56:42,786 [ERROR] LogOutputStream:75 - [STDERR_REDIRECT] 
2026-03-01 00:56:43,786 [ERROR] LogOutputStream:75 - [STDERR_REDIRECT] [Fatal Error] :1:1: Premature end of file.
2026-03-01 00:56:43,786 [ERROR] LogOutputStream:75 - [STDERR_REDIRECT] 
2026-03-01 00:56:44,786 [ERROR] LogOutputStream:75 - [STDERR_REDIRECT] [Fatal Error] :1:1: Premature end of file.
2026-03-01 00:56:44,786 [ERROR] LogOutputStream:75 - [STDERR_REDIRECT] 
2026-03-01 00:56:45,786 [ERROR] LogOutputStream:75 - [STDERR_REDIRECT] [Fatal Error] :1:1: Premature end of file.
2026-03-01 00:56:45,786 [ERROR] LogOutputStream:75 - [STDERR_REDIRECT] 
2026-03-01 00:56:46,784 [ERROR] LogOutputStream:75 - [STDERR_REDIRECT] [Fatal Error] :1:1: Premature end of file.
2026-03-01 00:56:46,784 [ERROR] LogOutputStream:75 - [STDERR_REDIRECT] 
2026-03-01 00:56:47,791 [ERROR] LogOutputStream:75 - [STDERR_REDIRECT] [Fatal Error] :1:1: Premature end of file.
2026-03-01 00:56:47,791 [ERROR] LogOutputStream:75 - [STDERR_REDIRECT] 
2026-03-01 00:56:48,785 [ERROR] LogOutputStream:75 - [STDERR_REDIRECT] [Fatal Error] :1:1: Premature end of file.
2026-03-01 00:56:48,785 [ERROR] LogOutputStream:75 - [STDERR_REDIRECT] 
2026-03-01 00:56:49,791 [ERROR] LogOutputStream:75 - [STDERR_REDIRECT] [Fatal Error] :1:1: Premature end of file.
2026-03-01 00:56:49,792 [ERROR] LogOutputStream:75 - [STDERR_REDIRECT] 
2026-03-01 00:56:50,787 [ERROR] LogOutputStream:75 - [STDERR_REDIRECT] [Fatal Error] :1:1: Premature end of file.
2026-03-01 00:56:50,787 [ERROR] LogOutputStream:75 - [STDERR_REDIRECT] 
2026-03-01 00:56:51,809 [ERROR] LogOutputStream:75 - [STDERR_REDIRECT] [Fatal Error] :1:1: Premature end of file.
2026-03-01 00:56:51,809 [ERROR] LogOutputStream:75 - [STDERR_REDIRECT] 
2026-03-01 00:56:52,785 [ERROR] LogOutputStream:75 - [STDERR_REDIRECT] [Fatal Error] :1:1: Premature end of file.
2026-03-01 00:56:52,785 [ERROR] LogOutputStream:75 - [STDERR_REDIRECT] 
2026-03-01 00:56:53,800 [ERROR] LogOutputStream:75 - [STDERR_REDIRECT] [Fatal Error] :1:1: Premature end of file.
2026-03-01 00:56:53,800 [ERROR] LogOutputStream:75 - [STDERR_REDIRECT] 
2026-03-01 00:56:54,786 [ERROR] LogOutputStream:75 - [STDERR_REDIRECT] [Fatal Error] :1:1: Premature end of file.
2026-03-01 00:56:54,786 [ERROR] LogOutputStream:75 - [STDERR_REDIRECT] 
2026-03-01 00:56:55,812 [ERROR] LogOutputStream:75 - [STDERR_REDIRECT] [Fatal Error] :1:1: Premature end of file.
2026-03-01 00:56:55,812 [ERROR] LogOutputStream:75 - [STDERR_REDIRECT] 
2026-03-01 00:56:56,792 [ERROR] LogOutputStream:75 - [STDERR_REDIRECT] [Fatal Error] :1:1: Premature end of file.
2026-03-01 00:56:56,792 [ERROR] LogOutputStream:75 - [STDERR_REDIRECT] 
2026-03-01 00:56:57,786 [ERROR] LogOutputStream:75 - [STDERR_REDIRECT] [Fatal Error] :1:1: Premature end of file.
2026-03-01 00:56:57,786 [ERROR] LogOutputStream:75 - [STDERR_REDIRECT] 
2026-03-01 00:56:58,786 [ERROR] LogOutputStream:75 - [STDERR_REDIRECT] [Fatal Error] :1:1: Premature end of file.
2026-03-01 00:56:58,786 [ERROR] LogOutputStream:75 - [STDERR_REDIRECT] 
2026-03-01 00:56:59,785 [ERROR] LogOutputStream:75 - [STDERR_REDIRECT] [Fatal Error] :1:1: Premature end of file.
2026-03-01 00:56:59,785 [ERROR] LogOutputStream:75 - [STDERR_REDIRECT] 
2026-03-01 00:57:00,785 [ERROR] LogOutputStream:75 - [STDERR_REDIRECT] [Fatal Error] :1:1: Premature end of file.
2026-03-01 00:57:00,785 [ERROR] LogOutputStream:75 - [STDERR_REDIRECT] 
2026-03-01 00:57:01,796 [ERROR] LogOutputStream:75 - [STDERR_REDIRECT] [Fatal Error] :1:1: Premature end of file.
2026-03-01 00:57:01,796 [ERROR] LogOutputStream:75 - [STDERR_REDIRECT] 
2026-03-01 00:57:02,784 [ERROR] LogOutputStream:75 - [STDERR_REDIRECT] [Fatal Error] :1:1: Premature end of file.
2026-03-01 00:57:02,784 [ERROR] LogOutputStream:75 - [STDERR_REDIRECT] 
2026-03-01 00:57:03,797 [ERROR] LogOutputStream:75 - [STDERR_REDIRECT] [Fatal Error] :1:1: Premature end of file.
2026-03-01 00:57:03,797 [ERROR] LogOutputStream:75 - [STDERR_REDIRECT] 
2026-03-01 00:57:04,785 [ERROR] LogOutputStream:75 - [STDERR_REDIRECT] [Fatal Error] :1:1: Premature end of file.
2026-03-01 00:57:04,786 [ERROR] LogOutputStream:75 - [STDERR_REDIRECT] 
2026-03-01 00:57:05,785 [ERROR] LogOutputStream:75 - [STDERR_REDIRECT] [Fatal Error] :1:1: Premature end of file.
2026-03-01 00:57:05,785 [ERROR] LogOutputStream:75 - [STDERR_REDIRECT] 
2026-03-01 00:57:06,784 [ERROR] LogOutputStream:75 - [STDERR_REDIRECT] [Fatal Error] :1:1: Premature end of file.
2026-03-01 00:57:06,785 [ERROR] LogOutputStream:75 - [STDERR_REDIRECT] 
2026-03-01 00:57:07,796 [ERROR] LogOutputStream:75 - [STDERR_REDIRECT] [Fatal Error] :1:1: Premature end of file.
2026-03-01 00:57:07,796 [ERROR] LogOutputStream:75 - [STDERR_REDIRECT] 
2026-03-01 00:57:08,786 [ERROR] LogOutputStream:75 - [STDERR_REDIRECT] [Fatal Error] :1:1: Premature end of file.
2026-03-01 00:57:08,786 [ERROR] LogOutputStream:75 - [STDERR_REDIRECT] 
2026-03-01 00:57:09,785 [ERROR] LogOutputStream:75 - [STDERR_REDIRECT] [Fatal Error] :1:1: Premature end of file.
2026-03-01 00:57:09,785 [ERROR] LogOutputStream:75 - [STDERR_REDIRECT] 
2026-03-01 00:57:10,796 [ERROR] LogOutputStream:75 - [STDERR_REDIRECT] [Fatal Error] :1:1: Premature end of file.
2026-03-01 00:57:10,796 [ERROR] LogOutputStream:75 - [STDERR_REDIRECT] 
2026-03-01 00:57:11,787 [ERROR] LogOutputStream:75 - [STDERR_REDIRECT] [Fatal Error] :1:1: Premature end of file.
2026-03-01 00:57:11,787 [ERROR] LogOutputStream:75 - [STDERR_REDIRECT] 
2026-03-01 00:57:12,785 [ERROR] LogOutputStream:75 - [STDERR_REDIRECT] [Fatal Error] :1:1: Premature end of file.
2026-03-01 00:57:12,785 [ERROR] LogOutputStream:75 - [STDERR_REDIRECT] 
2026-03-01 00:57:13,786 [ERROR] LogOutputStream:75 - [STDERR_REDIRECT] [Fatal Error] :1:1: Premature end of file.
2026-03-01 00:57:13,786 [ERROR] LogOutputStream:75 - [STDERR_REDIRECT] 
2026-03-01 00:57:14,785 [ERROR] LogOutputStream:75 - [STDERR_REDIRECT] [Fatal Error] :1:1: Premature end of file.
2026-03-01 00:57:14,785 [ERROR] LogOutputStream:75 - [STDERR_REDIRECT] 
2026-03-01 00:57:15,786 [ERROR] LogOutputStream:75 - [STDERR_REDIRECT] [Fatal Error] :1:1: Premature end of file.
2026-03-01 00:57:15,786 [ERROR] LogOutputStream:75 - [STDERR_REDIRECT] 
2026-03-01 00:57:16,786 [ERROR] LogOutputStream:75 - [STDERR_REDIRECT] [Fatal Error] :1:1: Premature end of file.
2026-03-01 00:57:16,786 [ERROR] LogOutputStream:75 - [STDERR_REDIRECT] 
2026-03-01 00:57:17,785 [ERROR] LogOutputStream:75 - [STDERR_REDIRECT] [Fatal Error] :1:1: Premature end of file.
2026-03-01 00:57:17,785 [ERROR] LogOutputStream:75 - [STDERR_REDIRECT] 
2026-03-01 00:57:18,793 [ERROR] LogOutputStream:75 - [STDERR_REDIRECT] [Fatal Error] :1:1: Premature end of file.
2026-03-01 00:57:18,793 [ERROR] LogOutputStream:75 - [STDERR_REDIRECT] 
2026-03-01 00:57:19,787 [ERROR] LogOutputStream:75 - [STDERR_REDIRECT] [Fatal Error] :1:1: Premature end of file.
2026-03-01 00:57:19,788 [ERROR] LogOutputStream:75 - [STDERR_REDIRECT] 
2026-03-01 00:57:20,785 [ERROR] LogOutputStream:75 - [STDERR_REDIRECT] [Fatal Error] :1:1: Premature end of file.
2026-03-01 00:57:20,785 [ERROR] LogOutputStream:75 - [STDERR_REDIRECT] 
2026-03-01 00:57:21,784 [ERROR] LogOutputStream:75 - [STDERR_REDIRECT] [Fatal Error] :1:1: Premature end of file.
2026-03-01 00:57:21,784 [ERROR] LogOutputStream:75 - [STDERR_REDIRECT] 
2026-03-01 00:57:22,790 [ERROR] LogOutputStream:75 - [STDERR_REDIRECT] [Fatal Error] :1:1: Premature end of file.
2026-03-01 00:57:22,790 [ERROR] LogOutputStream:75 - [STDERR_REDIRECT] 
2026-03-01 00:57:23,785 [ERROR] LogOutputStream:75 - [STDERR_REDIRECT] [Fatal Error] :1:1: Premature end of file.
2026-03-01 00:57:23,785 [ERROR] LogOutputStream:75 - [STDERR_REDIRECT] 
2026-03-01 00:57:24,788 [ERROR] LogOutputStream:75 - [STDERR_REDIRECT] [Fatal Error] :1:1: Premature end of file.
2026-03-01 00:57:24,788 [ERROR] LogOutputStream:75 - [STDERR_REDIRECT] 
2026-03-01 00:57:25,785 [ERROR] LogOutputStream:75 - [STDERR_REDIRECT] [Fatal Error] :1:1: Premature end of file.
2026-03-01 00:57:25,785 [ERROR] LogOutputStream:75 - [STDERR_REDIRECT] 
2026-03-01 00:57:26,786 [ERROR] LogOutputStream:75 - [STDERR_REDIRECT] [Fatal Error] :1:1: Premature end of file.
2026-03-01 00:57:26,786 [ERROR] LogOutputStream:75 - [STDERR_REDIRECT] 
2026-03-01 00:57:27,788 [ERROR] LogOutputStream:75 - [STDERR_REDIRECT] [Fatal Error] :1:1: Premature end of file.
2026-03-01 00:57:27,789 [ERROR] LogOutputStream:75 - [STDERR_REDIRECT] 
2026-03-01 00:57:28,785 [ERROR] LogOutputStream:75 - [STDERR_REDIRECT] [Fatal Error] :1:1: Premature end of file.
2026-03-01 00:57:28,785 [ERROR] LogOutputStream:75 - [STDERR_REDIRECT] 
2026-03-01 00:57:29,785 [ERROR] LogOutputStream:75 - [STDERR_REDIRECT] [Fatal Error] :1:1: Premature end of file.
2026-03-01 00:57:29,786 [ERROR] LogOutputStream:75 - [STDERR_REDIRECT] 
2026-03-01 00:57:30,786 [ERROR] LogOutputStream:75 - [STDERR_REDIRECT] [Fatal Error] :1:1: Premature end of file.
2026-03-01 00:57:30,786 [ERROR] LogOutputStream:75 - [STDERR_REDIRECT] 
2026-03-01 00:57:31,787 [ERROR] LogOutputStream:75 - [STDERR_REDIRECT] [Fatal Error] :1:1: Premature end of file.
2026-03-01 00:57:31,787 [ERROR] LogOutputStream:75 - [STDERR_REDIRECT] 
2026-03-01 00:57:32,785 [ERROR] LogOutputStream:75 - [STDERR_REDIRECT] [Fatal Error] :1:1: Premature end of file.
2026-03-01 00:57:32,785 [ERROR] LogOutputStream:75 - [STDERR_REDIRECT] 
2026-03-01 00:57:33,785 [ERROR] LogOutputStream:75 - [STDERR_REDIRECT] [Fatal Error] :1:1: Premature end of file.
2026-03-01 00:57:33,785 [ERROR] LogOutputStream:75 - [STDERR_REDIRECT] 
2026-03-01 00:57:34,784 [ERROR] LogOutputStream:75 - [STDERR_REDIRECT] [Fatal Error] :1:1: Premature end of file.
2026-03-01 00:57:34,785 [ERROR] LogOutputStream:75 - [STDERR_REDIRECT] 
2026-03-01 00:57:35,793 [ERROR] LogOutputStream:75 - [STDERR_REDIRECT] [Fatal Error] :1:1: Premature end of file.
2026-03-01 00:57:35,793 [ERROR] LogOutputStream:75 - [STDERR_REDIRECT] 
2026-03-01 00:57:36,786 [ERROR] LogOutputStream:75 - [STDERR_REDIRECT] [Fatal Error] :1:1: Premature end of file.
2026-03-01 00:57:36,787 [ERROR] LogOutputStream:75 - [STDERR_REDIRECT] 
2026-03-01 00:57:37,823 [ERROR] LogOutputStream:75 - [STDERR_REDIRECT] [Fatal Error] :1:1: Premature end of file.
2026-03-01 00:57:37,823 [ERROR] LogOutputStream:75 - [STDERR_REDIRECT] 
2026-03-01 00:57:38,787 [ERROR] LogOutputStream:75 - [STDERR_REDIRECT] [Fatal Error] :1:1: Premature end of file.
2026-03-01 00:57:38,787 [ERROR] LogOutputStream:75 - [STDERR_REDIRECT] 
2026-03-01 00:57:39,785 [ERROR] LogOutputStream:75 - [STDERR_REDIRECT] [Fatal Error] :1:1: Premature end of file.
2026-03-01 00:57:39,785 [ERROR] LogOutputStream:75 - [STDERR_REDIRECT] 
2026-03-01 00:57:40,786 [ERROR] LogOutputStream:75 - [STDERR_REDIRECT] [Fatal Error] :1:1: Premature end of file.
2026-03-01 00:57:40,786 [ERROR] LogOutputStream:75 - [STDERR_REDIRECT] 
2026-03-01 00:57:41,785 [ERROR] LogOutputStream:75 - [STDERR_REDIRECT] [Fatal Error] :1:1: Premature end of file.
2026-03-01 00:57:41,785 [ERROR] LogOutputStream:75 - [STDERR_REDIRECT] 
2026-03-01 00:57:42,799 [ERROR] LogOutputStream:75 - [STDERR_REDIRECT] [Fatal Error] :1:1: Premature end of file.
2026-03-01 00:57:42,799 [ERROR] LogOutputStream:75 - [STDERR_REDIRECT] 
2026-03-01 00:57:43,786 [ERROR] LogOutputStream:75 - [STDERR_REDIRECT] [Fatal Error] :1:1: Premature end of file.
2026-03-01 00:57:43,786 [ERROR] LogOutputStream:75 - [STDERR_REDIRECT] 
2026-03-01 00:57:44,785 [ERROR] LogOutputStream:75 - [STDERR_REDIRECT] [Fatal Error] :1:1: Premature end of file.
2026-03-01 00:57:44,785 [ERROR] LogOutputStream:75 - [STDERR_REDIRECT] 
2026-03-01 00:57:45,797 [ERROR] LogOutputStream:75 - [STDERR_REDIRECT] [Fatal Error] :1:1: Premature end of file.
2026-03-01 00:57:45,797 [ERROR] LogOutputStream:75 - [STDERR_REDIRECT] 
2026-03-01 00:57:46,786 [ERROR] LogOutputStream:75 - [STDERR_REDIRECT] [Fatal Error] :1:1: Premature end of file.
2026-03-01 00:57:46,787 [ERROR] LogOutputStream:75 - [STDERR_REDIRECT] 
2026-03-01 00:57:47,787 [ERROR] LogOutputStream:75 - [STDERR_REDIRECT] [Fatal Error] :1:1: Premature end of file.
2026-03-01 00:57:47,787 [ERROR] LogOutputStream:75 - [STDERR_REDIRECT] 
2026-03-01 00:57:48,787 [ERROR] LogOutputStream:75 - [STDERR_REDIRECT] [Fatal Error] :1:1: Premature end of file.
2026-03-01 00:57:48,787 [ERROR] LogOutputStream:75 - [STDERR_REDIRECT] 
2026-03-01 00:57:49,785 [ERROR] LogOutputStream:75 - [STDERR_REDIRECT] [Fatal Error] :1:1: Premature end of file.
2026-03-01 00:57:49,785 [ERROR] LogOutputStream:75 - [STDERR_REDIRECT] 
2026-03-01 00:57:50,800 [ERROR] LogOutputStream:75 - [STDERR_REDIRECT] [Fatal Error] :1:1: Premature end of file.
2026-03-01 00:57:50,800 [ERROR] LogOutputStream:75 - [STDERR_REDIRECT] 
2026-03-01 00:57:51,784 [ERROR] LogOutputStream:75 - [STDERR_REDIRECT] [Fatal Error] :1:1: Premature end of file.
2026-03-01 00:57:51,784 [ERROR] LogOutputStream:75 - [STDERR_REDIRECT] 
2026-03-01 00:57:52,789 [ERROR] LogOutputStream:75 - [STDERR_REDIRECT] [Fatal Error] :1:1: Premature end of file.
2026-03-01 00:57:52,789 [ERROR] LogOutputStream:75 - [STDERR_REDIRECT] 
2026-03-01 00:57:53,785 [ERROR] LogOutputStream:75 - [STDERR_REDIRECT] [Fatal Error] :1:1: Premature end of file.
2026-03-01 00:57:53,785 [ERROR] LogOutputStream:75 - [STDERR_REDIRECT] 
2026-03-01 00:57:54,786 [ERROR] LogOutputStream:75 - [STDERR_REDIRECT] [Fatal Error] :1:1: Premature end of file.
2026-03-01 00:57:54,786 [ERROR] LogOutputStream:75 - [STDERR_REDIRECT] 
2026-03-01 00:57:55,784 [ERROR] LogOutputStream:75 - [STDERR_REDIRECT] [Fatal Error] :1:1: Premature end of file.
2026-03-01 00:57:55,784 [ERROR] LogOutputStream:75 - [STDERR_REDIRECT] 
2026-03-01 00:57:56,795 [ERROR] LogOutputStream:75 - [STDERR_REDIRECT] [Fatal Error] :1:1: Premature end of file.
2026-03-01 00:57:56,795 [ERROR] LogOutputStream:75 - [STDERR_REDIRECT] 
2026-03-01 00:57:57,797 [ERROR] LogOutputStream:75 - [STDERR_REDIRECT] [Fatal Error] :1:1: Premature end of file.
2026-03-01 00:57:57,797 [ERROR] LogOutputStream:75 - [STDERR_REDIRECT] 
2026-03-01 00:57:58,786 [ERROR] LogOutputStream:75 - [STDERR_REDIRECT] [Fatal Error] :1:1: Premature end of file.
2026-03-01 00:57:58,786 [ERROR] LogOutputStream:75 - [STDERR_REDIRECT] 
2026-03-01 00:57:59,785 [ERROR] LogOutputStream:75 - [STDERR_REDIRECT] [Fatal Error] :1:1: Premature end of file.
2026-03-01 00:57:59,786 [ERROR] LogOutputStream:75 - [STDERR_REDIRECT] 
2026-03-01 00:58:00,785 [ERROR] LogOutputStream:75 - [STDERR_REDIRECT] [Fatal Error] :1:1: Premature end of file.
2026-03-01 00:58:00,785 [ERROR] LogOutputStream:75 - [STDERR_REDIRECT] 
2026-03-01 00:58:01,785 [ERROR] LogOutputStream:75 - [STDERR_REDIRECT] [Fatal Error] :1:1: Premature end of file.
2026-03-01 00:58:01,785 [ERROR] LogOutputStream:75 - [STDERR_REDIRECT] 
2026-03-01 00:58:02,785 [ERROR] LogOutputStream:75 - [STDERR_REDIRECT] [Fatal Error] :1:1: Premature end of file.
2026-03-01 00:58:02,785 [ERROR] LogOutputStream:75 - [STDERR_REDIRECT] 
2026-03-01 00:58:03,789 [ERROR] LogOutputStream:75 - [STDERR_REDIRECT] [Fatal Error] :1:1: Premature end of file.
2026-03-01 00:58:03,789 [ERROR] LogOutputStream:75 - [STDERR_REDIRECT] 
2026-03-01 00:58:04,786 [ERROR] LogOutputStream:75 - [STDERR_REDIRECT] [Fatal Error] :1:1: Premature end of file.
2026-03-01 00:58:04,786 [ERROR] LogOutputStream:75 - [STDERR_REDIRECT] 
2026-03-01 00:58:05,786 [ERROR] LogOutputStream:75 - [STDERR_REDIRECT] [Fatal Error] :1:1: Premature end of file.
2026-03-01 00:58:05,786 [ERROR] LogOutputStream:75 - [STDERR_REDIRECT] 
2026-03-01 00:58:06,784 [ERROR] LogOutputStream:75 - [STDERR_REDIRECT] [Fatal Error] :1:1: Premature end of file.
2026-03-01 00:58:06,785 [ERROR] LogOutputStream:75 - [STDERR_REDIRECT] 
2026-03-01 00:58:07,791 [ERROR] LogOutputStream:75 - [STDERR_REDIRECT] [Fatal Error] :1:1: Premature end of file.
2026-03-01 00:58:07,792 [ERROR] LogOutputStream:75 - [STDERR_REDIRECT] 
2026-03-01 00:58:08,787 [ERROR] LogOutputStream:75 - [STDERR_REDIRECT] [Fatal Error] :1:1: Premature end of file.
2026-03-01 00:58:08,787 [ERROR] LogOutputStream:75 - [STDERR_REDIRECT] 
2026-03-01 00:58:09,786 [ERROR] LogOutputStream:75 - [STDERR_REDIRECT] [Fatal Error] :1:1: Premature end of file.
2026-03-01 00:58:09,786 [ERROR] LogOutputStream:75 - [STDERR_REDIRECT] 
2026-03-01 00:58:10,787 [ERROR] LogOutputStream:75 - [STDERR_REDIRECT] [Fatal Error] :1:1: Premature end of file.
2026-03-01 00:58:10,787 [ERROR] LogOutputStream:75 - [STDERR_REDIRECT] 
2026-03-01 00:58:11,785 [ERROR] LogOutputStream:75 - [STDERR_REDIRECT] [Fatal Error] :1:1: Premature end of file.
2026-03-01 00:58:11,785 [ERROR] LogOutputStream:75 - [STDERR_REDIRECT] 
2026-03-01 00:58:12,785 [ERROR] LogOutputStream:75 - [STDERR_REDIRECT] [Fatal Error] :1:1: Premature end of file.
2026-03-01 00:58:12,785 [ERROR] LogOutputStream:75 - [STDERR_REDIRECT] 
2026-03-01 00:58:13,787 [ERROR] LogOutputStream:75 - [STDERR_REDIRECT] [Fatal Error] :1:1: Premature end of file.
2026-03-01 00:58:13,787 [ERROR] LogOutputStream:75 - [STDERR_REDIRECT] 
2026-03-01 00:58:14,822 [ERROR] LogOutputStream:75 - [STDERR_REDIRECT] [Fatal Error] :1:1: Premature end of file.
2026-03-01 00:58:14,822 [ERROR] LogOutputStream:75 - [STDERR_REDIRECT] 
2026-03-01 00:58:15,784 [ERROR] LogOutputStream:75 - [STDERR_REDIRECT] [Fatal Error] :1:1: Premature end of file.
2026-03-01 00:58:15,784 [ERROR] LogOutputStream:75 - [STDERR_REDIRECT] 
2026-03-01 00:58:16,798 [ERROR] LogOutputStream:75 - [STDERR_REDIRECT] [Fatal Error] :1:1: Premature end of file.
2026-03-01 00:58:16,798 [ERROR] LogOutputStream:75 - [STDERR_REDIRECT] 
2026-03-01 00:58:17,786 [ERROR] LogOutputStream:75 - [STDERR_REDIRECT] [Fatal Error] :1:1: Premature end of file.
2026-03-01 00:58:17,786 [ERROR] LogOutputStream:75 - [STDERR_REDIRECT] 
2026-03-01 00:58:18,786 [ERROR] LogOutputStream:75 - [STDERR_REDIRECT] [Fatal Error] :1:1: Premature end of file.
2026-03-01 00:58:18,786 [ERROR] LogOutputStream:75 - [STDERR_REDIRECT] 
2026-03-01 00:58:19,785 [ERROR] LogOutputStream:75 - [STDERR_REDIRECT] [Fatal Error] :1:1: Premature end of file.
2026-03-01 00:58:19,785 [ERROR] LogOutputStream:75 - [STDERR_REDIRECT] 
2026-03-01 00:58:20,788 [ERROR] LogOutputStream:75 - [STDERR_REDIRECT] [Fatal Error] :1:1: Premature end of file.
2026-03-01 00:58:20,788 [ERROR] LogOutputStream:75 - [STDERR_REDIRECT] 
2026-03-01 00:58:21,788 [ERROR] LogOutputStream:75 - [STDERR_REDIRECT] [Fatal Error] :1:1: Premature end of file.
2026-03-01 00:58:21,788 [ERROR] LogOutputStream:75 - [STDERR_REDIRECT] 
2026-03-01 00:58:22,786 [ERROR] LogOutputStream:75 - [STDERR_REDIRECT] [Fatal Error] :1:1: Premature end of file.
2026-03-01 00:58:22,786 [ERROR] LogOutputStream:75 - [STDERR_REDIRECT] 
2026-03-01 00:58:23,784 [ERROR] LogOutputStream:75 - [STDERR_REDIRECT] [Fatal Error] :1:1: Premature end of file.
2026-03-01 00:58:23,784 [ERROR] LogOutputStream:75 - [STDERR_REDIRECT] 
2026-03-01 00:58:24,787 [ERROR] LogOutputStream:75 - [STDERR_REDIRECT] [Fatal Error] :1:1: Premature end of file.
2026-03-01 00:58:24,787 [ERROR] LogOutputStream:75 - [STDERR_REDIRECT] 
2026-03-01 00:58:25,785 [ERROR] LogOutputStream:75 - [STDERR_REDIRECT] [Fatal Error] :1:1: Premature end of file.
2026-03-01 00:58:25,785 [ERROR] LogOutputStream:75 - [STDERR_REDIRECT] 
2026-03-01 00:58:26,784 [ERROR] LogOutputStream:75 - [STDERR_REDIRECT] [Fatal Error] :1:1: Premature end of file.
2026-03-01 00:58:26,784 [ERROR] LogOutputStream:75 - [STDERR_REDIRECT] 
2026-03-01 00:58:27,787 [ERROR] LogOutputStream:75 - [STDERR_REDIRECT] [Fatal Error] :1:1: Premature end of file.
2026-03-01 00:58:27,787 [ERROR] LogOutputStream:75 - [STDERR_REDIRECT] 
2026-03-01 00:58:28,786 [ERROR] LogOutputStream:75 - [STDERR_REDIRECT] [Fatal Error] :1:1: Premature end of file.
2026-03-01 00:58:28,786 [ERROR] LogOutputStream:75 - [STDERR_REDIRECT] 
2026-03-01 00:58:29,785 [ERROR] LogOutputStream:75 - [STDERR_REDIRECT] [Fatal Error] :1:1: Premature end of file.
2026-03-01 00:58:29,785 [ERROR] LogOutputStream:75 - [STDERR_REDIRECT] 
2026-03-01 00:58:30,785 [ERROR] LogOutputStream:75 - [STDERR_REDIRECT] [Fatal Error] :1:1: Premature end of file.
2026-03-01 00:58:30,785 [ERROR] LogOutputStream:75 - [STDERR_REDIRECT] 
2026-03-01 00:58:31,789 [ERROR] LogOutputStream:75 - [STDERR_REDIRECT] [Fatal Error] :1:1: Premature end of file.
2026-03-01 00:58:31,789 [ERROR] LogOutputStream:75 - [STDERR_REDIRECT] 
2026-03-01 00:58:32,787 [ERROR] LogOutputStream:75 - [STDERR_REDIRECT] [Fatal Error] :1:1: Premature end of file.
2026-03-01 00:58:32,787 [ERROR] LogOutputStream:75 - [STDERR_REDIRECT] 
2026-03-01 00:58:33,785 [ERROR] LogOutputStream:75 - [STDERR_REDIRECT] [Fatal Error] :1:1: Premature end of file.
2026-03-01 00:58:33,785 [ERROR] LogOutputStream:75 - [STDERR_REDIRECT] 
2026-03-01 00:58:34,785 [ERROR] LogOutputStream:75 - [STDERR_REDIRECT] [Fatal Error] :1:1: Premature end of file.
2026-03-01 00:58:34,785 [ERROR] LogOutputStream:75 - [STDERR_REDIRECT] 
2026-03-01 00:58:35,785 [ERROR] LogOutputStream:75 - [STDERR_REDIRECT] [Fatal Error] :1:1: Premature end of file.
2026-03-01 00:58:35,785 [ERROR] LogOutputStream:75 - [STDERR_REDIRECT] 
2026-03-01 00:58:36,785 [ERROR] LogOutputStream:75 - [STDERR_REDIRECT] [Fatal Error] :1:1: Premature end of file.
2026-03-01 00:58:36,785 [ERROR] LogOutputStream:75 - [STDERR_REDIRECT] 
2026-03-01 00:58:37,786 [ERROR] LogOutputStream:75 - [STDERR_REDIRECT] [Fatal Error] :1:1: Premature end of file.
2026-03-01 00:58:37,787 [ERROR] LogOutputStream:75 - [STDERR_REDIRECT] 
2026-03-01 00:58:38,786 [ERROR] LogOutputStream:75 - [STDERR_REDIRECT] [Fatal Error] :1:1: Premature end of file.
2026-03-01 00:58:38,786 [ERROR] LogOutputStream:75 - [STDERR_REDIRECT] 
2026-03-01 00:58:39,785 [ERROR] LogOutputStream:75 - [STDERR_REDIRECT] [Fatal Error] :1:1: Premature end of file.
2026-03-01 00:58:39,785 [ERROR] LogOutputStream:75 - [STDERR_REDIRECT] 
2026-03-01 00:58:40,785 [ERROR] LogOutputStream:75 - [STDERR_REDIRECT] [Fatal Error] :1:1: Premature end of file.
2026-03-01 00:58:40,785 [ERROR] LogOutputStream:75 - [STDERR_REDIRECT] 
2026-03-01 00:58:41,785 [ERROR] LogOutputStream:75 - [STDERR_REDIRECT] [Fatal Error] :1:1: Premature end of file.
2026-03-01 00:58:41,785 [ERROR] LogOutputStream:75 - [STDERR_REDIRECT] 
2026-03-01 00:58:42,784 [ERROR] LogOutputStream:75 - [STDERR_REDIRECT] [Fatal Error] :1:1: Premature end of file.
2026-03-01 00:58:42,784 [ERROR] LogOutputStream:75 - [STDERR_REDIRECT] 
2026-03-01 00:58:43,786 [ERROR] LogOutputStream:75 - [STDERR_REDIRECT] [Fatal Error] :1:1: Premature end of file.
2026-03-01 00:58:43,786 [ERROR] LogOutputStream:75 - [STDERR_REDIRECT] 
2026-03-01 00:58:44,786 [ERROR] LogOutputStream:75 - [STDERR_REDIRECT] [Fatal Error] :1:1: Premature end of file.
2026-03-01 00:58:44,786 [ERROR] LogOutputStream:75 - [STDERR_REDIRECT] 
2026-03-01 00:58:45,787 [ERROR] LogOutputStream:75 - [STDERR_REDIRECT] [Fatal Error] :1:1: Premature end of file.
2026-03-01 00:58:45,787 [ERROR] LogOutputStream:75 - [STDERR_REDIRECT] 
2026-03-01 00:58:46,785 [ERROR] LogOutputStream:75 - [STDERR_REDIRECT] [Fatal Error] :1:1: Premature end of file.
2026-03-01 00:58:46,785 [ERROR] LogOutputStream:75 - [STDERR_REDIRECT] 
2026-03-01 00:58:47,784 [ERROR] LogOutputStream:75 - [STDERR_REDIRECT] [Fatal Error] :1:1: Premature end of file.
2026-03-01 00:58:47,784 [ERROR] LogOutputStream:75 - [STDERR_REDIRECT] 
2026-03-01 00:58:48,785 [ERROR] LogOutputStream:75 - [STDERR_REDIRECT] [Fatal Error] :1:1: Premature end of file.
2026-03-01 00:58:48,785 [ERROR] LogOutputStream:75 - [STDERR_REDIRECT] 
2026-03-01 00:58:49,786 [ERROR] LogOutputStream:75 - [STDERR_REDIRECT] [Fatal Error] :1:1: Premature end of file.
2026-03-01 00:58:49,786 [ERROR] LogOutputStream:75 - [STDERR_REDIRECT] 
2026-03-01 00:58:50,786 [ERROR] LogOutputStream:75 - [STDERR_REDIRECT] [Fatal Error] :1:1: Premature end of file.
2026-03-01 00:58:50,787 [ERROR] LogOutputStream:75 - [STDERR_REDIRECT] 
2026-03-01 00:58:51,786 [ERROR] LogOutputStream:75 - [STDERR_REDIRECT] [Fatal Error] :1:1: Premature end of file.
2026-03-01 00:58:51,786 [ERROR] LogOutputStream:75 - [STDERR_REDIRECT] 
2026-03-01 00:58:52,786 [ERROR] LogOutputStream:75 - [STDERR_REDIRECT] [Fatal Error] :1:1: Premature end of file.
2026-03-01 00:58:52,786 [ERROR] LogOutputStream:75 - [STDERR_REDIRECT] 
2026-03-01 00:58:53,786 [ERROR] LogOutputStream:75 - [STDERR_REDIRECT] [Fatal Error] :1:1: Premature end of file.
2026-03-01 00:58:53,786 [ERROR] LogOutputStream:75 - [STDERR_REDIRECT] 
2026-03-01 00:58:54,785 [ERROR] LogOutputStream:75 - [STDERR_REDIRECT] [Fatal Error] :1:1: Premature end of file.
2026-03-01 00:58:54,785 [ERROR] LogOutputStream:75 - [STDERR_REDIRECT] 
2026-03-01 00:58:55,786 [ERROR] LogOutputStream:75 - [STDERR_REDIRECT] [Fatal Error] :1:1: Premature end of file.
2026-03-01 00:58:55,786 [ERROR] LogOutputStream:75 - [STDERR_REDIRECT] 
2026-03-01 00:58:56,786 [ERROR] LogOutputStream:75 - [STDERR_REDIRECT] [Fatal Error] :1:1: Premature end of file.
2026-03-01 00:58:56,786 [ERROR] LogOutputStream:75 - [STDERR_REDIRECT] 
2026-03-01 00:58:57,786 [ERROR] LogOutputStream:75 - [STDERR_REDIRECT] [Fatal Error] :1:1: Premature end of file.
2026-03-01 00:58:57,786 [ERROR] LogOutputStream:75 - [STDERR_REDIRECT] 
2026-03-01 00:58:58,785 [ERROR] LogOutputStream:75 - [STDERR_REDIRECT] [Fatal Error] :1:1: Premature end of file.
2026-03-01 00:58:58,785 [ERROR] LogOutputStream:75 - [STDERR_REDIRECT] 
2026-03-01 00:58:59,784 [ERROR] LogOutputStream:75 - [STDERR_REDIRECT] [Fatal Error] :1:1: Premature end of file.
2026-03-01 00:58:59,784 [ERROR] LogOutputStream:75 - [STDERR_REDIRECT] 
2026-03-01 00:59:00,787 [ERROR] LogOutputStream:75 - [STDERR_REDIRECT] [Fatal Error] :1:1: Premature end of file.
2026-03-01 00:59:00,787 [ERROR] LogOutputStream:75 - [STDERR_REDIRECT] 
2026-03-01 00:59:01,785 [ERROR] LogOutputStream:75 - [STDERR_REDIRECT] [Fatal Error] :1:1: Premature end of file.
2026-03-01 00:59:01,785 [ERROR] LogOutputStream:75 - [STDERR_REDIRECT] 
2026-03-01 00:59:02,786 [ERROR] LogOutputStream:75 - [STDERR_REDIRECT] [Fatal Error] :1:1: Premature end of file.
2026-03-01 00:59:02,786 [ERROR] LogOutputStream:75 - [STDERR_REDIRECT] 
2026-03-01 00:59:03,785 [ERROR] LogOutputStream:75 - [STDERR_REDIRECT] [Fatal Error] :1:1: Premature end of file.
2026-03-01 00:59:03,786 [ERROR] LogOutputStream:75 - [STDERR_REDIRECT] 
2026-03-01 00:59:04,785 [ERROR] LogOutputStream:75 - [STDERR_REDIRECT] [Fatal Error] :1:1: Premature end of file.
2026-03-01 00:59:04,785 [ERROR] LogOutputStream:75 - [STDERR_REDIRECT] 
2026-03-01 00:59:05,786 [ERROR] LogOutputStream:75 - [STDERR_REDIRECT] [Fatal Error] :1:1: Premature end of file.
2026-03-01 00:59:05,786 [ERROR] LogOutputStream:75 - [STDERR_REDIRECT] 
2026-03-01 00:59:06,785 [ERROR] LogOutputStream:75 - [STDERR_REDIRECT] [Fatal Error] :1:1: Premature end of file.
2026-03-01 00:59:06,786 [ERROR] LogOutputStream:75 - [STDERR_REDIRECT] 
2026-03-01 00:59:07,785 [ERROR] LogOutputStream:75 - [STDERR_REDIRECT] [Fatal Error] :1:1: Premature end of file.
2026-03-01 00:59:07,785 [ERROR] LogOutputStream:75 - [STDERR_REDIRECT] 
2026-03-01 00:59:08,787 [ERROR] LogOutputStream:75 - [STDERR_REDIRECT] [Fatal Error] :1:1: Premature end of file.
2026-03-01 00:59:08,787 [ERROR] LogOutputStream:75 - [STDERR_REDIRECT] 
2026-03-01 00:59:09,786 [ERROR] LogOutputStream:75 - [STDERR_REDIRECT] [Fatal Error] :1:1: Premature end of file.
2026-03-01 00:59:09,786 [ERROR] LogOutputStream:75 - [STDERR_REDIRECT] 
2026-03-01 00:59:10,786 [ERROR] LogOutputStream:75 - [STDERR_REDIRECT] [Fatal Error] :1:1: Premature end of file.
2026-03-01 00:59:10,786 [ERROR] LogOutputStream:75 - [STDERR_REDIRECT] 
2026-03-01 00:59:11,785 [ERROR] LogOutputStream:75 - [STDERR_REDIRECT] [Fatal Error] :1:1: Premature end of file.
2026-03-01 00:59:11,785 [ERROR] LogOutputStream:75 - [STDERR_REDIRECT] 
2026-03-01 00:59:12,785 [ERROR] LogOutputStream:75 - [STDERR_REDIRECT] [Fatal Error] :1:1: Premature end of file.
2026-03-01 00:59:12,785 [ERROR] LogOutputStream:75 - [STDERR_REDIRECT] 
2026-03-01 00:59:13,786 [ERROR] LogOutputStream:75 - [STDERR_REDIRECT] [Fatal Error] :1:1: Premature end of file.
2026-03-01 00:59:13,786 [ERROR] LogOutputStream:75 - [STDERR_REDIRECT] 
2026-03-01 00:59:14,785 [ERROR] LogOutputStream:75 - [STDERR_REDIRECT] [Fatal Error] :1:1: Premature end of file.
2026-03-01 00:59:14,785 [ERROR] LogOutputStream:75 - [STDERR_REDIRECT] 
2026-03-01 00:59:15,787 [ERROR] LogOutputStream:75 - [STDERR_REDIRECT] [Fatal Error] :1:1: Premature end of file.
2026-03-01 00:59:15,787 [ERROR] LogOutputStream:75 - [STDERR_REDIRECT] 
2026-03-01 00:59:16,788 [ERROR] LogOutputStream:75 - [STDERR_REDIRECT] [Fatal Error] :1:1: Premature end of file.
2026-03-01 00:59:16,788 [ERROR] LogOutputStream:75 - [STDERR_REDIRECT] 
2026-03-01 00:59:17,788 [ERROR] LogOutputStream:75 - [STDERR_REDIRECT] [Fatal Error] :1:1: Premature end of file.
2026-03-01 00:59:17,788 [ERROR] LogOutputStream:75 - [STDERR_REDIRECT] 
2026-03-01 00:59:18,784 [ERROR] LogOutputStream:75 - [STDERR_REDIRECT] [Fatal Error] :1:1: Premature end of file.
2026-03-01 00:59:18,784 [ERROR] LogOutputStream:75 - [STDERR_REDIRECT] 
2026-03-01 00:59:19,786 [ERROR] LogOutputStream:75 - [STDERR_REDIRECT] [Fatal Error] :1:1: Premature end of file.
2026-03-01 00:59:19,786 [ERROR] LogOutputStream:75 - [STDERR_REDIRECT] 
2026-03-01 00:59:20,785 [ERROR] LogOutputStream:75 - [STDERR_REDIRECT] [Fatal Error] :1:1: Premature end of file.
2026-03-01 00:59:20,785 [ERROR] LogOutputStream:75 - [STDERR_REDIRECT] 
2026-03-01 00:59:21,784 [ERROR] LogOutputStream:75 - [STDERR_REDIRECT] [Fatal Error] :1:1: Premature end of file.
2026-03-01 00:59:21,784 [ERROR] LogOutputStream:75 - [STDERR_REDIRECT] 
2026-03-01 00:59:22,788 [ERROR] LogOutputStream:75 - [STDERR_REDIRECT] [Fatal Error] :1:1: Premature end of file.
2026-03-01 00:59:22,788 [ERROR] LogOutputStream:75 - [STDERR_REDIRECT] 
2026-03-01 00:59:23,789 [ERROR] LogOutputStream:75 - [STDERR_REDIRECT] [Fatal Error] :1:1: Premature end of file.
2026-03-01 00:59:23,789 [ERROR] LogOutputStream:75 - [STDERR_REDIRECT] 
2026-03-01 00:59:24,785 [ERROR] LogOutputStream:75 - [STDERR_REDIRECT] [Fatal Error] :1:1: Premature end of file.
2026-03-01 00:59:24,786 [ERROR] LogOutputStream:75 - [STDERR_REDIRECT] 
2026-03-01 00:59:25,785 [ERROR] LogOutputStream:75 - [STDERR_REDIRECT] [Fatal Error] :1:1: Premature end of file.
2026-03-01 00:59:25,785 [ERROR] LogOutputStream:75 - [STDERR_REDIRECT] 
2026-03-01 00:59:26,787 [ERROR] LogOutputStream:75 - [STDERR_REDIRECT] [Fatal Error] :1:1: Premature end of file.
2026-03-01 00:59:26,787 [ERROR] LogOutputStream:75 - [STDERR_REDIRECT] 
2026-03-01 00:59:27,788 [ERROR] LogOutputStream:75 - [STDERR_REDIRECT] [Fatal Error] :1:1: Premature end of file.
2026-03-01 00:59:27,788 [ERROR] LogOutputStream:75 - [STDERR_REDIRECT] 
2026-03-01 00:59:28,786 [ERROR] LogOutputStream:75 - [STDERR_REDIRECT] [Fatal Error] :1:1: Premature end of file.
2026-03-01 00:59:28,787 [ERROR] LogOutputStream:75 - [STDERR_REDIRECT] 
2026-03-01 00:59:29,785 [ERROR] LogOutputStream:75 - [STDERR_REDIRECT] [Fatal Error] :1:1: Premature end of file.
2026-03-01 00:59:29,785 [ERROR] LogOutputStream:75 - [STDERR_REDIRECT] 
2026-03-01 00:59:30,788 [ERROR] LogOutputStream:75 - [STDERR_REDIRECT] [Fatal Error] :1:1: Premature end of file.
2026-03-01 00:59:30,788 [ERROR] LogOutputStream:75 - [STDERR_REDIRECT] 
2026-03-01 00:59:31,788 [ERROR] LogOutputStream:75 - [STDERR_REDIRECT] [Fatal Error] :1:1: Premature end of file.
2026-03-01 00:59:31,788 [ERROR] LogOutputStream:75 - [STDERR_REDIRECT] 
2026-03-01 00:59:32,814 [ERROR] LogOutputStream:75 - [STDERR_REDIRECT] [Fatal Error] :1:1: Premature end of file.
2026-03-01 00:59:32,814 [ERROR] LogOutputStream:75 - [STDERR_REDIRECT] 
2026-03-01 00:59:33,784 [ERROR] LogOutputStream:75 - [STDERR_REDIRECT] [Fatal Error] :1:1: Premature end of file.
2026-03-01 00:59:33,784 [ERROR] LogOutputStream:75 - [STDERR_REDIRECT] 
2026-03-01 00:59:34,798 [ERROR] LogOutputStream:75 - [STDERR_REDIRECT] [Fatal Error] :1:1: Premature end of file.
2026-03-01 00:59:34,799 [ERROR] LogOutputStream:75 - [STDERR_REDIRECT] 
2026-03-01 00:59:35,783 [ERROR] LogOutputStream:75 - [STDERR_REDIRECT] [Fatal Error] :1:1: Premature end of file.
2026-03-01 00:59:35,783 [ERROR] LogOutputStream:75 - [STDERR_REDIRECT] 
2026-03-01 00:59:36,788 [ERROR] LogOutputStream:75 - [STDERR_REDIRECT] [Fatal Error] :1:1: Premature end of file.
2026-03-01 00:59:36,788 [ERROR] LogOutputStream:75 - [STDERR_REDIRECT] 
2026-03-01 00:59:37,787 [ERROR] LogOutputStream:75 - [STDERR_REDIRECT] [Fatal Error] :1:1: Premature end of file.
2026-03-01 00:59:37,787 [ERROR] LogOutputStream:75 - [STDERR_REDIRECT] 
2026-03-01 00:59:38,786 [ERROR] LogOutputStream:75 - [STDERR_REDIRECT] [Fatal Error] :1:1: Premature end of file.
2026-03-01 00:59:38,786 [ERROR] LogOutputStream:75 - [STDERR_REDIRECT] 
2026-03-01 00:59:39,784 [ERROR] LogOutputStream:75 - [STDERR_REDIRECT] [Fatal Error] :1:1: Premature end of file.
2026-03-01 00:59:39,784 [ERROR] LogOutputStream:75 - [STDERR_REDIRECT] 
2026-03-01 00:59:40,787 [ERROR] LogOutputStream:75 - [STDERR_REDIRECT] [Fatal Error] :1:1: Premature end of file.
2026-03-01 00:59:40,787 [ERROR] LogOutputStream:75 - [STDERR_REDIRECT] 
2026-03-01 00:59:41,801 [ERROR] LogOutputStream:75 - [STDERR_REDIRECT] [Fatal Error] :1:1: Premature end of file.
2026-03-01 00:59:41,801 [ERROR] LogOutputStream:75 - [STDERR_REDIRECT] 
2026-03-01 00:59:42,786 [ERROR] LogOutputStream:75 - [STDERR_REDIRECT] [Fatal Error] :1:1: Premature end of file.
2026-03-01 00:59:42,786 [ERROR] LogOutputStream:75 - [STDERR_REDIRECT] 
2026-03-01 00:59:43,785 [ERROR] LogOutputStream:75 - [STDERR_REDIRECT] [Fatal Error] :1:1: Premature end of file.
2026-03-01 00:59:43,785 [ERROR] LogOutputStream:75 - [STDERR_REDIRECT] 
2026-03-01 00:59:44,786 [ERROR] LogOutputStream:75 - [STDERR_REDIRECT] [Fatal Error] :1:1: Premature end of file.
2026-03-01 00:59:44,786 [ERROR] LogOutputStream:75 - [STDERR_REDIRECT] 
2026-03-01 00:59:45,786 [ERROR] LogOutputStream:75 - [STDERR_REDIRECT] [Fatal Error] :1:1: Premature end of file.
2026-03-01 00:59:45,786 [ERROR] LogOutputStream:75 - [STDERR_REDIRECT] 
2026-03-01 00:59:46,786 [ERROR] LogOutputStream:75 - [STDERR_REDIRECT] [Fatal Error] :1:1: Premature end of file.
2026-03-01 00:59:46,786 [ERROR] LogOutputStream:75 - [STDERR_REDIRECT] 
2026-03-01 00:59:47,789 [ERROR] LogOutputStream:75 - [STDERR_REDIRECT] [Fatal Error] :1:1: Premature end of file.
2026-03-01 00:59:47,789 [ERROR] LogOutputStream:75 - [STDERR_REDIRECT] 
2026-03-01 00:59:48,787 [ERROR] LogOutputStream:75 - [STDERR_REDIRECT] [Fatal Error] :1:1: Premature end of file.
2026-03-01 00:59:48,787 [ERROR] LogOutputStream:75 - [STDERR_REDIRECT] 
2026-03-01 00:59:49,785 [ERROR] LogOutputStream:75 - [STDERR_REDIRECT] [Fatal Error] :1:1: Premature end of file.
2026-03-01 00:59:49,785 [ERROR] LogOutputStream:75 - [STDERR_REDIRECT] 
2026-03-01 00:59:50,788 [ERROR] LogOutputStream:75 - [STDERR_REDIRECT] [Fatal Error] :1:1: Premature end of file.
2026-03-01 00:59:50,789 [ERROR] LogOutputStream:75 - [STDERR_REDIRECT] 
2026-03-01 00:59:51,786 [ERROR] LogOutputStream:75 - [STDERR_REDIRECT] [Fatal Error] :1:1: Premature end of file.
2026-03-01 00:59:51,786 [ERROR] LogOutputStream:75 - [STDERR_REDIRECT] 
2026-03-01 00:59:52,787 [ERROR] LogOutputStream:75 - [STDERR_REDIRECT] [Fatal Error] :1:1: Premature end of file.
2026-03-01 00:59:52,787 [ERROR] LogOutputStream:75 - [STDERR_REDIRECT] 
2026-03-01 00:59:53,785 [ERROR] LogOutputStream:75 - [STDERR_REDIRECT] [Fatal Error] :1:1: Premature end of file.
2026-03-01 00:59:53,785 [ERROR] LogOutputStream:75 - [STDERR_REDIRECT] 
2026-03-01 00:59:54,784 [ERROR] LogOutputStream:75 - [STDERR_REDIRECT] [Fatal Error] :1:1: Premature end of file.
2026-03-01 00:59:54,784 [ERROR] LogOutputStream:75 - [STDERR_REDIRECT] 
2026-03-01 00:59:55,791 [ERROR] LogOutputStream:75 - [STDERR_REDIRECT] [Fatal Error] :1:1: Premature end of file.
2026-03-01 00:59:55,791 [ERROR] LogOutputStream:75 - [STDERR_REDIRECT] 
2026-03-01 00:59:56,785 [ERROR] LogOutputStream:75 - [STDERR_REDIRECT] [Fatal Error] :1:1: Premature end of file.
2026-03-01 00:59:56,785 [ERROR] LogOutputStream:75 - [STDERR_REDIRECT] 
2026-03-01 00:59:57,800 [ERROR] LogOutputStream:75 - [STDERR_REDIRECT] [Fatal Error] :1:1: Premature end of file.
2026-03-01 00:59:57,800 [ERROR] LogOutputStream:75 - [STDERR_REDIRECT] 
2026-03-01 00:59:58,809 [ERROR] LogOutputStream:75 - [STDERR_REDIRECT] [Fatal Error] :1:1: Premature end of file.
2026-03-01 00:59:58,810 [ERROR] LogOutputStream:75 - [STDERR_REDIRECT] 
2026-03-01 00:59:59,784 [ERROR] LogOutputStream:75 - [STDERR_REDIRECT] [Fatal Error] :1:1: Premature end of file.
2026-03-01 00:59:59,784 [ERROR] LogOutputStream:75 - [STDERR_REDIRECT] 
2026-03-01 01:00:00,785 [ERROR] LogOutputStream:75 - [STDERR_REDIRECT] [Fatal Error] :1:1: Premature end of file.
2026-03-01 01:00:00,785 [ERROR] LogOutputStream:75 - [STDERR_REDIRECT] 
2026-03-01 01:00:01,790 [ERROR] LogOutputStream:75 - [STDERR_REDIRECT] [Fatal Error] :1:1: Premature end of file.
2026-03-01 01:00:01,790 [ERROR] LogOutputStream:75 - [STDERR_REDIRECT] 
2026-03-01 01:00:02,787 [ERROR] LogOutputStream:75 - [STDERR_REDIRECT] [Fatal Error] :1:1: Premature end of file.
2026-03-01 01:00:02,787 [ERROR] LogOutputStream:75 - [STDERR_REDIRECT] 
2026-03-01 01:00:03,791 [ERROR] LogOutputStream:75 - [STDERR_REDIRECT] [Fatal Error] :1:1: Premature end of file.
2026-03-01 01:00:03,791 [ERROR] LogOutputStream:75 - [STDERR_REDIRECT] 
2026-03-01 01:00:04,784 [ERROR] LogOutputStream:75 - [STDERR_REDIRECT] [Fatal Error] :1:1: Premature end of file.
2026-03-01 01:00:04,785 [ERROR] LogOutputStream:75 - [STDERR_REDIRECT] 
2026-03-01 01:00:05,797 [ERROR] LogOutputStream:75 - [STDERR_REDIRECT] [Fatal Error] :1:1: Premature end of file.
2026-03-01 01:00:05,797 [ERROR] LogOutputStream:75 - [STDERR_REDIRECT] 
2026-03-01 01:00:06,786 [ERROR] LogOutputStream:75 - [STDERR_REDIRECT] [Fatal Error] :1:1: Premature end of file.
2026-03-01 01:00:06,786 [ERROR] LogOutputStream:75 - [STDERR_REDIRECT] 
2026-03-01 01:00:07,790 [ERROR] LogOutputStream:75 - [STDERR_REDIRECT] [Fatal Error] :1:1: Premature end of file.
2026-03-01 01:00:07,790 [ERROR] LogOutputStream:75 - [STDERR_REDIRECT] 
2026-03-01 01:00:08,787 [ERROR] LogOutputStream:75 - [STDERR_REDIRECT] [Fatal Error] :1:1: Premature end of file.
2026-03-01 01:00:08,787 [ERROR] LogOutputStream:75 - [STDERR_REDIRECT] 
2026-03-01 01:00:09,785 [ERROR] LogOutputStream:75 - [STDERR_REDIRECT] [Fatal Error] :1:1: Premature end of file.
2026-03-01 01:00:09,785 [ERROR] LogOutputStream:75 - [STDERR_REDIRECT] 
2026-03-01 01:00:10,785 [ERROR] LogOutputStream:75 - [STDERR_REDIRECT] [Fatal Error] :1:1: Premature end of file.
2026-03-01 01:00:10,785 [ERROR] LogOutputStream:75 - [STDERR_REDIRECT] 
2026-03-01 01:00:11,785 [ERROR] LogOutputStream:75 - [STDERR_REDIRECT] [Fatal Error] :1:1: Premature end of file.
2026-03-01 01:00:11,785 [ERROR] LogOutputStream:75 - [STDERR_REDIRECT] 
2026-03-01 01:00:12,791 [ERROR] LogOutputStream:75 - [STDERR_REDIRECT] [Fatal Error] :1:1: Premature end of file.
2026-03-01 01:00:12,791 [ERROR] LogOutputStream:75 - [STDERR_REDIRECT] 
2026-03-01 01:00:13,786 [ERROR] LogOutputStream:75 - [STDERR_REDIRECT] [Fatal Error] :1:1: Premature end of file.
2026-03-01 01:00:13,786 [ERROR] LogOutputStream:75 - [STDERR_REDIRECT] 
2026-03-01 01:00:14,784 [ERROR] LogOutputStream:75 - [STDERR_REDIRECT] [Fatal Error] :1:1: Premature end of file.
2026-03-01 01:00:14,784 [ERROR] LogOutputStream:75 - [STDERR_REDIRECT] 
2026-03-01 01:00:15,798 [ERROR] LogOutputStream:75 - [STDERR_REDIRECT] [Fatal Error] :1:1: Premature end of file.
2026-03-01 01:00:15,798 [ERROR] LogOutputStream:75 - [STDERR_REDIRECT] 
2026-03-01 01:00:16,786 [ERROR] LogOutputStream:75 - [STDERR_REDIRECT] [Fatal Error] :1:1: Premature end of file.
2026-03-01 01:00:16,786 [ERROR] LogOutputStream:75 - [STDERR_REDIRECT] 
2026-03-01 01:00:17,788 [ERROR] LogOutputStream:75 - [STDERR_REDIRECT] [Fatal Error] :1:1: Premature end of file.
2026-03-01 01:00:17,788 [ERROR] LogOutputStream:75 - [STDERR_REDIRECT] 
2026-03-01 01:00:18,786 [ERROR] LogOutputStream:75 - [STDERR_REDIRECT] [Fatal Error] :1:1: Premature end of file.
2026-03-01 01:00:18,786 [ERROR] LogOutputStream:75 - [STDERR_REDIRECT] 
2026-03-01 01:00:19,785 [ERROR] LogOutputStream:75 - [STDERR_REDIRECT] [Fatal Error] :1:1: Premature end of file.
2026-03-01 01:00:19,785 [ERROR] LogOutputStream:75 - [STDERR_REDIRECT] 
2026-03-01 01:00:20,786 [ERROR] LogOutputStream:75 - [STDERR_REDIRECT] [Fatal Error] :1:1: Premature end of file.
2026-03-01 01:00:20,786 [ERROR] LogOutputStream:75 - [STDERR_REDIRECT] 
2026-03-01 01:00:21,785 [ERROR] LogOutputStream:75 - [STDERR_REDIRECT] [Fatal Error] :1:1: Premature end of file.
2026-03-01 01:00:21,785 [ERROR] LogOutputStream:75 - [STDERR_REDIRECT] 
2026-03-01 01:00:22,786 [ERROR] LogOutputStream:75 - [STDERR_REDIRECT] [Fatal Error] :1:1: Premature end of file.
2026-03-01 01:00:22,786 [ERROR] LogOutputStream:75 - [STDERR_REDIRECT] 
2026-03-01 01:00:23,787 [ERROR] LogOutputStream:75 - [STDERR_REDIRECT] [Fatal Error] :1:1: Premature end of file.
2026-03-01 01:00:23,787 [ERROR] LogOutputStream:75 - [STDERR_REDIRECT] 
2026-03-01 01:00:24,788 [ERROR] LogOutputStream:75 - [STDERR_REDIRECT] [Fatal Error] :1:1: Premature end of file.
2026-03-01 01:00:24,788 [ERROR] LogOutputStream:75 - [STDERR_REDIRECT] 
2026-03-01 01:00:25,827 [ERROR] LogOutputStream:75 - [STDERR_REDIRECT] [Fatal Error] :1:1: Premature end of file.
2026-03-01 01:00:25,827 [ERROR] LogOutputStream:75 - [STDERR_REDIRECT] 
2026-03-01 01:00:26,788 [ERROR] LogOutputStream:75 - [STDERR_REDIRECT] [Fatal Error] :1:1: Premature end of file.
2026-03-01 01:00:26,788 [ERROR] LogOutputStream:75 - [STDERR_REDIRECT] 
2026-03-01 01:00:27,785 [ERROR] LogOutputStream:75 - [STDERR_REDIRECT] [Fatal Error] :1:1: Premature end of file.
2026-03-01 01:00:27,785 [ERROR] LogOutputStream:75 - [STDERR_REDIRECT] 
2026-03-01 01:00:28,800 [ERROR] LogOutputStream:75 - [STDERR_REDIRECT] [Fatal Error] :1:1: Premature end of file.
2026-03-01 01:00:28,800 [ERROR] LogOutputStream:75 - [STDERR_REDIRECT] 
2026-03-01 01:00:29,787 [ERROR] LogOutputStream:75 - [STDERR_REDIRECT] [Fatal Error] :1:1: Premature end of file.
2026-03-01 01:00:29,787 [ERROR] LogOutputStream:75 - [STDERR_REDIRECT] 
2026-03-01 01:00:30,785 [ERROR] LogOutputStream:75 - [STDERR_REDIRECT] [Fatal Error] :1:1: Premature end of file.
2026-03-01 01:00:30,785 [ERROR] LogOutputStream:75 - [STDERR_REDIRECT] 
2026-03-01 01:00:31,786 [ERROR] LogOutputStream:75 - [STDERR_REDIRECT] [Fatal Error] :1:1: Premature end of file.
2026-03-01 01:00:31,786 [ERROR] LogOutputStream:75 - [STDERR_REDIRECT] 
2026-03-01 01:00:32,786 [ERROR] LogOutputStream:75 - [STDERR_REDIRECT] [Fatal Error] :1:1: Premature end of file.
2026-03-01 01:00:32,786 [ERROR] LogOutputStream:75 - [STDERR_REDIRECT] 
2026-03-01 01:00:33,785 [ERROR] LogOutputStream:75 - [STDERR_REDIRECT] [Fatal Error] :1:1: Premature end of file.
2026-03-01 01:00:33,785 [ERROR] LogOutputStream:75 - [STDERR_REDIRECT] 
2026-03-01 01:00:34,793 [ERROR] LogOutputStream:75 - [STDERR_REDIRECT] [Fatal Error] :1:1: Premature end of file.
2026-03-01 01:00:34,793 [ERROR] LogOutputStream:75 - [STDERR_REDIRECT] 
2026-03-01 01:00:35,784 [ERROR] LogOutputStream:75 - [STDERR_REDIRECT] [Fatal Error] :1:1: Premature end of file.
2026-03-01 01:00:35,784 [ERROR] LogOutputStream:75 - [STDERR_REDIRECT] 
2026-03-01 01:00:36,790 [ERROR] LogOutputStream:75 - [STDERR_REDIRECT] [Fatal Error] :1:1: Premature end of file.
2026-03-01 01:00:36,790 [ERROR] LogOutputStream:75 - [STDERR_REDIRECT] 
2026-03-01 01:00:37,785 [ERROR] LogOutputStream:75 - [STDERR_REDIRECT] [Fatal Error] :1:1: Premature end of file.
2026-03-01 01:00:37,785 [ERROR] LogOutputStream:75 - [STDERR_REDIRECT] 
2026-03-01 01:00:38,784 [ERROR] LogOutputStream:75 - [STDERR_REDIRECT] [Fatal Error] :1:1: Premature end of file.
2026-03-01 01:00:38,785 [ERROR] LogOutputStream:75 - [STDERR_REDIRECT] 
2026-03-01 01:00:39,799 [ERROR] LogOutputStream:75 - [STDERR_REDIRECT] [Fatal Error] :1:1: Premature end of file.
2026-03-01 01:00:39,799 [ERROR] LogOutputStream:75 - [STDERR_REDIRECT] 
2026-03-01 01:00:40,789 [ERROR] LogOutputStream:75 - [STDERR_REDIRECT] [Fatal Error] :1:1: Premature end of file.
2026-03-01 01:00:40,789 [ERROR] LogOutputStream:75 - [STDERR_REDIRECT] 
2026-03-01 01:00:41,785 [ERROR] LogOutputStream:75 - [STDERR_REDIRECT] [Fatal Error] :1:1: Premature end of file.
2026-03-01 01:00:41,785 [ERROR] LogOutputStream:75 - [STDERR_REDIRECT] 
2026-03-01 01:00:42,786 [ERROR] LogOutputStream:75 - [STDERR_REDIRECT] [Fatal Error] :1:1: Premature end of file.
2026-03-01 01:00:42,786 [ERROR] LogOutputStream:75 - [STDERR_REDIRECT] 
2026-03-01 01:00:43,786 [ERROR] LogOutputStream:75 - [STDERR_REDIRECT] [Fatal Error] :1:1: Premature end of file.
2026-03-01 01:00:43,787 [ERROR] LogOutputStream:75 - [STDERR_REDIRECT] 
2026-03-01 01:00:44,786 [ERROR] LogOutputStream:75 - [STDERR_REDIRECT] [Fatal Error] :1:1: Premature end of file.
2026-03-01 01:00:44,786 [ERROR] LogOutputStream:75 - [STDERR_REDIRECT] 
2026-03-01 01:00:45,785 [ERROR] LogOutputStream:75 - [STDERR_REDIRECT] [Fatal Error] :1:1: Premature end of file.
2026-03-01 01:00:45,786 [ERROR] LogOutputStream:75 - [STDERR_REDIRECT] 
2026-03-01 01:00:46,787 [ERROR] LogOutputStream:75 - [STDERR_REDIRECT] [Fatal Error] :1:1: Premature end of file.
2026-03-01 01:00:46,788 [ERROR] LogOutputStream:75 - [STDERR_REDIRECT] 
2026-03-01 01:00:47,785 [ERROR] LogOutputStream:75 - [STDERR_REDIRECT] [Fatal Error] :1:1: Premature end of file.
2026-03-01 01:00:47,785 [ERROR] LogOutputStream:75 - [STDERR_REDIRECT] 
2026-03-01 01:00:48,786 [ERROR] LogOutputStream:75 - [STDERR_REDIRECT] [Fatal Error] :1:1: Premature end of file.
2026-03-01 01:00:48,786 [ERROR] LogOutputStream:75 - [STDERR_REDIRECT] 
2026-03-01 01:00:49,785 [ERROR] LogOutputStream:75 - [STDERR_REDIRECT] [Fatal Error] :1:1: Premature end of file.
2026-03-01 01:00:49,785 [ERROR] LogOutputStream:75 - [STDERR_REDIRECT] 
2026-03-01 01:00:50,789 [ERROR] LogOutputStream:75 - [STDERR_REDIRECT] [Fatal Error] :1:1: Premature end of file.
2026-03-01 01:00:50,789 [ERROR] LogOutputStream:75 - [STDERR_REDIRECT] 
2026-03-01 01:00:51,787 [ERROR] LogOutputStream:75 - [STDERR_REDIRECT] [Fatal Error] :1:1: Premature end of file.
2026-03-01 01:00:51,787 [ERROR] LogOutputStream:75 - [STDERR_REDIRECT] 
2026-03-01 01:00:52,784 [ERROR] LogOutputStream:75 - [STDERR_REDIRECT] [Fatal Error] :1:1: Premature end of file.
2026-03-01 01:00:52,785 [ERROR] LogOutputStream:75 - [STDERR_REDIRECT] 
2026-03-01 01:00:53,788 [ERROR] LogOutputStream:75 - [STDERR_REDIRECT] [Fatal Error] :1:1: Premature end of file.
2026-03-01 01:00:53,788 [ERROR] LogOutputStream:75 - [STDERR_REDIRECT] 
2026-03-01 01:00:54,786 [ERROR] LogOutputStream:75 - [STDERR_REDIRECT] [Fatal Error] :1:1: Premature end of file.
2026-03-01 01:00:54,786 [ERROR] LogOutputStream:75 - [STDERR_REDIRECT] 
2026-03-01 01:00:55,787 [ERROR] LogOutputStream:75 - [STDERR_REDIRECT] [Fatal Error] :1:1: Premature end of file.
2026-03-01 01:00:55,787 [ERROR] LogOutputStream:75 - [STDERR_REDIRECT] 
2026-03-01 01:00:56,793 [ERROR] LogOutputStream:75 - [STDERR_REDIRECT] [Fatal Error] :1:1: Premature end of file.
2026-03-01 01:00:56,793 [ERROR] LogOutputStream:75 - [STDERR_REDIRECT] 
2026-03-01 01:00:57,786 [ERROR] LogOutputStream:75 - [STDERR_REDIRECT] [Fatal Error] :1:1: Premature end of file.
2026-03-01 01:00:57,786 [ERROR] LogOutputStream:75 - [STDERR_REDIRECT] 
2026-03-01 01:00:58,787 [ERROR] LogOutputStream:75 - [STDERR_REDIRECT] [Fatal Error] :1:1: Premature end of file.
2026-03-01 01:00:58,787 [ERROR] LogOutputStream:75 - [STDERR_REDIRECT] 
2026-03-01 01:00:59,785 [ERROR] LogOutputStream:75 - [STDERR_REDIRECT] [Fatal Error] :1:1: Premature end of file.
2026-03-01 01:00:59,785 [ERROR] LogOutputStream:75 - [STDERR_REDIRECT] 
2026-03-01 01:01:00,786 [ERROR] LogOutputStream:75 - [STDERR_REDIRECT] [Fatal Error] :1:1: Premature end of file.
2026-03-01 01:01:00,786 [ERROR] LogOutputStream:75 - [STDERR_REDIRECT] 
2026-03-01 01:01:01,786 [ERROR] LogOutputStream:75 - [STDERR_REDIRECT] [Fatal Error] :1:1: Premature end of file.
2026-03-01 01:01:01,786 [ERROR] LogOutputStream:75 - [STDERR_REDIRECT] 
2026-03-01 01:01:02,787 [ERROR] LogOutputStream:75 - [STDERR_REDIRECT] [Fatal Error] :1:1: Premature end of file.
2026-03-01 01:01:02,788 [ERROR] LogOutputStream:75 - [STDERR_REDIRECT] 
2026-03-01 01:01:03,785 [ERROR] LogOutputStream:75 - [STDERR_REDIRECT] [Fatal Error] :1:1: Premature end of file.
2026-03-01 01:01:03,785 [ERROR] LogOutputStream:75 - [STDERR_REDIRECT] 
2026-03-01 01:01:04,785 [ERROR] LogOutputStream:75 - [STDERR_REDIRECT] [Fatal Error] :1:1: Premature end of file.
2026-03-01 01:01:04,785 [ERROR] LogOutputStream:75 - [STDERR_REDIRECT] 
2026-03-01 01:01:05,796 [ERROR] LogOutputStream:75 - [STDERR_REDIRECT] [Fatal Error] :1:1: Premature end of file.
2026-03-01 01:01:05,796 [ERROR] LogOutputStream:75 - [STDERR_REDIRECT] 
2026-03-01 01:01:06,789 [ERROR] LogOutputStream:75 - [STDERR_REDIRECT] [Fatal Error] :1:1: Premature end of file.
2026-03-01 01:01:06,789 [ERROR] LogOutputStream:75 - [STDERR_REDIRECT] 
2026-03-01 01:01:07,785 [ERROR] LogOutputStream:75 - [STDERR_REDIRECT] [Fatal Error] :1:1: Premature end of file.
2026-03-01 01:01:07,785 [ERROR] LogOutputStream:75 - [STDERR_REDIRECT] 
2026-03-01 01:01:08,795 [ERROR] LogOutputStream:75 - [STDERR_REDIRECT] [Fatal Error] :1:1: Premature end of file.
2026-03-01 01:01:08,795 [ERROR] LogOutputStream:75 - [STDERR_REDIRECT] 
2026-03-01 01:01:09,785 [ERROR] LogOutputStream:75 - [STDERR_REDIRECT] [Fatal Error] :1:1: Premature end of file.
2026-03-01 01:01:09,785 [ERROR] LogOutputStream:75 - [STDERR_REDIRECT] 
2026-03-01 01:01:10,807 [ERROR] LogOutputStream:75 - [STDERR_REDIRECT] [Fatal Error] :1:1: Premature end of file.
2026-03-01 01:01:10,807 [ERROR] LogOutputStream:75 - [STDERR_REDIRECT] 
2026-03-01 01:01:11,788 [ERROR] LogOutputStream:75 - [STDERR_REDIRECT] [Fatal Error] :1:1: Premature end of file.
2026-03-01 01:01:11,788 [ERROR] LogOutputStream:75 - [STDERR_REDIRECT] 
2026-03-01 01:01:12,790 [ERROR] LogOutputStream:75 - [STDERR_REDIRECT] [Fatal Error] :1:1: Premature end of file.
2026-03-01 01:01:12,790 [ERROR] LogOutputStream:75 - [STDERR_REDIRECT] 
2026-03-01 01:01:13,785 [ERROR] LogOutputStream:75 - [STDERR_REDIRECT] [Fatal Error] :1:1: Premature end of file.
2026-03-01 01:01:13,786 [ERROR] LogOutputStream:75 - [STDERR_REDIRECT] 
2026-03-01 01:01:14,787 [ERROR] LogOutputStream:75 - [STDERR_REDIRECT] [Fatal Error] :1:1: Premature end of file.
2026-03-01 01:01:14,787 [ERROR] LogOutputStream:75 - [STDERR_REDIRECT] 
2026-03-01 01:01:15,786 [ERROR] LogOutputStream:75 - [STDERR_REDIRECT] [Fatal Error] :1:1: Premature end of file.
2026-03-01 01:01:15,786 [ERROR] LogOutputStream:75 - [STDERR_REDIRECT] 
2026-03-01 01:01:16,785 [ERROR] LogOutputStream:75 - [STDERR_REDIRECT] [Fatal Error] :1:1: Premature end of file.
2026-03-01 01:01:16,785 [ERROR] LogOutputStream:75 - [STDERR_REDIRECT] 
2026-03-01 01:01:17,786 [ERROR] LogOutputStream:75 - [STDERR_REDIRECT] [Fatal Error] :1:1: Premature end of file.
2026-03-01 01:01:17,786 [ERROR] LogOutputStream:75 - [STDERR_REDIRECT] 
2026-03-01 01:01:18,785 [ERROR] LogOutputStream:75 - [STDERR_REDIRECT] [Fatal Error] :1:1: Premature end of file.
2026-03-01 01:01:18,785 [ERROR] LogOutputStream:75 - [STDERR_REDIRECT] 
2026-03-01 01:01:19,785 [ERROR] LogOutputStream:75 - [STDERR_REDIRECT] [Fatal Error] :1:1: Premature end of file.
2026-03-01 01:01:19,785 [ERROR] LogOutputStream:75 - [STDERR_REDIRECT] 
2026-03-01 01:01:20,785 [ERROR] LogOutputStream:75 - [STDERR_REDIRECT] [Fatal Error] :1:1: Premature end of file.
2026-03-01 01:01:20,785 [ERROR] LogOutputStream:75 - [STDERR_REDIRECT] 
2026-03-01 01:01:21,786 [ERROR] LogOutputStream:75 - [STDERR_REDIRECT] [Fatal Error] :1:1: Premature end of file.
2026-03-01 01:01:21,786 [ERROR] LogOutputStream:75 - [STDERR_REDIRECT] 
2026-03-01 01:01:22,785 [ERROR] LogOutputStream:75 - [STDERR_REDIRECT] [Fatal Error] :1:1: Premature end of file.
2026-03-01 01:01:22,785 [ERROR] LogOutputStream:75 - [STDERR_REDIRECT] 
2026-03-01 01:01:23,800 [ERROR] LogOutputStream:75 - [STDERR_REDIRECT] [Fatal Error] :1:1: Premature end of file.
2026-03-01 01:01:23,800 [ERROR] LogOutputStream:75 - [STDERR_REDIRECT] 
2026-03-01 01:01:24,785 [ERROR] LogOutputStream:75 - [STDERR_REDIRECT] [Fatal Error] :1:1: Premature end of file.
2026-03-01 01:01:24,785 [ERROR] LogOutputStream:75 - [STDERR_REDIRECT] 
2026-03-01 01:01:25,801 [ERROR] LogOutputStream:75 - [STDERR_REDIRECT] [Fatal Error] :1:1: Premature end of file.
2026-03-01 01:01:25,801 [ERROR] LogOutputStream:75 - [STDERR_REDIRECT] 
2026-03-01 01:01:26,792 [ERROR] LogOutputStream:75 - [STDERR_REDIRECT] [Fatal Error] :1:1: Premature end of file.
2026-03-01 01:01:26,792 [ERROR] LogOutputStream:75 - [STDERR_REDIRECT] 
2026-03-01 01:01:27,794 [ERROR] LogOutputStream:75 - [STDERR_REDIRECT] [Fatal Error] :1:1: Premature end of file.
2026-03-01 01:01:27,794 [ERROR] LogOutputStream:75 - [STDERR_REDIRECT] 
2026-03-01 01:01:28,799 [ERROR] LogOutputStream:75 - [STDERR_REDIRECT] [Fatal Error] :1:1: Premature end of file.
2026-03-01 01:01:28,799 [ERROR] LogOutputStream:75 - [STDERR_REDIRECT] 
2026-03-01 01:01:29,785 [ERROR] LogOutputStream:75 - [STDERR_REDIRECT] [Fatal Error] :1:1: Premature end of file.
2026-03-01 01:01:29,786 [ERROR] LogOutputStream:75 - [STDERR_REDIRECT] 
2026-03-01 01:01:30,786 [ERROR] LogOutputStream:75 - [STDERR_REDIRECT] [Fatal Error] :1:1: Premature end of file.
2026-03-01 01:01:30,786 [ERROR] LogOutputStream:75 - [STDERR_REDIRECT] 
2026-03-01 01:01:31,784 [ERROR] LogOutputStream:75 - [STDERR_REDIRECT] [Fatal Error] :1:1: Premature end of file.
2026-03-01 01:01:31,784 [ERROR] LogOutputStream:75 - [STDERR_REDIRECT] 
2026-03-01 01:01:32,792 [ERROR] LogOutputStream:75 - [STDERR_REDIRECT] [Fatal Error] :1:1: Premature end of file.
2026-03-01 01:01:32,792 [ERROR] LogOutputStream:75 - [STDERR_REDIRECT] 
2026-03-01 01:01:33,784 [ERROR] LogOutputStream:75 - [STDERR_REDIRECT] [Fatal Error] :1:1: Premature end of file.
2026-03-01 01:01:33,784 [ERROR] LogOutputStream:75 - [STDERR_REDIRECT] 
2026-03-01 01:01:34,789 [ERROR] LogOutputStream:75 - [STDERR_REDIRECT] [Fatal Error] :1:1: Premature end of file.
2026-03-01 01:01:34,789 [ERROR] LogOutputStream:75 - [STDERR_REDIRECT] 
2026-03-01 01:01:35,786 [ERROR] LogOutputStream:75 - [STDERR_REDIRECT] [Fatal Error] :1:1: Premature end of file.
2026-03-01 01:01:35,786 [ERROR] LogOutputStream:75 - [STDERR_REDIRECT] 
2026-03-01 01:01:36,786 [ERROR] LogOutputStream:75 - [STDERR_REDIRECT] [Fatal Error] :1:1: Premature end of file.
2026-03-01 01:01:36,786 [ERROR] LogOutputStream:75 - [STDERR_REDIRECT] 
2026-03-01 01:01:37,787 [ERROR] LogOutputStream:75 - [STDERR_REDIRECT] [Fatal Error] :1:1: Premature end of file.
2026-03-01 01:01:37,787 [ERROR] LogOutputStream:75 - [STDERR_REDIRECT] 
2026-03-01 01:01:38,785 [ERROR] LogOutputStream:75 - [STDERR_REDIRECT] [Fatal Error] :1:1: Premature end of file.
2026-03-01 01:01:38,785 [ERROR] LogOutputStream:75 - [STDERR_REDIRECT] 
2026-03-01 01:01:39,786 [ERROR] LogOutputStream:75 - [STDERR_REDIRECT] [Fatal Error] :1:1: Premature end of file.
2026-03-01 01:01:39,786 [ERROR] LogOutputStream:75 - [STDERR_REDIRECT] 
2026-03-01 01:01:40,787 [ERROR] LogOutputStream:75 - [STDERR_REDIRECT] [Fatal Error] :1:1: Premature end of file.
2026-03-01 01:01:40,787 [ERROR] LogOutputStream:75 - [STDERR_REDIRECT] 
2026-03-01 01:01:41,821 [ERROR] LogOutputStream:75 - [STDERR_REDIRECT] [Fatal Error] :1:1: Premature end of file.
2026-03-01 01:01:41,821 [ERROR] LogOutputStream:75 - [STDERR_REDIRECT] 
2026-03-01 01:01:42,786 [ERROR] LogOutputStream:75 - [STDERR_REDIRECT] [Fatal Error] :1:1: Premature end of file.
2026-03-01 01:01:42,786 [ERROR] LogOutputStream:75 - [STDERR_REDIRECT] 
2026-03-01 01:01:43,786 [ERROR] LogOutputStream:75 - [STDERR_REDIRECT] [Fatal Error] :1:1: Premature end of file.
2026-03-01 01:01:43,787 [ERROR] LogOutputStream:75 - [STDERR_REDIRECT] 
2026-03-01 01:01:44,787 [ERROR] LogOutputStream:75 - [STDERR_REDIRECT] [Fatal Error] :1:1: Premature end of file.
2026-03-01 01:01:44,787 [ERROR] LogOutputStream:75 - [STDERR_REDIRECT] 
2026-03-01 01:01:45,784 [ERROR] LogOutputStream:75 - [STDERR_REDIRECT] [Fatal Error] :1:1: Premature end of file.
2026-03-01 01:01:45,786 [ERROR] LogOutputStream:75 - [STDERR_REDIRECT] 
2026-03-01 01:01:46,786 [ERROR] LogOutputStream:75 - [STDERR_REDIRECT] [Fatal Error] :1:1: Premature end of file.
2026-03-01 01:01:46,786 [ERROR] LogOutputStream:75 - [STDERR_REDIRECT] 
2026-03-01 01:01:47,785 [ERROR] LogOutputStream:75 - [STDERR_REDIRECT] [Fatal Error] :1:1: Premature end of file.
2026-03-01 01:01:47,785 [ERROR] LogOutputStream:75 - [STDERR_REDIRECT] 
2026-03-01 01:01:48,786 [ERROR] LogOutputStream:75 - [STDERR_REDIRECT] [Fatal Error] :1:1: Premature end of file.
2026-03-01 01:01:48,786 [ERROR] LogOutputStream:75 - [STDERR_REDIRECT] 
2026-03-01 01:01:49,785 [ERROR] LogOutputStream:75 - [STDERR_REDIRECT] [Fatal Error] :1:1: Premature end of file.
2026-03-01 01:01:49,786 [ERROR] LogOutputStream:75 - [STDERR_REDIRECT] 
2026-03-01 01:01:50,785 [ERROR] LogOutputStream:75 - [STDERR_REDIRECT] [Fatal Error] :1:1: Premature end of file.
2026-03-01 01:01:50,785 [ERROR] LogOutputStream:75 - [STDERR_REDIRECT] 
2026-03-01 01:01:51,787 [ERROR] LogOutputStream:75 - [STDERR_REDIRECT] [Fatal Error] :1:1: Premature end of file.
2026-03-01 01:01:51,788 [ERROR] LogOutputStream:75 - [STDERR_REDIRECT] 
2026-03-01 01:01:52,786 [ERROR] LogOutputStream:75 - [STDERR_REDIRECT] [Fatal Error] :1:1: Premature end of file.
2026-03-01 01:01:52,786 [ERROR] LogOutputStream:75 - [STDERR_REDIRECT] 
2026-03-01 01:01:53,784 [ERROR] LogOutputStream:75 - [STDERR_REDIRECT] [Fatal Error] :1:1: Premature end of file.
2026-03-01 01:01:53,784 [ERROR] LogOutputStream:75 - [STDERR_REDIRECT] 
2026-03-01 01:01:54,794 [ERROR] LogOutputStream:75 - [STDERR_REDIRECT] [Fatal Error] :1:1: Premature end of file.
2026-03-01 01:01:54,794 [ERROR] LogOutputStream:75 - [STDERR_REDIRECT] 
2026-03-01 01:01:55,785 [ERROR] LogOutputStream:75 - [STDERR_REDIRECT] [Fatal Error] :1:1: Premature end of file.
2026-03-01 01:01:55,785 [ERROR] LogOutputStream:75 - [STDERR_REDIRECT] 
2026-03-01 01:01:56,785 [ERROR] LogOutputStream:75 - [STDERR_REDIRECT] [Fatal Error] :1:1: Premature end of file.
2026-03-01 01:01:56,785 [ERROR] LogOutputStream:75 - [STDERR_REDIRECT] 
2026-03-01 01:01:57,785 [ERROR] LogOutputStream:75 - [STDERR_REDIRECT] [Fatal Error] :1:1: Premature end of file.
2026-03-01 01:01:57,785 [ERROR] LogOutputStream:75 - [STDERR_REDIRECT] 
2026-03-01 01:01:58,785 [ERROR] LogOutputStream:75 - [STDERR_REDIRECT] [Fatal Error] :1:1: Premature end of file.
2026-03-01 01:01:58,785 [ERROR] LogOutputStream:75 - [STDERR_REDIRECT] 
2026-03-01 01:01:59,785 [ERROR] LogOutputStream:75 - [STDERR_REDIRECT] [Fatal Error] :1:1: Premature end of file.
2026-03-01 01:01:59,786 [ERROR] LogOutputStream:75 - [STDERR_REDIRECT] 
2026-03-01 01:02:00,785 [ERROR] LogOutputStream:75 - [STDERR_REDIRECT] [Fatal Error] :1:1: Premature end of file.
2026-03-01 01:02:00,785 [ERROR] LogOutputStream:75 - [STDERR_REDIRECT] 
2026-03-01 01:02:01,786 [ERROR] LogOutputStream:75 - [STDERR_REDIRECT] [Fatal Error] :1:1: Premature end of file.
2026-03-01 01:02:01,786 [ERROR] LogOutputStream:75 - [STDERR_REDIRECT] 
2026-03-01 01:02:02,785 [ERROR] LogOutputStream:75 - [STDERR_REDIRECT] [Fatal Error] :1:1: Premature end of file.
2026-03-01 01:02:02,785 [ERROR] LogOutputStream:75 - [STDERR_REDIRECT] 
2026-03-01 01:02:03,801 [ERROR] LogOutputStream:75 - [STDERR_REDIRECT] [Fatal Error] :1:1: Premature end of file.
2026-03-01 01:02:03,801 [ERROR] LogOutputStream:75 - [STDERR_REDIRECT] 
2026-03-01 01:02:04,786 [ERROR] LogOutputStream:75 - [STDERR_REDIRECT] [Fatal Error] :1:1: Premature end of file.
2026-03-01 01:02:04,786 [ERROR] LogOutputStream:75 - [STDERR_REDIRECT] 
2026-03-01 01:02:05,784 [ERROR] LogOutputStream:75 - [STDERR_REDIRECT] [Fatal Error] :1:1: Premature end of file.
2026-03-01 01:02:05,784 [ERROR] LogOutputStream:75 - [STDERR_REDIRECT] 
2026-03-01 01:02:06,799 [ERROR] LogOutputStream:75 - [STDERR_REDIRECT] [Fatal Error] :1:1: Premature end of file.
2026-03-01 01:02:06,799 [ERROR] LogOutputStream:75 - [STDERR_REDIRECT] 
2026-03-01 01:02:07,785 [ERROR] LogOutputStream:75 - [STDERR_REDIRECT] [Fatal Error] :1:1: Premature end of file.
2026-03-01 01:02:07,785 [ERROR] LogOutputStream:75 - [STDERR_REDIRECT] 
2026-03-01 01:02:08,785 [ERROR] LogOutputStream:75 - [STDERR_REDIRECT] [Fatal Error] :1:1: Premature end of file.
2026-03-01 01:02:08,785 [ERROR] LogOutputStream:75 - [STDERR_REDIRECT] 
2026-03-01 01:02:09,785 [ERROR] LogOutputStream:75 - [STDERR_REDIRECT] [Fatal Error] :1:1: Premature end of file.
2026-03-01 01:02:09,785 [ERROR] LogOutputStream:75 - [STDERR_REDIRECT] 
2026-03-01 01:02:10,786 [ERROR] LogOutputStream:75 - [STDERR_REDIRECT] [Fatal Error] :1:1: Premature end of file.
2026-03-01 01:02:10,786 [ERROR] LogOutputStream:75 - [STDERR_REDIRECT] 
2026-03-01 01:02:11,785 [ERROR] LogOutputStream:75 - [STDERR_REDIRECT] [Fatal Error] :1:1: Premature end of file.
2026-03-01 01:02:11,786 [ERROR] LogOutputStream:75 - [STDERR_REDIRECT] 
2026-03-01 01:02:12,785 [ERROR] LogOutputStream:75 - [STDERR_REDIRECT] [Fatal Error] :1:1: Premature end of file.
2026-03-01 01:02:12,785 [ERROR] LogOutputStream:75 - [STDERR_REDIRECT] 
2026-03-01 01:02:13,793 [ERROR] LogOutputStream:75 - [STDERR_REDIRECT] [Fatal Error] :1:1: Premature end of file.
2026-03-01 01:02:13,793 [ERROR] LogOutputStream:75 - [STDERR_REDIRECT] 
2026-03-01 01:02:14,786 [ERROR] LogOutputStream:75 - [STDERR_REDIRECT] [Fatal Error] :1:1: Premature end of file.
2026-03-01 01:02:14,786 [ERROR] LogOutputStream:75 - [STDERR_REDIRECT] 
2026-03-01 01:02:15,786 [ERROR] LogOutputStream:75 - [STDERR_REDIRECT] [Fatal Error] :1:1: Premature end of file.
2026-03-01 01:02:15,786 [ERROR] LogOutputStream:75 - [STDERR_REDIRECT] 
2026-03-01 01:02:16,786 [ERROR] LogOutputStream:75 - [STDERR_REDIRECT] [Fatal Error] :1:1: Premature end of file.
2026-03-01 01:02:16,786 [ERROR] LogOutputStream:75 - [STDERR_REDIRECT] 
2026-03-01 01:02:17,785 [ERROR] LogOutputStream:75 - [STDERR_REDIRECT] [Fatal Error] :1:1: Premature end of file.
2026-03-01 01:02:17,785 [ERROR] LogOutputStream:75 - [STDERR_REDIRECT] 
2026-03-01 01:02:18,785 [ERROR] LogOutputStream:75 - [STDERR_REDIRECT] [Fatal Error] :1:1: Premature end of file.
2026-03-01 01:02:18,786 [ERROR] LogOutputStream:75 - [STDERR_REDIRECT] 
2026-03-01 01:02:19,785 [ERROR] LogOutputStream:75 - [STDERR_REDIRECT] [Fatal Error] :1:1: Premature end of file.
2026-03-01 01:02:19,785 [ERROR] LogOutputStream:75 - [STDERR_REDIRECT] 
2026-03-01 01:02:20,785 [ERROR] LogOutputStream:75 - [STDERR_REDIRECT] [Fatal Error] :1:1: Premature end of file.
2026-03-01 01:02:20,785 [ERROR] LogOutputStream:75 - [STDERR_REDIRECT] 
2026-03-01 01:02:21,793 [ERROR] LogOutputStream:75 - [STDERR_REDIRECT] [Fatal Error] :1:1: Premature end of file.
2026-03-01 01:02:21,793 [ERROR] LogOutputStream:75 - [STDERR_REDIRECT] 
2026-03-01 01:02:22,791 [ERROR] LogOutputStream:75 - [STDERR_REDIRECT] [Fatal Error] :1:1: Premature end of file.
2026-03-01 01:02:22,791 [ERROR] LogOutputStream:75 - [STDERR_REDIRECT] 
2026-03-01 01:02:23,788 [ERROR] LogOutputStream:75 - [STDERR_REDIRECT] [Fatal Error] :1:1: Premature end of file.
2026-03-01 01:02:23,789 [ERROR] LogOutputStream:75 - [STDERR_REDIRECT] 
2026-03-01 01:02:24,787 [ERROR] LogOutputStream:75 - [STDERR_REDIRECT] [Fatal Error] :1:1: Premature end of file.
2026-03-01 01:02:24,787 [ERROR] LogOutputStream:75 - [STDERR_REDIRECT] 
2026-03-01 01:02:25,784 [ERROR] LogOutputStream:75 - [STDERR_REDIRECT] [Fatal Error] :1:1: Premature end of file.
2026-03-01 01:02:25,784 [ERROR] LogOutputStream:75 - [STDERR_REDIRECT] 
2026-03-01 01:02:26,787 [ERROR] LogOutputStream:75 - [STDERR_REDIRECT] [Fatal Error] :1:1: Premature end of file.
2026-03-01 01:02:26,787 [ERROR] LogOutputStream:75 - [STDERR_REDIRECT] 
2026-03-01 01:02:27,786 [ERROR] LogOutputStream:75 - [STDERR_REDIRECT] [Fatal Error] :1:1: Premature end of file.
2026-03-01 01:02:27,786 [ERROR] LogOutputStream:75 - [STDERR_REDIRECT] 
2026-03-01 01:02:28,789 [ERROR] LogOutputStream:75 - [STDERR_REDIRECT] [Fatal Error] :1:1: Premature end of file.
2026-03-01 01:02:28,789 [ERROR] LogOutputStream:75 - [STDERR_REDIRECT] 
2026-03-01 01:02:29,787 [ERROR] LogOutputStream:75 - [STDERR_REDIRECT] [Fatal Error] :1:1: Premature end of file.
2026-03-01 01:02:29,787 [ERROR] LogOutputStream:75 - [STDERR_REDIRECT] 
2026-03-01 01:02:30,785 [ERROR] LogOutputStream:75 - [STDERR_REDIRECT] [Fatal Error] :1:1: Premature end of file.
2026-03-01 01:02:30,785 [ERROR] LogOutputStream:75 - [STDERR_REDIRECT] 
2026-03-01 01:02:31,789 [ERROR] LogOutputStream:75 - [STDERR_REDIRECT] [Fatal Error] :1:1: Premature end of file.
2026-03-01 01:02:31,790 [ERROR] LogOutputStream:75 - [STDERR_REDIRECT] 
2026-03-01 01:02:32,784 [ERROR] LogOutputStream:75 - [STDERR_REDIRECT] [Fatal Error] :1:1: Premature end of file.
2026-03-01 01:02:32,785 [ERROR] LogOutputStream:75 - [STDERR_REDIRECT] 
2026-03-01 01:02:33,788 [ERROR] LogOutputStream:75 - [STDERR_REDIRECT] [Fatal Error] :1:1: Premature end of file.
2026-03-01 01:02:33,788 [ERROR] LogOutputStream:75 - [STDERR_REDIRECT] 
2026-03-01 01:02:34,836 [ERROR] LogOutputStream:75 - [STDERR_REDIRECT] [Fatal Error] :1:1: Premature end of file.
2026-03-01 01:02:34,836 [ERROR] LogOutputStream:75 - [STDERR_REDIRECT] 
2026-03-01 01:02:35,786 [ERROR] LogOutputStream:75 - [STDERR_REDIRECT] [Fatal Error] :1:1: Premature end of file.
2026-03-01 01:02:35,786 [ERROR] LogOutputStream:75 - [STDERR_REDIRECT] 
2026-03-01 01:02:36,784 [ERROR] LogOutputStream:75 - [STDERR_REDIRECT] [Fatal Error] :1:1: Premature end of file.
2026-03-01 01:02:36,784 [ERROR] LogOutputStream:75 - [STDERR_REDIRECT] 
2026-03-01 01:02:37,800 [ERROR] LogOutputStream:75 - [STDERR_REDIRECT] [Fatal Error] :1:1: Premature end of file.
2026-03-01 01:02:37,801 [ERROR] LogOutputStream:75 - [STDERR_REDIRECT] 
2026-03-01 01:02:38,785 [ERROR] LogOutputStream:75 - [STDERR_REDIRECT] [Fatal Error] :1:1: Premature end of file.
2026-03-01 01:02:38,786 [ERROR] LogOutputStream:75 - [STDERR_REDIRECT] 
2026-03-01 01:02:39,786 [ERROR] LogOutputStream:75 - [STDERR_REDIRECT] [Fatal Error] :1:1: Premature end of file.
2026-03-01 01:02:39,786 [ERROR] LogOutputStream:75 - [STDERR_REDIRECT] 
2026-03-01 01:02:40,785 [ERROR] LogOutputStream:75 - [STDERR_REDIRECT] [Fatal Error] :1:1: Premature end of file.
2026-03-01 01:02:40,785 [ERROR] LogOutputStream:75 - [STDERR_REDIRECT] 
2026-03-01 01:02:41,786 [ERROR] LogOutputStream:75 - [STDERR_REDIRECT] [Fatal Error] :1:1: Premature end of file.
2026-03-01 01:02:41,786 [ERROR] LogOutputStream:75 - [STDERR_REDIRECT] 
2026-03-01 01:02:42,785 [ERROR] LogOutputStream:75 - [STDERR_REDIRECT] [Fatal Error] :1:1: Premature end of file.
2026-03-01 01:02:42,785 [ERROR] LogOutputStream:75 - [STDERR_REDIRECT] 
2026-03-01 01:02:43,785 [ERROR] LogOutputStream:75 - [STDERR_REDIRECT] [Fatal Error] :1:1: Premature end of file.
2026-03-01 01:02:43,785 [ERROR] LogOutputStream:75 - [STDERR_REDIRECT] 
2026-03-01 01:02:44,800 [ERROR] LogOutputStream:75 - [STDERR_REDIRECT] [Fatal Error] :1:1: Premature end of file.
2026-03-01 01:02:44,800 [ERROR] LogOutputStream:75 - [STDERR_REDIRECT] 
2026-03-01 01:02:45,785 [ERROR] LogOutputStream:75 - [STDERR_REDIRECT] [Fatal Error] :1:1: Premature end of file.
2026-03-01 01:02:45,785 [ERROR] LogOutputStream:75 - [STDERR_REDIRECT] 
2026-03-01 01:02:46,790 [ERROR] LogOutputStream:75 - [STDERR_REDIRECT] [Fatal Error] :1:1: Premature end of file.
2026-03-01 01:02:46,790 [ERROR] LogOutputStream:75 - [STDERR_REDIRECT] 
2026-03-01 01:02:47,784 [ERROR] LogOutputStream:75 - [STDERR_REDIRECT] [Fatal Error] :1:1: Premature end of file.
2026-03-01 01:02:47,784 [ERROR] LogOutputStream:75 - [STDERR_REDIRECT] 
2026-03-01 01:02:48,794 [ERROR] LogOutputStream:75 - [STDERR_REDIRECT] [Fatal Error] :1:1: Premature end of file.
2026-03-01 01:02:48,794 [ERROR] LogOutputStream:75 - [STDERR_REDIRECT] 
2026-03-01 01:02:49,785 [ERROR] LogOutputStream:75 - [STDERR_REDIRECT] [Fatal Error] :1:1: Premature end of file.
2026-03-01 01:02:49,785 [ERROR] LogOutputStream:75 - [STDERR_REDIRECT] 
2026-03-01 01:02:50,785 [ERROR] LogOutputStream:75 - [STDERR_REDIRECT] [Fatal Error] :1:1: Premature end of file.
2026-03-01 01:02:50,785 [ERROR] LogOutputStream:75 - [STDERR_REDIRECT] 
2026-03-01 01:02:51,786 [ERROR] LogOutputStream:75 - [STDERR_REDIRECT] [Fatal Error] :1:1: Premature end of file.
2026-03-01 01:02:51,786 [ERROR] LogOutputStream:75 - [STDERR_REDIRECT] 
2026-03-01 01:02:52,785 [ERROR] LogOutputStream:75 - [STDERR_REDIRECT] [Fatal Error] :1:1: Premature end of file.
2026-03-01 01:02:52,785 [ERROR] LogOutputStream:75 - [STDERR_REDIRECT] 
2026-03-01 01:02:53,804 [ERROR] LogOutputStream:75 - [STDERR_REDIRECT] [Fatal Error] :1:1: Premature end of file.
2026-03-01 01:02:53,804 [ERROR] LogOutputStream:75 - [STDERR_REDIRECT] 
2026-03-01 01:02:54,786 [ERROR] LogOutputStream:75 - [STDERR_REDIRECT] [Fatal Error] :1:1: Premature end of file.
2026-03-01 01:02:54,786 [ERROR] LogOutputStream:75 - [STDERR_REDIRECT] 
2026-03-01 01:02:55,786 [ERROR] LogOutputStream:75 - [STDERR_REDIRECT] [Fatal Error] :1:1: Premature end of file.
2026-03-01 01:02:55,786 [ERROR] LogOutputStream:75 - [STDERR_REDIRECT] 
2026-03-01 01:02:56,786 [ERROR] LogOutputStream:75 - [STDERR_REDIRECT] [Fatal Error] :1:1: Premature end of file.
2026-03-01 01:02:56,787 [ERROR] LogOutputStream:75 - [STDERR_REDIRECT] 
2026-03-01 01:02:57,785 [ERROR] LogOutputStream:75 - [STDERR_REDIRECT] [Fatal Error] :1:1: Premature end of file.
2026-03-01 01:02:57,786 [ERROR] LogOutputStream:75 - [STDERR_REDIRECT] 
2026-03-01 01:02:58,785 [ERROR] LogOutputStream:75 - [STDERR_REDIRECT] [Fatal Error] :1:1: Premature end of file.
2026-03-01 01:02:58,786 [ERROR] LogOutputStream:75 - [STDERR_REDIRECT] 
2026-03-01 01:02:59,788 [ERROR] LogOutputStream:75 - [STDERR_REDIRECT] [Fatal Error] :1:1: Premature end of file.
2026-03-01 01:02:59,788 [ERROR] LogOutputStream:75 - [STDERR_REDIRECT] 
2026-03-01 01:03:00,788 [ERROR] LogOutputStream:75 - [STDERR_REDIRECT] [Fatal Error] :1:1: Premature end of file.
2026-03-01 01:03:00,788 [ERROR] LogOutputStream:75 - [STDERR_REDIRECT] 
2026-03-01 01:03:01,784 [ERROR] LogOutputStream:75 - [STDERR_REDIRECT] [Fatal Error] :1:1: Premature end of file.
2026-03-01 01:03:01,784 [ERROR] LogOutputStream:75 - [STDERR_REDIRECT] 
2026-03-01 01:03:02,784 [ERROR] LogOutputStream:75 - [STDERR_REDIRECT] [Fatal Error] :1:1: Premature end of file.
2026-03-01 01:03:02,784 [ERROR] LogOutputStream:75 - [STDERR_REDIRECT] 
2026-03-01 01:03:03,786 [ERROR] LogOutputStream:75 - [STDERR_REDIRECT] [Fatal Error] :1:1: Premature end of file.
2026-03-01 01:03:03,786 [ERROR] LogOutputStream:75 - [STDERR_REDIRECT] 
2026-03-01 01:03:04,785 [ERROR] LogOutputStream:75 - [STDERR_REDIRECT] [Fatal Error] :1:1: Premature end of file.
2026-03-01 01:03:04,785 [ERROR] LogOutputStream:75 - [STDERR_REDIRECT] 
2026-03-01 01:03:05,787 [ERROR] LogOutputStream:75 - [STDERR_REDIRECT] [Fatal Error] :1:1: Premature end of file.
2026-03-01 01:03:05,788 [ERROR] LogOutputStream:75 - [STDERR_REDIRECT] 
2026-03-01 01:03:06,786 [ERROR] LogOutputStream:75 - [STDERR_REDIRECT] [Fatal Error] :1:1: Premature end of file.
2026-03-01 01:03:06,786 [ERROR] LogOutputStream:75 - [STDERR_REDIRECT] 
2026-03-01 01:03:07,785 [ERROR] LogOutputStream:75 - [STDERR_REDIRECT] [Fatal Error] :1:1: Premature end of file.
2026-03-01 01:03:07,785 [ERROR] LogOutputStream:75 - [STDERR_REDIRECT] 
2026-03-01 01:03:08,785 [ERROR] LogOutputStream:75 - [STDERR_REDIRECT] [Fatal Error] :1:1: Premature end of file.
2026-03-01 01:03:08,786 [ERROR] LogOutputStream:75 - [STDERR_REDIRECT] 
2026-03-01 01:03:09,786 [ERROR] LogOutputStream:75 - [STDERR_REDIRECT] [Fatal Error] :1:1: Premature end of file.
2026-03-01 01:03:09,786 [ERROR] LogOutputStream:75 - [STDERR_REDIRECT] 
2026-03-01 01:03:10,834 [ERROR] LogOutputStream:75 - [STDERR_REDIRECT] [Fatal Error] :1:1: Premature end of file.
2026-03-01 01:03:10,835 [ERROR] LogOutputStream:75 - [STDERR_REDIRECT] 
2026-03-01 01:03:11,786 [ERROR] LogOutputStream:75 - [STDERR_REDIRECT] [Fatal Error] :1:1: Premature end of file.
2026-03-01 01:03:11,787 [ERROR] LogOutputStream:75 - [STDERR_REDIRECT] 
2026-03-01 01:03:12,788 [ERROR] LogOutputStream:75 - [STDERR_REDIRECT] [Fatal Error] :1:1: Premature end of file.
2026-03-01 01:03:12,789 [ERROR] LogOutputStream:75 - [STDERR_REDIRECT] 
2026-03-01 01:03:13,786 [ERROR] LogOutputStream:75 - [STDERR_REDIRECT] [Fatal Error] :1:1: Premature end of file.
2026-03-01 01:03:13,786 [ERROR] LogOutputStream:75 - [STDERR_REDIRECT] 
2026-03-01 01:03:14,786 [ERROR] LogOutputStream:75 - [STDERR_REDIRECT] [Fatal Error] :1:1: Premature end of file.
2026-03-01 01:03:14,787 [ERROR] LogOutputStream:75 - [STDERR_REDIRECT] 
2026-03-01 01:03:15,787 [ERROR] LogOutputStream:75 - [STDERR_REDIRECT] [Fatal Error] :1:1: Premature end of file.
2026-03-01 01:03:15,787 [ERROR] LogOutputStream:75 - [STDERR_REDIRECT] 
2026-03-01 01:03:16,792 [ERROR] LogOutputStream:75 - [STDERR_REDIRECT] [Fatal Error] :1:1: Premature end of file.
2026-03-01 01:03:16,793 [ERROR] LogOutputStream:75 - [STDERR_REDIRECT] 
2026-03-01 01:03:17,788 [ERROR] LogOutputStream:75 - [STDERR_REDIRECT] [Fatal Error] :1:1: Premature end of file.
2026-03-01 01:03:17,788 [ERROR] LogOutputStream:75 - [STDERR_REDIRECT] 
2026-03-01 01:03:18,785 [ERROR] LogOutputStream:75 - [STDERR_REDIRECT] [Fatal Error] :1:1: Premature end of file.
2026-03-01 01:03:18,785 [ERROR] LogOutputStream:75 - [STDERR_REDIRECT] 
2026-03-01 01:03:19,786 [ERROR] LogOutputStream:75 - [STDERR_REDIRECT] [Fatal Error] :1:1: Premature end of file.
2026-03-01 01:03:19,786 [ERROR] LogOutputStream:75 - [STDERR_REDIRECT] 
2026-03-01 01:03:20,787 [ERROR] LogOutputStream:75 - [STDERR_REDIRECT] [Fatal Error] :1:1: Premature end of file.
2026-03-01 01:03:20,787 [ERROR] LogOutputStream:75 - [STDERR_REDIRECT] 
2026-03-01 01:03:21,785 [ERROR] LogOutputStream:75 - [STDERR_REDIRECT] [Fatal Error] :1:1: Premature end of file.
2026-03-01 01:03:21,786 [ERROR] LogOutputStream:75 - [STDERR_REDIRECT] 
2026-03-01 01:03:22,787 [ERROR] LogOutputStream:75 - [STDERR_REDIRECT] [Fatal Error] :1:1: Premature end of file.
2026-03-01 01:03:22,787 [ERROR] LogOutputStream:75 - [STDERR_REDIRECT] 
2026-03-01 01:03:23,785 [ERROR] LogOutputStream:75 - [STDERR_REDIRECT] [Fatal Error] :1:1: Premature end of file.
2026-03-01 01:03:23,785 [ERROR] LogOutputStream:75 - [STDERR_REDIRECT] 
2026-03-01 01:03:24,784 [ERROR] LogOutputStream:75 - [STDERR_REDIRECT] [Fatal Error] :1:1: Premature end of file.
2026-03-01 01:03:24,784 [ERROR] LogOutputStream:75 - [STDERR_REDIRECT] 
2026-03-01 01:03:25,789 [ERROR] LogOutputStream:75 - [STDERR_REDIRECT] [Fatal Error] :1:1: Premature end of file.
2026-03-01 01:03:25,789 [ERROR] LogOutputStream:75 - [STDERR_REDIRECT] 
2026-03-01 01:03:26,786 [ERROR] LogOutputStream:75 - [STDERR_REDIRECT] [Fatal Error] :1:1: Premature end of file.
2026-03-01 01:03:26,786 [ERROR] LogOutputStream:75 - [STDERR_REDIRECT] 
2026-03-01 01:03:27,785 [ERROR] LogOutputStream:75 - [STDERR_REDIRECT] [Fatal Error] :1:1: Premature end of file.
2026-03-01 01:03:27,785 [ERROR] LogOutputStream:75 - [STDERR_REDIRECT] 
2026-03-01 01:03:28,784 [ERROR] LogOutputStream:75 - [STDERR_REDIRECT] [Fatal Error] :1:1: Premature end of file.
2026-03-01 01:03:28,785 [ERROR] LogOutputStream:75 - [STDERR_REDIRECT] 
2026-03-01 01:03:29,785 [ERROR] LogOutputStream:75 - [STDERR_REDIRECT] [Fatal Error] :1:1: Premature end of file.
2026-03-01 01:03:29,785 [ERROR] LogOutputStream:75 - [STDERR_REDIRECT] 
2026-03-01 01:03:30,789 [ERROR] LogOutputStream:75 - [STDERR_REDIRECT] [Fatal Error] :1:1: Premature end of file.
2026-03-01 01:03:30,789 [ERROR] LogOutputStream:75 - [STDERR_REDIRECT] 
2026-03-01 01:03:31,795 [ERROR] LogOutputStream:75 - [STDERR_REDIRECT] [Fatal Error] :1:1: Premature end of file.
2026-03-01 01:03:31,795 [ERROR] LogOutputStream:75 - [STDERR_REDIRECT] 
2026-03-01 01:03:32,786 [ERROR] LogOutputStream:75 - [STDERR_REDIRECT] [Fatal Error] :1:1: Premature end of file.
2026-03-01 01:03:32,786 [ERROR] LogOutputStream:75 - [STDERR_REDIRECT] 
2026-03-01 01:03:33,784 [ERROR] LogOutputStream:75 - [STDERR_REDIRECT] [Fatal Error] :1:1: Premature end of file.
2026-03-01 01:03:33,784 [ERROR] LogOutputStream:75 - [STDERR_REDIRECT] 
2026-03-01 01:03:34,785 [ERROR] LogOutputStream:75 - [STDERR_REDIRECT] [Fatal Error] :1:1: Premature end of file.
2026-03-01 01:03:34,785 [ERROR] LogOutputStream:75 - [STDERR_REDIRECT] 
2026-03-01 01:03:35,787 [ERROR] LogOutputStream:75 - [STDERR_REDIRECT] [Fatal Error] :1:1: Premature end of file.
2026-03-01 01:03:35,788 [ERROR] LogOutputStream:75 - [STDERR_REDIRECT] 
2026-03-01 01:03:36,786 [ERROR] LogOutputStream:75 - [STDERR_REDIRECT] [Fatal Error] :1:1: Premature end of file.
2026-03-01 01:03:36,786 [ERROR] LogOutputStream:75 - [STDERR_REDIRECT] 
2026-03-01 01:03:37,787 [ERROR] LogOutputStream:75 - [STDERR_REDIRECT] [Fatal Error] :1:1: Premature end of file.
2026-03-01 01:03:37,787 [ERROR] LogOutputStream:75 - [STDERR_REDIRECT] 
2026-03-01 01:03:38,786 [ERROR] LogOutputStream:75 - [STDERR_REDIRECT] [Fatal Error] :1:1: Premature end of file.
2026-03-01 01:03:38,786 [ERROR] LogOutputStream:75 - [STDERR_REDIRECT] 
2026-03-01 01:03:39,784 [ERROR] LogOutputStream:75 - [STDERR_REDIRECT] [Fatal Error] :1:1: Premature end of file.
2026-03-01 01:03:39,784 [ERROR] LogOutputStream:75 - [STDERR_REDIRECT] 
2026-03-01 01:03:40,787 [ERROR] LogOutputStream:75 - [STDERR_REDIRECT] [Fatal Error] :1:1: Premature end of file.
2026-03-01 01:03:40,787 [ERROR] LogOutputStream:75 - [STDERR_REDIRECT] 
2026-03-01 01:03:41,789 [ERROR] LogOutputStream:75 - [STDERR_REDIRECT] [Fatal Error] :1:1: Premature end of file.
2026-03-01 01:03:41,789 [ERROR] LogOutputStream:75 - [STDERR_REDIRECT] 
2026-03-01 01:03:42,785 [ERROR] LogOutputStream:75 - [STDERR_REDIRECT] [Fatal Error] :1:1: Premature end of file.
2026-03-01 01:03:42,785 [ERROR] LogOutputStream:75 - [STDERR_REDIRECT] 
2026-03-01 01:03:43,785 [ERROR] LogOutputStream:75 - [STDERR_REDIRECT] [Fatal Error] :1:1: Premature end of file.
2026-03-01 01:03:43,785 [ERROR] LogOutputStream:75 - [STDERR_REDIRECT] 
2026-03-01 01:03:44,785 [ERROR] LogOutputStream:75 - [STDERR_REDIRECT] [Fatal Error] :1:1: Premature end of file.
2026-03-01 01:03:44,785 [ERROR] LogOutputStream:75 - [STDERR_REDIRECT] 
2026-03-01 01:03:45,788 [ERROR] LogOutputStream:75 - [STDERR_REDIRECT] [Fatal Error] :1:1: Premature end of file.
2026-03-01 01:03:45,788 [ERROR] LogOutputStream:75 - [STDERR_REDIRECT] 
2026-03-01 01:03:46,786 [ERROR] LogOutputStream:75 - [STDERR_REDIRECT] [Fatal Error] :1:1: Premature end of file.
2026-03-01 01:03:46,786 [ERROR] LogOutputStream:75 - [STDERR_REDIRECT] 
2026-03-01 01:03:47,785 [ERROR] LogOutputStream:75 - [STDERR_REDIRECT] [Fatal Error] :1:1: Premature end of file.
2026-03-01 01:03:47,785 [ERROR] LogOutputStream:75 - [STDERR_REDIRECT] 
2026-03-01 01:03:48,787 [ERROR] LogOutputStream:75 - [STDERR_REDIRECT] [Fatal Error] :1:1: Premature end of file.
2026-03-01 01:03:48,787 [ERROR] LogOutputStream:75 - [STDERR_REDIRECT] 
2026-03-01 01:03:49,785 [ERROR] LogOutputStream:75 - [STDERR_REDIRECT] [Fatal Error] :1:1: Premature end of file.
2026-03-01 01:03:49,785 [ERROR] LogOutputStream:75 - [STDERR_REDIRECT] 
2026-03-01 01:03:50,786 [ERROR] LogOutputStream:75 - [STDERR_REDIRECT] [Fatal Error] :1:1: Premature end of file.
2026-03-01 01:03:50,786 [ERROR] LogOutputStream:75 - [STDERR_REDIRECT] 
2026-03-01 01:03:51,792 [ERROR] LogOutputStream:75 - [STDERR_REDIRECT] [Fatal Error] :1:1: Premature end of file.
2026-03-01 01:03:51,792 [ERROR] LogOutputStream:75 - [STDERR_REDIRECT] 
2026-03-01 01:03:52,786 [ERROR] LogOutputStream:75 - [STDERR_REDIRECT] [Fatal Error] :1:1: Premature end of file.
2026-03-01 01:03:52,786 [ERROR] LogOutputStream:75 - [STDERR_REDIRECT] 
2026-03-01 01:03:53,786 [ERROR] LogOutputStream:75 - [STDERR_REDIRECT] [Fatal Error] :1:1: Premature end of file.
2026-03-01 01:03:53,786 [ERROR] LogOutputStream:75 - [STDERR_REDIRECT] 
2026-03-01 01:03:54,784 [ERROR] LogOutputStream:75 - [STDERR_REDIRECT] [Fatal Error] :1:1: Premature end of file.
2026-03-01 01:03:54,784 [ERROR] LogOutputStream:75 - [STDERR_REDIRECT] 
2026-03-01 01:03:55,787 [ERROR] LogOutputStream:75 - [STDERR_REDIRECT] [Fatal Error] :1:1: Premature end of file.
2026-03-01 01:03:55,788 [ERROR] LogOutputStream:75 - [STDERR_REDIRECT] 
2026-03-01 01:03:56,789 [ERROR] LogOutputStream:75 - [STDERR_REDIRECT] [Fatal Error] :1:1: Premature end of file.
2026-03-01 01:03:56,790 [ERROR] LogOutputStream:75 - [STDERR_REDIRECT] 
2026-03-01 01:03:57,785 [ERROR] LogOutputStream:75 - [STDERR_REDIRECT] [Fatal Error] :1:1: Premature end of file.
2026-03-01 01:03:57,785 [ERROR] LogOutputStream:75 - [STDERR_REDIRECT] 
2026-03-01 01:03:58,786 [ERROR] LogOutputStream:75 - [STDERR_REDIRECT] [Fatal Error] :1:1: Premature end of file.
2026-03-01 01:03:58,786 [ERROR] LogOutputStream:75 - [STDERR_REDIRECT] 
2026-03-01 01:03:59,785 [ERROR] LogOutputStream:75 - [STDERR_REDIRECT] [Fatal Error] :1:1: Premature end of file.
2026-03-01 01:03:59,785 [ERROR] LogOutputStream:75 - [STDERR_REDIRECT] 
2026-03-01 01:04:00,785 [ERROR] LogOutputStream:75 - [STDERR_REDIRECT] [Fatal Error] :1:1: Premature end of file.
2026-03-01 01:04:00,785 [ERROR] LogOutputStream:75 - [STDERR_REDIRECT] 
2026-03-01 01:04:01,787 [ERROR] LogOutputStream:75 - [STDERR_REDIRECT] [Fatal Error] :1:1: Premature end of file.
2026-03-01 01:04:01,787 [ERROR] LogOutputStream:75 - [STDERR_REDIRECT] 
2026-03-01 01:04:02,784 [ERROR] LogOutputStream:75 - [STDERR_REDIRECT] [Fatal Error] :1:1: Premature end of file.
2026-03-01 01:04:02,785 [ERROR] LogOutputStream:75 - [STDERR_REDIRECT] 
2026-03-01 01:04:03,786 [ERROR] LogOutputStream:75 - [STDERR_REDIRECT] [Fatal Error] :1:1: Premature end of file.
2026-03-01 01:04:03,786 [ERROR] LogOutputStream:75 - [STDERR_REDIRECT] 
2026-03-01 01:04:04,785 [ERROR] LogOutputStream:75 - [STDERR_REDIRECT] [Fatal Error] :1:1: Premature end of file.
2026-03-01 01:04:04,785 [ERROR] LogOutputStream:75 - [STDERR_REDIRECT] 
2026-03-01 01:04:05,785 [ERROR] LogOutputStream:75 - [STDERR_REDIRECT] [Fatal Error] :1:1: Premature end of file.
2026-03-01 01:04:05,785 [ERROR] LogOutputStream:75 - [STDERR_REDIRECT] 
2026-03-01 01:04:06,786 [ERROR] LogOutputStream:75 - [STDERR_REDIRECT] [Fatal Error] :1:1: Premature end of file.
2026-03-01 01:04:06,786 [ERROR] LogOutputStream:75 - [STDERR_REDIRECT] 
2026-03-01 01:04:07,789 [ERROR] LogOutputStream:75 - [STDERR_REDIRECT] [Fatal Error] :1:1: Premature end of file.
2026-03-01 01:04:07,789 [ERROR] LogOutputStream:75 - [STDERR_REDIRECT] 
2026-03-01 01:04:08,784 [ERROR] LogOutputStream:75 - [STDERR_REDIRECT] [Fatal Error] :1:1: Premature end of file.
2026-03-01 01:04:08,785 [ERROR] LogOutputStream:75 - [STDERR_REDIRECT] 
2026-03-01 01:04:09,784 [ERROR] LogOutputStream:75 - [STDERR_REDIRECT] [Fatal Error] :1:1: Premature end of file.
2026-03-01 01:04:09,785 [ERROR] LogOutputStream:75 - [STDERR_REDIRECT] 
2026-03-01 01:04:10,785 [ERROR] LogOutputStream:75 - [STDERR_REDIRECT] [Fatal Error] :1:1: Premature end of file.
2026-03-01 01:04:10,786 [ERROR] LogOutputStream:75 - [STDERR_REDIRECT] 
2026-03-01 01:04:11,787 [ERROR] LogOutputStream:75 - [STDERR_REDIRECT] [Fatal Error] :1:1: Premature end of file.
2026-03-01 01:04:11,787 [ERROR] LogOutputStream:75 - [STDERR_REDIRECT] 
2026-03-01 01:04:12,785 [ERROR] LogOutputStream:75 - [STDERR_REDIRECT] [Fatal Error] :1:1: Premature end of file.
2026-03-01 01:04:12,785 [ERROR] LogOutputStream:75 - [STDERR_REDIRECT] 
2026-03-01 01:04:13,786 [ERROR] LogOutputStream:75 - [STDERR_REDIRECT] [Fatal Error] :1:1: Premature end of file.
2026-03-01 01:04:13,786 [ERROR] LogOutputStream:75 - [STDERR_REDIRECT] 
2026-03-01 01:04:14,788 [ERROR] LogOutputStream:75 - [STDERR_REDIRECT] [Fatal Error] :1:1: Premature end of file.
2026-03-01 01:04:14,789 [ERROR] LogOutputStream:75 - [STDERR_REDIRECT] 
2026-03-01 01:04:15,784 [ERROR] LogOutputStream:75 - [STDERR_REDIRECT] [Fatal Error] :1:1: Premature end of file.
2026-03-01 01:04:15,784 [ERROR] LogOutputStream:75 - [STDERR_REDIRECT] 
2026-03-01 01:04:16,785 [ERROR] LogOutputStream:75 - [STDERR_REDIRECT] [Fatal Error] :1:1: Premature end of file.
2026-03-01 01:04:16,785 [ERROR] LogOutputStream:75 - [STDERR_REDIRECT] 
2026-03-01 01:04:17,785 [ERROR] LogOutputStream:75 - [STDERR_REDIRECT] [Fatal Error] :1:1: Premature end of file.
2026-03-01 01:04:17,786 [ERROR] LogOutputStream:75 - [STDERR_REDIRECT] 
2026-03-01 01:04:18,786 [ERROR] LogOutputStream:75 - [STDERR_REDIRECT] [Fatal Error] :1:1: Premature end of file.
2026-03-01 01:04:18,786 [ERROR] LogOutputStream:75 - [STDERR_REDIRECT] 
2026-03-01 01:04:19,785 [ERROR] LogOutputStream:75 - [STDERR_REDIRECT] [Fatal Error] :1:1: Premature end of file.
2026-03-01 01:04:19,785 [ERROR] LogOutputStream:75 - [STDERR_REDIRECT] 
2026-03-01 01:04:20,787 [ERROR] LogOutputStream:75 - [STDERR_REDIRECT] [Fatal Error] :1:1: Premature end of file.
2026-03-01 01:04:20,787 [ERROR] LogOutputStream:75 - [STDERR_REDIRECT] 
2026-03-01 01:04:21,789 [ERROR] LogOutputStream:75 - [STDERR_REDIRECT] [Fatal Error] :1:1: Premature end of file.
2026-03-01 01:04:21,789 [ERROR] LogOutputStream:75 - [STDERR_REDIRECT] 
2026-03-01 01:04:22,786 [ERROR] LogOutputStream:75 - [STDERR_REDIRECT] [Fatal Error] :1:1: Premature end of file.
2026-03-01 01:04:22,786 [ERROR] LogOutputStream:75 - [STDERR_REDIRECT] 
2026-03-01 01:04:23,787 [ERROR] LogOutputStream:75 - [STDERR_REDIRECT] [Fatal Error] :1:1: Premature end of file.
2026-03-01 01:04:23,787 [ERROR] LogOutputStream:75 - [STDERR_REDIRECT] 
2026-03-01 01:04:24,786 [ERROR] LogOutputStream:75 - [STDERR_REDIRECT] [Fatal Error] :1:1: Premature end of file.
2026-03-01 01:04:24,786 [ERROR] LogOutputStream:75 - [STDERR_REDIRECT] 
2026-03-01 01:04:25,784 [ERROR] LogOutputStream:75 - [STDERR_REDIRECT] [Fatal Error] :1:1: Premature end of file.
2026-03-01 01:04:25,784 [ERROR] LogOutputStream:75 - [STDERR_REDIRECT] 
2026-03-01 01:04:26,786 [ERROR] LogOutputStream:75 - [STDERR_REDIRECT] [Fatal Error] :1:1: Premature end of file.
2026-03-01 01:04:26,786 [ERROR] LogOutputStream:75 - [STDERR_REDIRECT] 
2026-03-01 01:04:27,787 [ERROR] LogOutputStream:75 - [STDERR_REDIRECT] [Fatal Error] :1:1: Premature end of file.
2026-03-01 01:04:27,787 [ERROR] LogOutputStream:75 - [STDERR_REDIRECT] 
2026-03-01 01:04:28,799 [ERROR] LogOutputStream:75 - [STDERR_REDIRECT] [Fatal Error] :1:1: Premature end of file.
2026-03-01 01:04:28,799 [ERROR] LogOutputStream:75 - [STDERR_REDIRECT] 
2026-03-01 01:04:29,785 [ERROR] LogOutputStream:75 - [STDERR_REDIRECT] [Fatal Error] :1:1: Premature end of file.
2026-03-01 01:04:29,785 [ERROR] LogOutputStream:75 - [STDERR_REDIRECT] 
2026-03-01 01:04:30,800 [ERROR] LogOutputStream:75 - [STDERR_REDIRECT] [Fatal Error] :1:1: Premature end of file.
2026-03-01 01:04:30,800 [ERROR] LogOutputStream:75 - [STDERR_REDIRECT] 
2026-03-01 01:04:31,786 [ERROR] LogOutputStream:75 - [STDERR_REDIRECT] [Fatal Error] :1:1: Premature end of file.
2026-03-01 01:04:31,786 [ERROR] LogOutputStream:75 - [STDERR_REDIRECT] 
2026-03-01 01:04:32,785 [ERROR] LogOutputStream:75 - [STDERR_REDIRECT] [Fatal Error] :1:1: Premature end of file.
2026-03-01 01:04:32,786 [ERROR] LogOutputStream:75 - [STDERR_REDIRECT] 
2026-03-01 01:04:33,785 [ERROR] LogOutputStream:75 - [STDERR_REDIRECT] [Fatal Error] :1:1: Premature end of file.
2026-03-01 01:04:33,785 [ERROR] LogOutputStream:75 - [STDERR_REDIRECT] 
2026-03-01 01:04:34,786 [ERROR] LogOutputStream:75 - [STDERR_REDIRECT] [Fatal Error] :1:1: Premature end of file.
2026-03-01 01:04:34,786 [ERROR] LogOutputStream:75 - [STDERR_REDIRECT] 
2026-03-01 01:04:35,785 [ERROR] LogOutputStream:75 - [STDERR_REDIRECT] [Fatal Error] :1:1: Premature end of file.
2026-03-01 01:04:35,785 [ERROR] LogOutputStream:75 - [STDERR_REDIRECT] 
2026-03-01 01:04:36,790 [ERROR] LogOutputStream:75 - [STDERR_REDIRECT] [Fatal Error] :1:1: Premature end of file.
2026-03-01 01:04:36,790 [ERROR] LogOutputStream:75 - [STDERR_REDIRECT] 
2026-03-01 01:04:37,787 [ERROR] LogOutputStream:75 - [STDERR_REDIRECT] [Fatal Error] :1:1: Premature end of file.
2026-03-01 01:04:37,787 [ERROR] LogOutputStream:75 - [STDERR_REDIRECT] 
2026-03-01 01:04:38,784 [ERROR] LogOutputStream:75 - [STDERR_REDIRECT] [Fatal Error] :1:1: Premature end of file.
2026-03-01 01:04:38,785 [ERROR] LogOutputStream:75 - [STDERR_REDIRECT] 
2026-03-01 01:04:39,800 [ERROR] LogOutputStream:75 - [STDERR_REDIRECT] [Fatal Error] :1:1: Premature end of file.
2026-03-01 01:04:39,800 [ERROR] LogOutputStream:75 - [STDERR_REDIRECT] 
2026-03-01 01:04:40,785 [ERROR] LogOutputStream:75 - [STDERR_REDIRECT] [Fatal Error] :1:1: Premature end of file.
2026-03-01 01:04:40,785 [ERROR] LogOutputStream:75 - [STDERR_REDIRECT] 
2026-03-01 01:04:41,785 [ERROR] LogOutputStream:75 - [STDERR_REDIRECT] [Fatal Error] :1:1: Premature end of file.
2026-03-01 01:04:41,785 [ERROR] LogOutputStream:75 - [STDERR_REDIRECT] 
2026-03-01 01:04:42,788 [ERROR] LogOutputStream:75 - [STDERR_REDIRECT] [Fatal Error] :1:1: Premature end of file.
2026-03-01 01:04:42,788 [ERROR] LogOutputStream:75 - [STDERR_REDIRECT] 
2026-03-01 01:04:43,787 [ERROR] LogOutputStream:75 - [STDERR_REDIRECT] [Fatal Error] :1:1: Premature end of file.
2026-03-01 01:04:43,787 [ERROR] LogOutputStream:75 - [STDERR_REDIRECT] 
2026-03-01 01:04:44,785 [ERROR] LogOutputStream:75 - [STDERR_REDIRECT] [Fatal Error] :1:1: Premature end of file.
2026-03-01 01:04:44,785 [ERROR] LogOutputStream:75 - [STDERR_REDIRECT] 
2026-03-01 01:04:45,794 [ERROR] LogOutputStream:75 - [STDERR_REDIRECT] [Fatal Error] :1:1: Premature end of file.
2026-03-01 01:04:45,794 [ERROR] LogOutputStream:75 - [STDERR_REDIRECT] 
2026-03-01 01:04:46,785 [ERROR] LogOutputStream:75 - [STDERR_REDIRECT] [Fatal Error] :1:1: Premature end of file.
2026-03-01 01:04:46,786 [ERROR] LogOutputStream:75 - [STDERR_REDIRECT] 
2026-03-01 01:04:47,786 [ERROR] LogOutputStream:75 - [STDERR_REDIRECT] [Fatal Error] :1:1: Premature end of file.
2026-03-01 01:04:47,786 [ERROR] LogOutputStream:75 - [STDERR_REDIRECT] 
2026-03-01 01:04:48,785 [ERROR] LogOutputStream:75 - [STDERR_REDIRECT] [Fatal Error] :1:1: Premature end of file.
2026-03-01 01:04:48,785 [ERROR] LogOutputStream:75 - [STDERR_REDIRECT] 
2026-03-01 01:04:49,784 [ERROR] LogOutputStream:75 - [STDERR_REDIRECT] [Fatal Error] :1:1: Premature end of file.
2026-03-01 01:04:49,785 [ERROR] LogOutputStream:75 - [STDERR_REDIRECT] 
2026-03-01 01:04:50,796 [ERROR] LogOutputStream:75 - [STDERR_REDIRECT] [Fatal Error] :1:1: Premature end of file.
2026-03-01 01:04:50,796 [ERROR] LogOutputStream:75 - [STDERR_REDIRECT] 
2026-03-01 01:04:51,785 [ERROR] LogOutputStream:75 - [STDERR_REDIRECT] [Fatal Error] :1:1: Premature end of file.
2026-03-01 01:04:51,785 [ERROR] LogOutputStream:75 - [STDERR_REDIRECT] 
2026-03-01 01:04:52,785 [ERROR] LogOutputStream:75 - [STDERR_REDIRECT] [Fatal Error] :1:1: Premature end of file.
2026-03-01 01:04:52,785 [ERROR] LogOutputStream:75 - [STDERR_REDIRECT] 
2026-03-01 01:04:53,786 [ERROR] LogOutputStream:75 - [STDERR_REDIRECT] [Fatal Error] :1:1: Premature end of file.
2026-03-01 01:04:53,786 [ERROR] LogOutputStream:75 - [STDERR_REDIRECT] 
2026-03-01 01:04:54,785 [ERROR] LogOutputStream:75 - [STDERR_REDIRECT] [Fatal Error] :1:1: Premature end of file.
2026-03-01 01:04:54,785 [ERROR] LogOutputStream:75 - [STDERR_REDIRECT] 
2026-03-01 01:04:55,786 [ERROR] LogOutputStream:75 - [STDERR_REDIRECT] [Fatal Error] :1:1: Premature end of file.
2026-03-01 01:04:55,786 [ERROR] LogOutputStream:75 - [STDERR_REDIRECT] 
2026-03-01 01:04:56,786 [ERROR] LogOutputStream:75 - [STDERR_REDIRECT] [Fatal Error] :1:1: Premature end of file.
2026-03-01 01:04:56,786 [ERROR] LogOutputStream:75 - [STDERR_REDIRECT] 
2026-03-01 01:04:57,784 [ERROR] LogOutputStream:75 - [STDERR_REDIRECT] [Fatal Error] :1:1: Premature end of file.
2026-03-01 01:04:57,784 [ERROR] LogOutputStream:75 - [STDERR_REDIRECT] 
2026-03-01 01:04:58,791 [ERROR] LogOutputStream:75 - [STDERR_REDIRECT] [Fatal Error] :1:1: Premature end of file.
2026-03-01 01:04:58,791 [ERROR] LogOutputStream:75 - [STDERR_REDIRECT] 
2026-03-01 01:04:59,784 [ERROR] LogOutputStream:75 - [STDERR_REDIRECT] [Fatal Error] :1:1: Premature end of file.
2026-03-01 01:04:59,784 [ERROR] LogOutputStream:75 - [STDERR_REDIRECT] 
2026-03-01 01:05:00,790 [ERROR] LogOutputStream:75 - [STDERR_REDIRECT] [Fatal Error] :1:1: Premature end of file.
2026-03-01 01:05:00,791 [ERROR] LogOutputStream:75 - [STDERR_REDIRECT] 
2026-03-01 01:05:01,785 [ERROR] LogOutputStream:75 - [STDERR_REDIRECT] [Fatal Error] :1:1: Premature end of file.
2026-03-01 01:05:01,785 [ERROR] LogOutputStream:75 - [STDERR_REDIRECT] 
2026-03-01 01:05:02,787 [ERROR] LogOutputStream:75 - [STDERR_REDIRECT] [Fatal Error] :1:1: Premature end of file.
2026-03-01 01:05:02,787 [ERROR] LogOutputStream:75 - [STDERR_REDIRECT] 
2026-03-01 01:05:03,785 [ERROR] LogOutputStream:75 - [STDERR_REDIRECT] [Fatal Error] :1:1: Premature end of file.
2026-03-01 01:05:03,785 [ERROR] LogOutputStream:75 - [STDERR_REDIRECT] 
2026-03-01 01:05:04,786 [ERROR] LogOutputStream:75 - [STDERR_REDIRECT] [Fatal Error] :1:1: Premature end of file.
2026-03-01 01:05:04,786 [ERROR] LogOutputStream:75 - [STDERR_REDIRECT] 
2026-03-01 01:05:05,785 [ERROR] LogOutputStream:75 - [STDERR_REDIRECT] [Fatal Error] :1:1: Premature end of file.
2026-03-01 01:05:05,785 [ERROR] LogOutputStream:75 - [STDERR_REDIRECT] 
2026-03-01 01:05:06,786 [ERROR] LogOutputStream:75 - [STDERR_REDIRECT] [Fatal Error] :1:1: Premature end of file.
2026-03-01 01:05:06,787 [ERROR] LogOutputStream:75 - [STDERR_REDIRECT] 
2026-03-01 01:05:07,785 [ERROR] LogOutputStream:75 - [STDERR_REDIRECT] [Fatal Error] :1:1: Premature end of file.
2026-03-01 01:05:07,785 [ERROR] LogOutputStream:75 - [STDERR_REDIRECT] 
2026-03-01 01:05:08,785 [ERROR] LogOutputStream:75 - [STDERR_REDIRECT] [Fatal Error] :1:1: Premature end of file.
2026-03-01 01:05:08,785 [ERROR] LogOutputStream:75 - [STDERR_REDIRECT] 
2026-03-01 01:05:09,785 [ERROR] LogOutputStream:75 - [STDERR_REDIRECT] [Fatal Error] :1:1: Premature end of file.
2026-03-01 01:05:09,786 [ERROR] LogOutputStream:75 - [STDERR_REDIRECT] 
2026-03-01 01:05:10,786 [ERROR] LogOutputStream:75 - [STDERR_REDIRECT] [Fatal Error] :1:1: Premature end of file.
2026-03-01 01:05:10,786 [ERROR] LogOutputStream:75 - [STDERR_REDIRECT] 
2026-03-01 01:05:11,786 [ERROR] LogOutputStream:75 - [STDERR_REDIRECT] [Fatal Error] :1:1: Premature end of file.
2026-03-01 01:05:11,786 [ERROR] LogOutputStream:75 - [STDERR_REDIRECT] 
2026-03-01 01:05:12,786 [ERROR] LogOutputStream:75 - [STDERR_REDIRECT] [Fatal Error] :1:1: Premature end of file.
2026-03-01 01:05:12,786 [ERROR] LogOutputStream:75 - [STDERR_REDIRECT] 
2026-03-01 01:05:13,785 [ERROR] LogOutputStream:75 - [STDERR_REDIRECT] [Fatal Error] :1:1: Premature end of file.
2026-03-01 01:05:13,785 [ERROR] LogOutputStream:75 - [STDERR_REDIRECT] 
2026-03-01 01:05:14,786 [ERROR] LogOutputStream:75 - [STDERR_REDIRECT] [Fatal Error] :1:1: Premature end of file.
2026-03-01 01:05:14,786 [ERROR] LogOutputStream:75 - [STDERR_REDIRECT] 
2026-03-01 01:05:15,784 [ERROR] LogOutputStream:75 - [STDERR_REDIRECT] [Fatal Error] :1:1: Premature end of file.
2026-03-01 01:05:15,784 [ERROR] LogOutputStream:75 - [STDERR_REDIRECT] 
2026-03-01 01:05:16,794 [ERROR] LogOutputStream:75 - [STDERR_REDIRECT] [Fatal Error] :1:1: Premature end of file.
2026-03-01 01:05:16,794 [ERROR] LogOutputStream:75 - [STDERR_REDIRECT] 
2026-03-01 01:05:17,795 [ERROR] LogOutputStream:75 - [STDERR_REDIRECT] [Fatal Error] :1:1: Premature end of file.
2026-03-01 01:05:17,796 [ERROR] LogOutputStream:75 - [STDERR_REDIRECT] 
2026-03-01 01:05:18,791 [ERROR] LogOutputStream:75 - [STDERR_REDIRECT] [Fatal Error] :1:1: Premature end of file.
2026-03-01 01:05:18,791 [ERROR] LogOutputStream:75 - [STDERR_REDIRECT] 
2026-03-01 01:05:19,786 [ERROR] LogOutputStream:75 - [STDERR_REDIRECT] [Fatal Error] :1:1: Premature end of file.
2026-03-01 01:05:19,786 [ERROR] LogOutputStream:75 - [STDERR_REDIRECT] 
2026-03-01 01:05:20,787 [ERROR] LogOutputStream:75 - [STDERR_REDIRECT] [Fatal Error] :1:1: Premature end of file.
2026-03-01 01:05:20,787 [ERROR] LogOutputStream:75 - [STDERR_REDIRECT] 
2026-03-01 01:05:21,785 [ERROR] LogOutputStream:75 - [STDERR_REDIRECT] [Fatal Error] :1:1: Premature end of file.
2026-03-01 01:05:21,785 [ERROR] LogOutputStream:75 - [STDERR_REDIRECT] 
2026-03-01 01:05:22,785 [ERROR] LogOutputStream:75 - [STDERR_REDIRECT] [Fatal Error] :1:1: Premature end of file.
2026-03-01 01:05:22,785 [ERROR] LogOutputStream:75 - [STDERR_REDIRECT] 
2026-03-01 01:05:23,799 [ERROR] LogOutputStream:75 - [STDERR_REDIRECT] [Fatal Error] :1:1: Premature end of file.
2026-03-01 01:05:23,799 [ERROR] LogOutputStream:75 - [STDERR_REDIRECT] 
2026-03-01 01:05:24,786 [ERROR] LogOutputStream:75 - [STDERR_REDIRECT] [Fatal Error] :1:1: Premature end of file.
2026-03-01 01:05:24,786 [ERROR] LogOutputStream:75 - [STDERR_REDIRECT] 
2026-03-01 01:05:25,785 [ERROR] LogOutputStream:75 - [STDERR_REDIRECT] [Fatal Error] :1:1: Premature end of file.
2026-03-01 01:05:25,785 [ERROR] LogOutputStream:75 - [STDERR_REDIRECT] 
2026-03-01 01:05:26,790 [ERROR] LogOutputStream:75 - [STDERR_REDIRECT] [Fatal Error] :1:1: Premature end of file.
2026-03-01 01:05:26,790 [ERROR] LogOutputStream:75 - [STDERR_REDIRECT] 
2026-03-01 01:05:27,786 [ERROR] LogOutputStream:75 - [STDERR_REDIRECT] [Fatal Error] :1:1: Premature end of file.
2026-03-01 01:05:27,786 [ERROR] LogOutputStream:75 - [STDERR_REDIRECT] 
2026-03-01 01:05:28,785 [ERROR] LogOutputStream:75 - [STDERR_REDIRECT] [Fatal Error] :1:1: Premature end of file.
2026-03-01 01:05:28,785 [ERROR] LogOutputStream:75 - [STDERR_REDIRECT] 
2026-03-01 01:05:29,798 [ERROR] LogOutputStream:75 - [STDERR_REDIRECT] [Fatal Error] :1:1: Premature end of file.
2026-03-01 01:05:29,798 [ERROR] LogOutputStream:75 - [STDERR_REDIRECT] 
2026-03-01 01:05:30,785 [ERROR] LogOutputStream:75 - [STDERR_REDIRECT] [Fatal Error] :1:1: Premature end of file.
2026-03-01 01:05:30,786 [ERROR] LogOutputStream:75 - [STDERR_REDIRECT] 
2026-03-01 01:05:31,784 [ERROR] LogOutputStream:75 - [STDERR_REDIRECT] [Fatal Error] :1:1: Premature end of file.
2026-03-01 01:05:31,784 [ERROR] LogOutputStream:75 - [STDERR_REDIRECT] 
2026-03-01 01:05:32,797 [ERROR] LogOutputStream:75 - [STDERR_REDIRECT] [Fatal Error] :1:1: Premature end of file.
2026-03-01 01:05:32,797 [ERROR] LogOutputStream:75 - [STDERR_REDIRECT] 
2026-03-01 01:05:33,785 [ERROR] LogOutputStream:75 - [STDERR_REDIRECT] [Fatal Error] :1:1: Premature end of file.
2026-03-01 01:05:33,785 [ERROR] LogOutputStream:75 - [STDERR_REDIRECT] 
2026-03-01 01:05:34,787 [ERROR] LogOutputStream:75 - [STDERR_REDIRECT] [Fatal Error] :1:1: Premature end of file.
2026-03-01 01:05:34,787 [ERROR] LogOutputStream:75 - [STDERR_REDIRECT] 
2026-03-01 01:05:35,786 [ERROR] LogOutputStream:75 - [STDERR_REDIRECT] [Fatal Error] :1:1: Premature end of file.
2026-03-01 01:05:35,786 [ERROR] LogOutputStream:75 - [STDERR_REDIRECT] 
2026-03-01 01:05:36,785 [ERROR] LogOutputStream:75 - [STDERR_REDIRECT] [Fatal Error] :1:1: Premature end of file.
2026-03-01 01:05:36,785 [ERROR] LogOutputStream:75 - [STDERR_REDIRECT] 
2026-03-01 01:05:37,785 [ERROR] LogOutputStream:75 - [STDERR_REDIRECT] [Fatal Error] :1:1: Premature end of file.
2026-03-01 01:05:37,785 [ERROR] LogOutputStream:75 - [STDERR_REDIRECT] 
2026-03-01 01:05:38,785 [ERROR] LogOutputStream:75 - [STDERR_REDIRECT] [Fatal Error] :1:1: Premature end of file.
2026-03-01 01:05:38,785 [ERROR] LogOutputStream:75 - [STDERR_REDIRECT] 
2026-03-01 01:05:39,795 [ERROR] LogOutputStream:75 - [STDERR_REDIRECT] [Fatal Error] :1:1: Premature end of file.
2026-03-01 01:05:39,795 [ERROR] LogOutputStream:75 - [STDERR_REDIRECT] 
2026-03-01 01:05:40,787 [ERROR] LogOutputStream:75 - [STDERR_REDIRECT] [Fatal Error] :1:1: Premature end of file.
2026-03-01 01:05:40,787 [ERROR] LogOutputStream:75 - [STDERR_REDIRECT] 
2026-03-01 01:05:41,785 [ERROR] LogOutputStream:75 - [STDERR_REDIRECT] [Fatal Error] :1:1: Premature end of file.
2026-03-01 01:05:41,785 [ERROR] LogOutputStream:75 - [STDERR_REDIRECT] 
2026-03-01 01:05:42,785 [ERROR] LogOutputStream:75 - [STDERR_REDIRECT] [Fatal Error] :1:1: Premature end of file.
2026-03-01 01:05:42,785 [ERROR] LogOutputStream:75 - [STDERR_REDIRECT] 
2026-03-01 01:05:43,786 [ERROR] LogOutputStream:75 - [STDERR_REDIRECT] [Fatal Error] :1:1: Premature end of file.
2026-03-01 01:05:43,786 [ERROR] LogOutputStream:75 - [STDERR_REDIRECT] 
2026-03-01 01:05:44,787 [ERROR] LogOutputStream:75 - [STDERR_REDIRECT] [Fatal Error] :1:1: Premature end of file.
2026-03-01 01:05:44,787 [ERROR] LogOutputStream:75 - [STDERR_REDIRECT] 
2026-03-01 01:05:45,786 [ERROR] LogOutputStream:75 - [STDERR_REDIRECT] [Fatal Error] :1:1: Premature end of file.
2026-03-01 01:05:45,786 [ERROR] LogOutputStream:75 - [STDERR_REDIRECT] 
2026-03-01 01:05:46,785 [ERROR] LogOutputStream:75 - [STDERR_REDIRECT] [Fatal Error] :1:1: Premature end of file.
2026-03-01 01:05:46,785 [ERROR] LogOutputStream:75 - [STDERR_REDIRECT] 
2026-03-01 01:05:47,787 [ERROR] LogOutputStream:75 - [STDERR_REDIRECT] [Fatal Error] :1:1: Premature end of file.
2026-03-01 01:05:47,787 [ERROR] LogOutputStream:75 - [STDERR_REDIRECT] 
2026-03-01 01:05:48,785 [ERROR] LogOutputStream:75 - [STDERR_REDIRECT] [Fatal Error] :1:1: Premature end of file.
2026-03-01 01:05:48,785 [ERROR] LogOutputStream:75 - [STDERR_REDIRECT] 
2026-03-01 01:05:49,791 [ERROR] LogOutputStream:75 - [STDERR_REDIRECT] [Fatal Error] :1:1: Premature end of file.
2026-03-01 01:05:49,791 [ERROR] LogOutputStream:75 - [STDERR_REDIRECT] 
2026-03-01 01:05:50,788 [ERROR] LogOutputStream:75 - [STDERR_REDIRECT] [Fatal Error] :1:1: Premature end of file.
2026-03-01 01:05:50,788 [ERROR] LogOutputStream:75 - [STDERR_REDIRECT] 
2026-03-01 01:05:51,785 [ERROR] LogOutputStream:75 - [STDERR_REDIRECT] [Fatal Error] :1:1: Premature end of file.
2026-03-01 01:05:51,785 [ERROR] LogOutputStream:75 - [STDERR_REDIRECT] 
2026-03-01 01:05:52,786 [ERROR] LogOutputStream:75 - [STDERR_REDIRECT] [Fatal Error] :1:1: Premature end of file.
2026-03-01 01:05:52,786 [ERROR] LogOutputStream:75 - [STDERR_REDIRECT] 
2026-03-01 01:05:53,785 [ERROR] LogOutputStream:75 - [STDERR_REDIRECT] [Fatal Error] :1:1: Premature end of file.
2026-03-01 01:05:53,785 [ERROR] LogOutputStream:75 - [STDERR_REDIRECT] 
2026-03-01 01:05:54,784 [ERROR] LogOutputStream:75 - [STDERR_REDIRECT] [Fatal Error] :1:1: Premature end of file.
2026-03-01 01:05:54,785 [ERROR] LogOutputStream:75 - [STDERR_REDIRECT] 
2026-03-01 01:05:55,790 [ERROR] LogOutputStream:75 - [STDERR_REDIRECT] [Fatal Error] :1:1: Premature end of file.
2026-03-01 01:05:55,791 [ERROR] LogOutputStream:75 - [STDERR_REDIRECT] 
2026-03-01 01:05:56,786 [ERROR] LogOutputStream:75 - [STDERR_REDIRECT] [Fatal Error] :1:1: Premature end of file.
2026-03-01 01:05:56,786 [ERROR] LogOutputStream:75 - [STDERR_REDIRECT] 
2026-03-01 01:05:57,785 [ERROR] LogOutputStream:75 - [STDERR_REDIRECT] [Fatal Error] :1:1: Premature end of file.
2026-03-01 01:05:57,785 [ERROR] LogOutputStream:75 - [STDERR_REDIRECT] 
2026-03-01 01:05:58,789 [ERROR] LogOutputStream:75 - [STDERR_REDIRECT] [Fatal Error] :1:1: Premature end of file.
2026-03-01 01:05:58,789 [ERROR] LogOutputStream:75 - [STDERR_REDIRECT] 
2026-03-01 01:05:59,785 [ERROR] LogOutputStream:75 - [STDERR_REDIRECT] [Fatal Error] :1:1: Premature end of file.
2026-03-01 01:05:59,785 [ERROR] LogOutputStream:75 - [STDERR_REDIRECT] 
2026-03-01 01:06:00,788 [ERROR] LogOutputStream:75 - [STDERR_REDIRECT] [Fatal Error] :1:1: Premature end of file.
2026-03-01 01:06:00,788 [ERROR] LogOutputStream:75 - [STDERR_REDIRECT] 
2026-03-01 01:06:01,787 [ERROR] LogOutputStream:75 - [STDERR_REDIRECT] [Fatal Error] :1:1: Premature end of file.
2026-03-01 01:06:01,787 [ERROR] LogOutputStream:75 - [STDERR_REDIRECT] 
2026-03-01 01:06:02,785 [ERROR] LogOutputStream:75 - [STDERR_REDIRECT] [Fatal Error] :1:1: Premature end of file.
2026-03-01 01:06:02,785 [ERROR] LogOutputStream:75 - [STDERR_REDIRECT] 
2026-03-01 01:06:03,786 [ERROR] LogOutputStream:75 - [STDERR_REDIRECT] [Fatal Error] :1:1: Premature end of file.
2026-03-01 01:06:03,787 [ERROR] LogOutputStream:75 - [STDERR_REDIRECT] 
2026-03-01 01:06:04,785 [ERROR] LogOutputStream:75 - [STDERR_REDIRECT] [Fatal Error] :1:1: Premature end of file.
2026-03-01 01:06:04,785 [ERROR] LogOutputStream:75 - [STDERR_REDIRECT] 
2026-03-01 01:06:05,789 [ERROR] LogOutputStream:75 - [STDERR_REDIRECT] [Fatal Error] :1:1: Premature end of file.
2026-03-01 01:06:05,789 [ERROR] LogOutputStream:75 - [STDERR_REDIRECT] 
2026-03-01 01:06:06,786 [ERROR] LogOutputStream:75 - [STDERR_REDIRECT] [Fatal Error] :1:1: Premature end of file.
2026-03-01 01:06:06,786 [ERROR] LogOutputStream:75 - [STDERR_REDIRECT] 
2026-03-01 01:06:07,786 [ERROR] LogOutputStream:75 - [STDERR_REDIRECT] [Fatal Error] :1:1: Premature end of file.
2026-03-01 01:06:07,786 [ERROR] LogOutputStream:75 - [STDERR_REDIRECT] 
2026-03-01 01:06:08,789 [ERROR] LogOutputStream:75 - [STDERR_REDIRECT] [Fatal Error] :1:1: Premature end of file.
2026-03-01 01:06:08,789 [ERROR] LogOutputStream:75 - [STDERR_REDIRECT] 
2026-03-01 01:06:09,786 [ERROR] LogOutputStream:75 - [STDERR_REDIRECT] [Fatal Error] :1:1: Premature end of file.
2026-03-01 01:06:09,786 [ERROR] LogOutputStream:75 - [STDERR_REDIRECT] 
2026-03-01 01:06:10,786 [ERROR] LogOutputStream:75 - [STDERR_REDIRECT] [Fatal Error] :1:1: Premature end of file.
2026-03-01 01:06:10,786 [ERROR] LogOutputStream:75 - [STDERR_REDIRECT] 
2026-03-01 01:06:11,788 [ERROR] LogOutputStream:75 - [STDERR_REDIRECT] [Fatal Error] :1:1: Premature end of file.
2026-03-01 01:06:11,788 [ERROR] LogOutputStream:75 - [STDERR_REDIRECT] 
2026-03-01 01:06:12,784 [ERROR] LogOutputStream:75 - [STDERR_REDIRECT] [Fatal Error] :1:1: Premature end of file.
2026-03-01 01:06:12,784 [ERROR] LogOutputStream:75 - [STDERR_REDIRECT] 
2026-03-01 01:06:13,786 [ERROR] LogOutputStream:75 - [STDERR_REDIRECT] [Fatal Error] :1:1: Premature end of file.
2026-03-01 01:06:13,786 [ERROR] LogOutputStream:75 - [STDERR_REDIRECT] 
2026-03-01 01:06:14,785 [ERROR] LogOutputStream:75 - [STDERR_REDIRECT] [Fatal Error] :1:1: Premature end of file.
2026-03-01 01:06:14,785 [ERROR] LogOutputStream:75 - [STDERR_REDIRECT] 
2026-03-01 01:06:15,787 [ERROR] LogOutputStream:75 - [STDERR_REDIRECT] [Fatal Error] :1:1: Premature end of file.
2026-03-01 01:06:15,787 [ERROR] LogOutputStream:75 - [STDERR_REDIRECT] 
2026-03-01 01:06:16,788 [ERROR] LogOutputStream:75 - [STDERR_REDIRECT] [Fatal Error] :1:1: Premature end of file.
2026-03-01 01:06:16,788 [ERROR] LogOutputStream:75 - [STDERR_REDIRECT] 
2026-03-01 01:06:17,786 [ERROR] LogOutputStream:75 - [STDERR_REDIRECT] [Fatal Error] :1:1: Premature end of file.
2026-03-01 01:06:17,787 [ERROR] LogOutputStream:75 - [STDERR_REDIRECT] 
2026-03-01 01:06:18,783 [ERROR] LogOutputStream:75 - [STDERR_REDIRECT] [Fatal Error] :1:1: Premature end of file.
2026-03-01 01:06:18,784 [ERROR] LogOutputStream:75 - [STDERR_REDIRECT] 
2026-03-01 01:06:19,783 [ERROR] LogOutputStream:75 - [STDERR_REDIRECT] [Fatal Error] :1:1: Premature end of file.
2026-03-01 01:06:19,783 [ERROR] LogOutputStream:75 - [STDERR_REDIRECT] 
2026-03-01 01:06:20,785 [ERROR] LogOutputStream:75 - [STDERR_REDIRECT] [Fatal Error] :1:1: Premature end of file.
2026-03-01 01:06:20,786 [ERROR] LogOutputStream:75 - [STDERR_REDIRECT] 
2026-03-01 01:06:21,785 [ERROR] LogOutputStream:75 - [STDERR_REDIRECT] [Fatal Error] :1:1: Premature end of file.
2026-03-01 01:06:21,785 [ERROR] LogOutputStream:75 - [STDERR_REDIRECT] 
2026-03-01 01:06:22,786 [ERROR] LogOutputStream:75 - [STDERR_REDIRECT] [Fatal Error] :1:1: Premature end of file.
2026-03-01 01:06:22,787 [ERROR] LogOutputStream:75 - [STDERR_REDIRECT] 
2026-03-01 01:06:23,785 [ERROR] LogOutputStream:75 - [STDERR_REDIRECT] [Fatal Error] :1:1: Premature end of file.
2026-03-01 01:06:23,785 [ERROR] LogOutputStream:75 - [STDERR_REDIRECT] 
2026-03-01 01:06:24,786 [ERROR] LogOutputStream:75 - [STDERR_REDIRECT] [Fatal Error] :1:1: Premature end of file.
2026-03-01 01:06:24,786 [ERROR] LogOutputStream:75 - [STDERR_REDIRECT] 
2026-03-01 01:06:25,785 [ERROR] LogOutputStream:75 - [STDERR_REDIRECT] [Fatal Error] :1:1: Premature end of file.
2026-03-01 01:06:25,785 [ERROR] LogOutputStream:75 - [STDERR_REDIRECT] 
2026-03-01 01:06:26,788 [ERROR] LogOutputStream:75 - [STDERR_REDIRECT] [Fatal Error] :1:1: Premature end of file.
2026-03-01 01:06:26,788 [ERROR] LogOutputStream:75 - [STDERR_REDIRECT] 
2026-03-01 01:06:27,791 [ERROR] LogOutputStream:75 - [STDERR_REDIRECT] [Fatal Error] :1:1: Premature end of file.
2026-03-01 01:06:27,791 [ERROR] LogOutputStream:75 - [STDERR_REDIRECT] 
2026-03-01 01:06:28,786 [ERROR] LogOutputStream:75 - [STDERR_REDIRECT] [Fatal Error] :1:1: Premature end of file.
2026-03-01 01:06:28,786 [ERROR] LogOutputStream:75 - [STDERR_REDIRECT] 
2026-03-01 01:06:29,785 [ERROR] LogOutputStream:75 - [STDERR_REDIRECT] [Fatal Error] :1:1: Premature end of file.
2026-03-01 01:06:29,785 [ERROR] LogOutputStream:75 - [STDERR_REDIRECT] 
2026-03-01 01:06:30,784 [ERROR] LogOutputStream:75 - [STDERR_REDIRECT] [Fatal Error] :1:1: Premature end of file.
2026-03-01 01:06:30,784 [ERROR] LogOutputStream:75 - [STDERR_REDIRECT] 
2026-03-01 01:06:31,790 [ERROR] LogOutputStream:75 - [STDERR_REDIRECT] [Fatal Error] :1:1: Premature end of file.
2026-03-01 01:06:31,790 [ERROR] LogOutputStream:75 - [STDERR_REDIRECT] 
2026-03-01 01:06:32,785 [ERROR] LogOutputStream:75 - [STDERR_REDIRECT] [Fatal Error] :1:1: Premature end of file.
2026-03-01 01:06:32,785 [ERROR] LogOutputStream:75 - [STDERR_REDIRECT] 
2026-03-01 01:06:33,800 [ERROR] LogOutputStream:75 - [STDERR_REDIRECT] [Fatal Error] :1:1: Premature end of file.
2026-03-01 01:06:33,800 [ERROR] LogOutputStream:75 - [STDERR_REDIRECT] 
2026-03-01 01:06:34,785 [ERROR] LogOutputStream:75 - [STDERR_REDIRECT] [Fatal Error] :1:1: Premature end of file.
2026-03-01 01:06:34,785 [ERROR] LogOutputStream:75 - [STDERR_REDIRECT] 
2026-03-01 01:06:35,785 [ERROR] LogOutputStream:75 - [STDERR_REDIRECT] [Fatal Error] :1:1: Premature end of file.
2026-03-01 01:06:35,785 [ERROR] LogOutputStream:75 - [STDERR_REDIRECT] 
2026-03-01 01:06:36,790 [ERROR] LogOutputStream:75 - [STDERR_REDIRECT] [Fatal Error] :1:1: Premature end of file.
2026-03-01 01:06:36,790 [ERROR] LogOutputStream:75 - [STDERR_REDIRECT] 
2026-03-01 01:06:37,786 [ERROR] LogOutputStream:75 - [STDERR_REDIRECT] [Fatal Error] :1:1: Premature end of file.
2026-03-01 01:06:37,786 [ERROR] LogOutputStream:75 - [STDERR_REDIRECT] 
2026-03-01 01:06:38,784 [ERROR] LogOutputStream:75 - [STDERR_REDIRECT] [Fatal Error] :1:1: Premature end of file.
2026-03-01 01:06:38,784 [ERROR] LogOutputStream:75 - [STDERR_REDIRECT] 
2026-03-01 01:06:39,797 [ERROR] LogOutputStream:75 - [STDERR_REDIRECT] [Fatal Error] :1:1: Premature end of file.
2026-03-01 01:06:39,797 [ERROR] LogOutputStream:75 - [STDERR_REDIRECT] 
2026-03-01 01:06:40,787 [ERROR] LogOutputStream:75 - [STDERR_REDIRECT] [Fatal Error] :1:1: Premature end of file.
2026-03-01 01:06:40,787 [ERROR] LogOutputStream:75 - [STDERR_REDIRECT] 
2026-03-01 01:06:41,784 [ERROR] LogOutputStream:75 - [STDERR_REDIRECT] [Fatal Error] :1:1: Premature end of file.
2026-03-01 01:06:41,784 [ERROR] LogOutputStream:75 - [STDERR_REDIRECT] 
2026-03-01 01:06:42,794 [ERROR] LogOutputStream:75 - [STDERR_REDIRECT] [Fatal Error] :1:1: Premature end of file.
2026-03-01 01:06:42,794 [ERROR] LogOutputStream:75 - [STDERR_REDIRECT] 
2026-03-01 01:06:43,795 [ERROR] LogOutputStream:75 - [STDERR_REDIRECT] [Fatal Error] :1:1: Premature end of file.
2026-03-01 01:06:43,795 [ERROR] LogOutputStream:75 - [STDERR_REDIRECT] 
2026-03-01 01:06:44,787 [ERROR] LogOutputStream:75 - [STDERR_REDIRECT] [Fatal Error] :1:1: Premature end of file.
2026-03-01 01:06:44,787 [ERROR] LogOutputStream:75 - [STDERR_REDIRECT] 
2026-03-01 01:06:45,787 [ERROR] LogOutputStream:75 - [STDERR_REDIRECT] [Fatal Error] :1:1: Premature end of file.
2026-03-01 01:06:45,787 [ERROR] LogOutputStream:75 - [STDERR_REDIRECT] 
2026-03-01 01:06:46,785 [ERROR] LogOutputStream:75 - [STDERR_REDIRECT] [Fatal Error] :1:1: Premature end of file.
2026-03-01 01:06:46,785 [ERROR] LogOutputStream:75 - [STDERR_REDIRECT] 
2026-03-01 01:06:47,786 [ERROR] LogOutputStream:75 - [STDERR_REDIRECT] [Fatal Error] :1:1: Premature end of file.
2026-03-01 01:06:47,786 [ERROR] LogOutputStream:75 - [STDERR_REDIRECT] 
2026-03-01 01:06:48,785 [ERROR] LogOutputStream:75 - [STDERR_REDIRECT] [Fatal Error] :1:1: Premature end of file.
2026-03-01 01:06:48,785 [ERROR] LogOutputStream:75 - [STDERR_REDIRECT] 
2026-03-01 01:06:49,786 [ERROR] LogOutputStream:75 - [STDERR_REDIRECT] [Fatal Error] :1:1: Premature end of file.
2026-03-01 01:06:49,786 [ERROR] LogOutputStream:75 - [STDERR_REDIRECT] 
2026-03-01 01:06:50,786 [ERROR] LogOutputStream:75 - [STDERR_REDIRECT] [Fatal Error] :1:1: Premature end of file.
2026-03-01 01:06:50,786 [ERROR] LogOutputStream:75 - [STDERR_REDIRECT] 
2026-03-01 01:06:51,785 [ERROR] LogOutputStream:75 - [STDERR_REDIRECT] [Fatal Error] :1:1: Premature end of file.
2026-03-01 01:06:51,785 [ERROR] LogOutputStream:75 - [STDERR_REDIRECT] 
2026-03-01 01:06:52,790 [ERROR] LogOutputStream:75 - [STDERR_REDIRECT] [Fatal Error] :1:1: Premature end of file.
2026-03-01 01:06:52,790 [ERROR] LogOutputStream:75 - [STDERR_REDIRECT] 
2026-03-01 01:06:53,789 [ERROR] LogOutputStream:75 - [STDERR_REDIRECT] [Fatal Error] :1:1: Premature end of file.
2026-03-01 01:06:53,789 [ERROR] LogOutputStream:75 - [STDERR_REDIRECT] 
2026-03-01 01:06:54,784 [ERROR] LogOutputStream:75 - [STDERR_REDIRECT] [Fatal Error] :1:1: Premature end of file.
2026-03-01 01:06:54,784 [ERROR] LogOutputStream:75 - [STDERR_REDIRECT] 
2026-03-01 01:06:55,790 [ERROR] LogOutputStream:75 - [STDERR_REDIRECT] [Fatal Error] :1:1: Premature end of file.
2026-03-01 01:06:55,790 [ERROR] LogOutputStream:75 - [STDERR_REDIRECT] 
2026-03-01 01:06:56,786 [ERROR] LogOutputStream:75 - [STDERR_REDIRECT] [Fatal Error] :1:1: Premature end of file.
2026-03-01 01:06:56,786 [ERROR] LogOutputStream:75 - [STDERR_REDIRECT] 
2026-03-01 01:06:57,785 [ERROR] LogOutputStream:75 - [STDERR_REDIRECT] [Fatal Error] :1:1: Premature end of file.
2026-03-01 01:06:57,785 [ERROR] LogOutputStream:75 - [STDERR_REDIRECT] 
2026-03-01 01:06:58,788 [ERROR] LogOutputStream:75 - [STDERR_REDIRECT] [Fatal Error] :1:1: Premature end of file.
2026-03-01 01:06:58,788 [ERROR] LogOutputStream:75 - [STDERR_REDIRECT] 
2026-03-01 01:06:59,785 [ERROR] LogOutputStream:75 - [STDERR_REDIRECT] [Fatal Error] :1:1: Premature end of file.
2026-03-01 01:06:59,785 [ERROR] LogOutputStream:75 - [STDERR_REDIRECT] 
2026-03-01 01:07:00,792 [ERROR] LogOutputStream:75 - [STDERR_REDIRECT] [Fatal Error] :1:1: Premature end of file.
2026-03-01 01:07:00,792 [ERROR] LogOutputStream:75 - [STDERR_REDIRECT] 
2026-03-01 01:07:01,786 [ERROR] LogOutputStream:75 - [STDERR_REDIRECT] [Fatal Error] :1:1: Premature end of file.
2026-03-01 01:07:01,786 [ERROR] LogOutputStream:75 - [STDERR_REDIRECT] 
2026-03-01 01:07:02,788 [ERROR] LogOutputStream:75 - [STDERR_REDIRECT] [Fatal Error] :1:1: Premature end of file.
2026-03-01 01:07:02,788 [ERROR] LogOutputStream:75 - [STDERR_REDIRECT] 
2026-03-01 01:07:03,787 [ERROR] LogOutputStream:75 - [STDERR_REDIRECT] [Fatal Error] :1:1: Premature end of file.
2026-03-01 01:07:03,788 [ERROR] LogOutputStream:75 - [STDERR_REDIRECT] 
2026-03-01 01:07:04,785 [ERROR] LogOutputStream:75 - [STDERR_REDIRECT] [Fatal Error] :1:1: Premature end of file.
2026-03-01 01:07:04,785 [ERROR] LogOutputStream:75 - [STDERR_REDIRECT] 
2026-03-01 01:07:05,793 [ERROR] LogOutputStream:75 - [STDERR_REDIRECT] [Fatal Error] :1:1: Premature end of file.
2026-03-01 01:07:05,793 [ERROR] LogOutputStream:75 - [STDERR_REDIRECT] 
2026-03-01 01:07:06,785 [ERROR] LogOutputStream:75 - [STDERR_REDIRECT] [Fatal Error] :1:1: Premature end of file.
2026-03-01 01:07:06,785 [ERROR] LogOutputStream:75 - [STDERR_REDIRECT] 
2026-03-01 01:07:07,795 [ERROR] LogOutputStream:75 - [STDERR_REDIRECT] [Fatal Error] :1:1: Premature end of file.
2026-03-01 01:07:07,795 [ERROR] LogOutputStream:75 - [STDERR_REDIRECT] 
2026-03-01 01:07:08,786 [ERROR] LogOutputStream:75 - [STDERR_REDIRECT] [Fatal Error] :1:1: Premature end of file.
2026-03-01 01:07:08,786 [ERROR] LogOutputStream:75 - [STDERR_REDIRECT] 
2026-03-01 01:07:09,784 [ERROR] LogOutputStream:75 - [STDERR_REDIRECT] [Fatal Error] :1:1: Premature end of file.
2026-03-01 01:07:09,784 [ERROR] LogOutputStream:75 - [STDERR_REDIRECT] 
2026-03-01 01:07:10,799 [ERROR] LogOutputStream:75 - [STDERR_REDIRECT] [Fatal Error] :1:1: Premature end of file.
2026-03-01 01:07:10,799 [ERROR] LogOutputStream:75 - [STDERR_REDIRECT] 
2026-03-01 01:07:11,785 [ERROR] LogOutputStream:75 - [STDERR_REDIRECT] [Fatal Error] :1:1: Premature end of file.
2026-03-01 01:07:11,785 [ERROR] LogOutputStream:75 - [STDERR_REDIRECT] 
2026-03-01 01:07:12,801 [ERROR] LogOutputStream:75 - [STDERR_REDIRECT] [Fatal Error] :1:1: Premature end of file.
2026-03-01 01:07:12,801 [ERROR] LogOutputStream:75 - [STDERR_REDIRECT] 
2026-03-01 01:07:13,789 [ERROR] LogOutputStream:75 - [STDERR_REDIRECT] [Fatal Error] :1:1: Premature end of file.
2026-03-01 01:07:13,789 [ERROR] LogOutputStream:75 - [STDERR_REDIRECT] 
2026-03-01 01:07:14,786 [ERROR] LogOutputStream:75 - [STDERR_REDIRECT] [Fatal Error] :1:1: Premature end of file.
2026-03-01 01:07:14,786 [ERROR] LogOutputStream:75 - [STDERR_REDIRECT] 
2026-03-01 01:07:15,786 [ERROR] LogOutputStream:75 - [STDERR_REDIRECT] [Fatal Error] :1:1: Premature end of file.
2026-03-01 01:07:15,786 [ERROR] LogOutputStream:75 - [STDERR_REDIRECT] 
2026-03-01 01:07:16,785 [ERROR] LogOutputStream:75 - [STDERR_REDIRECT] [Fatal Error] :1:1: Premature end of file.
2026-03-01 01:07:16,785 [ERROR] LogOutputStream:75 - [STDERR_REDIRECT] 
2026-03-01 01:07:17,785 [ERROR] LogOutputStream:75 - [STDERR_REDIRECT] [Fatal Error] :1:1: Premature end of file.
2026-03-01 01:07:17,785 [ERROR] LogOutputStream:75 - [STDERR_REDIRECT] 
2026-03-01 01:07:18,786 [ERROR] LogOutputStream:75 - [STDERR_REDIRECT] [Fatal Error] :1:1: Premature end of file.
2026-03-01 01:07:18,786 [ERROR] LogOutputStream:75 - [STDERR_REDIRECT] 
2026-03-01 01:07:19,785 [ERROR] LogOutputStream:75 - [STDERR_REDIRECT] [Fatal Error] :1:1: Premature end of file.
2026-03-01 01:07:19,785 [ERROR] LogOutputStream:75 - [STDERR_REDIRECT] 
2026-03-01 01:07:20,796 [ERROR] LogOutputStream:75 - [STDERR_REDIRECT] [Fatal Error] :1:1: Premature end of file.
2026-03-01 01:07:20,796 [ERROR] LogOutputStream:75 - [STDERR_REDIRECT] 
2026-03-01 01:07:21,786 [ERROR] LogOutputStream:75 - [STDERR_REDIRECT] [Fatal Error] :1:1: Premature end of file.
2026-03-01 01:07:21,786 [ERROR] LogOutputStream:75 - [STDERR_REDIRECT] 
2026-03-01 01:07:22,784 [ERROR] LogOutputStream:75 - [STDERR_REDIRECT] [Fatal Error] :1:1: Premature end of file.
2026-03-01 01:07:22,784 [ERROR] LogOutputStream:75 - [STDERR_REDIRECT] 
2026-03-01 01:07:23,789 [ERROR] LogOutputStream:75 - [STDERR_REDIRECT] [Fatal Error] :1:1: Premature end of file.
2026-03-01 01:07:23,789 [ERROR] LogOutputStream:75 - [STDERR_REDIRECT] 
2026-03-01 01:07:24,785 [ERROR] LogOutputStream:75 - [STDERR_REDIRECT] [Fatal Error] :1:1: Premature end of file.
2026-03-01 01:07:24,785 [ERROR] LogOutputStream:75 - [STDERR_REDIRECT] 
2026-03-01 01:07:25,785 [ERROR] LogOutputStream:75 - [STDERR_REDIRECT] [Fatal Error] :1:1: Premature end of file.
2026-03-01 01:07:25,785 [ERROR] LogOutputStream:75 - [STDERR_REDIRECT] 
2026-03-01 01:07:26,797 [ERROR] LogOutputStream:75 - [STDERR_REDIRECT] [Fatal Error] :1:1: Premature end of file.
2026-03-01 01:07:26,797 [ERROR] LogOutputStream:75 - [STDERR_REDIRECT] 
2026-03-01 01:07:27,786 [ERROR] LogOutputStream:75 - [STDERR_REDIRECT] [Fatal Error] :1:1: Premature end of file.
2026-03-01 01:07:27,786 [ERROR] LogOutputStream:75 - [STDERR_REDIRECT] 
2026-03-01 01:07:28,785 [ERROR] LogOutputStream:75 - [STDERR_REDIRECT] [Fatal Error] :1:1: Premature end of file.
2026-03-01 01:07:28,785 [ERROR] LogOutputStream:75 - [STDERR_REDIRECT] 
2026-03-01 01:07:29,786 [ERROR] LogOutputStream:75 - [STDERR_REDIRECT] [Fatal Error] :1:1: Premature end of file.
2026-03-01 01:07:29,786 [ERROR] LogOutputStream:75 - [STDERR_REDIRECT] 
2026-03-01 01:07:30,785 [ERROR] LogOutputStream:75 - [STDERR_REDIRECT] [Fatal Error] :1:1: Premature end of file.
2026-03-01 01:07:30,785 [ERROR] LogOutputStream:75 - [STDERR_REDIRECT] 
2026-03-01 01:07:31,786 [ERROR] LogOutputStream:75 - [STDERR_REDIRECT] [Fatal Error] :1:1: Premature end of file.
2026-03-01 01:07:31,786 [ERROR] LogOutputStream:75 - [STDERR_REDIRECT] 
2026-03-01 01:07:32,784 [ERROR] LogOutputStream:75 - [STDERR_REDIRECT] [Fatal Error] :1:1: Premature end of file.
2026-03-01 01:07:32,784 [ERROR] LogOutputStream:75 - [STDERR_REDIRECT] 
2026-03-01 01:07:33,796 [ERROR] LogOutputStream:75 - [STDERR_REDIRECT] [Fatal Error] :1:1: Premature end of file.
2026-03-01 01:07:33,797 [ERROR] LogOutputStream:75 - [STDERR_REDIRECT] 
2026-03-01 01:07:34,787 [ERROR] LogOutputStream:75 - [STDERR_REDIRECT] [Fatal Error] :1:1: Premature end of file.
2026-03-01 01:07:34,787 [ERROR] LogOutputStream:75 - [STDERR_REDIRECT] 
2026-03-01 01:07:35,786 [ERROR] LogOutputStream:75 - [STDERR_REDIRECT] [Fatal Error] :1:1: Premature end of file.
2026-03-01 01:07:35,786 [ERROR] LogOutputStream:75 - [STDERR_REDIRECT] 
2026-03-01 01:07:36,786 [ERROR] LogOutputStream:75 - [STDERR_REDIRECT] [Fatal Error] :1:1: Premature end of file.
2026-03-01 01:07:36,786 [ERROR] LogOutputStream:75 - [STDERR_REDIRECT] 
2026-03-01 01:07:37,784 [ERROR] LogOutputStream:75 - [STDERR_REDIRECT] [Fatal Error] :1:1: Premature end of file.
2026-03-01 01:07:37,784 [ERROR] LogOutputStream:75 - [STDERR_REDIRECT] 
2026-03-01 01:07:38,789 [ERROR] LogOutputStream:75 - [STDERR_REDIRECT] [Fatal Error] :1:1: Premature end of file.
2026-03-01 01:07:38,790 [ERROR] LogOutputStream:75 - [STDERR_REDIRECT] 
2026-03-01 01:07:39,787 [ERROR] LogOutputStream:75 - [STDERR_REDIRECT] [Fatal Error] :1:1: Premature end of file.
2026-03-01 01:07:39,787 [ERROR] LogOutputStream:75 - [STDERR_REDIRECT] 
2026-03-01 01:07:40,785 [ERROR] LogOutputStream:75 - [STDERR_REDIRECT] [Fatal Error] :1:1: Premature end of file.
2026-03-01 01:07:40,785 [ERROR] LogOutputStream:75 - [STDERR_REDIRECT] 
2026-03-01 01:07:41,786 [ERROR] LogOutputStream:75 - [STDERR_REDIRECT] [Fatal Error] :1:1: Premature end of file.
2026-03-01 01:07:41,786 [ERROR] LogOutputStream:75 - [STDERR_REDIRECT] 
2026-03-01 01:07:42,785 [ERROR] LogOutputStream:75 - [STDERR_REDIRECT] [Fatal Error] :1:1: Premature end of file.
2026-03-01 01:07:42,785 [ERROR] LogOutputStream:75 - [STDERR_REDIRECT] 
2026-03-01 01:07:43,786 [ERROR] LogOutputStream:75 - [STDERR_REDIRECT] [Fatal Error] :1:1: Premature end of file.
2026-03-01 01:07:43,787 [ERROR] LogOutputStream:75 - [STDERR_REDIRECT] 
2026-03-01 01:07:44,785 [ERROR] LogOutputStream:75 - [STDERR_REDIRECT] [Fatal Error] :1:1: Premature end of file.
2026-03-01 01:07:44,785 [ERROR] LogOutputStream:75 - [STDERR_REDIRECT] 
2026-03-01 01:07:45,787 [ERROR] LogOutputStream:75 - [STDERR_REDIRECT] [Fatal Error] :1:1: Premature end of file.
2026-03-01 01:07:45,787 [ERROR] LogOutputStream:75 - [STDERR_REDIRECT] 
2026-03-01 01:07:46,784 [ERROR] LogOutputStream:75 - [STDERR_REDIRECT] [Fatal Error] :1:1: Premature end of file.
2026-03-01 01:07:46,784 [ERROR] LogOutputStream:75 - [STDERR_REDIRECT] 
2026-03-01 01:07:47,798 [ERROR] LogOutputStream:75 - [STDERR_REDIRECT] [Fatal Error] :1:1: Premature end of file.
2026-03-01 01:07:47,798 [ERROR] LogOutputStream:75 - [STDERR_REDIRECT] 
2026-03-01 01:07:48,787 [ERROR] LogOutputStream:75 - [STDERR_REDIRECT] [Fatal Error] :1:1: Premature end of file.
2026-03-01 01:07:48,787 [ERROR] LogOutputStream:75 - [STDERR_REDIRECT] 
2026-03-01 01:07:49,794 [ERROR] LogOutputStream:75 - [STDERR_REDIRECT] [Fatal Error] :1:1: Premature end of file.
2026-03-01 01:07:49,794 [ERROR] LogOutputStream:75 - [STDERR_REDIRECT] 
2026-03-01 01:07:50,791 [ERROR] LogOutputStream:75 - [STDERR_REDIRECT] [Fatal Error] :1:1: Premature end of file.
2026-03-01 01:07:50,791 [ERROR] LogOutputStream:75 - [STDERR_REDIRECT] 
2026-03-01 01:07:51,785 [ERROR] LogOutputStream:75 - [STDERR_REDIRECT] [Fatal Error] :1:1: Premature end of file.
2026-03-01 01:07:51,785 [ERROR] LogOutputStream:75 - [STDERR_REDIRECT] 
2026-03-01 01:07:52,785 [ERROR] LogOutputStream:75 - [STDERR_REDIRECT] [Fatal Error] :1:1: Premature end of file.
2026-03-01 01:07:52,785 [ERROR] LogOutputStream:75 - [STDERR_REDIRECT] 
2026-03-01 01:07:53,785 [ERROR] LogOutputStream:75 - [STDERR_REDIRECT] [Fatal Error] :1:1: Premature end of file.
2026-03-01 01:07:53,785 [ERROR] LogOutputStream:75 - [STDERR_REDIRECT] 
2026-03-01 01:07:54,785 [ERROR] LogOutputStream:75 - [STDERR_REDIRECT] [Fatal Error] :1:1: Premature end of file.
2026-03-01 01:07:54,785 [ERROR] LogOutputStream:75 - [STDERR_REDIRECT] 
2026-03-01 01:07:55,784 [ERROR] LogOutputStream:75 - [STDERR_REDIRECT] [Fatal Error] :1:1: Premature end of file.
2026-03-01 01:07:55,784 [ERROR] LogOutputStream:75 - [STDERR_REDIRECT] 
2026-03-01 01:07:56,790 [ERROR] LogOutputStream:75 - [STDERR_REDIRECT] [Fatal Error] :1:1: Premature end of file.
2026-03-01 01:07:56,790 [ERROR] LogOutputStream:75 - [STDERR_REDIRECT] 
2026-03-01 01:07:57,785 [ERROR] LogOutputStream:75 - [STDERR_REDIRECT] [Fatal Error] :1:1: Premature end of file.
2026-03-01 01:07:57,785 [ERROR] LogOutputStream:75 - [STDERR_REDIRECT] 
2026-03-01 01:07:58,789 [ERROR] LogOutputStream:75 - [STDERR_REDIRECT] [Fatal Error] :1:1: Premature end of file.
2026-03-01 01:07:58,789 [ERROR] LogOutputStream:75 - [STDERR_REDIRECT] 
2026-03-01 01:07:59,787 [ERROR] LogOutputStream:75 - [STDERR_REDIRECT] [Fatal Error] :1:1: Premature end of file.
2026-03-01 01:07:59,787 [ERROR] LogOutputStream:75 - [STDERR_REDIRECT] 
2026-03-01 01:08:00,786 [ERROR] LogOutputStream:75 - [STDERR_REDIRECT] [Fatal Error] :1:1: Premature end of file.
2026-03-01 01:08:00,786 [ERROR] LogOutputStream:75 - [STDERR_REDIRECT] 
2026-03-01 01:08:01,783 [ERROR] LogOutputStream:75 - [STDERR_REDIRECT] [Fatal Error] :1:1: Premature end of file.
2026-03-01 01:08:01,783 [ERROR] LogOutputStream:75 - [STDERR_REDIRECT] 
2026-03-01 01:08:02,785 [ERROR] LogOutputStream:75 - [STDERR_REDIRECT] [Fatal Error] :1:1: Premature end of file.
2026-03-01 01:08:02,785 [ERROR] LogOutputStream:75 - [STDERR_REDIRECT] 
2026-03-01 01:08:03,785 [ERROR] LogOutputStream:75 - [STDERR_REDIRECT] [Fatal Error] :1:1: Premature end of file.
2026-03-01 01:08:03,785 [ERROR] LogOutputStream:75 - [STDERR_REDIRECT] 
2026-03-01 01:08:04,792 [ERROR] LogOutputStream:75 - [STDERR_REDIRECT] [Fatal Error] :1:1: Premature end of file.
2026-03-01 01:08:04,792 [ERROR] LogOutputStream:75 - [STDERR_REDIRECT] 
2026-03-01 01:08:05,785 [ERROR] LogOutputStream:75 - [STDERR_REDIRECT] [Fatal Error] :1:1: Premature end of file.
2026-03-01 01:08:05,785 [ERROR] LogOutputStream:75 - [STDERR_REDIRECT] 
2026-03-01 01:08:06,786 [ERROR] LogOutputStream:75 - [STDERR_REDIRECT] [Fatal Error] :1:1: Premature end of file.
2026-03-01 01:08:06,786 [ERROR] LogOutputStream:75 - [STDERR_REDIRECT] 
2026-03-01 01:08:07,786 [ERROR] LogOutputStream:75 - [STDERR_REDIRECT] [Fatal Error] :1:1: Premature end of file.
2026-03-01 01:08:07,786 [ERROR] LogOutputStream:75 - [STDERR_REDIRECT] 
2026-03-01 01:08:08,783 [ERROR] LogOutputStream:75 - [STDERR_REDIRECT] [Fatal Error] :1:1: Premature end of file.
2026-03-01 01:08:08,783 [ERROR] LogOutputStream:75 - [STDERR_REDIRECT] 
2026-03-01 01:08:09,784 [ERROR] LogOutputStream:75 - [STDERR_REDIRECT] [Fatal Error] :1:1: Premature end of file.
2026-03-01 01:08:09,784 [ERROR] LogOutputStream:75 - [STDERR_REDIRECT] 
2026-03-01 01:08:10,786 [ERROR] LogOutputStream:75 - [STDERR_REDIRECT] [Fatal Error] :1:1: Premature end of file.
2026-03-01 01:08:10,786 [ERROR] LogOutputStream:75 - [STDERR_REDIRECT] 
2026-03-01 01:08:11,786 [ERROR] LogOutputStream:75 - [STDERR_REDIRECT] [Fatal Error] :1:1: Premature end of file.
2026-03-01 01:08:11,786 [ERROR] LogOutputStream:75 - [STDERR_REDIRECT] 
2026-03-01 01:08:12,785 [ERROR] LogOutputStream:75 - [STDERR_REDIRECT] [Fatal Error] :1:1: Premature end of file.
2026-03-01 01:08:12,785 [ERROR] LogOutputStream:75 - [STDERR_REDIRECT] 
2026-03-01 01:08:13,786 [ERROR] LogOutputStream:75 - [STDERR_REDIRECT] [Fatal Error] :1:1: Premature end of file.
2026-03-01 01:08:13,786 [ERROR] LogOutputStream:75 - [STDERR_REDIRECT] 
2026-03-01 01:08:14,785 [ERROR] LogOutputStream:75 - [STDERR_REDIRECT] [Fatal Error] :1:1: Premature end of file.
2026-03-01 01:08:14,785 [ERROR] LogOutputStream:75 - [STDERR_REDIRECT] 
2026-03-01 01:08:15,800 [ERROR] LogOutputStream:75 - [STDERR_REDIRECT] [Fatal Error] :1:1: Premature end of file.
2026-03-01 01:08:15,800 [ERROR] LogOutputStream:75 - [STDERR_REDIRECT] 
2026-03-01 01:08:16,785 [ERROR] LogOutputStream:75 - [STDERR_REDIRECT] [Fatal Error] :1:1: Premature end of file.
2026-03-01 01:08:16,785 [ERROR] LogOutputStream:75 - [STDERR_REDIRECT] 
2026-03-01 01:08:17,785 [ERROR] LogOutputStream:75 - [STDERR_REDIRECT] [Fatal Error] :1:1: Premature end of file.
2026-03-01 01:08:17,785 [ERROR] LogOutputStream:75 - [STDERR_REDIRECT] 
2026-03-01 01:08:18,788 [ERROR] LogOutputStream:75 - [STDERR_REDIRECT] [Fatal Error] :1:1: Premature end of file.
2026-03-01 01:08:18,788 [ERROR] LogOutputStream:75 - [STDERR_REDIRECT] 
2026-03-01 01:08:19,784 [ERROR] LogOutputStream:75 - [STDERR_REDIRECT] [Fatal Error] :1:1: Premature end of file.
2026-03-01 01:08:19,785 [ERROR] LogOutputStream:75 - [STDERR_REDIRECT] 
2026-03-01 01:08:20,785 [ERROR] LogOutputStream:75 - [STDERR_REDIRECT] [Fatal Error] :1:1: Premature end of file.
2026-03-01 01:08:20,785 [ERROR] LogOutputStream:75 - [STDERR_REDIRECT] 
2026-03-01 01:08:21,784 [ERROR] LogOutputStream:75 - [STDERR_REDIRECT] [Fatal Error] :1:1: Premature end of file.
2026-03-01 01:08:21,785 [ERROR] LogOutputStream:75 - [STDERR_REDIRECT] 
2026-03-01 01:08:22,787 [ERROR] LogOutputStream:75 - [STDERR_REDIRECT] [Fatal Error] :1:1: Premature end of file.
2026-03-01 01:08:22,787 [ERROR] LogOutputStream:75 - [STDERR_REDIRECT] 
2026-03-01 01:08:23,785 [ERROR] LogOutputStream:75 - [STDERR_REDIRECT] [Fatal Error] :1:1: Premature end of file.
2026-03-01 01:08:23,785 [ERROR] LogOutputStream:75 - [STDERR_REDIRECT] 
2026-03-01 01:08:24,786 [ERROR] LogOutputStream:75 - [STDERR_REDIRECT] [Fatal Error] :1:1: Premature end of file.
2026-03-01 01:08:24,786 [ERROR] LogOutputStream:75 - [STDERR_REDIRECT] 
2026-03-01 01:08:25,785 [ERROR] LogOutputStream:75 - [STDERR_REDIRECT] [Fatal Error] :1:1: Premature end of file.
2026-03-01 01:08:25,785 [ERROR] LogOutputStream:75 - [STDERR_REDIRECT] 
2026-03-01 01:08:26,784 [ERROR] LogOutputStream:75 - [STDERR_REDIRECT] [Fatal Error] :1:1: Premature end of file.
2026-03-01 01:08:26,784 [ERROR] LogOutputStream:75 - [STDERR_REDIRECT] 
2026-03-01 01:08:27,787 [ERROR] LogOutputStream:75 - [STDERR_REDIRECT] [Fatal Error] :1:1: Premature end of file.
2026-03-01 01:08:27,787 [ERROR] LogOutputStream:75 - [STDERR_REDIRECT] 
2026-03-01 01:08:28,785 [ERROR] LogOutputStream:75 - [STDERR_REDIRECT] [Fatal Error] :1:1: Premature end of file.
2026-03-01 01:08:28,785 [ERROR] LogOutputStream:75 - [STDERR_REDIRECT] 
2026-03-01 01:08:29,784 [ERROR] LogOutputStream:75 - [STDERR_REDIRECT] [Fatal Error] :1:1: Premature end of file.
2026-03-01 01:08:29,785 [ERROR] LogOutputStream:75 - [STDERR_REDIRECT] 
2026-03-01 01:08:30,789 [ERROR] LogOutputStream:75 - [STDERR_REDIRECT] [Fatal Error] :1:1: Premature end of file.
2026-03-01 01:08:30,789 [ERROR] LogOutputStream:75 - [STDERR_REDIRECT] 
2026-03-01 01:08:31,792 [ERROR] LogOutputStream:75 - [STDERR_REDIRECT] [Fatal Error] :1:1: Premature end of file.
2026-03-01 01:08:31,793 [ERROR] LogOutputStream:75 - [STDERR_REDIRECT] 
2026-03-01 01:08:32,787 [ERROR] LogOutputStream:75 - [STDERR_REDIRECT] [Fatal Error] :1:1: Premature end of file.
2026-03-01 01:08:32,787 [ERROR] LogOutputStream:75 - [STDERR_REDIRECT] 
2026-03-01 01:08:33,783 [ERROR] LogOutputStream:75 - [STDERR_REDIRECT] [Fatal Error] :1:1: Premature end of file.
2026-03-01 01:08:33,784 [ERROR] LogOutputStream:75 - [STDERR_REDIRECT] 
2026-03-01 01:08:34,784 [ERROR] LogOutputStream:75 - [STDERR_REDIRECT] [Fatal Error] :1:1: Premature end of file.
2026-03-01 01:08:34,784 [ERROR] LogOutputStream:75 - [STDERR_REDIRECT] 
2026-03-01 01:08:35,785 [ERROR] LogOutputStream:75 - [STDERR_REDIRECT] [Fatal Error] :1:1: Premature end of file.
2026-03-01 01:08:35,785 [ERROR] LogOutputStream:75 - [STDERR_REDIRECT] 
2026-03-01 01:08:36,786 [ERROR] LogOutputStream:75 - [STDERR_REDIRECT] [Fatal Error] :1:1: Premature end of file.
2026-03-01 01:08:36,786 [ERROR] LogOutputStream:75 - [STDERR_REDIRECT] 
2026-03-01 01:08:37,786 [ERROR] LogOutputStream:75 - [STDERR_REDIRECT] [Fatal Error] :1:1: Premature end of file.
2026-03-01 01:08:37,786 [ERROR] LogOutputStream:75 - [STDERR_REDIRECT] 
2026-03-01 01:08:38,786 [ERROR] LogOutputStream:75 - [STDERR_REDIRECT] [Fatal Error] :1:1: Premature end of file.
2026-03-01 01:08:38,786 [ERROR] LogOutputStream:75 - [STDERR_REDIRECT] 
2026-03-01 01:08:39,785 [ERROR] LogOutputStream:75 - [STDERR_REDIRECT] [Fatal Error] :1:1: Premature end of file.
2026-03-01 01:08:39,785 [ERROR] LogOutputStream:75 - [STDERR_REDIRECT] 
2026-03-01 01:08:40,788 [ERROR] LogOutputStream:75 - [STDERR_REDIRECT] [Fatal Error] :1:1: Premature end of file.
2026-03-01 01:08:40,788 [ERROR] LogOutputStream:75 - [STDERR_REDIRECT] 
2026-03-01 01:08:41,788 [ERROR] LogOutputStream:75 - [STDERR_REDIRECT] [Fatal Error] :1:1: Premature end of file.
2026-03-01 01:08:41,788 [ERROR] LogOutputStream:75 - [STDERR_REDIRECT] 
2026-03-01 01:08:42,787 [ERROR] LogOutputStream:75 - [STDERR_REDIRECT] [Fatal Error] :1:1: Premature end of file.
2026-03-01 01:08:42,788 [ERROR] LogOutputStream:75 - [STDERR_REDIRECT] 
2026-03-01 01:08:43,787 [ERROR] LogOutputStream:75 - [STDERR_REDIRECT] [Fatal Error] :1:1: Premature end of file.
2026-03-01 01:08:43,787 [ERROR] LogOutputStream:75 - [STDERR_REDIRECT] 
2026-03-01 01:08:44,784 [ERROR] LogOutputStream:75 - [STDERR_REDIRECT] [Fatal Error] :1:1: Premature end of file.
2026-03-01 01:08:44,785 [ERROR] LogOutputStream:75 - [STDERR_REDIRECT] 
2026-03-01 01:08:45,787 [ERROR] LogOutputStream:75 - [STDERR_REDIRECT] [Fatal Error] :1:1: Premature end of file.
2026-03-01 01:08:45,787 [ERROR] LogOutputStream:75 - [STDERR_REDIRECT] 
2026-03-01 01:08:46,785 [ERROR] LogOutputStream:75 - [STDERR_REDIRECT] [Fatal Error] :1:1: Premature end of file.
2026-03-01 01:08:46,785 [ERROR] LogOutputStream:75 - [STDERR_REDIRECT] 
2026-03-01 01:08:47,785 [ERROR] LogOutputStream:75 - [STDERR_REDIRECT] [Fatal Error] :1:1: Premature end of file.
2026-03-01 01:08:47,785 [ERROR] LogOutputStream:75 - [STDERR_REDIRECT] 
2026-03-01 01:08:48,786 [ERROR] LogOutputStream:75 - [STDERR_REDIRECT] [Fatal Error] :1:1: Premature end of file.
2026-03-01 01:08:48,786 [ERROR] LogOutputStream:75 - [STDERR_REDIRECT] 
2026-03-01 01:08:49,785 [ERROR] LogOutputStream:75 - [STDERR_REDIRECT] [Fatal Error] :1:1: Premature end of file.
2026-03-01 01:08:49,785 [ERROR] LogOutputStream:75 - [STDERR_REDIRECT] 
2026-03-01 01:08:50,787 [ERROR] LogOutputStream:75 - [STDERR_REDIRECT] [Fatal Error] :1:1: Premature end of file.
2026-03-01 01:08:50,787 [ERROR] LogOutputStream:75 - [STDERR_REDIRECT] 
2026-03-01 01:08:51,787 [ERROR] LogOutputStream:75 - [STDERR_REDIRECT] [Fatal Error] :1:1: Premature end of file.
2026-03-01 01:08:51,787 [ERROR] LogOutputStream:75 - [STDERR_REDIRECT] 
2026-03-01 01:08:52,789 [ERROR] LogOutputStream:75 - [STDERR_REDIRECT] [Fatal Error] :1:1: Premature end of file.
2026-03-01 01:08:52,789 [ERROR] LogOutputStream:75 - [STDERR_REDIRECT] 
2026-03-01 01:08:53,785 [ERROR] LogOutputStream:75 - [STDERR_REDIRECT] [Fatal Error] :1:1: Premature end of file.
2026-03-01 01:08:53,786 [ERROR] LogOutputStream:75 - [STDERR_REDIRECT] 
2026-03-01 01:08:54,784 [ERROR] LogOutputStream:75 - [STDERR_REDIRECT] [Fatal Error] :1:1: Premature end of file.
2026-03-01 01:08:54,784 [ERROR] LogOutputStream:75 - [STDERR_REDIRECT] 
2026-03-01 01:08:55,785 [ERROR] LogOutputStream:75 - [STDERR_REDIRECT] [Fatal Error] :1:1: Premature end of file.
2026-03-01 01:08:55,785 [ERROR] LogOutputStream:75 - [STDERR_REDIRECT] 
2026-03-01 01:08:56,785 [ERROR] LogOutputStream:75 - [STDERR_REDIRECT] [Fatal Error] :1:1: Premature end of file.
2026-03-01 01:08:56,785 [ERROR] LogOutputStream:75 - [STDERR_REDIRECT] 
2026-03-01 01:08:57,787 [ERROR] LogOutputStream:75 - [STDERR_REDIRECT] [Fatal Error] :1:1: Premature end of file.
2026-03-01 01:08:57,788 [ERROR] LogOutputStream:75 - [STDERR_REDIRECT] 
2026-03-01 01:08:58,786 [ERROR] LogOutputStream:75 - [STDERR_REDIRECT] [Fatal Error] :1:1: Premature end of file.
2026-03-01 01:08:58,786 [ERROR] LogOutputStream:75 - [STDERR_REDIRECT] 
2026-03-01 01:08:59,785 [ERROR] LogOutputStream:75 - [STDERR_REDIRECT] [Fatal Error] :1:1: Premature end of file.
2026-03-01 01:08:59,785 [ERROR] LogOutputStream:75 - [STDERR_REDIRECT] 
2026-03-01 01:09:00,786 [ERROR] LogOutputStream:75 - [STDERR_REDIRECT] [Fatal Error] :1:1: Premature end of file.
2026-03-01 01:09:00,786 [ERROR] LogOutputStream:75 - [STDERR_REDIRECT] 
2026-03-01 01:09:01,786 [ERROR] LogOutputStream:75 - [STDERR_REDIRECT] [Fatal Error] :1:1: Premature end of file.
2026-03-01 01:09:01,786 [ERROR] LogOutputStream:75 - [STDERR_REDIRECT] 
2026-03-01 01:09:02,785 [ERROR] LogOutputStream:75 - [STDERR_REDIRECT] [Fatal Error] :1:1: Premature end of file.
2026-03-01 01:09:02,785 [ERROR] LogOutputStream:75 - [STDERR_REDIRECT] 
2026-03-01 01:09:03,787 [ERROR] LogOutputStream:75 - [STDERR_REDIRECT] [Fatal Error] :1:1: Premature end of file.
2026-03-01 01:09:03,787 [ERROR] LogOutputStream:75 - [STDERR_REDIRECT] 
2026-03-01 01:09:04,784 [ERROR] LogOutputStream:75 - [STDERR_REDIRECT] [Fatal Error] :1:1: Premature end of file.
2026-03-01 01:09:04,784 [ERROR] LogOutputStream:75 - [STDERR_REDIRECT] 
2026-03-01 01:09:05,785 [ERROR] LogOutputStream:75 - [STDERR_REDIRECT] [Fatal Error] :1:1: Premature end of file.
2026-03-01 01:09:05,785 [ERROR] LogOutputStream:75 - [STDERR_REDIRECT] 
2026-03-01 01:09:06,785 [ERROR] LogOutputStream:75 - [STDERR_REDIRECT] [Fatal Error] :1:1: Premature end of file.
2026-03-01 01:09:06,785 [ERROR] LogOutputStream:75 - [STDERR_REDIRECT] 
2026-03-01 01:09:07,787 [ERROR] LogOutputStream:75 - [STDERR_REDIRECT] [Fatal Error] :1:1: Premature end of file.
2026-03-01 01:09:07,787 [ERROR] LogOutputStream:75 - [STDERR_REDIRECT] 
2026-03-01 01:09:08,785 [ERROR] LogOutputStream:75 - [STDERR_REDIRECT] [Fatal Error] :1:1: Premature end of file.
2026-03-01 01:09:08,785 [ERROR] LogOutputStream:75 - [STDERR_REDIRECT] 
2026-03-01 01:09:09,786 [ERROR] LogOutputStream:75 - [STDERR_REDIRECT] [Fatal Error] :1:1: Premature end of file.
2026-03-01 01:09:09,786 [ERROR] LogOutputStream:75 - [STDERR_REDIRECT] 
2026-03-01 01:09:10,785 [ERROR] LogOutputStream:75 - [STDERR_REDIRECT] [Fatal Error] :1:1: Premature end of file.
2026-03-01 01:09:10,785 [ERROR] LogOutputStream:75 - [STDERR_REDIRECT] 
2026-03-01 01:09:11,786 [ERROR] LogOutputStream:75 - [STDERR_REDIRECT] [Fatal Error] :1:1: Premature end of file.
2026-03-01 01:09:11,786 [ERROR] LogOutputStream:75 - [STDERR_REDIRECT] 
2026-03-01 01:09:12,785 [ERROR] LogOutputStream:75 - [STDERR_REDIRECT] [Fatal Error] :1:1: Premature end of file.
2026-03-01 01:09:12,785 [ERROR] LogOutputStream:75 - [STDERR_REDIRECT] 
2026-03-01 01:09:13,786 [ERROR] LogOutputStream:75 - [STDERR_REDIRECT] [Fatal Error] :1:1: Premature end of file.
2026-03-01 01:09:13,786 [ERROR] LogOutputStream:75 - [STDERR_REDIRECT] 
2026-03-01 01:09:14,786 [ERROR] LogOutputStream:75 - [STDERR_REDIRECT] [Fatal Error] :1:1: Premature end of file.
2026-03-01 01:09:14,786 [ERROR] LogOutputStream:75 - [STDERR_REDIRECT] 
2026-03-01 01:09:15,785 [ERROR] LogOutputStream:75 - [STDERR_REDIRECT] [Fatal Error] :1:1: Premature end of file.
2026-03-01 01:09:15,785 [ERROR] LogOutputStream:75 - [STDERR_REDIRECT] 
2026-03-01 01:09:16,786 [ERROR] LogOutputStream:75 - [STDERR_REDIRECT] [Fatal Error] :1:1: Premature end of file.
2026-03-01 01:09:16,786 [ERROR] LogOutputStream:75 - [STDERR_REDIRECT] 
2026-03-01 01:09:17,787 [ERROR] LogOutputStream:75 - [STDERR_REDIRECT] [Fatal Error] :1:1: Premature end of file.
2026-03-01 01:09:17,787 [ERROR] LogOutputStream:75 - [STDERR_REDIRECT] 
2026-03-01 01:09:18,785 [ERROR] LogOutputStream:75 - [STDERR_REDIRECT] [Fatal Error] :1:1: Premature end of file.
2026-03-01 01:09:18,785 [ERROR] LogOutputStream:75 - [STDERR_REDIRECT] 
2026-03-01 01:09:19,788 [ERROR] LogOutputStream:75 - [STDERR_REDIRECT] [Fatal Error] :1:1: Premature end of file.
2026-03-01 01:09:19,788 [ERROR] LogOutputStream:75 - [STDERR_REDIRECT] 
2026-03-01 01:09:20,786 [ERROR] LogOutputStream:75 - [STDERR_REDIRECT] [Fatal Error] :1:1: Premature end of file.
2026-03-01 01:09:20,786 [ERROR] LogOutputStream:75 - [STDERR_REDIRECT] 
2026-03-01 01:09:21,786 [ERROR] LogOutputStream:75 - [STDERR_REDIRECT] [Fatal Error] :1:1: Premature end of file.
2026-03-01 01:09:21,786 [ERROR] LogOutputStream:75 - [STDERR_REDIRECT] 
2026-03-01 01:09:22,789 [ERROR] LogOutputStream:75 - [STDERR_REDIRECT] [Fatal Error] :1:1: Premature end of file.
2026-03-01 01:09:22,789 [ERROR] LogOutputStream:75 - [STDERR_REDIRECT] 
2026-03-01 01:09:23,787 [ERROR] LogOutputStream:75 - [STDERR_REDIRECT] [Fatal Error] :1:1: Premature end of file.
2026-03-01 01:09:23,788 [ERROR] LogOutputStream:75 - [STDERR_REDIRECT] 
2026-03-01 01:09:24,788 [ERROR] LogOutputStream:75 - [STDERR_REDIRECT] [Fatal Error] :1:1: Premature end of file.
2026-03-01 01:09:24,788 [ERROR] LogOutputStream:75 - [STDERR_REDIRECT] 
2026-03-01 01:09:25,786 [ERROR] LogOutputStream:75 - [STDERR_REDIRECT] [Fatal Error] :1:1: Premature end of file.
2026-03-01 01:09:25,786 [ERROR] LogOutputStream:75 - [STDERR_REDIRECT] 
2026-03-01 01:09:26,785 [ERROR] LogOutputStream:75 - [STDERR_REDIRECT] [Fatal Error] :1:1: Premature end of file.
2026-03-01 01:09:26,785 [ERROR] LogOutputStream:75 - [STDERR_REDIRECT] 
2026-03-01 01:09:27,785 [ERROR] LogOutputStream:75 - [STDERR_REDIRECT] [Fatal Error] :1:1: Premature end of file.
2026-03-01 01:09:27,785 [ERROR] LogOutputStream:75 - [STDERR_REDIRECT] 
2026-03-01 01:09:28,789 [ERROR] LogOutputStream:75 - [STDERR_REDIRECT] [Fatal Error] :1:1: Premature end of file.
2026-03-01 01:09:28,789 [ERROR] LogOutputStream:75 - [STDERR_REDIRECT] 
2026-03-01 01:09:29,806 [ERROR] LogOutputStream:75 - [STDERR_REDIRECT] [Fatal Error] :1:1: Premature end of file.
2026-03-01 01:09:29,806 [ERROR] LogOutputStream:75 - [STDERR_REDIRECT] 
2026-03-01 01:09:30,784 [ERROR] LogOutputStream:75 - [STDERR_REDIRECT] [Fatal Error] :1:1: Premature end of file.
2026-03-01 01:09:30,784 [ERROR] LogOutputStream:75 - [STDERR_REDIRECT] 
2026-03-01 01:09:31,791 [ERROR] LogOutputStream:75 - [STDERR_REDIRECT] [Fatal Error] :1:1: Premature end of file.
2026-03-01 01:09:31,791 [ERROR] LogOutputStream:75 - [STDERR_REDIRECT] 
2026-03-01 01:09:32,791 [ERROR] LogOutputStream:75 - [STDERR_REDIRECT] [Fatal Error] :1:1: Premature end of file.
2026-03-01 01:09:32,791 [ERROR] LogOutputStream:75 - [STDERR_REDIRECT] 
2026-03-01 01:09:33,787 [ERROR] LogOutputStream:75 - [STDERR_REDIRECT] [Fatal Error] :1:1: Premature end of file.
2026-03-01 01:09:33,787 [ERROR] LogOutputStream:75 - [STDERR_REDIRECT] 
2026-03-01 01:09:34,787 [ERROR] LogOutputStream:75 - [STDERR_REDIRECT] [Fatal Error] :1:1: Premature end of file.
2026-03-01 01:09:34,787 [ERROR] LogOutputStream:75 - [STDERR_REDIRECT] 
2026-03-01 01:09:35,785 [ERROR] LogOutputStream:75 - [STDERR_REDIRECT] [Fatal Error] :1:1: Premature end of file.
2026-03-01 01:09:35,786 [ERROR] LogOutputStream:75 - [STDERR_REDIRECT] 
2026-03-01 01:09:36,785 [ERROR] LogOutputStream:75 - [STDERR_REDIRECT] [Fatal Error] :1:1: Premature end of file.
2026-03-01 01:09:36,785 [ERROR] LogOutputStream:75 - [STDERR_REDIRECT] 
2026-03-01 01:09:37,785 [ERROR] LogOutputStream:75 - [STDERR_REDIRECT] [Fatal Error] :1:1: Premature end of file.
2026-03-01 01:09:37,785 [ERROR] LogOutputStream:75 - [STDERR_REDIRECT] 
2026-03-01 01:09:38,785 [ERROR] LogOutputStream:75 - [STDERR_REDIRECT] [Fatal Error] :1:1: Premature end of file.
2026-03-01 01:09:38,786 [ERROR] LogOutputStream:75 - [STDERR_REDIRECT] 
2026-03-01 01:09:39,785 [ERROR] LogOutputStream:75 - [STDERR_REDIRECT] [Fatal Error] :1:1: Premature end of file.
2026-03-01 01:09:39,785 [ERROR] LogOutputStream:75 - [STDERR_REDIRECT] 
2026-03-01 01:09:40,785 [ERROR] LogOutputStream:75 - [STDERR_REDIRECT] [Fatal Error] :1:1: Premature end of file.
2026-03-01 01:09:40,785 [ERROR] LogOutputStream:75 - [STDERR_REDIRECT] 
2026-03-01 01:09:41,787 [ERROR] LogOutputStream:75 - [STDERR_REDIRECT] [Fatal Error] :1:1: Premature end of file.
2026-03-01 01:09:41,788 [ERROR] LogOutputStream:75 - [STDERR_REDIRECT] 
2026-03-01 01:09:42,792 [ERROR] LogOutputStream:75 - [STDERR_REDIRECT] [Fatal Error] :1:1: Premature end of file.
2026-03-01 01:09:42,793 [ERROR] LogOutputStream:75 - [STDERR_REDIRECT] 
2026-03-01 01:09:43,786 [ERROR] LogOutputStream:75 - [STDERR_REDIRECT] [Fatal Error] :1:1: Premature end of file.
2026-03-01 01:09:43,786 [ERROR] LogOutputStream:75 - [STDERR_REDIRECT] 
2026-03-01 01:09:44,786 [ERROR] LogOutputStream:75 - [STDERR_REDIRECT] [Fatal Error] :1:1: Premature end of file.
2026-03-01 01:09:44,786 [ERROR] LogOutputStream:75 - [STDERR_REDIRECT] 
2026-03-01 01:09:45,786 [ERROR] LogOutputStream:75 - [STDERR_REDIRECT] [Fatal Error] :1:1: Premature end of file.
2026-03-01 01:09:45,786 [ERROR] LogOutputStream:75 - [STDERR_REDIRECT] 
2026-03-01 01:09:46,786 [ERROR] LogOutputStream:75 - [STDERR_REDIRECT] [Fatal Error] :1:1: Premature end of file.
2026-03-01 01:09:46,786 [ERROR] LogOutputStream:75 - [STDERR_REDIRECT] 
2026-03-01 01:09:47,786 [ERROR] LogOutputStream:75 - [STDERR_REDIRECT] [Fatal Error] :1:1: Premature end of file.
2026-03-01 01:09:47,786 [ERROR] LogOutputStream:75 - [STDERR_REDIRECT] 
2026-03-01 01:09:48,785 [ERROR] LogOutputStream:75 - [STDERR_REDIRECT] [Fatal Error] :1:1: Premature end of file.
2026-03-01 01:09:48,785 [ERROR] LogOutputStream:75 - [STDERR_REDIRECT] 
2026-03-01 01:09:49,788 [ERROR] LogOutputStream:75 - [STDERR_REDIRECT] [Fatal Error] :1:1: Premature end of file.
2026-03-01 01:09:49,788 [ERROR] LogOutputStream:75 - [STDERR_REDIRECT] 
2026-03-01 01:09:50,786 [ERROR] LogOutputStream:75 - [STDERR_REDIRECT] [Fatal Error] :1:1: Premature end of file.
2026-03-01 01:09:50,786 [ERROR] LogOutputStream:75 - [STDERR_REDIRECT] 
2026-03-01 01:09:51,785 [ERROR] LogOutputStream:75 - [STDERR_REDIRECT] [Fatal Error] :1:1: Premature end of file.
2026-03-01 01:09:51,785 [ERROR] LogOutputStream:75 - [STDERR_REDIRECT] 
2026-03-01 01:09:52,787 [ERROR] LogOutputStream:75 - [STDERR_REDIRECT] [Fatal Error] :1:1: Premature end of file.
2026-03-01 01:09:52,787 [ERROR] LogOutputStream:75 - [STDERR_REDIRECT] 
2026-03-01 01:09:53,786 [ERROR] LogOutputStream:75 - [STDERR_REDIRECT] [Fatal Error] :1:1: Premature end of file.
2026-03-01 01:09:53,786 [ERROR] LogOutputStream:75 - [STDERR_REDIRECT] 
2026-03-01 01:09:54,786 [ERROR] LogOutputStream:75 - [STDERR_REDIRECT] [Fatal Error] :1:1: Premature end of file.
2026-03-01 01:09:54,786 [ERROR] LogOutputStream:75 - [STDERR_REDIRECT] 
2026-03-01 01:09:55,787 [ERROR] LogOutputStream:75 - [STDERR_REDIRECT] [Fatal Error] :1:1: Premature end of file.
2026-03-01 01:09:55,788 [ERROR] LogOutputStream:75 - [STDERR_REDIRECT] 
2026-03-01 01:09:56,789 [ERROR] LogOutputStream:75 - [STDERR_REDIRECT] [Fatal Error] :1:1: Premature end of file.
2026-03-01 01:09:56,789 [ERROR] LogOutputStream:75 - [STDERR_REDIRECT] 
2026-03-01 01:09:57,786 [ERROR] LogOutputStream:75 - [STDERR_REDIRECT] [Fatal Error] :1:1: Premature end of file.
2026-03-01 01:09:57,786 [ERROR] LogOutputStream:75 - [STDERR_REDIRECT] 
2026-03-01 01:09:58,786 [ERROR] LogOutputStream:75 - [STDERR_REDIRECT] [Fatal Error] :1:1: Premature end of file.
2026-03-01 01:09:58,786 [ERROR] LogOutputStream:75 - [STDERR_REDIRECT] 
2026-03-01 01:09:59,788 [ERROR] LogOutputStream:75 - [STDERR_REDIRECT] [Fatal Error] :1:1: Premature end of file.
2026-03-01 01:09:59,788 [ERROR] LogOutputStream:75 - [STDERR_REDIRECT] 
2026-03-01 01:10:00,786 [ERROR] LogOutputStream:75 - [STDERR_REDIRECT] [Fatal Error] :1:1: Premature end of file.
2026-03-01 01:10:00,786 [ERROR] LogOutputStream:75 - [STDERR_REDIRECT] 
2026-03-01 01:10:01,784 [ERROR] LogOutputStream:75 - [STDERR_REDIRECT] [Fatal Error] :1:1: Premature end of file.
2026-03-01 01:10:01,784 [ERROR] LogOutputStream:75 - [STDERR_REDIRECT] 
2026-03-01 01:10:02,786 [ERROR] LogOutputStream:75 - [STDERR_REDIRECT] [Fatal Error] :1:1: Premature end of file.
2026-03-01 01:10:02,786 [ERROR] LogOutputStream:75 - [STDERR_REDIRECT] 
2026-03-01 01:10:03,785 [ERROR] LogOutputStream:75 - [STDERR_REDIRECT] [Fatal Error] :1:1: Premature end of file.
2026-03-01 01:10:03,786 [ERROR] LogOutputStream:75 - [STDERR_REDIRECT] 
2026-03-01 01:10:04,786 [ERROR] LogOutputStream:75 - [STDERR_REDIRECT] [Fatal Error] :1:1: Premature end of file.
2026-03-01 01:10:04,786 [ERROR] LogOutputStream:75 - [STDERR_REDIRECT] 
2026-03-01 01:10:05,785 [ERROR] LogOutputStream:75 - [STDERR_REDIRECT] [Fatal Error] :1:1: Premature end of file.
2026-03-01 01:10:05,786 [ERROR] LogOutputStream:75 - [STDERR_REDIRECT] 
2026-03-01 01:10:06,785 [ERROR] LogOutputStream:75 - [STDERR_REDIRECT] [Fatal Error] :1:1: Premature end of file.
2026-03-01 01:10:06,785 [ERROR] LogOutputStream:75 - [STDERR_REDIRECT] 
2026-03-01 01:10:07,786 [ERROR] LogOutputStream:75 - [STDERR_REDIRECT] [Fatal Error] :1:1: Premature end of file.
2026-03-01 01:10:07,786 [ERROR] LogOutputStream:75 - [STDERR_REDIRECT] 
2026-03-01 01:10:08,785 [ERROR] LogOutputStream:75 - [STDERR_REDIRECT] [Fatal Error] :1:1: Premature end of file.
2026-03-01 01:10:08,785 [ERROR] LogOutputStream:75 - [STDERR_REDIRECT] 
2026-03-01 01:10:09,785 [ERROR] LogOutputStream:75 - [STDERR_REDIRECT] [Fatal Error] :1:1: Premature end of file.
2026-03-01 01:10:09,785 [ERROR] LogOutputStream:75 - [STDERR_REDIRECT] 
2026-03-01 01:10:10,784 [ERROR] LogOutputStream:75 - [STDERR_REDIRECT] [Fatal Error] :1:1: Premature end of file.
2026-03-01 01:10:10,784 [ERROR] LogOutputStream:75 - [STDERR_REDIRECT] 
2026-03-01 01:10:11,785 [ERROR] LogOutputStream:75 - [STDERR_REDIRECT] [Fatal Error] :1:1: Premature end of file.
2026-03-01 01:10:11,785 [ERROR] LogOutputStream:75 - [STDERR_REDIRECT] 
2026-03-01 01:10:12,787 [ERROR] LogOutputStream:75 - [STDERR_REDIRECT] [Fatal Error] :1:1: Premature end of file.
2026-03-01 01:10:12,787 [ERROR] LogOutputStream:75 - [STDERR_REDIRECT] 
2026-03-01 01:10:13,785 [ERROR] LogOutputStream:75 - [STDERR_REDIRECT] [Fatal Error] :1:1: Premature end of file.
2026-03-01 01:10:13,785 [ERROR] LogOutputStream:75 - [STDERR_REDIRECT] 
2026-03-01 01:10:14,787 [ERROR] LogOutputStream:75 - [STDERR_REDIRECT] [Fatal Error] :1:1: Premature end of file.
2026-03-01 01:10:14,787 [ERROR] LogOutputStream:75 - [STDERR_REDIRECT] 
2026-03-01 01:10:15,786 [ERROR] LogOutputStream:75 - [STDERR_REDIRECT] [Fatal Error] :1:1: Premature end of file.
2026-03-01 01:10:15,786 [ERROR] LogOutputStream:75 - [STDERR_REDIRECT] 
2026-03-01 01:10:16,787 [ERROR] LogOutputStream:75 - [STDERR_REDIRECT] [Fatal Error] :1:1: Premature end of file.
2026-03-01 01:10:16,787 [ERROR] LogOutputStream:75 - [STDERR_REDIRECT] 
2026-03-01 01:10:17,785 [ERROR] LogOutputStream:75 - [STDERR_REDIRECT] [Fatal Error] :1:1: Premature end of file.
2026-03-01 01:10:17,785 [ERROR] LogOutputStream:75 - [STDERR_REDIRECT] 
2026-03-01 01:10:18,785 [ERROR] LogOutputStream:75 - [STDERR_REDIRECT] [Fatal Error] :1:1: Premature end of file.
2026-03-01 01:10:18,785 [ERROR] LogOutputStream:75 - [STDERR_REDIRECT] 
2026-03-01 01:10:19,785 [ERROR] LogOutputStream:75 - [STDERR_REDIRECT] [Fatal Error] :1:1: Premature end of file.
2026-03-01 01:10:19,785 [ERROR] LogOutputStream:75 - [STDERR_REDIRECT] 
2026-03-01 01:10:20,786 [ERROR] LogOutputStream:75 - [STDERR_REDIRECT] [Fatal Error] :1:1: Premature end of file.
2026-03-01 01:10:20,786 [ERROR] LogOutputStream:75 - [STDERR_REDIRECT] 
2026-03-01 01:10:21,787 [ERROR] LogOutputStream:75 - [STDERR_REDIRECT] [Fatal Error] :1:1: Premature end of file.
2026-03-01 01:10:21,787 [ERROR] LogOutputStream:75 - [STDERR_REDIRECT] 
2026-03-01 01:10:22,784 [ERROR] LogOutputStream:75 - [STDERR_REDIRECT] [Fatal Error] :1:1: Premature end of file.
2026-03-01 01:10:22,784 [ERROR] LogOutputStream:75 - [STDERR_REDIRECT] 
2026-03-01 01:10:23,785 [ERROR] LogOutputStream:75 - [STDERR_REDIRECT] [Fatal Error] :1:1: Premature end of file.
2026-03-01 01:10:23,785 [ERROR] LogOutputStream:75 - [STDERR_REDIRECT] 
2026-03-01 01:10:24,788 [ERROR] LogOutputStream:75 - [STDERR_REDIRECT] [Fatal Error] :1:1: Premature end of file.
2026-03-01 01:10:24,788 [ERROR] LogOutputStream:75 - [STDERR_REDIRECT] 
2026-03-01 01:10:25,791 [ERROR] LogOutputStream:75 - [STDERR_REDIRECT] [Fatal Error] :1:1: Premature end of file.
2026-03-01 01:10:25,791 [ERROR] LogOutputStream:75 - [STDERR_REDIRECT] 
2026-03-01 01:10:26,787 [ERROR] LogOutputStream:75 - [STDERR_REDIRECT] [Fatal Error] :1:1: Premature end of file.
2026-03-01 01:10:26,787 [ERROR] LogOutputStream:75 - [STDERR_REDIRECT] 
2026-03-01 01:10:27,784 [ERROR] LogOutputStream:75 - [STDERR_REDIRECT] [Fatal Error] :1:1: Premature end of file.
2026-03-01 01:10:27,784 [ERROR] LogOutputStream:75 - [STDERR_REDIRECT] 
2026-03-01 01:10:28,786 [ERROR] LogOutputStream:75 - [STDERR_REDIRECT] [Fatal Error] :1:1: Premature end of file.
2026-03-01 01:10:28,786 [ERROR] LogOutputStream:75 - [STDERR_REDIRECT] 
2026-03-01 01:10:29,785 [ERROR] LogOutputStream:75 - [STDERR_REDIRECT] [Fatal Error] :1:1: Premature end of file.
2026-03-01 01:10:29,785 [ERROR] LogOutputStream:75 - [STDERR_REDIRECT] 
2026-03-01 01:10:30,786 [ERROR] LogOutputStream:75 - [STDERR_REDIRECT] [Fatal Error] :1:1: Premature end of file.
2026-03-01 01:10:30,786 [ERROR] LogOutputStream:75 - [STDERR_REDIRECT] 
2026-03-01 01:10:31,792 [ERROR] LogOutputStream:75 - [STDERR_REDIRECT] [Fatal Error] :1:1: Premature end of file.
2026-03-01 01:10:31,792 [ERROR] LogOutputStream:75 - [STDERR_REDIRECT] 
2026-03-01 01:10:32,788 [ERROR] LogOutputStream:75 - [STDERR_REDIRECT] [Fatal Error] :1:1: Premature end of file.
2026-03-01 01:10:32,788 [ERROR] LogOutputStream:75 - [STDERR_REDIRECT] 
2026-03-01 01:10:33,786 [ERROR] LogOutputStream:75 - [STDERR_REDIRECT] [Fatal Error] :1:1: Premature end of file.
2026-03-01 01:10:33,786 [ERROR] LogOutputStream:75 - [STDERR_REDIRECT] 
2026-03-01 01:10:34,786 [ERROR] LogOutputStream:75 - [STDERR_REDIRECT] [Fatal Error] :1:1: Premature end of file.
2026-03-01 01:10:34,786 [ERROR] LogOutputStream:75 - [STDERR_REDIRECT] 
2026-03-01 01:10:35,786 [ERROR] LogOutputStream:75 - [STDERR_REDIRECT] [Fatal Error] :1:1: Premature end of file.
2026-03-01 01:10:35,786 [ERROR] LogOutputStream:75 - [STDERR_REDIRECT] 
2026-03-01 01:10:36,786 [ERROR] LogOutputStream:75 - [STDERR_REDIRECT] [Fatal Error] :1:1: Premature end of file.
2026-03-01 01:10:36,786 [ERROR] LogOutputStream:75 - [STDERR_REDIRECT] 
2026-03-01 01:10:37,785 [ERROR] LogOutputStream:75 - [STDERR_REDIRECT] [Fatal Error] :1:1: Premature end of file.
2026-03-01 01:10:37,786 [ERROR] LogOutputStream:75 - [STDERR_REDIRECT] 
2026-03-01 01:10:38,787 [ERROR] LogOutputStream:75 - [STDERR_REDIRECT] [Fatal Error] :1:1: Premature end of file.
2026-03-01 01:10:38,787 [ERROR] LogOutputStream:75 - [STDERR_REDIRECT] 
2026-03-01 01:10:39,786 [ERROR] LogOutputStream:75 - [STDERR_REDIRECT] [Fatal Error] :1:1: Premature end of file.
2026-03-01 01:10:39,786 [ERROR] LogOutputStream:75 - [STDERR_REDIRECT] 
2026-03-01 01:10:40,789 [ERROR] LogOutputStream:75 - [STDERR_REDIRECT] [Fatal Error] :1:1: Premature end of file.
2026-03-01 01:10:40,789 [ERROR] LogOutputStream:75 - [STDERR_REDIRECT] 
2026-03-01 01:10:41,786 [ERROR] LogOutputStream:75 - [STDERR_REDIRECT] [Fatal Error] :1:1: Premature end of file.
2026-03-01 01:10:41,786 [ERROR] LogOutputStream:75 - [STDERR_REDIRECT] 
2026-03-01 01:10:42,785 [ERROR] LogOutputStream:75 - [STDERR_REDIRECT] [Fatal Error] :1:1: Premature end of file.
2026-03-01 01:10:42,786 [ERROR] LogOutputStream:75 - [STDERR_REDIRECT] 
2026-03-01 01:10:43,787 [ERROR] LogOutputStream:75 - [STDERR_REDIRECT] [Fatal Error] :1:1: Premature end of file.
2026-03-01 01:10:43,787 [ERROR] LogOutputStream:75 - [STDERR_REDIRECT] 
2026-03-01 01:10:44,785 [ERROR] LogOutputStream:75 - [STDERR_REDIRECT] [Fatal Error] :1:1: Premature end of file.
2026-03-01 01:10:44,786 [ERROR] LogOutputStream:75 - [STDERR_REDIRECT] 
2026-03-01 01:10:45,786 [ERROR] LogOutputStream:75 - [STDERR_REDIRECT] [Fatal Error] :1:1: Premature end of file.
2026-03-01 01:10:45,786 [ERROR] LogOutputStream:75 - [STDERR_REDIRECT] 
2026-03-01 01:10:46,785 [ERROR] LogOutputStream:75 - [STDERR_REDIRECT] [Fatal Error] :1:1: Premature end of file.
2026-03-01 01:10:46,785 [ERROR] LogOutputStream:75 - [STDERR_REDIRECT] 
2026-03-01 01:10:47,786 [ERROR] LogOutputStream:75 - [STDERR_REDIRECT] [Fatal Error] :1:1: Premature end of file.
2026-03-01 01:10:47,786 [ERROR] LogOutputStream:75 - [STDERR_REDIRECT] 
2026-03-01 01:10:48,786 [ERROR] LogOutputStream:75 - [STDERR_REDIRECT] [Fatal Error] :1:1: Premature end of file.
2026-03-01 01:10:48,786 [ERROR] LogOutputStream:75 - [STDERR_REDIRECT] 
2026-03-01 01:10:49,785 [ERROR] LogOutputStream:75 - [STDERR_REDIRECT] [Fatal Error] :1:1: Premature end of file.
2026-03-01 01:10:49,785 [ERROR] LogOutputStream:75 - [STDERR_REDIRECT] 
2026-03-01 01:10:50,785 [ERROR] LogOutputStream:75 - [STDERR_REDIRECT] [Fatal Error] :1:1: Premature end of file.
2026-03-01 01:10:50,785 [ERROR] LogOutputStream:75 - [STDERR_REDIRECT] 
2026-03-01 01:10:51,785 [ERROR] LogOutputStream:75 - [STDERR_REDIRECT] [Fatal Error] :1:1: Premature end of file.
2026-03-01 01:10:51,785 [ERROR] LogOutputStream:75 - [STDERR_REDIRECT] 
2026-03-01 01:10:52,785 [ERROR] LogOutputStream:75 - [STDERR_REDIRECT] [Fatal Error] :1:1: Premature end of file.
2026-03-01 01:10:52,785 [ERROR] LogOutputStream:75 - [STDERR_REDIRECT] 
2026-03-01 01:10:53,785 [ERROR] LogOutputStream:75 - [STDERR_REDIRECT] [Fatal Error] :1:1: Premature end of file.
2026-03-01 01:10:53,785 [ERROR] LogOutputStream:75 - [STDERR_REDIRECT] 
2026-03-01 01:10:54,785 [ERROR] LogOutputStream:75 - [STDERR_REDIRECT] [Fatal Error] :1:1: Premature end of file.
2026-03-01 01:10:54,785 [ERROR] LogOutputStream:75 - [STDERR_REDIRECT] 
2026-03-01 01:10:55,786 [ERROR] LogOutputStream:75 - [STDERR_REDIRECT] [Fatal Error] :1:1: Premature end of file.
2026-03-01 01:10:55,787 [ERROR] LogOutputStream:75 - [STDERR_REDIRECT] 
2026-03-01 01:10:56,785 [ERROR] LogOutputStream:75 - [STDERR_REDIRECT] [Fatal Error] :1:1: Premature end of file.
2026-03-01 01:10:56,785 [ERROR] LogOutputStream:75 - [STDERR_REDIRECT] 
2026-03-01 01:10:57,785 [ERROR] LogOutputStream:75 - [STDERR_REDIRECT] [Fatal Error] :1:1: Premature end of file.
2026-03-01 01:10:57,785 [ERROR] LogOutputStream:75 - [STDERR_REDIRECT] 
2026-03-01 01:10:58,786 [ERROR] LogOutputStream:75 - [STDERR_REDIRECT] [Fatal Error] :1:1: Premature end of file.
2026-03-01 01:10:58,786 [ERROR] LogOutputStream:75 - [STDERR_REDIRECT] 
2026-03-01 01:10:59,786 [ERROR] LogOutputStream:75 - [STDERR_REDIRECT] [Fatal Error] :1:1: Premature end of file.
2026-03-01 01:10:59,786 [ERROR] LogOutputStream:75 - [STDERR_REDIRECT] 
2026-03-01 01:11:00,786 [ERROR] LogOutputStream:75 - [STDERR_REDIRECT] [Fatal Error] :1:1: Premature end of file.
2026-03-01 01:11:00,786 [ERROR] LogOutputStream:75 - [STDERR_REDIRECT] 
2026-03-01 01:11:01,787 [ERROR] LogOutputStream:75 - [STDERR_REDIRECT] [Fatal Error] :1:1: Premature end of file.
2026-03-01 01:11:01,787 [ERROR] LogOutputStream:75 - [STDERR_REDIRECT] 
2026-03-01 01:11:02,785 [ERROR] LogOutputStream:75 - [STDERR_REDIRECT] [Fatal Error] :1:1: Premature end of file.
2026-03-01 01:11:02,786 [ERROR] LogOutputStream:75 - [STDERR_REDIRECT] 
2026-03-01 01:11:03,786 [ERROR] LogOutputStream:75 - [STDERR_REDIRECT] [Fatal Error] :1:1: Premature end of file.
2026-03-01 01:11:03,786 [ERROR] LogOutputStream:75 - [STDERR_REDIRECT] 
2026-03-01 01:11:04,785 [ERROR] LogOutputStream:75 - [STDERR_REDIRECT] [Fatal Error] :1:1: Premature end of file.
2026-03-01 01:11:04,785 [ERROR] LogOutputStream:75 - [STDERR_REDIRECT] 
2026-03-01 01:11:05,786 [ERROR] LogOutputStream:75 - [STDERR_REDIRECT] [Fatal Error] :1:1: Premature end of file.
2026-03-01 01:11:05,786 [ERROR] LogOutputStream:75 - [STDERR_REDIRECT] 
2026-03-01 01:11:06,788 [ERROR] LogOutputStream:75 - [STDERR_REDIRECT] [Fatal Error] :1:1: Premature end of file.
2026-03-01 01:11:06,788 [ERROR] LogOutputStream:75 - [STDERR_REDIRECT] 
2026-03-01 01:11:07,818 [ERROR] LogOutputStream:75 - [STDERR_REDIRECT] [Fatal Error] :1:1: Premature end of file.
2026-03-01 01:11:07,818 [ERROR] LogOutputStream:75 - [STDERR_REDIRECT] 
2026-03-01 01:11:08,783 [ERROR] LogOutputStream:75 - [STDERR_REDIRECT] [Fatal Error] :1:1: Premature end of file.
2026-03-01 01:11:08,783 [ERROR] LogOutputStream:75 - [STDERR_REDIRECT] 
2026-03-01 01:11:09,785 [ERROR] LogOutputStream:75 - [STDERR_REDIRECT] [Fatal Error] :1:1: Premature end of file.
2026-03-01 01:11:09,785 [ERROR] LogOutputStream:75 - [STDERR_REDIRECT] 
2026-03-01 01:11:10,786 [ERROR] LogOutputStream:75 - [STDERR_REDIRECT] [Fatal Error] :1:1: Premature end of file.
2026-03-01 01:11:10,786 [ERROR] LogOutputStream:75 - [STDERR_REDIRECT] 
2026-03-01 01:11:11,788 [ERROR] LogOutputStream:75 - [STDERR_REDIRECT] [Fatal Error] :1:1: Premature end of file.
2026-03-01 01:11:11,788 [ERROR] LogOutputStream:75 - [STDERR_REDIRECT] 
2026-03-01 01:11:12,784 [ERROR] LogOutputStream:75 - [STDERR_REDIRECT] [Fatal Error] :1:1: Premature end of file.
2026-03-01 01:11:12,784 [ERROR] LogOutputStream:75 - [STDERR_REDIRECT] 
2026-03-01 01:11:13,784 [ERROR] LogOutputStream:75 - [STDERR_REDIRECT] [Fatal Error] :1:1: Premature end of file.
2026-03-01 01:11:13,784 [ERROR] LogOutputStream:75 - [STDERR_REDIRECT] 
2026-03-01 01:11:14,785 [ERROR] LogOutputStream:75 - [STDERR_REDIRECT] [Fatal Error] :1:1: Premature end of file.
2026-03-01 01:11:14,785 [ERROR] LogOutputStream:75 - [STDERR_REDIRECT] 
2026-03-01 01:11:15,785 [ERROR] LogOutputStream:75 - [STDERR_REDIRECT] [Fatal Error] :1:1: Premature end of file.
2026-03-01 01:11:15,786 [ERROR] LogOutputStream:75 - [STDERR_REDIRECT] 
2026-03-01 01:11:16,786 [ERROR] LogOutputStream:75 - [STDERR_REDIRECT] [Fatal Error] :1:1: Premature end of file.
2026-03-01 01:11:16,786 [ERROR] LogOutputStream:75 - [STDERR_REDIRECT] 
2026-03-01 01:11:17,785 [ERROR] LogOutputStream:75 - [STDERR_REDIRECT] [Fatal Error] :1:1: Premature end of file.
2026-03-01 01:11:17,785 [ERROR] LogOutputStream:75 - [STDERR_REDIRECT] 
2026-03-01 01:11:18,787 [ERROR] LogOutputStream:75 - [STDERR_REDIRECT] [Fatal Error] :1:1: Premature end of file.
2026-03-01 01:11:18,787 [ERROR] LogOutputStream:75 - [STDERR_REDIRECT] 
2026-03-01 01:11:19,786 [ERROR] LogOutputStream:75 - [STDERR_REDIRECT] [Fatal Error] :1:1: Premature end of file.
2026-03-01 01:11:19,786 [ERROR] LogOutputStream:75 - [STDERR_REDIRECT] 
2026-03-01 01:11:20,786 [ERROR] LogOutputStream:75 - [STDERR_REDIRECT] [Fatal Error] :1:1: Premature end of file.
2026-03-01 01:11:20,786 [ERROR] LogOutputStream:75 - [STDERR_REDIRECT] 
2026-03-01 01:11:21,784 [ERROR] LogOutputStream:75 - [STDERR_REDIRECT] [Fatal Error] :1:1: Premature end of file.
2026-03-01 01:11:21,784 [ERROR] LogOutputStream:75 - [STDERR_REDIRECT] 
2026-03-01 01:11:22,786 [ERROR] LogOutputStream:75 - [STDERR_REDIRECT] [Fatal Error] :1:1: Premature end of file.
2026-03-01 01:11:22,786 [ERROR] LogOutputStream:75 - [STDERR_REDIRECT] 
2026-03-01 01:11:23,822 [ERROR] LogOutputStream:75 - [STDERR_REDIRECT] [Fatal Error] :1:1: Premature end of file.
2026-03-01 01:11:23,822 [ERROR] LogOutputStream:75 - [STDERR_REDIRECT] 
2026-03-01 01:11:24,784 [ERROR] LogOutputStream:75 - [STDERR_REDIRECT] [Fatal Error] :1:1: Premature end of file.
2026-03-01 01:11:24,784 [ERROR] LogOutputStream:75 - [STDERR_REDIRECT] 
2026-03-01 01:11:25,784 [ERROR] LogOutputStream:75 - [STDERR_REDIRECT] [Fatal Error] :1:1: Premature end of file.
2026-03-01 01:11:25,785 [ERROR] LogOutputStream:75 - [STDERR_REDIRECT] 
2026-03-01 01:11:26,785 [ERROR] LogOutputStream:75 - [STDERR_REDIRECT] [Fatal Error] :1:1: Premature end of file.
2026-03-01 01:11:26,785 [ERROR] LogOutputStream:75 - [STDERR_REDIRECT] 
2026-03-01 01:11:27,787 [ERROR] LogOutputStream:75 - [STDERR_REDIRECT] [Fatal Error] :1:1: Premature end of file.
2026-03-01 01:11:27,787 [ERROR] LogOutputStream:75 - [STDERR_REDIRECT] 
2026-03-01 01:11:28,785 [ERROR] LogOutputStream:75 - [STDERR_REDIRECT] [Fatal Error] :1:1: Premature end of file.
2026-03-01 01:11:28,785 [ERROR] LogOutputStream:75 - [STDERR_REDIRECT] 
2026-03-01 01:11:29,786 [ERROR] LogOutputStream:75 - [STDERR_REDIRECT] [Fatal Error] :1:1: Premature end of file.
2026-03-01 01:11:29,786 [ERROR] LogOutputStream:75 - [STDERR_REDIRECT] 
2026-03-01 01:11:30,786 [ERROR] LogOutputStream:75 - [STDERR_REDIRECT] [Fatal Error] :1:1: Premature end of file.
2026-03-01 01:11:30,786 [ERROR] LogOutputStream:75 - [STDERR_REDIRECT] 
2026-03-01 01:11:31,790 [ERROR] LogOutputStream:75 - [STDERR_REDIRECT] [Fatal Error] :1:1: Premature end of file.
2026-03-01 01:11:31,790 [ERROR] LogOutputStream:75 - [STDERR_REDIRECT] 
2026-03-01 01:11:32,785 [ERROR] LogOutputStream:75 - [STDERR_REDIRECT] [Fatal Error] :1:1: Premature end of file.
2026-03-01 01:11:32,785 [ERROR] LogOutputStream:75 - [STDERR_REDIRECT] 
2026-03-01 01:11:33,786 [ERROR] LogOutputStream:75 - [STDERR_REDIRECT] [Fatal Error] :1:1: Premature end of file.
2026-03-01 01:11:33,786 [ERROR] LogOutputStream:75 - [STDERR_REDIRECT] 
2026-03-01 01:11:34,785 [ERROR] LogOutputStream:75 - [STDERR_REDIRECT] [Fatal Error] :1:1: Premature end of file.
2026-03-01 01:11:34,785 [ERROR] LogOutputStream:75 - [STDERR_REDIRECT] 
2026-03-01 01:11:35,786 [ERROR] LogOutputStream:75 - [STDERR_REDIRECT] [Fatal Error] :1:1: Premature end of file.
2026-03-01 01:11:35,786 [ERROR] LogOutputStream:75 - [STDERR_REDIRECT] 
2026-03-01 01:11:36,786 [ERROR] LogOutputStream:75 - [STDERR_REDIRECT] [Fatal Error] :1:1: Premature end of file.
2026-03-01 01:11:36,786 [ERROR] LogOutputStream:75 - [STDERR_REDIRECT] 
2026-03-01 01:11:37,786 [ERROR] LogOutputStream:75 - [STDERR_REDIRECT] [Fatal Error] :1:1: Premature end of file.
2026-03-01 01:11:37,786 [ERROR] LogOutputStream:75 - [STDERR_REDIRECT] 
2026-03-01 01:11:38,786 [ERROR] LogOutputStream:75 - [STDERR_REDIRECT] [Fatal Error] :1:1: Premature end of file.
2026-03-01 01:11:38,786 [ERROR] LogOutputStream:75 - [STDERR_REDIRECT] 
2026-03-01 01:11:39,786 [ERROR] LogOutputStream:75 - [STDERR_REDIRECT] [Fatal Error] :1:1: Premature end of file.
2026-03-01 01:11:39,786 [ERROR] LogOutputStream:75 - [STDERR_REDIRECT] 
2026-03-01 01:11:40,786 [ERROR] LogOutputStream:75 - [STDERR_REDIRECT] [Fatal Error] :1:1: Premature end of file.
2026-03-01 01:11:40,786 [ERROR] LogOutputStream:75 - [STDERR_REDIRECT] 
2026-03-01 01:11:41,787 [ERROR] LogOutputStream:75 - [STDERR_REDIRECT] [Fatal Error] :1:1: Premature end of file.
2026-03-01 01:11:41,787 [ERROR] LogOutputStream:75 - [STDERR_REDIRECT] 
2026-03-01 01:11:42,785 [ERROR] LogOutputStream:75 - [STDERR_REDIRECT] [Fatal Error] :1:1: Premature end of file.
2026-03-01 01:11:42,786 [ERROR] LogOutputStream:75 - [STDERR_REDIRECT] 
2026-03-01 01:11:43,785 [ERROR] LogOutputStream:75 - [STDERR_REDIRECT] [Fatal Error] :1:1: Premature end of file.
2026-03-01 01:11:43,785 [ERROR] LogOutputStream:75 - [STDERR_REDIRECT] 
2026-03-01 01:11:44,786 [ERROR] LogOutputStream:75 - [STDERR_REDIRECT] [Fatal Error] :1:1: Premature end of file.
2026-03-01 01:11:44,787 [ERROR] LogOutputStream:75 - [STDERR_REDIRECT] 
2026-03-01 01:11:45,790 [ERROR] LogOutputStream:75 - [STDERR_REDIRECT] [Fatal Error] :1:1: Premature end of file.
2026-03-01 01:11:45,790 [ERROR] LogOutputStream:75 - [STDERR_REDIRECT] 
2026-03-01 01:11:46,786 [ERROR] LogOutputStream:75 - [STDERR_REDIRECT] [Fatal Error] :1:1: Premature end of file.
2026-03-01 01:11:46,786 [ERROR] LogOutputStream:75 - [STDERR_REDIRECT] 
2026-03-01 01:11:47,784 [ERROR] LogOutputStream:75 - [STDERR_REDIRECT] [Fatal Error] :1:1: Premature end of file.
2026-03-01 01:11:47,784 [ERROR] LogOutputStream:75 - [STDERR_REDIRECT] 
2026-03-01 01:11:48,785 [ERROR] LogOutputStream:75 - [STDERR_REDIRECT] [Fatal Error] :1:1: Premature end of file.
2026-03-01 01:11:48,786 [ERROR] LogOutputStream:75 - [STDERR_REDIRECT] 
2026-03-01 01:11:49,786 [ERROR] LogOutputStream:75 - [STDERR_REDIRECT] [Fatal Error] :1:1: Premature end of file.
2026-03-01 01:11:49,786 [ERROR] LogOutputStream:75 - [STDERR_REDIRECT] 
2026-03-01 01:11:50,785 [ERROR] LogOutputStream:75 - [STDERR_REDIRECT] [Fatal Error] :1:1: Premature end of file.
2026-03-01 01:11:50,785 [ERROR] LogOutputStream:75 - [STDERR_REDIRECT] 
2026-03-01 01:11:51,785 [ERROR] LogOutputStream:75 - [STDERR_REDIRECT] [Fatal Error] :1:1: Premature end of file.
2026-03-01 01:11:51,785 [ERROR] LogOutputStream:75 - [STDERR_REDIRECT] 
2026-03-01 01:11:52,785 [ERROR] LogOutputStream:75 - [STDERR_REDIRECT] [Fatal Error] :1:1: Premature end of file.
2026-03-01 01:11:52,785 [ERROR] LogOutputStream:75 - [STDERR_REDIRECT] 
2026-03-01 01:11:53,784 [ERROR] LogOutputStream:75 - [STDERR_REDIRECT] [Fatal Error] :1:1: Premature end of file.
2026-03-01 01:11:53,784 [ERROR] LogOutputStream:75 - [STDERR_REDIRECT] 
2026-03-01 01:11:54,787 [ERROR] LogOutputStream:75 - [STDERR_REDIRECT] [Fatal Error] :1:1: Premature end of file.
2026-03-01 01:11:54,787 [ERROR] LogOutputStream:75 - [STDERR_REDIRECT] 
2026-03-01 01:11:55,785 [ERROR] LogOutputStream:75 - [STDERR_REDIRECT] [Fatal Error] :1:1: Premature end of file.
2026-03-01 01:11:55,785 [ERROR] LogOutputStream:75 - [STDERR_REDIRECT] 
2026-03-01 01:11:56,785 [ERROR] LogOutputStream:75 - [STDERR_REDIRECT] [Fatal Error] :1:1: Premature end of file.
2026-03-01 01:11:56,785 [ERROR] LogOutputStream:75 - [STDERR_REDIRECT] 
2026-03-01 01:11:57,785 [ERROR] LogOutputStream:75 - [STDERR_REDIRECT] [Fatal Error] :1:1: Premature end of file.
2026-03-01 01:11:57,785 [ERROR] LogOutputStream:75 - [STDERR_REDIRECT] 
2026-03-01 01:11:58,787 [ERROR] LogOutputStream:75 - [STDERR_REDIRECT] [Fatal Error] :1:1: Premature end of file.
2026-03-01 01:11:58,787 [ERROR] LogOutputStream:75 - [STDERR_REDIRECT] 
2026-03-01 01:11:59,786 [ERROR] LogOutputStream:75 - [STDERR_REDIRECT] [Fatal Error] :1:1: Premature end of file.
2026-03-01 01:11:59,786 [ERROR] LogOutputStream:75 - [STDERR_REDIRECT] 
2026-03-01 01:12:00,785 [ERROR] LogOutputStream:75 - [STDERR_REDIRECT] [Fatal Error] :1:1: Premature end of file.
2026-03-01 01:12:00,785 [ERROR] LogOutputStream:75 - [STDERR_REDIRECT] 
2026-03-01 01:12:01,787 [ERROR] LogOutputStream:75 - [STDERR_REDIRECT] [Fatal Error] :1:1: Premature end of file.
2026-03-01 01:12:01,787 [ERROR] LogOutputStream:75 - [STDERR_REDIRECT] 
2026-03-01 01:12:02,785 [ERROR] LogOutputStream:75 - [STDERR_REDIRECT] [Fatal Error] :1:1: Premature end of file.
2026-03-01 01:12:02,785 [ERROR] LogOutputStream:75 - [STDERR_REDIRECT] 
2026-03-01 01:12:03,788 [ERROR] LogOutputStream:75 - [STDERR_REDIRECT] [Fatal Error] :1:1: Premature end of file.
2026-03-01 01:12:03,788 [ERROR] LogOutputStream:75 - [STDERR_REDIRECT] 
2026-03-01 01:12:04,785 [ERROR] LogOutputStream:75 - [STDERR_REDIRECT] [Fatal Error] :1:1: Premature end of file.
2026-03-01 01:12:04,785 [ERROR] LogOutputStream:75 - [STDERR_REDIRECT] 
2026-03-01 01:12:05,786 [ERROR] LogOutputStream:75 - [STDERR_REDIRECT] [Fatal Error] :1:1: Premature end of file.
2026-03-01 01:12:05,786 [ERROR] LogOutputStream:75 - [STDERR_REDIRECT] 
2026-03-01 01:12:06,787 [ERROR] LogOutputStream:75 - [STDERR_REDIRECT] [Fatal Error] :1:1: Premature end of file.
2026-03-01 01:12:06,787 [ERROR] LogOutputStream:75 - [STDERR_REDIRECT] 
2026-03-01 01:12:07,786 [ERROR] LogOutputStream:75 - [STDERR_REDIRECT] [Fatal Error] :1:1: Premature end of file.
2026-03-01 01:12:07,786 [ERROR] LogOutputStream:75 - [STDERR_REDIRECT] 
2026-03-01 01:12:08,785 [ERROR] LogOutputStream:75 - [STDERR_REDIRECT] [Fatal Error] :1:1: Premature end of file.
2026-03-01 01:12:08,785 [ERROR] LogOutputStream:75 - [STDERR_REDIRECT] 
2026-03-01 01:12:09,786 [ERROR] LogOutputStream:75 - [STDERR_REDIRECT] [Fatal Error] :1:1: Premature end of file.
2026-03-01 01:12:09,786 [ERROR] LogOutputStream:75 - [STDERR_REDIRECT] 
2026-03-01 01:12:10,785 [ERROR] LogOutputStream:75 - [STDERR_REDIRECT] [Fatal Error] :1:1: Premature end of file.
2026-03-01 01:12:10,785 [ERROR] LogOutputStream:75 - [STDERR_REDIRECT] 
2026-03-01 01:12:11,788 [ERROR] LogOutputStream:75 - [STDERR_REDIRECT] [Fatal Error] :1:1: Premature end of file.
2026-03-01 01:12:11,788 [ERROR] LogOutputStream:75 - [STDERR_REDIRECT] 
2026-03-01 01:12:12,786 [ERROR] LogOutputStream:75 - [STDERR_REDIRECT] [Fatal Error] :1:1: Premature end of file.
2026-03-01 01:12:12,786 [ERROR] LogOutputStream:75 - [STDERR_REDIRECT] 
2026-03-01 01:12:13,787 [ERROR] LogOutputStream:75 - [STDERR_REDIRECT] [Fatal Error] :1:1: Premature end of file.
2026-03-01 01:12:13,787 [ERROR] LogOutputStream:75 - [STDERR_REDIRECT] 
2026-03-01 01:12:14,786 [ERROR] LogOutputStream:75 - [STDERR_REDIRECT] [Fatal Error] :1:1: Premature end of file.
2026-03-01 01:12:14,786 [ERROR] LogOutputStream:75 - [STDERR_REDIRECT] 
2026-03-01 01:12:15,786 [ERROR] LogOutputStream:75 - [STDERR_REDIRECT] [Fatal Error] :1:1: Premature end of file.
2026-03-01 01:12:15,786 [ERROR] LogOutputStream:75 - [STDERR_REDIRECT] 
2026-03-01 01:12:16,785 [ERROR] LogOutputStream:75 - [STDERR_REDIRECT] [Fatal Error] :1:1: Premature end of file.
2026-03-01 01:12:16,785 [ERROR] LogOutputStream:75 - [STDERR_REDIRECT] 
2026-03-01 01:12:17,786 [ERROR] LogOutputStream:75 - [STDERR_REDIRECT] [Fatal Error] :1:1: Premature end of file.
2026-03-01 01:12:17,786 [ERROR] LogOutputStream:75 - [STDERR_REDIRECT] 
2026-03-01 01:12:18,785 [ERROR] LogOutputStream:75 - [STDERR_REDIRECT] [Fatal Error] :1:1: Premature end of file.
2026-03-01 01:12:18,786 [ERROR] LogOutputStream:75 - [STDERR_REDIRECT] 
2026-03-01 01:12:19,785 [ERROR] LogOutputStream:75 - [STDERR_REDIRECT] [Fatal Error] :1:1: Premature end of file.
2026-03-01 01:12:19,785 [ERROR] LogOutputStream:75 - [STDERR_REDIRECT] 
2026-03-01 01:12:20,786 [ERROR] LogOutputStream:75 - [STDERR_REDIRECT] [Fatal Error] :1:1: Premature end of file.
2026-03-01 01:12:20,786 [ERROR] LogOutputStream:75 - [STDERR_REDIRECT] 
2026-03-01 01:12:21,786 [ERROR] LogOutputStream:75 - [STDERR_REDIRECT] [Fatal Error] :1:1: Premature end of file.
2026-03-01 01:12:21,786 [ERROR] LogOutputStream:75 - [STDERR_REDIRECT] 
2026-03-01 01:12:22,787 [ERROR] LogOutputStream:75 - [STDERR_REDIRECT] [Fatal Error] :1:1: Premature end of file.
2026-03-01 01:12:22,788 [ERROR] LogOutputStream:75 - [STDERR_REDIRECT] 
2026-03-01 01:12:23,784 [ERROR] LogOutputStream:75 - [STDERR_REDIRECT] [Fatal Error] :1:1: Premature end of file.
2026-03-01 01:12:23,784 [ERROR] LogOutputStream:75 - [STDERR_REDIRECT] 
2026-03-01 01:12:24,785 [ERROR] LogOutputStream:75 - [STDERR_REDIRECT] [Fatal Error] :1:1: Premature end of file.
2026-03-01 01:12:24,785 [ERROR] LogOutputStream:75 - [STDERR_REDIRECT] 
2026-03-01 01:12:25,783 [ERROR] LogOutputStream:75 - [STDERR_REDIRECT] [Fatal Error] :1:1: Premature end of file.
2026-03-01 01:12:25,783 [ERROR] LogOutputStream:75 - [STDERR_REDIRECT] 
2026-03-01 01:12:26,785 [ERROR] LogOutputStream:75 - [STDERR_REDIRECT] [Fatal Error] :1:1: Premature end of file.
2026-03-01 01:12:26,785 [ERROR] LogOutputStream:75 - [STDERR_REDIRECT] 
2026-03-01 01:12:27,785 [ERROR] LogOutputStream:75 - [STDERR_REDIRECT] [Fatal Error] :1:1: Premature end of file.
2026-03-01 01:12:27,786 [ERROR] LogOutputStream:75 - [STDERR_REDIRECT] 
2026-03-01 01:12:28,786 [ERROR] LogOutputStream:75 - [STDERR_REDIRECT] [Fatal Error] :1:1: Premature end of file.
2026-03-01 01:12:28,786 [ERROR] LogOutputStream:75 - [STDERR_REDIRECT] 
2026-03-01 01:12:29,786 [ERROR] LogOutputStream:75 - [STDERR_REDIRECT] [Fatal Error] :1:1: Premature end of file.
2026-03-01 01:12:29,786 [ERROR] LogOutputStream:75 - [STDERR_REDIRECT] 
2026-03-01 01:12:30,786 [ERROR] LogOutputStream:75 - [STDERR_REDIRECT] [Fatal Error] :1:1: Premature end of file.
2026-03-01 01:12:30,786 [ERROR] LogOutputStream:75 - [STDERR_REDIRECT] 
2026-03-01 01:12:31,788 [ERROR] LogOutputStream:75 - [STDERR_REDIRECT] [Fatal Error] :1:1: Premature end of file.
2026-03-01 01:12:31,788 [ERROR] LogOutputStream:75 - [STDERR_REDIRECT] 
2026-03-01 01:12:32,786 [ERROR] LogOutputStream:75 - [STDERR_REDIRECT] [Fatal Error] :1:1: Premature end of file.
2026-03-01 01:12:32,786 [ERROR] LogOutputStream:75 - [STDERR_REDIRECT] 
2026-03-01 01:12:33,786 [ERROR] LogOutputStream:75 - [STDERR_REDIRECT] [Fatal Error] :1:1: Premature end of file.
2026-03-01 01:12:33,786 [ERROR] LogOutputStream:75 - [STDERR_REDIRECT] 
2026-03-01 01:12:34,787 [ERROR] LogOutputStream:75 - [STDERR_REDIRECT] [Fatal Error] :1:1: Premature end of file.
2026-03-01 01:12:34,787 [ERROR] LogOutputStream:75 - [STDERR_REDIRECT] 
2026-03-01 01:12:35,787 [ERROR] LogOutputStream:75 - [STDERR_REDIRECT] [Fatal Error] :1:1: Premature end of file.
2026-03-01 01:12:35,787 [ERROR] LogOutputStream:75 - [STDERR_REDIRECT] 
2026-03-01 01:12:36,787 [ERROR] LogOutputStream:75 - [STDERR_REDIRECT] [Fatal Error] :1:1: Premature end of file.
2026-03-01 01:12:36,788 [ERROR] LogOutputStream:75 - [STDERR_REDIRECT] 
2026-03-01 01:12:37,786 [ERROR] LogOutputStream:75 - [STDERR_REDIRECT] [Fatal Error] :1:1: Premature end of file.
2026-03-01 01:12:37,786 [ERROR] LogOutputStream:75 - [STDERR_REDIRECT] 
2026-03-01 01:12:38,786 [ERROR] LogOutputStream:75 - [STDERR_REDIRECT] [Fatal Error] :1:1: Premature end of file.
2026-03-01 01:12:38,787 [ERROR] LogOutputStream:75 - [STDERR_REDIRECT] 
2026-03-01 01:12:39,785 [ERROR] LogOutputStream:75 - [STDERR_REDIRECT] [Fatal Error] :1:1: Premature end of file.
2026-03-01 01:12:39,785 [ERROR] LogOutputStream:75 - [STDERR_REDIRECT] 
2026-03-01 01:12:40,786 [ERROR] LogOutputStream:75 - [STDERR_REDIRECT] [Fatal Error] :1:1: Premature end of file.
2026-03-01 01:12:40,786 [ERROR] LogOutputStream:75 - [STDERR_REDIRECT] 
2026-03-01 01:12:41,786 [ERROR] LogOutputStream:75 - [STDERR_REDIRECT] [Fatal Error] :1:1: Premature end of file.
2026-03-01 01:12:41,786 [ERROR] LogOutputStream:75 - [STDERR_REDIRECT] 
2026-03-01 01:12:42,785 [ERROR] LogOutputStream:75 - [STDERR_REDIRECT] [Fatal Error] :1:1: Premature end of file.
2026-03-01 01:12:42,785 [ERROR] LogOutputStream:75 - [STDERR_REDIRECT] 
2026-03-01 01:12:43,785 [ERROR] LogOutputStream:75 - [STDERR_REDIRECT] [Fatal Error] :1:1: Premature end of file.
2026-03-01 01:12:43,786 [ERROR] LogOutputStream:75 - [STDERR_REDIRECT] 
2026-03-01 01:12:44,786 [ERROR] LogOutputStream:75 - [STDERR_REDIRECT] [Fatal Error] :1:1: Premature end of file.
2026-03-01 01:12:44,786 [ERROR] LogOutputStream:75 - [STDERR_REDIRECT] 
2026-03-01 01:12:45,787 [ERROR] LogOutputStream:75 - [STDERR_REDIRECT] [Fatal Error] :1:1: Premature end of file.
2026-03-01 01:12:45,787 [ERROR] LogOutputStream:75 - [STDERR_REDIRECT] 
2026-03-01 01:12:46,821 [ERROR] LogOutputStream:75 - [STDERR_REDIRECT] [Fatal Error] :1:1: Premature end of file.
2026-03-01 01:12:46,821 [ERROR] LogOutputStream:75 - [STDERR_REDIRECT] 
2026-03-01 01:12:47,786 [ERROR] LogOutputStream:75 - [STDERR_REDIRECT] [Fatal Error] :1:1: Premature end of file.
2026-03-01 01:12:47,786 [ERROR] LogOutputStream:75 - [STDERR_REDIRECT] 
2026-03-01 01:12:48,784 [ERROR] LogOutputStream:75 - [STDERR_REDIRECT] [Fatal Error] :1:1: Premature end of file.
2026-03-01 01:12:48,784 [ERROR] LogOutputStream:75 - [STDERR_REDIRECT] 
2026-03-01 01:12:49,786 [ERROR] LogOutputStream:75 - [STDERR_REDIRECT] [Fatal Error] :1:1: Premature end of file.
2026-03-01 01:12:49,786 [ERROR] LogOutputStream:75 - [STDERR_REDIRECT] 
2026-03-01 01:12:50,787 [ERROR] LogOutputStream:75 - [STDERR_REDIRECT] [Fatal Error] :1:1: Premature end of file.
2026-03-01 01:12:50,787 [ERROR] LogOutputStream:75 - [STDERR_REDIRECT] 
2026-03-01 01:12:51,785 [ERROR] LogOutputStream:75 - [STDERR_REDIRECT] [Fatal Error] :1:1: Premature end of file.
2026-03-01 01:12:51,786 [ERROR] LogOutputStream:75 - [STDERR_REDIRECT] 
2026-03-01 01:12:52,786 [ERROR] LogOutputStream:75 - [STDERR_REDIRECT] [Fatal Error] :1:1: Premature end of file.
2026-03-01 01:12:52,786 [ERROR] LogOutputStream:75 - [STDERR_REDIRECT] 
2026-03-01 01:12:53,783 [ERROR] LogOutputStream:75 - [STDERR_REDIRECT] [Fatal Error] :1:1: Premature end of file.
2026-03-01 01:12:53,783 [ERROR] LogOutputStream:75 - [STDERR_REDIRECT] 
2026-03-01 01:12:54,785 [ERROR] LogOutputStream:75 - [STDERR_REDIRECT] [Fatal Error] :1:1: Premature end of file.
2026-03-01 01:12:54,785 [ERROR] LogOutputStream:75 - [STDERR_REDIRECT] 
2026-03-01 01:12:55,786 [ERROR] LogOutputStream:75 - [STDERR_REDIRECT] [Fatal Error] :1:1: Premature end of file.
2026-03-01 01:12:55,786 [ERROR] LogOutputStream:75 - [STDERR_REDIRECT] 
2026-03-01 01:12:56,784 [ERROR] LogOutputStream:75 - [STDERR_REDIRECT] [Fatal Error] :1:1: Premature end of file.
2026-03-01 01:12:56,784 [ERROR] LogOutputStream:75 - [STDERR_REDIRECT] 
2026-03-01 01:12:57,785 [ERROR] LogOutputStream:75 - [STDERR_REDIRECT] [Fatal Error] :1:1: Premature end of file.
2026-03-01 01:12:57,785 [ERROR] LogOutputStream:75 - [STDERR_REDIRECT] 
2026-03-01 01:12:58,785 [ERROR] LogOutputStream:75 - [STDERR_REDIRECT] [Fatal Error] :1:1: Premature end of file.
2026-03-01 01:12:58,785 [ERROR] LogOutputStream:75 - [STDERR_REDIRECT] 
2026-03-01 01:12:59,786 [ERROR] LogOutputStream:75 - [STDERR_REDIRECT] [Fatal Error] :1:1: Premature end of file.
2026-03-01 01:12:59,786 [ERROR] LogOutputStream:75 - [STDERR_REDIRECT] 
2026-03-01 01:13:00,785 [ERROR] LogOutputStream:75 - [STDERR_REDIRECT] [Fatal Error] :1:1: Premature end of file.
2026-03-01 01:13:00,785 [ERROR] LogOutputStream:75 - [STDERR_REDIRECT] 
2026-03-01 01:13:01,785 [ERROR] LogOutputStream:75 - [STDERR_REDIRECT] [Fatal Error] :1:1: Premature end of file.
2026-03-01 01:13:01,785 [ERROR] LogOutputStream:75 - [STDERR_REDIRECT] 
2026-03-01 01:13:02,785 [ERROR] LogOutputStream:75 - [STDERR_REDIRECT] [Fatal Error] :1:1: Premature end of file.
2026-03-01 01:13:02,785 [ERROR] LogOutputStream:75 - [STDERR_REDIRECT] 
2026-03-01 01:13:03,785 [ERROR] LogOutputStream:75 - [STDERR_REDIRECT] [Fatal Error] :1:1: Premature end of file.
2026-03-01 01:13:03,785 [ERROR] LogOutputStream:75 - [STDERR_REDIRECT] 
2026-03-01 01:13:04,786 [ERROR] LogOutputStream:75 - [STDERR_REDIRECT] [Fatal Error] :1:1: Premature end of file.
2026-03-01 01:13:04,786 [ERROR] LogOutputStream:75 - [STDERR_REDIRECT] 
2026-03-01 01:13:05,785 [ERROR] LogOutputStream:75 - [STDERR_REDIRECT] [Fatal Error] :1:1: Premature end of file.
2026-03-01 01:13:05,785 [ERROR] LogOutputStream:75 - [STDERR_REDIRECT] 
2026-03-01 01:13:06,790 [ERROR] LogOutputStream:75 - [STDERR_REDIRECT] [Fatal Error] :1:1: Premature end of file.
2026-03-01 01:13:06,790 [ERROR] LogOutputStream:75 - [STDERR_REDIRECT] 
2026-03-01 01:13:07,787 [ERROR] LogOutputStream:75 - [STDERR_REDIRECT] [Fatal Error] :1:1: Premature end of file.
2026-03-01 01:13:07,787 [ERROR] LogOutputStream:75 - [STDERR_REDIRECT] 
2026-03-01 01:13:08,785 [ERROR] LogOutputStream:75 - [STDERR_REDIRECT] [Fatal Error] :1:1: Premature end of file.
2026-03-01 01:13:08,785 [ERROR] LogOutputStream:75 - [STDERR_REDIRECT] 
2026-03-01 01:13:09,786 [ERROR] LogOutputStream:75 - [STDERR_REDIRECT] [Fatal Error] :1:1: Premature end of file.
2026-03-01 01:13:09,786 [ERROR] LogOutputStream:75 - [STDERR_REDIRECT] 
2026-03-01 01:13:10,786 [ERROR] LogOutputStream:75 - [STDERR_REDIRECT] [Fatal Error] :1:1: Premature end of file.
2026-03-01 01:13:10,786 [ERROR] LogOutputStream:75 - [STDERR_REDIRECT] 
2026-03-01 01:13:11,788 [ERROR] LogOutputStream:75 - [STDERR_REDIRECT] [Fatal Error] :1:1: Premature end of file.
2026-03-01 01:13:11,788 [ERROR] LogOutputStream:75 - [STDERR_REDIRECT] 
2026-03-01 01:13:12,793 [ERROR] LogOutputStream:75 - [STDERR_REDIRECT] [Fatal Error] :1:1: Premature end of file.
2026-03-01 01:13:12,793 [ERROR] LogOutputStream:75 - [STDERR_REDIRECT] 
2026-03-01 01:13:13,785 [ERROR] LogOutputStream:75 - [STDERR_REDIRECT] [Fatal Error] :1:1: Premature end of file.
2026-03-01 01:13:13,785 [ERROR] LogOutputStream:75 - [STDERR_REDIRECT] 
2026-03-01 01:13:14,785 [ERROR] LogOutputStream:75 - [STDERR_REDIRECT] [Fatal Error] :1:1: Premature end of file.
2026-03-01 01:13:14,785 [ERROR] LogOutputStream:75 - [STDERR_REDIRECT] 
2026-03-01 01:13:15,786 [ERROR] LogOutputStream:75 - [STDERR_REDIRECT] [Fatal Error] :1:1: Premature end of file.
2026-03-01 01:13:15,786 [ERROR] LogOutputStream:75 - [STDERR_REDIRECT] 
2026-03-01 01:13:16,785 [ERROR] LogOutputStream:75 - [STDERR_REDIRECT] [Fatal Error] :1:1: Premature end of file.
2026-03-01 01:13:16,785 [ERROR] LogOutputStream:75 - [STDERR_REDIRECT] 
2026-03-01 01:13:17,786 [ERROR] LogOutputStream:75 - [STDERR_REDIRECT] [Fatal Error] :1:1: Premature end of file.
2026-03-01 01:13:17,786 [ERROR] LogOutputStream:75 - [STDERR_REDIRECT] 
2026-03-01 01:13:18,786 [ERROR] LogOutputStream:75 - [STDERR_REDIRECT] [Fatal Error] :1:1: Premature end of file.
2026-03-01 01:13:18,786 [ERROR] LogOutputStream:75 - [STDERR_REDIRECT] 
2026-03-01 01:13:19,785 [ERROR] LogOutputStream:75 - [STDERR_REDIRECT] [Fatal Error] :1:1: Premature end of file.
2026-03-01 01:13:19,785 [ERROR] LogOutputStream:75 - [STDERR_REDIRECT] 
2026-03-01 01:13:20,785 [ERROR] LogOutputStream:75 - [STDERR_REDIRECT] [Fatal Error] :1:1: Premature end of file.
2026-03-01 01:13:20,785 [ERROR] LogOutputStream:75 - [STDERR_REDIRECT] 
2026-03-01 01:13:21,786 [ERROR] LogOutputStream:75 - [STDERR_REDIRECT] [Fatal Error] :1:1: Premature end of file.
2026-03-01 01:13:21,786 [ERROR] LogOutputStream:75 - [STDERR_REDIRECT] 
2026-03-01 01:13:22,785 [ERROR] LogOutputStream:75 - [STDERR_REDIRECT] [Fatal Error] :1:1: Premature end of file.
2026-03-01 01:13:22,785 [ERROR] LogOutputStream:75 - [STDERR_REDIRECT] 
2026-03-01 01:13:23,785 [ERROR] LogOutputStream:75 - [STDERR_REDIRECT] [Fatal Error] :1:1: Premature end of file.
2026-03-01 01:13:23,785 [ERROR] LogOutputStream:75 - [STDERR_REDIRECT] 
2026-03-01 01:13:24,786 [ERROR] LogOutputStream:75 - [STDERR_REDIRECT] [Fatal Error] :1:1: Premature end of file.
2026-03-01 01:13:24,786 [ERROR] LogOutputStream:75 - [STDERR_REDIRECT] 
2026-03-01 01:13:25,786 [ERROR] LogOutputStream:75 - [STDERR_REDIRECT] [Fatal Error] :1:1: Premature end of file.
2026-03-01 01:13:25,786 [ERROR] LogOutputStream:75 - [STDERR_REDIRECT] 
2026-03-01 01:13:26,785 [ERROR] LogOutputStream:75 - [STDERR_REDIRECT] [Fatal Error] :1:1: Premature end of file.
2026-03-01 01:13:26,785 [ERROR] LogOutputStream:75 - [STDERR_REDIRECT] 
2026-03-01 01:13:27,786 [ERROR] LogOutputStream:75 - [STDERR_REDIRECT] [Fatal Error] :1:1: Premature end of file.
2026-03-01 01:13:27,787 [ERROR] LogOutputStream:75 - [STDERR_REDIRECT] 
2026-03-01 01:13:28,785 [ERROR] LogOutputStream:75 - [STDERR_REDIRECT] [Fatal Error] :1:1: Premature end of file.
2026-03-01 01:13:28,785 [ERROR] LogOutputStream:75 - [STDERR_REDIRECT] 
2026-03-01 01:13:29,786 [ERROR] LogOutputStream:75 - [STDERR_REDIRECT] [Fatal Error] :1:1: Premature end of file.
2026-03-01 01:13:29,786 [ERROR] LogOutputStream:75 - [STDERR_REDIRECT] 
2026-03-01 01:13:30,786 [ERROR] LogOutputStream:75 - [STDERR_REDIRECT] [Fatal Error] :1:1: Premature end of file.
2026-03-01 01:13:30,786 [ERROR] LogOutputStream:75 - [STDERR_REDIRECT] 
2026-03-01 01:13:31,790 [ERROR] LogOutputStream:75 - [STDERR_REDIRECT] [Fatal Error] :1:1: Premature end of file.
2026-03-01 01:13:31,790 [ERROR] LogOutputStream:75 - [STDERR_REDIRECT] 
2026-03-01 01:13:32,787 [ERROR] LogOutputStream:75 - [STDERR_REDIRECT] [Fatal Error] :1:1: Premature end of file.
2026-03-01 01:13:32,787 [ERROR] LogOutputStream:75 - [STDERR_REDIRECT] 
2026-03-01 01:13:33,785 [ERROR] LogOutputStream:75 - [STDERR_REDIRECT] [Fatal Error] :1:1: Premature end of file.
2026-03-01 01:13:33,785 [ERROR] LogOutputStream:75 - [STDERR_REDIRECT] 
2026-03-01 01:13:34,786 [ERROR] LogOutputStream:75 - [STDERR_REDIRECT] [Fatal Error] :1:1: Premature end of file.
2026-03-01 01:13:34,786 [ERROR] LogOutputStream:75 - [STDERR_REDIRECT] 
2026-03-01 01:13:35,787 [ERROR] LogOutputStream:75 - [STDERR_REDIRECT] [Fatal Error] :1:1: Premature end of file.
2026-03-01 01:13:35,787 [ERROR] LogOutputStream:75 - [STDERR_REDIRECT] 
2026-03-01 01:13:36,785 [ERROR] LogOutputStream:75 - [STDERR_REDIRECT] [Fatal Error] :1:1: Premature end of file.
2026-03-01 01:13:36,786 [ERROR] LogOutputStream:75 - [STDERR_REDIRECT] 
2026-03-01 01:13:37,790 [ERROR] LogOutputStream:75 - [STDERR_REDIRECT] [Fatal Error] :1:1: Premature end of file.
2026-03-01 01:13:37,790 [ERROR] LogOutputStream:75 - [STDERR_REDIRECT] 
2026-03-01 01:13:38,788 [ERROR] LogOutputStream:75 - [STDERR_REDIRECT] [Fatal Error] :1:1: Premature end of file.
2026-03-01 01:13:38,788 [ERROR] LogOutputStream:75 - [STDERR_REDIRECT] 
2026-03-01 01:13:39,784 [ERROR] LogOutputStream:75 - [STDERR_REDIRECT] [Fatal Error] :1:1: Premature end of file.
2026-03-01 01:13:39,784 [ERROR] LogOutputStream:75 - [STDERR_REDIRECT] 
2026-03-01 01:13:40,784 [ERROR] LogOutputStream:75 - [STDERR_REDIRECT] [Fatal Error] :1:1: Premature end of file.
2026-03-01 01:13:40,784 [ERROR] LogOutputStream:75 - [STDERR_REDIRECT] 
2026-03-01 01:13:41,785 [ERROR] LogOutputStream:75 - [STDERR_REDIRECT] [Fatal Error] :1:1: Premature end of file.
2026-03-01 01:13:41,785 [ERROR] LogOutputStream:75 - [STDERR_REDIRECT] 
2026-03-01 01:13:42,830 [ERROR] LogOutputStream:75 - [STDERR_REDIRECT] [Fatal Error] :1:1: Premature end of file.
2026-03-01 01:13:42,830 [ERROR] LogOutputStream:75 - [STDERR_REDIRECT] 
2026-03-01 01:13:43,787 [ERROR] LogOutputStream:75 - [STDERR_REDIRECT] [Fatal Error] :1:1: Premature end of file.
2026-03-01 01:13:43,787 [ERROR] LogOutputStream:75 - [STDERR_REDIRECT] 
2026-03-01 01:13:44,786 [ERROR] LogOutputStream:75 - [STDERR_REDIRECT] [Fatal Error] :1:1: Premature end of file.
2026-03-01 01:13:44,786 [ERROR] LogOutputStream:75 - [STDERR_REDIRECT] 
2026-03-01 01:13:45,790 [ERROR] LogOutputStream:75 - [STDERR_REDIRECT] [Fatal Error] :1:1: Premature end of file.
2026-03-01 01:13:45,790 [ERROR] LogOutputStream:75 - [STDERR_REDIRECT] 
2026-03-01 01:13:46,789 [ERROR] LogOutputStream:75 - [STDERR_REDIRECT] [Fatal Error] :1:1: Premature end of file.
2026-03-01 01:13:46,789 [ERROR] LogOutputStream:75 - [STDERR_REDIRECT] 
2026-03-01 01:13:47,788 [ERROR] LogOutputStream:75 - [STDERR_REDIRECT] [Fatal Error] :1:1: Premature end of file.
2026-03-01 01:13:47,788 [ERROR] LogOutputStream:75 - [STDERR_REDIRECT] 
2026-03-01 01:13:48,789 [ERROR] LogOutputStream:75 - [STDERR_REDIRECT] [Fatal Error] :1:1: Premature end of file.
2026-03-01 01:13:48,789 [ERROR] LogOutputStream:75 - [STDERR_REDIRECT] 
2026-03-01 01:13:49,789 [ERROR] LogOutputStream:75 - [STDERR_REDIRECT] [Fatal Error] :1:1: Premature end of file.
2026-03-01 01:13:49,789 [ERROR] LogOutputStream:75 - [STDERR_REDIRECT] 
2026-03-01 01:13:50,785 [ERROR] LogOutputStream:75 - [STDERR_REDIRECT] [Fatal Error] :1:1: Premature end of file.
2026-03-01 01:13:50,785 [ERROR] LogOutputStream:75 - [STDERR_REDIRECT] 
2026-03-01 01:13:51,785 [ERROR] LogOutputStream:75 - [STDERR_REDIRECT] [Fatal Error] :1:1: Premature end of file.
2026-03-01 01:13:51,785 [ERROR] LogOutputStream:75 - [STDERR_REDIRECT] 
2026-03-01 01:13:52,787 [ERROR] LogOutputStream:75 - [STDERR_REDIRECT] [Fatal Error] :1:1: Premature end of file.
2026-03-01 01:13:52,787 [ERROR] LogOutputStream:75 - [STDERR_REDIRECT] 
2026-03-01 01:13:53,785 [ERROR] LogOutputStream:75 - [STDERR_REDIRECT] [Fatal Error] :1:1: Premature end of file.
2026-03-01 01:13:53,785 [ERROR] LogOutputStream:75 - [STDERR_REDIRECT] 
2026-03-01 01:13:54,786 [ERROR] LogOutputStream:75 - [STDERR_REDIRECT] [Fatal Error] :1:1: Premature end of file.
2026-03-01 01:13:54,786 [ERROR] LogOutputStream:75 - [STDERR_REDIRECT] 
2026-03-01 01:13:55,785 [ERROR] LogOutputStream:75 - [STDERR_REDIRECT] [Fatal Error] :1:1: Premature end of file.
2026-03-01 01:13:55,786 [ERROR] LogOutputStream:75 - [STDERR_REDIRECT] 
2026-03-01 01:13:56,784 [ERROR] LogOutputStream:75 - [STDERR_REDIRECT] [Fatal Error] :1:1: Premature end of file.
2026-03-01 01:13:56,784 [ERROR] LogOutputStream:75 - [STDERR_REDIRECT] 
2026-03-01 01:13:57,786 [ERROR] LogOutputStream:75 - [STDERR_REDIRECT] [Fatal Error] :1:1: Premature end of file.
2026-03-01 01:13:57,786 [ERROR] LogOutputStream:75 - [STDERR_REDIRECT] 
2026-03-01 01:13:58,787 [ERROR] LogOutputStream:75 - [STDERR_REDIRECT] [Fatal Error] :1:1: Premature end of file.
2026-03-01 01:13:58,787 [ERROR] LogOutputStream:75 - [STDERR_REDIRECT] 
2026-03-01 01:13:59,784 [ERROR] LogOutputStream:75 - [STDERR_REDIRECT] [Fatal Error] :1:1: Premature end of file.
2026-03-01 01:13:59,785 [ERROR] LogOutputStream:75 - [STDERR_REDIRECT] 
2026-03-01 01:14:00,785 [ERROR] LogOutputStream:75 - [STDERR_REDIRECT] [Fatal Error] :1:1: Premature end of file.
2026-03-01 01:14:00,785 [ERROR] LogOutputStream:75 - [STDERR_REDIRECT] 
2026-03-01 01:14:01,787 [ERROR] LogOutputStream:75 - [STDERR_REDIRECT] [Fatal Error] :1:1: Premature end of file.
2026-03-01 01:14:01,787 [ERROR] LogOutputStream:75 - [STDERR_REDIRECT] 
2026-03-01 01:14:02,784 [ERROR] LogOutputStream:75 - [STDERR_REDIRECT] [Fatal Error] :1:1: Premature end of file.
2026-03-01 01:14:02,784 [ERROR] LogOutputStream:75 - [STDERR_REDIRECT] 
2026-03-01 01:14:03,787 [ERROR] LogOutputStream:75 - [STDERR_REDIRECT] [Fatal Error] :1:1: Premature end of file.
2026-03-01 01:14:03,787 [ERROR] LogOutputStream:75 - [STDERR_REDIRECT] 
2026-03-01 01:14:04,787 [ERROR] LogOutputStream:75 - [STDERR_REDIRECT] [Fatal Error] :1:1: Premature end of file.
2026-03-01 01:14:04,787 [ERROR] LogOutputStream:75 - [STDERR_REDIRECT] 
2026-03-01 01:14:05,787 [ERROR] LogOutputStream:75 - [STDERR_REDIRECT] [Fatal Error] :1:1: Premature end of file.
2026-03-01 01:14:05,787 [ERROR] LogOutputStream:75 - [STDERR_REDIRECT] 
2026-03-01 01:14:06,785 [ERROR] LogOutputStream:75 - [STDERR_REDIRECT] [Fatal Error] :1:1: Premature end of file.
2026-03-01 01:14:06,785 [ERROR] LogOutputStream:75 - [STDERR_REDIRECT] 
2026-03-01 01:14:07,785 [ERROR] LogOutputStream:75 - [STDERR_REDIRECT] [Fatal Error] :1:1: Premature end of file.
2026-03-01 01:14:07,785 [ERROR] LogOutputStream:75 - [STDERR_REDIRECT] 
2026-03-01 01:14:08,822 [ERROR] LogOutputStream:75 - [STDERR_REDIRECT] [Fatal Error] :1:1: Premature end of file.
2026-03-01 01:14:08,823 [ERROR] LogOutputStream:75 - [STDERR_REDIRECT] 
2026-03-01 01:14:09,789 [ERROR] LogOutputStream:75 - [STDERR_REDIRECT] [Fatal Error] :1:1: Premature end of file.
2026-03-01 01:14:09,789 [ERROR] LogOutputStream:75 - [STDERR_REDIRECT] 
2026-03-01 01:14:10,785 [ERROR] LogOutputStream:75 - [STDERR_REDIRECT] [Fatal Error] :1:1: Premature end of file.
2026-03-01 01:14:10,785 [ERROR] LogOutputStream:75 - [STDERR_REDIRECT] 
2026-03-01 01:14:11,786 [ERROR] LogOutputStream:75 - [STDERR_REDIRECT] [Fatal Error] :1:1: Premature end of file.
2026-03-01 01:14:11,786 [ERROR] LogOutputStream:75 - [STDERR_REDIRECT] 
2026-03-01 01:14:12,786 [ERROR] LogOutputStream:75 - [STDERR_REDIRECT] [Fatal Error] :1:1: Premature end of file.
2026-03-01 01:14:12,786 [ERROR] LogOutputStream:75 - [STDERR_REDIRECT] 
2026-03-01 01:14:13,784 [ERROR] LogOutputStream:75 - [STDERR_REDIRECT] [Fatal Error] :1:1: Premature end of file.
2026-03-01 01:14:13,785 [ERROR] LogOutputStream:75 - [STDERR_REDIRECT] 
2026-03-01 01:14:14,785 [ERROR] LogOutputStream:75 - [STDERR_REDIRECT] [Fatal Error] :1:1: Premature end of file.
2026-03-01 01:14:14,786 [ERROR] LogOutputStream:75 - [STDERR_REDIRECT] 
2026-03-01 01:14:15,787 [ERROR] LogOutputStream:75 - [STDERR_REDIRECT] [Fatal Error] :1:1: Premature end of file.
2026-03-01 01:14:15,787 [ERROR] LogOutputStream:75 - [STDERR_REDIRECT] 
2026-03-01 01:14:16,784 [ERROR] LogOutputStream:75 - [STDERR_REDIRECT] [Fatal Error] :1:1: Premature end of file.
2026-03-01 01:14:16,784 [ERROR] LogOutputStream:75 - [STDERR_REDIRECT] 
2026-03-01 01:14:17,786 [ERROR] LogOutputStream:75 - [STDERR_REDIRECT] [Fatal Error] :1:1: Premature end of file.
2026-03-01 01:14:17,786 [ERROR] LogOutputStream:75 - [STDERR_REDIRECT] 
2026-03-01 01:14:18,786 [ERROR] LogOutputStream:75 - [STDERR_REDIRECT] [Fatal Error] :1:1: Premature end of file.
2026-03-01 01:14:18,786 [ERROR] LogOutputStream:75 - [STDERR_REDIRECT] 
2026-03-01 01:14:19,787 [ERROR] LogOutputStream:75 - [STDERR_REDIRECT] [Fatal Error] :1:1: Premature end of file.
2026-03-01 01:14:19,787 [ERROR] LogOutputStream:75 - [STDERR_REDIRECT] 
2026-03-01 01:14:20,785 [ERROR] LogOutputStream:75 - [STDERR_REDIRECT] [Fatal Error] :1:1: Premature end of file.
2026-03-01 01:14:20,785 [ERROR] LogOutputStream:75 - [STDERR_REDIRECT] 
2026-03-01 01:14:21,786 [ERROR] LogOutputStream:75 - [STDERR_REDIRECT] [Fatal Error] :1:1: Premature end of file.
2026-03-01 01:14:21,786 [ERROR] LogOutputStream:75 - [STDERR_REDIRECT] 
2026-03-01 01:14:22,785 [ERROR] LogOutputStream:75 - [STDERR_REDIRECT] [Fatal Error] :1:1: Premature end of file.
2026-03-01 01:14:22,786 [ERROR] LogOutputStream:75 - [STDERR_REDIRECT] 
2026-03-01 01:14:23,786 [ERROR] LogOutputStream:75 - [STDERR_REDIRECT] [Fatal Error] :1:1: Premature end of file.
2026-03-01 01:14:23,786 [ERROR] LogOutputStream:75 - [STDERR_REDIRECT] 
2026-03-01 01:14:24,784 [ERROR] LogOutputStream:75 - [STDERR_REDIRECT] [Fatal Error] :1:1: Premature end of file.
2026-03-01 01:14:24,784 [ERROR] LogOutputStream:75 - [STDERR_REDIRECT] 
2026-03-01 01:14:25,787 [ERROR] LogOutputStream:75 - [STDERR_REDIRECT] [Fatal Error] :1:1: Premature end of file.
2026-03-01 01:14:25,787 [ERROR] LogOutputStream:75 - [STDERR_REDIRECT] 
2026-03-01 01:14:26,785 [ERROR] LogOutputStream:75 - [STDERR_REDIRECT] [Fatal Error] :1:1: Premature end of file.
2026-03-01 01:14:26,785 [ERROR] LogOutputStream:75 - [STDERR_REDIRECT] 
2026-03-01 01:14:27,785 [ERROR] LogOutputStream:75 - [STDERR_REDIRECT] [Fatal Error] :1:1: Premature end of file.
2026-03-01 01:14:27,786 [ERROR] LogOutputStream:75 - [STDERR_REDIRECT] 
2026-03-01 01:14:28,786 [ERROR] LogOutputStream:75 - [STDERR_REDIRECT] [Fatal Error] :1:1: Premature end of file.
2026-03-01 01:14:28,786 [ERROR] LogOutputStream:75 - [STDERR_REDIRECT] 
2026-03-01 01:14:29,786 [ERROR] LogOutputStream:75 - [STDERR_REDIRECT] [Fatal Error] :1:1: Premature end of file.
2026-03-01 01:14:29,786 [ERROR] LogOutputStream:75 - [STDERR_REDIRECT] 
2026-03-01 01:14:30,823 [ERROR] LogOutputStream:75 - [STDERR_REDIRECT] [Fatal Error] :1:1: Premature end of file.
2026-03-01 01:14:30,823 [ERROR] LogOutputStream:75 - [STDERR_REDIRECT] 
2026-03-01 01:14:31,789 [ERROR] LogOutputStream:75 - [STDERR_REDIRECT] [Fatal Error] :1:1: Premature end of file.
2026-03-01 01:14:31,789 [ERROR] LogOutputStream:75 - [STDERR_REDIRECT] 
2026-03-01 01:14:32,785 [ERROR] LogOutputStream:75 - [STDERR_REDIRECT] [Fatal Error] :1:1: Premature end of file.
2026-03-01 01:14:32,785 [ERROR] LogOutputStream:75 - [STDERR_REDIRECT] 
2026-03-01 01:14:33,786 [ERROR] LogOutputStream:75 - [STDERR_REDIRECT] [Fatal Error] :1:1: Premature end of file.
2026-03-01 01:14:33,786 [ERROR] LogOutputStream:75 - [STDERR_REDIRECT] 
2026-03-01 01:14:34,786 [ERROR] LogOutputStream:75 - [STDERR_REDIRECT] [Fatal Error] :1:1: Premature end of file.
2026-03-01 01:14:34,786 [ERROR] LogOutputStream:75 - [STDERR_REDIRECT] 
2026-03-01 01:14:35,785 [ERROR] LogOutputStream:75 - [STDERR_REDIRECT] [Fatal Error] :1:1: Premature end of file.
2026-03-01 01:14:35,786 [ERROR] LogOutputStream:75 - [STDERR_REDIRECT] 
2026-03-01 01:14:36,786 [ERROR] LogOutputStream:75 - [STDERR_REDIRECT] [Fatal Error] :1:1: Premature end of file.
2026-03-01 01:14:36,786 [ERROR] LogOutputStream:75 - [STDERR_REDIRECT] 
2026-03-01 01:14:37,785 [ERROR] LogOutputStream:75 - [STDERR_REDIRECT] [Fatal Error] :1:1: Premature end of file.
2026-03-01 01:14:37,785 [ERROR] LogOutputStream:75 - [STDERR_REDIRECT] 
2026-03-01 01:14:38,786 [ERROR] LogOutputStream:75 - [STDERR_REDIRECT] [Fatal Error] :1:1: Premature end of file.
2026-03-01 01:14:38,786 [ERROR] LogOutputStream:75 - [STDERR_REDIRECT] 
2026-03-01 01:14:39,786 [ERROR] LogOutputStream:75 - [STDERR_REDIRECT] [Fatal Error] :1:1: Premature end of file.
2026-03-01 01:14:39,786 [ERROR] LogOutputStream:75 - [STDERR_REDIRECT] 
2026-03-01 01:14:40,787 [ERROR] LogOutputStream:75 - [STDERR_REDIRECT] [Fatal Error] :1:1: Premature end of file.
2026-03-01 01:14:40,787 [ERROR] LogOutputStream:75 - [STDERR_REDIRECT] 
2026-03-01 01:14:41,785 [ERROR] LogOutputStream:75 - [STDERR_REDIRECT] [Fatal Error] :1:1: Premature end of file.
2026-03-01 01:14:41,785 [ERROR] LogOutputStream:75 - [STDERR_REDIRECT] 
2026-03-01 01:14:42,786 [ERROR] LogOutputStream:75 - [STDERR_REDIRECT] [Fatal Error] :1:1: Premature end of file.
2026-03-01 01:14:42,786 [ERROR] LogOutputStream:75 - [STDERR_REDIRECT] 
2026-03-01 01:14:43,785 [ERROR] LogOutputStream:75 - [STDERR_REDIRECT] [Fatal Error] :1:1: Premature end of file.
2026-03-01 01:14:43,785 [ERROR] LogOutputStream:75 - [STDERR_REDIRECT] 
2026-03-01 01:14:44,801 [ERROR] LogOutputStream:75 - [STDERR_REDIRECT] [Fatal Error] :1:1: Premature end of file.
2026-03-01 01:14:44,801 [ERROR] LogOutputStream:75 - [STDERR_REDIRECT] 
2026-03-01 01:14:45,789 [ERROR] LogOutputStream:75 - [STDERR_REDIRECT] [Fatal Error] :1:1: Premature end of file.
2026-03-01 01:14:45,789 [ERROR] LogOutputStream:75 - [STDERR_REDIRECT] 
2026-03-01 01:14:46,786 [ERROR] LogOutputStream:75 - [STDERR_REDIRECT] [Fatal Error] :1:1: Premature end of file.
2026-03-01 01:14:46,786 [ERROR] LogOutputStream:75 - [STDERR_REDIRECT] 
2026-03-01 01:14:47,786 [ERROR] LogOutputStream:75 - [STDERR_REDIRECT] [Fatal Error] :1:1: Premature end of file.
2026-03-01 01:14:47,786 [ERROR] LogOutputStream:75 - [STDERR_REDIRECT] 
2026-03-01 01:14:48,785 [ERROR] LogOutputStream:75 - [STDERR_REDIRECT] [Fatal Error] :1:1: Premature end of file.
2026-03-01 01:14:48,785 [ERROR] LogOutputStream:75 - [STDERR_REDIRECT] 
2026-03-01 01:14:49,787 [ERROR] LogOutputStream:75 - [STDERR_REDIRECT] [Fatal Error] :1:1: Premature end of file.
2026-03-01 01:14:49,787 [ERROR] LogOutputStream:75 - [STDERR_REDIRECT] 
2026-03-01 01:14:50,789 [ERROR] LogOutputStream:75 - [STDERR_REDIRECT] [Fatal Error] :1:1: Premature end of file.
2026-03-01 01:14:50,789 [ERROR] LogOutputStream:75 - [STDERR_REDIRECT] 
2026-03-01 01:14:51,787 [ERROR] LogOutputStream:75 - [STDERR_REDIRECT] [Fatal Error] :1:1: Premature end of file.
2026-03-01 01:14:51,787 [ERROR] LogOutputStream:75 - [STDERR_REDIRECT] 
2026-03-01 01:14:52,787 [ERROR] LogOutputStream:75 - [STDERR_REDIRECT] [Fatal Error] :1:1: Premature end of file.
2026-03-01 01:14:52,787 [ERROR] LogOutputStream:75 - [STDERR_REDIRECT] 
2026-03-01 01:14:53,786 [ERROR] LogOutputStream:75 - [STDERR_REDIRECT] [Fatal Error] :1:1: Premature end of file.
2026-03-01 01:14:53,786 [ERROR] LogOutputStream:75 - [STDERR_REDIRECT] 
2026-03-01 01:14:54,784 [ERROR] LogOutputStream:75 - [STDERR_REDIRECT] [Fatal Error] :1:1: Premature end of file.
2026-03-01 01:14:54,784 [ERROR] LogOutputStream:75 - [STDERR_REDIRECT] 
2026-03-01 01:14:55,785 [ERROR] LogOutputStream:75 - [STDERR_REDIRECT] [Fatal Error] :1:1: Premature end of file.
2026-03-01 01:14:55,785 [ERROR] LogOutputStream:75 - [STDERR_REDIRECT] 
2026-03-01 01:14:56,788 [ERROR] LogOutputStream:75 - [STDERR_REDIRECT] [Fatal Error] :1:1: Premature end of file.
2026-03-01 01:14:56,788 [ERROR] LogOutputStream:75 - [STDERR_REDIRECT] 
2026-03-01 01:14:57,785 [ERROR] LogOutputStream:75 - [STDERR_REDIRECT] [Fatal Error] :1:1: Premature end of file.
2026-03-01 01:14:57,785 [ERROR] LogOutputStream:75 - [STDERR_REDIRECT] 
2026-03-01 01:14:58,784 [ERROR] LogOutputStream:75 - [STDERR_REDIRECT] [Fatal Error] :1:1: Premature end of file.
2026-03-01 01:14:58,785 [ERROR] LogOutputStream:75 - [STDERR_REDIRECT] 
2026-03-01 01:14:59,786 [ERROR] LogOutputStream:75 - [STDERR_REDIRECT] [Fatal Error] :1:1: Premature end of file.
2026-03-01 01:14:59,786 [ERROR] LogOutputStream:75 - [STDERR_REDIRECT] 
2026-03-01 01:15:00,786 [ERROR] LogOutputStream:75 - [STDERR_REDIRECT] [Fatal Error] :1:1: Premature end of file.
2026-03-01 01:15:00,786 [ERROR] LogOutputStream:75 - [STDERR_REDIRECT] 
2026-03-01 01:15:01,788 [ERROR] LogOutputStream:75 - [STDERR_REDIRECT] [Fatal Error] :1:1: Premature end of file.
2026-03-01 01:15:01,788 [ERROR] LogOutputStream:75 - [STDERR_REDIRECT] 
2026-03-01 01:15:02,785 [ERROR] LogOutputStream:75 - [STDERR_REDIRECT] [Fatal Error] :1:1: Premature end of file.
2026-03-01 01:15:02,785 [ERROR] LogOutputStream:75 - [STDERR_REDIRECT] 
2026-03-01 01:15:03,786 [ERROR] LogOutputStream:75 - [STDERR_REDIRECT] [Fatal Error] :1:1: Premature end of file.
2026-03-01 01:15:03,787 [ERROR] LogOutputStream:75 - [STDERR_REDIRECT] 
2026-03-01 01:15:04,786 [ERROR] LogOutputStream:75 - [STDERR_REDIRECT] [Fatal Error] :1:1: Premature end of file.
2026-03-01 01:15:04,786 [ERROR] LogOutputStream:75 - [STDERR_REDIRECT] 
2026-03-01 01:15:05,787 [ERROR] LogOutputStream:75 - [STDERR_REDIRECT] [Fatal Error] :1:1: Premature end of file.
2026-03-01 01:15:05,787 [ERROR] LogOutputStream:75 - [STDERR_REDIRECT] 
2026-03-01 01:15:06,785 [ERROR] LogOutputStream:75 - [STDERR_REDIRECT] [Fatal Error] :1:1: Premature end of file.
2026-03-01 01:15:06,786 [ERROR] LogOutputStream:75 - [STDERR_REDIRECT] 
2026-03-01 01:15:07,786 [ERROR] LogOutputStream:75 - [STDERR_REDIRECT] [Fatal Error] :1:1: Premature end of file.
2026-03-01 01:15:07,787 [ERROR] LogOutputStream:75 - [STDERR_REDIRECT] 
2026-03-01 01:15:08,786 [ERROR] LogOutputStream:75 - [STDERR_REDIRECT] [Fatal Error] :1:1: Premature end of file.
2026-03-01 01:15:08,786 [ERROR] LogOutputStream:75 - [STDERR_REDIRECT] 
2026-03-01 01:15:09,786 [ERROR] LogOutputStream:75 - [STDERR_REDIRECT] [Fatal Error] :1:1: Premature end of file.
2026-03-01 01:15:09,786 [ERROR] LogOutputStream:75 - [STDERR_REDIRECT] 
2026-03-01 01:15:10,785 [ERROR] LogOutputStream:75 - [STDERR_REDIRECT] [Fatal Error] :1:1: Premature end of file.
2026-03-01 01:15:10,785 [ERROR] LogOutputStream:75 - [STDERR_REDIRECT] 
2026-03-01 01:15:11,785 [ERROR] LogOutputStream:75 - [STDERR_REDIRECT] [Fatal Error] :1:1: Premature end of file.
2026-03-01 01:15:11,785 [ERROR] LogOutputStream:75 - [STDERR_REDIRECT] 
2026-03-01 01:15:12,786 [ERROR] LogOutputStream:75 - [STDERR_REDIRECT] [Fatal Error] :1:1: Premature end of file.
2026-03-01 01:15:12,786 [ERROR] LogOutputStream:75 - [STDERR_REDIRECT] 
2026-03-01 01:15:13,786 [ERROR] LogOutputStream:75 - [STDERR_REDIRECT] [Fatal Error] :1:1: Premature end of file.
2026-03-01 01:15:13,786 [ERROR] LogOutputStream:75 - [STDERR_REDIRECT] 
2026-03-01 01:15:14,787 [ERROR] LogOutputStream:75 - [STDERR_REDIRECT] [Fatal Error] :1:1: Premature end of file.
2026-03-01 01:15:14,788 [ERROR] LogOutputStream:75 - [STDERR_REDIRECT] 
2026-03-01 01:15:15,786 [ERROR] LogOutputStream:75 - [STDERR_REDIRECT] [Fatal Error] :1:1: Premature end of file.
2026-03-01 01:15:15,786 [ERROR] LogOutputStream:75 - [STDERR_REDIRECT] 
2026-03-01 01:15:16,786 [ERROR] LogOutputStream:75 - [STDERR_REDIRECT] [Fatal Error] :1:1: Premature end of file.
2026-03-01 01:15:16,786 [ERROR] LogOutputStream:75 - [STDERR_REDIRECT] 
2026-03-01 01:15:17,786 [ERROR] LogOutputStream:75 - [STDERR_REDIRECT] [Fatal Error] :1:1: Premature end of file.
2026-03-01 01:15:17,786 [ERROR] LogOutputStream:75 - [STDERR_REDIRECT] 
2026-03-01 01:15:18,785 [ERROR] LogOutputStream:75 - [STDERR_REDIRECT] [Fatal Error] :1:1: Premature end of file.
2026-03-01 01:15:18,785 [ERROR] LogOutputStream:75 - [STDERR_REDIRECT] 
2026-03-01 01:15:19,786 [ERROR] LogOutputStream:75 - [STDERR_REDIRECT] [Fatal Error] :1:1: Premature end of file.
2026-03-01 01:15:19,786 [ERROR] LogOutputStream:75 - [STDERR_REDIRECT] 
2026-03-01 01:15:20,788 [ERROR] LogOutputStream:75 - [STDERR_REDIRECT] [Fatal Error] :1:1: Premature end of file.
2026-03-01 01:15:20,788 [ERROR] LogOutputStream:75 - [STDERR_REDIRECT] 
2026-03-01 01:15:21,786 [ERROR] LogOutputStream:75 - [STDERR_REDIRECT] [Fatal Error] :1:1: Premature end of file.
2026-03-01 01:15:21,786 [ERROR] LogOutputStream:75 - [STDERR_REDIRECT] 
2026-03-01 01:15:22,786 [ERROR] LogOutputStream:75 - [STDERR_REDIRECT] [Fatal Error] :1:1: Premature end of file.
2026-03-01 01:15:22,786 [ERROR] LogOutputStream:75 - [STDERR_REDIRECT] 
2026-03-01 01:15:23,786 [ERROR] LogOutputStream:75 - [STDERR_REDIRECT] [Fatal Error] :1:1: Premature end of file.
2026-03-01 01:15:23,786 [ERROR] LogOutputStream:75 - [STDERR_REDIRECT] 
2026-03-01 01:15:24,786 [ERROR] LogOutputStream:75 - [STDERR_REDIRECT] [Fatal Error] :1:1: Premature end of file.
2026-03-01 01:15:24,787 [ERROR] LogOutputStream:75 - [STDERR_REDIRECT] 
2026-03-01 01:15:25,785 [ERROR] LogOutputStream:75 - [STDERR_REDIRECT] [Fatal Error] :1:1: Premature end of file.
2026-03-01 01:15:25,785 [ERROR] LogOutputStream:75 - [STDERR_REDIRECT] 
2026-03-01 01:15:26,786 [ERROR] LogOutputStream:75 - [STDERR_REDIRECT] [Fatal Error] :1:1: Premature end of file.
2026-03-01 01:15:26,786 [ERROR] LogOutputStream:75 - [STDERR_REDIRECT] 
2026-03-01 01:15:27,786 [ERROR] LogOutputStream:75 - [STDERR_REDIRECT] [Fatal Error] :1:1: Premature end of file.
2026-03-01 01:15:27,786 [ERROR] LogOutputStream:75 - [STDERR_REDIRECT] 
2026-03-01 01:15:28,786 [ERROR] LogOutputStream:75 - [STDERR_REDIRECT] [Fatal Error] :1:1: Premature end of file.
2026-03-01 01:15:28,787 [ERROR] LogOutputStream:75 - [STDERR_REDIRECT] 
2026-03-01 01:15:29,786 [ERROR] LogOutputStream:75 - [STDERR_REDIRECT] [Fatal Error] :1:1: Premature end of file.
2026-03-01 01:15:29,786 [ERROR] LogOutputStream:75 - [STDERR_REDIRECT] 
2026-03-01 01:15:30,786 [ERROR] LogOutputStream:75 - [STDERR_REDIRECT] [Fatal Error] :1:1: Premature end of file.
2026-03-01 01:15:30,786 [ERROR] LogOutputStream:75 - [STDERR_REDIRECT] 
2026-03-01 01:15:31,789 [ERROR] LogOutputStream:75 - [STDERR_REDIRECT] [Fatal Error] :1:1: Premature end of file.
2026-03-01 01:15:31,789 [ERROR] LogOutputStream:75 - [STDERR_REDIRECT] 
2026-03-01 01:15:32,791 [ERROR] LogOutputStream:75 - [STDERR_REDIRECT] [Fatal Error] :1:1: Premature end of file.
2026-03-01 01:15:32,791 [ERROR] LogOutputStream:75 - [STDERR_REDIRECT] 
2026-03-01 01:15:33,819 [ERROR] LogOutputStream:75 - [STDERR_REDIRECT] [Fatal Error] :1:1: Premature end of file.
2026-03-01 01:15:33,819 [ERROR] LogOutputStream:75 - [STDERR_REDIRECT] 
2026-03-01 01:15:34,786 [ERROR] LogOutputStream:75 - [STDERR_REDIRECT] [Fatal Error] :1:1: Premature end of file.
2026-03-01 01:15:34,786 [ERROR] LogOutputStream:75 - [STDERR_REDIRECT] 
2026-03-01 01:15:35,785 [ERROR] LogOutputStream:75 - [STDERR_REDIRECT] [Fatal Error] :1:1: Premature end of file.
2026-03-01 01:15:35,785 [ERROR] LogOutputStream:75 - [STDERR_REDIRECT] 
2026-03-01 01:15:36,785 [ERROR] LogOutputStream:75 - [STDERR_REDIRECT] [Fatal Error] :1:1: Premature end of file.
2026-03-01 01:15:36,785 [ERROR] LogOutputStream:75 - [STDERR_REDIRECT] 
2026-03-01 01:15:37,791 [ERROR] LogOutputStream:75 - [STDERR_REDIRECT] [Fatal Error] :1:1: Premature end of file.
2026-03-01 01:15:37,791 [ERROR] LogOutputStream:75 - [STDERR_REDIRECT] 
2026-03-01 01:15:38,822 [ERROR] LogOutputStream:75 - [STDERR_REDIRECT] [Fatal Error] :1:1: Premature end of file.
2026-03-01 01:15:38,822 [ERROR] LogOutputStream:75 - [STDERR_REDIRECT] 
2026-03-01 01:15:39,785 [ERROR] LogOutputStream:75 - [STDERR_REDIRECT] [Fatal Error] :1:1: Premature end of file.
2026-03-01 01:15:39,785 [ERROR] LogOutputStream:75 - [STDERR_REDIRECT] 
2026-03-01 01:15:40,785 [ERROR] LogOutputStream:75 - [STDERR_REDIRECT] [Fatal Error] :1:1: Premature end of file.
2026-03-01 01:15:40,785 [ERROR] LogOutputStream:75 - [STDERR_REDIRECT] 
2026-03-01 01:15:41,786 [ERROR] LogOutputStream:75 - [STDERR_REDIRECT] [Fatal Error] :1:1: Premature end of file.
2026-03-01 01:15:41,787 [ERROR] LogOutputStream:75 - [STDERR_REDIRECT] 
2026-03-01 01:15:42,785 [ERROR] LogOutputStream:75 - [STDERR_REDIRECT] [Fatal Error] :1:1: Premature end of file.
2026-03-01 01:15:42,785 [ERROR] LogOutputStream:75 - [STDERR_REDIRECT] 
2026-03-01 01:15:43,787 [ERROR] LogOutputStream:75 - [STDERR_REDIRECT] [Fatal Error] :1:1: Premature end of file.
2026-03-01 01:15:43,787 [ERROR] LogOutputStream:75 - [STDERR_REDIRECT] 
2026-03-01 01:15:44,786 [ERROR] LogOutputStream:75 - [STDERR_REDIRECT] [Fatal Error] :1:1: Premature end of file.
2026-03-01 01:15:44,786 [ERROR] LogOutputStream:75 - [STDERR_REDIRECT] 
2026-03-01 01:15:45,784 [ERROR] LogOutputStream:75 - [STDERR_REDIRECT] [Fatal Error] :1:1: Premature end of file.
2026-03-01 01:15:45,785 [ERROR] LogOutputStream:75 - [STDERR_REDIRECT] 
2026-03-01 01:15:46,786 [ERROR] LogOutputStream:75 - [STDERR_REDIRECT] [Fatal Error] :1:1: Premature end of file.
2026-03-01 01:15:46,786 [ERROR] LogOutputStream:75 - [STDERR_REDIRECT] 
2026-03-01 01:15:47,787 [ERROR] LogOutputStream:75 - [STDERR_REDIRECT] [Fatal Error] :1:1: Premature end of file.
2026-03-01 01:15:47,787 [ERROR] LogOutputStream:75 - [STDERR_REDIRECT] 
2026-03-01 01:15:48,785 [ERROR] LogOutputStream:75 - [STDERR_REDIRECT] [Fatal Error] :1:1: Premature end of file.
2026-03-01 01:15:48,786 [ERROR] LogOutputStream:75 - [STDERR_REDIRECT] 
2026-03-01 01:15:49,786 [ERROR] LogOutputStream:75 - [STDERR_REDIRECT] [Fatal Error] :1:1: Premature end of file.
2026-03-01 01:15:49,786 [ERROR] LogOutputStream:75 - [STDERR_REDIRECT] 
2026-03-01 01:15:50,786 [ERROR] LogOutputStream:75 - [STDERR_REDIRECT] [Fatal Error] :1:1: Premature end of file.
2026-03-01 01:15:50,786 [ERROR] LogOutputStream:75 - [STDERR_REDIRECT] 
2026-03-01 01:15:51,785 [ERROR] LogOutputStream:75 - [STDERR_REDIRECT] [Fatal Error] :1:1: Premature end of file.
2026-03-01 01:15:51,785 [ERROR] LogOutputStream:75 - [STDERR_REDIRECT] 
2026-03-01 01:15:52,792 [ERROR] LogOutputStream:75 - [STDERR_REDIRECT] [Fatal Error] :1:1: Premature end of file.
2026-03-01 01:15:52,793 [ERROR] LogOutputStream:75 - [STDERR_REDIRECT] 
2026-03-01 01:15:53,787 [ERROR] LogOutputStream:75 - [STDERR_REDIRECT] [Fatal Error] :1:1: Premature end of file.
2026-03-01 01:15:53,787 [ERROR] LogOutputStream:75 - [STDERR_REDIRECT] 
2026-03-01 01:15:54,787 [ERROR] LogOutputStream:75 - [STDERR_REDIRECT] [Fatal Error] :1:1: Premature end of file.
2026-03-01 01:15:54,787 [ERROR] LogOutputStream:75 - [STDERR_REDIRECT] 
2026-03-01 01:15:55,786 [ERROR] LogOutputStream:75 - [STDERR_REDIRECT] [Fatal Error] :1:1: Premature end of file.
2026-03-01 01:15:55,786 [ERROR] LogOutputStream:75 - [STDERR_REDIRECT] 
2026-03-01 01:15:56,784 [ERROR] LogOutputStream:75 - [STDERR_REDIRECT] [Fatal Error] :1:1: Premature end of file.
2026-03-01 01:15:56,784 [ERROR] LogOutputStream:75 - [STDERR_REDIRECT] 
2026-03-01 01:15:57,805 [ERROR] LogOutputStream:75 - [STDERR_REDIRECT] [Fatal Error] :1:1: Premature end of file.
2026-03-01 01:15:57,805 [ERROR] LogOutputStream:75 - [STDERR_REDIRECT] 
2026-03-01 01:15:58,785 [ERROR] LogOutputStream:75 - [STDERR_REDIRECT] [Fatal Error] :1:1: Premature end of file.
2026-03-01 01:15:58,785 [ERROR] LogOutputStream:75 - [STDERR_REDIRECT] 
2026-03-01 01:15:59,786 [ERROR] LogOutputStream:75 - [STDERR_REDIRECT] [Fatal Error] :1:1: Premature end of file.
2026-03-01 01:15:59,786 [ERROR] LogOutputStream:75 - [STDERR_REDIRECT] 
2026-03-01 01:16:00,786 [ERROR] LogOutputStream:75 - [STDERR_REDIRECT] [Fatal Error] :1:1: Premature end of file.
2026-03-01 01:16:00,786 [ERROR] LogOutputStream:75 - [STDERR_REDIRECT] 
2026-03-01 01:16:01,787 [ERROR] LogOutputStream:75 - [STDERR_REDIRECT] [Fatal Error] :1:1: Premature end of file.
2026-03-01 01:16:01,787 [ERROR] LogOutputStream:75 - [STDERR_REDIRECT] 
2026-03-01 01:16:02,784 [ERROR] LogOutputStream:75 - [STDERR_REDIRECT] [Fatal Error] :1:1: Premature end of file.
2026-03-01 01:16:02,784 [ERROR] LogOutputStream:75 - [STDERR_REDIRECT] 
2026-03-01 01:16:03,786 [ERROR] LogOutputStream:75 - [STDERR_REDIRECT] [Fatal Error] :1:1: Premature end of file.
2026-03-01 01:16:03,786 [ERROR] LogOutputStream:75 - [STDERR_REDIRECT] 
2026-03-01 01:16:04,805 [ERROR] LogOutputStream:75 - [STDERR_REDIRECT] [Fatal Error] :1:1: Premature end of file.
2026-03-01 01:16:04,805 [ERROR] LogOutputStream:75 - [STDERR_REDIRECT] 
2026-03-01 01:16:05,784 [ERROR] LogOutputStream:75 - [STDERR_REDIRECT] [Fatal Error] :1:1: Premature end of file.
2026-03-01 01:16:05,785 [ERROR] LogOutputStream:75 - [STDERR_REDIRECT] 
2026-03-01 01:16:06,787 [ERROR] LogOutputStream:75 - [STDERR_REDIRECT] [Fatal Error] :1:1: Premature end of file.
2026-03-01 01:16:06,787 [ERROR] LogOutputStream:75 - [STDERR_REDIRECT] 
2026-03-01 01:16:07,786 [ERROR] LogOutputStream:75 - [STDERR_REDIRECT] [Fatal Error] :1:1: Premature end of file.
2026-03-01 01:16:07,786 [ERROR] LogOutputStream:75 - [STDERR_REDIRECT] 
2026-03-01 01:16:08,785 [ERROR] LogOutputStream:75 - [STDERR_REDIRECT] [Fatal Error] :1:1: Premature end of file.
2026-03-01 01:16:08,785 [ERROR] LogOutputStream:75 - [STDERR_REDIRECT] 
2026-03-01 01:16:09,789 [ERROR] LogOutputStream:75 - [STDERR_REDIRECT] [Fatal Error] :1:1: Premature end of file.
2026-03-01 01:16:09,789 [ERROR] LogOutputStream:75 - [STDERR_REDIRECT] 
2026-03-01 01:16:10,787 [ERROR] LogOutputStream:75 - [STDERR_REDIRECT] [Fatal Error] :1:1: Premature end of file.
2026-03-01 01:16:10,787 [ERROR] LogOutputStream:75 - [STDERR_REDIRECT] 
2026-03-01 01:16:11,784 [ERROR] LogOutputStream:75 - [STDERR_REDIRECT] [Fatal Error] :1:1: Premature end of file.
2026-03-01 01:16:11,784 [ERROR] LogOutputStream:75 - [STDERR_REDIRECT] 
2026-03-01 01:16:12,785 [ERROR] LogOutputStream:75 - [STDERR_REDIRECT] [Fatal Error] :1:1: Premature end of file.
2026-03-01 01:16:12,785 [ERROR] LogOutputStream:75 - [STDERR_REDIRECT] 
2026-03-01 01:16:13,786 [ERROR] LogOutputStream:75 - [STDERR_REDIRECT] [Fatal Error] :1:1: Premature end of file.
2026-03-01 01:16:13,786 [ERROR] LogOutputStream:75 - [STDERR_REDIRECT] 
2026-03-01 01:16:14,785 [ERROR] LogOutputStream:75 - [STDERR_REDIRECT] [Fatal Error] :1:1: Premature end of file.
2026-03-01 01:16:14,785 [ERROR] LogOutputStream:75 - [STDERR_REDIRECT] 
2026-03-01 01:16:15,786 [ERROR] LogOutputStream:75 - [STDERR_REDIRECT] [Fatal Error] :1:1: Premature end of file.
2026-03-01 01:16:15,786 [ERROR] LogOutputStream:75 - [STDERR_REDIRECT] 
2026-03-01 01:16:16,785 [ERROR] LogOutputStream:75 - [STDERR_REDIRECT] [Fatal Error] :1:1: Premature end of file.
2026-03-01 01:16:16,785 [ERROR] LogOutputStream:75 - [STDERR_REDIRECT] 
2026-03-01 01:16:17,786 [ERROR] LogOutputStream:75 - [STDERR_REDIRECT] [Fatal Error] :1:1: Premature end of file.
2026-03-01 01:16:17,786 [ERROR] LogOutputStream:75 - [STDERR_REDIRECT] 
2026-03-01 01:16:18,786 [ERROR] LogOutputStream:75 - [STDERR_REDIRECT] [Fatal Error] :1:1: Premature end of file.
2026-03-01 01:16:18,786 [ERROR] LogOutputStream:75 - [STDERR_REDIRECT] 
2026-03-01 01:16:19,789 [ERROR] LogOutputStream:75 - [STDERR_REDIRECT] [Fatal Error] :1:1: Premature end of file.
2026-03-01 01:16:19,789 [ERROR] LogOutputStream:75 - [STDERR_REDIRECT] 
2026-03-01 01:16:20,786 [ERROR] LogOutputStream:75 - [STDERR_REDIRECT] [Fatal Error] :1:1: Premature end of file.
2026-03-01 01:16:20,786 [ERROR] LogOutputStream:75 - [STDERR_REDIRECT] 
2026-03-01 01:16:21,785 [ERROR] LogOutputStream:75 - [STDERR_REDIRECT] [Fatal Error] :1:1: Premature end of file.
2026-03-01 01:16:21,785 [ERROR] LogOutputStream:75 - [STDERR_REDIRECT] 
2026-03-01 01:16:22,785 [ERROR] LogOutputStream:75 - [STDERR_REDIRECT] [Fatal Error] :1:1: Premature end of file.
2026-03-01 01:16:22,785 [ERROR] LogOutputStream:75 - [STDERR_REDIRECT] 
2026-03-01 01:16:23,797 [ERROR] LogOutputStream:75 - [STDERR_REDIRECT] [Fatal Error] :1:1: Premature end of file.
2026-03-01 01:16:23,797 [ERROR] LogOutputStream:75 - [STDERR_REDIRECT] 
2026-03-01 01:16:24,793 [ERROR] LogOutputStream:75 - [STDERR_REDIRECT] [Fatal Error] :1:1: Premature end of file.
2026-03-01 01:16:24,793 [ERROR] LogOutputStream:75 - [STDERR_REDIRECT] 
2026-03-01 01:16:25,787 [ERROR] LogOutputStream:75 - [STDERR_REDIRECT] [Fatal Error] :1:1: Premature end of file.
2026-03-01 01:16:25,787 [ERROR] LogOutputStream:75 - [STDERR_REDIRECT] 
2026-03-01 01:16:26,783 [ERROR] LogOutputStream:75 - [STDERR_REDIRECT] [Fatal Error] :1:1: Premature end of file.
2026-03-01 01:16:26,783 [ERROR] LogOutputStream:75 - [STDERR_REDIRECT] 
2026-03-01 01:16:27,786 [ERROR] LogOutputStream:75 - [STDERR_REDIRECT] [Fatal Error] :1:1: Premature end of file.
2026-03-01 01:16:27,786 [ERROR] LogOutputStream:75 - [STDERR_REDIRECT] 
2026-03-01 01:16:28,786 [ERROR] LogOutputStream:75 - [STDERR_REDIRECT] [Fatal Error] :1:1: Premature end of file.
2026-03-01 01:16:28,786 [ERROR] LogOutputStream:75 - [STDERR_REDIRECT] 
2026-03-01 01:16:29,785 [ERROR] LogOutputStream:75 - [STDERR_REDIRECT] [Fatal Error] :1:1: Premature end of file.
2026-03-01 01:16:29,785 [ERROR] LogOutputStream:75 - [STDERR_REDIRECT] 
2026-03-01 01:16:30,793 [ERROR] LogOutputStream:75 - [STDERR_REDIRECT] [Fatal Error] :1:1: Premature end of file.
2026-03-01 01:16:30,793 [ERROR] LogOutputStream:75 - [STDERR_REDIRECT] 
2026-03-01 01:16:31,783 [ERROR] LogOutputStream:75 - [STDERR_REDIRECT] [Fatal Error] :1:1: Premature end of file.
2026-03-01 01:16:31,783 [ERROR] LogOutputStream:75 - [STDERR_REDIRECT] 
2026-03-01 01:16:32,783 [ERROR] LogOutputStream:75 - [STDERR_REDIRECT] [Fatal Error] :1:1: Premature end of file.
2026-03-01 01:16:32,783 [ERROR] LogOutputStream:75 - [STDERR_REDIRECT] 
2026-03-01 01:16:33,783 [ERROR] LogOutputStream:75 - [STDERR_REDIRECT] [Fatal Error] :1:1: Premature end of file.
2026-03-01 01:16:33,783 [ERROR] LogOutputStream:75 - [STDERR_REDIRECT] 
2026-03-01 01:16:34,783 [ERROR] LogOutputStream:75 - [STDERR_REDIRECT] [Fatal Error] :1:1: Premature end of file.
2026-03-01 01:16:34,783 [ERROR] LogOutputStream:75 - [STDERR_REDIRECT] 
2026-03-01 01:16:35,785 [ERROR] LogOutputStream:75 - [STDERR_REDIRECT] [Fatal Error] :1:1: Premature end of file.
2026-03-01 01:16:35,785 [ERROR] LogOutputStream:75 - [STDERR_REDIRECT] 
2026-03-01 01:16:36,784 [ERROR] LogOutputStream:75 - [STDERR_REDIRECT] [Fatal Error] :1:1: Premature end of file.
2026-03-01 01:16:36,784 [ERROR] LogOutputStream:75 - [STDERR_REDIRECT] 
2026-03-01 01:16:37,784 [ERROR] LogOutputStream:75 - [STDERR_REDIRECT] [Fatal Error] :1:1: Premature end of file.
2026-03-01 01:16:37,784 [ERROR] LogOutputStream:75 - [STDERR_REDIRECT] 
2026-03-01 01:16:38,784 [ERROR] LogOutputStream:75 - [STDERR_REDIRECT] [Fatal Error] :1:1: Premature end of file.
2026-03-01 01:16:38,784 [ERROR] LogOutputStream:75 - [STDERR_REDIRECT] 
2026-03-01 01:16:39,785 [ERROR] LogOutputStream:75 - [STDERR_REDIRECT] [Fatal Error] :1:1: Premature end of file.
2026-03-01 01:16:39,785 [ERROR] LogOutputStream:75 - [STDERR_REDIRECT] 
2026-03-01 01:16:40,786 [ERROR] LogOutputStream:75 - [STDERR_REDIRECT] [Fatal Error] :1:1: Premature end of file.
2026-03-01 01:16:40,786 [ERROR] LogOutputStream:75 - [STDERR_REDIRECT] 
2026-03-01 01:16:41,782 [ERROR] LogOutputStream:75 - [STDERR_REDIRECT] [Fatal Error] :1:1: Premature end of file.
2026-03-01 01:16:41,783 [ERROR] LogOutputStream:75 - [STDERR_REDIRECT] 
2026-03-01 01:16:42,782 [ERROR] LogOutputStream:75 - [STDERR_REDIRECT] [Fatal Error] :1:1: Premature end of file.
2026-03-01 01:16:42,782 [ERROR] LogOutputStream:75 - [STDERR_REDIRECT] 
2026-03-01 01:16:43,785 [ERROR] LogOutputStream:75 - [STDERR_REDIRECT] [Fatal Error] :1:1: Premature end of file.
2026-03-01 01:16:43,785 [ERROR] LogOutputStream:75 - [STDERR_REDIRECT] 
2026-03-01 01:16:44,784 [ERROR] LogOutputStream:75 - [STDERR_REDIRECT] [Fatal Error] :1:1: Premature end of file.
2026-03-01 01:16:44,784 [ERROR] LogOutputStream:75 - [STDERR_REDIRECT] 
2026-03-01 01:16:45,784 [ERROR] LogOutputStream:75 - [STDERR_REDIRECT] [Fatal Error] :1:1: Premature end of file.
2026-03-01 01:16:45,784 [ERROR] LogOutputStream:75 - [STDERR_REDIRECT] 
2026-03-01 01:16:46,784 [ERROR] LogOutputStream:75 - [STDERR_REDIRECT] [Fatal Error] :1:1: Premature end of file.
2026-03-01 01:16:46,784 [ERROR] LogOutputStream:75 - [STDERR_REDIRECT] 
2026-03-01 01:16:47,784 [ERROR] LogOutputStream:75 - [STDERR_REDIRECT] [Fatal Error] :1:1: Premature end of file.
2026-03-01 01:16:47,784 [ERROR] LogOutputStream:75 - [STDERR_REDIRECT] 
2026-03-01 01:16:48,784 [ERROR] LogOutputStream:75 - [STDERR_REDIRECT] [Fatal Error] :1:1: Premature end of file.
2026-03-01 01:16:48,784 [ERROR] LogOutputStream:75 - [STDERR_REDIRECT] 
2026-03-01 01:16:49,789 [ERROR] LogOutputStream:75 - [STDERR_REDIRECT] [Fatal Error] :1:1: Premature end of file.
2026-03-01 01:16:49,789 [ERROR] LogOutputStream:75 - [STDERR_REDIRECT] 
2026-03-01 01:16:50,821 [ERROR] LogOutputStream:75 - [STDERR_REDIRECT] [Fatal Error] :1:1: Premature end of file.
2026-03-01 01:16:50,821 [ERROR] LogOutputStream:75 - [STDERR_REDIRECT] 
2026-03-01 01:16:51,784 [ERROR] LogOutputStream:75 - [STDERR_REDIRECT] [Fatal Error] :1:1: Premature end of file.
2026-03-01 01:16:51,784 [ERROR] LogOutputStream:75 - [STDERR_REDIRECT] 
2026-03-01 01:16:52,783 [ERROR] LogOutputStream:75 - [STDERR_REDIRECT] [Fatal Error] :1:1: Premature end of file.
2026-03-01 01:16:52,783 [ERROR] LogOutputStream:75 - [STDERR_REDIRECT] 
2026-03-01 01:16:53,783 [ERROR] LogOutputStream:75 - [STDERR_REDIRECT] [Fatal Error] :1:1: Premature end of file.
2026-03-01 01:16:53,783 [ERROR] LogOutputStream:75 - [STDERR_REDIRECT] 
2026-03-01 01:16:54,784 [ERROR] LogOutputStream:75 - [STDERR_REDIRECT] [Fatal Error] :1:1: Premature end of file.
2026-03-01 01:16:54,784 [ERROR] LogOutputStream:75 - [STDERR_REDIRECT] 
2026-03-01 01:16:55,790 [ERROR] LogOutputStream:75 - [STDERR_REDIRECT] [Fatal Error] :1:1: Premature end of file.
2026-03-01 01:16:55,790 [ERROR] LogOutputStream:75 - [STDERR_REDIRECT] 
2026-03-01 01:16:56,783 [ERROR] LogOutputStream:75 - [STDERR_REDIRECT] [Fatal Error] :1:1: Premature end of file.
2026-03-01 01:16:56,783 [ERROR] LogOutputStream:75 - [STDERR_REDIRECT] 
2026-03-01 01:16:57,783 [ERROR] LogOutputStream:75 - [STDERR_REDIRECT] [Fatal Error] :1:1: Premature end of file.
2026-03-01 01:16:57,783 [ERROR] LogOutputStream:75 - [STDERR_REDIRECT] 
2026-03-01 01:16:58,783 [ERROR] LogOutputStream:75 - [STDERR_REDIRECT] [Fatal Error] :1:1: Premature end of file.
2026-03-01 01:16:58,783 [ERROR] LogOutputStream:75 - [STDERR_REDIRECT] 
2026-03-01 01:16:59,785 [ERROR] LogOutputStream:75 - [STDERR_REDIRECT] [Fatal Error] :1:1: Premature end of file.
2026-03-01 01:16:59,785 [ERROR] LogOutputStream:75 - [STDERR_REDIRECT] 
2026-03-01 01:17:00,784 [ERROR] LogOutputStream:75 - [STDERR_REDIRECT] [Fatal Error] :1:1: Premature end of file.
2026-03-01 01:17:00,784 [ERROR] LogOutputStream:75 - [STDERR_REDIRECT] 
2026-03-01 01:17:01,783 [ERROR] LogOutputStream:75 - [STDERR_REDIRECT] [Fatal Error] :1:1: Premature end of file.
2026-03-01 01:17:01,783 [ERROR] LogOutputStream:75 - [STDERR_REDIRECT] 
2026-03-01 01:17:02,784 [ERROR] LogOutputStream:75 - [STDERR_REDIRECT] [Fatal Error] :1:1: Premature end of file.
2026-03-01 01:17:02,784 [ERROR] LogOutputStream:75 - [STDERR_REDIRECT] 
2026-03-01 01:17:03,782 [ERROR] LogOutputStream:75 - [STDERR_REDIRECT] [Fatal Error] :1:1: Premature end of file.
2026-03-01 01:17:03,782 [ERROR] LogOutputStream:75 - [STDERR_REDIRECT] 
2026-03-01 01:17:04,785 [ERROR] LogOutputStream:75 - [STDERR_REDIRECT] [Fatal Error] :1:1: Premature end of file.
2026-03-01 01:17:04,786 [ERROR] LogOutputStream:75 - [STDERR_REDIRECT] 
2026-03-01 01:17:05,786 [ERROR] LogOutputStream:75 - [STDERR_REDIRECT] [Fatal Error] :1:1: Premature end of file.
2026-03-01 01:17:05,786 [ERROR] LogOutputStream:75 - [STDERR_REDIRECT] 
2026-03-01 01:17:06,787 [ERROR] LogOutputStream:75 - [STDERR_REDIRECT] [Fatal Error] :1:1: Premature end of file.
2026-03-01 01:17:06,788 [ERROR] LogOutputStream:75 - [STDERR_REDIRECT] 
2026-03-01 01:17:07,786 [ERROR] LogOutputStream:75 - [STDERR_REDIRECT] [Fatal Error] :1:1: Premature end of file.
2026-03-01 01:17:07,786 [ERROR] LogOutputStream:75 - [STDERR_REDIRECT] 
2026-03-01 01:17:08,786 [ERROR] LogOutputStream:75 - [STDERR_REDIRECT] [Fatal Error] :1:1: Premature end of file.
2026-03-01 01:17:08,786 [ERROR] LogOutputStream:75 - [STDERR_REDIRECT] 
2026-03-01 01:17:09,784 [ERROR] LogOutputStream:75 - [STDERR_REDIRECT] [Fatal Error] :1:1: Premature end of file.
2026-03-01 01:17:09,784 [ERROR] LogOutputStream:75 - [STDERR_REDIRECT] 
2026-03-01 01:17:10,784 [ERROR] LogOutputStream:75 - [STDERR_REDIRECT] [Fatal Error] :1:1: Premature end of file.
2026-03-01 01:17:10,784 [ERROR] LogOutputStream:75 - [STDERR_REDIRECT] 
2026-03-01 01:17:11,784 [ERROR] LogOutputStream:75 - [STDERR_REDIRECT] [Fatal Error] :1:1: Premature end of file.
2026-03-01 01:17:11,784 [ERROR] LogOutputStream:75 - [STDERR_REDIRECT] 
2026-03-01 01:17:12,785 [ERROR] LogOutputStream:75 - [STDERR_REDIRECT] [Fatal Error] :1:1: Premature end of file.
2026-03-01 01:17:12,785 [ERROR] LogOutputStream:75 - [STDERR_REDIRECT] 
2026-03-01 01:17:13,785 [ERROR] LogOutputStream:75 - [STDERR_REDIRECT] [Fatal Error] :1:1: Premature end of file.
2026-03-01 01:17:13,785 [ERROR] LogOutputStream:75 - [STDERR_REDIRECT] 
2026-03-01 01:17:14,785 [ERROR] LogOutputStream:75 - [STDERR_REDIRECT] [Fatal Error] :1:1: Premature end of file.
2026-03-01 01:17:14,785 [ERROR] LogOutputStream:75 - [STDERR_REDIRECT] 
2026-03-01 01:17:15,783 [ERROR] LogOutputStream:75 - [STDERR_REDIRECT] [Fatal Error] :1:1: Premature end of file.
2026-03-01 01:17:15,783 [ERROR] LogOutputStream:75 - [STDERR_REDIRECT] 
2026-03-01 01:17:16,784 [ERROR] LogOutputStream:75 - [STDERR_REDIRECT] [Fatal Error] :1:1: Premature end of file.
2026-03-01 01:17:16,784 [ERROR] LogOutputStream:75 - [STDERR_REDIRECT] 
2026-03-01 01:17:17,784 [ERROR] LogOutputStream:75 - [STDERR_REDIRECT] [Fatal Error] :1:1: Premature end of file.
2026-03-01 01:17:17,784 [ERROR] LogOutputStream:75 - [STDERR_REDIRECT] 
2026-03-01 01:17:18,783 [ERROR] LogOutputStream:75 - [STDERR_REDIRECT] [Fatal Error] :1:1: Premature end of file.
2026-03-01 01:17:18,784 [ERROR] LogOutputStream:75 - [STDERR_REDIRECT] 
2026-03-01 01:17:19,783 [ERROR] LogOutputStream:75 - [STDERR_REDIRECT] [Fatal Error] :1:1: Premature end of file.
2026-03-01 01:17:19,783 [ERROR] LogOutputStream:75 - [STDERR_REDIRECT] 
2026-03-01 01:17:20,784 [ERROR] LogOutputStream:75 - [STDERR_REDIRECT] [Fatal Error] :1:1: Premature end of file.
2026-03-01 01:17:20,784 [ERROR] LogOutputStream:75 - [STDERR_REDIRECT] 
2026-03-01 01:17:21,785 [ERROR] LogOutputStream:75 - [STDERR_REDIRECT] [Fatal Error] :1:1: Premature end of file.
2026-03-01 01:17:21,785 [ERROR] LogOutputStream:75 - [STDERR_REDIRECT] 
2026-03-01 01:17:22,784 [ERROR] LogOutputStream:75 - [STDERR_REDIRECT] [Fatal Error] :1:1: Premature end of file.
2026-03-01 01:17:22,784 [ERROR] LogOutputStream:75 - [STDERR_REDIRECT] 
2026-03-01 01:17:23,785 [ERROR] LogOutputStream:75 - [STDERR_REDIRECT] [Fatal Error] :1:1: Premature end of file.
2026-03-01 01:17:23,785 [ERROR] LogOutputStream:75 - [STDERR_REDIRECT] 
2026-03-01 01:17:24,785 [ERROR] LogOutputStream:75 - [STDERR_REDIRECT] [Fatal Error] :1:1: Premature end of file.
2026-03-01 01:17:24,785 [ERROR] LogOutputStream:75 - [STDERR_REDIRECT] 
2026-03-01 01:17:25,785 [ERROR] LogOutputStream:75 - [STDERR_REDIRECT] [Fatal Error] :1:1: Premature end of file.
2026-03-01 01:17:25,785 [ERROR] LogOutputStream:75 - [STDERR_REDIRECT] 
2026-03-01 01:17:26,784 [ERROR] LogOutputStream:75 - [STDERR_REDIRECT] [Fatal Error] :1:1: Premature end of file.
2026-03-01 01:17:26,784 [ERROR] LogOutputStream:75 - [STDERR_REDIRECT] 
2026-03-01 01:17:27,785 [ERROR] LogOutputStream:75 - [STDERR_REDIRECT] [Fatal Error] :1:1: Premature end of file.
2026-03-01 01:17:27,785 [ERROR] LogOutputStream:75 - [STDERR_REDIRECT] 
2026-03-01 01:17:28,783 [ERROR] LogOutputStream:75 - [STDERR_REDIRECT] [Fatal Error] :1:1: Premature end of file.
2026-03-01 01:17:28,783 [ERROR] LogOutputStream:75 - [STDERR_REDIRECT] 
2026-03-01 01:17:29,786 [ERROR] LogOutputStream:75 - [STDERR_REDIRECT] [Fatal Error] :1:1: Premature end of file.
2026-03-01 01:17:29,786 [ERROR] LogOutputStream:75 - [STDERR_REDIRECT] 
2026-03-01 01:17:30,783 [ERROR] LogOutputStream:75 - [STDERR_REDIRECT] [Fatal Error] :1:1: Premature end of file.
2026-03-01 01:17:30,783 [ERROR] LogOutputStream:75 - [STDERR_REDIRECT] 
2026-03-01 01:17:31,786 [ERROR] LogOutputStream:75 - [STDERR_REDIRECT] [Fatal Error] :1:1: Premature end of file.
2026-03-01 01:17:31,786 [ERROR] LogOutputStream:75 - [STDERR_REDIRECT] 
2026-03-01 01:17:32,782 [ERROR] LogOutputStream:75 - [STDERR_REDIRECT] [Fatal Error] :1:1: Premature end of file.
2026-03-01 01:17:32,782 [ERROR] LogOutputStream:75 - [STDERR_REDIRECT] 
2026-03-01 01:17:33,784 [ERROR] LogOutputStream:75 - [STDERR_REDIRECT] [Fatal Error] :1:1: Premature end of file.
2026-03-01 01:17:33,784 [ERROR] LogOutputStream:75 - [STDERR_REDIRECT] 
2026-03-01 01:17:34,785 [ERROR] LogOutputStream:75 - [STDERR_REDIRECT] [Fatal Error] :1:1: Premature end of file.
2026-03-01 01:17:34,785 [ERROR] LogOutputStream:75 - [STDERR_REDIRECT] 
2026-03-01 01:17:35,786 [ERROR] LogOutputStream:75 - [STDERR_REDIRECT] [Fatal Error] :1:1: Premature end of file.
2026-03-01 01:17:35,786 [ERROR] LogOutputStream:75 - [STDERR_REDIRECT] 
2026-03-01 01:17:36,784 [ERROR] LogOutputStream:75 - [STDERR_REDIRECT] [Fatal Error] :1:1: Premature end of file.
2026-03-01 01:17:36,784 [ERROR] LogOutputStream:75 - [STDERR_REDIRECT] 
2026-03-01 01:17:37,784 [ERROR] LogOutputStream:75 - [STDERR_REDIRECT] [Fatal Error] :1:1: Premature end of file.
2026-03-01 01:17:37,784 [ERROR] LogOutputStream:75 - [STDERR_REDIRECT] 
2026-03-01 01:17:38,783 [ERROR] LogOutputStream:75 - [STDERR_REDIRECT] [Fatal Error] :1:1: Premature end of file.
2026-03-01 01:17:38,784 [ERROR] LogOutputStream:75 - [STDERR_REDIRECT] 
2026-03-01 01:17:39,782 [ERROR] LogOutputStream:75 - [STDERR_REDIRECT] [Fatal Error] :1:1: Premature end of file.
2026-03-01 01:17:39,782 [ERROR] LogOutputStream:75 - [STDERR_REDIRECT] 
2026-03-01 01:17:40,783 [ERROR] LogOutputStream:75 - [STDERR_REDIRECT] [Fatal Error] :1:1: Premature end of file.
2026-03-01 01:17:40,783 [ERROR] LogOutputStream:75 - [STDERR_REDIRECT] 
2026-03-01 01:17:41,784 [ERROR] LogOutputStream:75 - [STDERR_REDIRECT] [Fatal Error] :1:1: Premature end of file.
2026-03-01 01:17:41,785 [ERROR] LogOutputStream:75 - [STDERR_REDIRECT] 
2026-03-01 01:17:42,785 [ERROR] LogOutputStream:75 - [STDERR_REDIRECT] [Fatal Error] :1:1: Premature end of file.
2026-03-01 01:17:42,785 [ERROR] LogOutputStream:75 - [STDERR_REDIRECT] 
2026-03-01 01:17:43,785 [ERROR] LogOutputStream:75 - [STDERR_REDIRECT] [Fatal Error] :1:1: Premature end of file.
2026-03-01 01:17:43,785 [ERROR] LogOutputStream:75 - [STDERR_REDIRECT] 
2026-03-01 01:17:44,783 [ERROR] LogOutputStream:75 - [STDERR_REDIRECT] [Fatal Error] :1:1: Premature end of file.
2026-03-01 01:17:44,783 [ERROR] LogOutputStream:75 - [STDERR_REDIRECT] 
2026-03-01 01:17:45,786 [ERROR] LogOutputStream:75 - [STDERR_REDIRECT] [Fatal Error] :1:1: Premature end of file.
2026-03-01 01:17:45,786 [ERROR] LogOutputStream:75 - [STDERR_REDIRECT] 
2026-03-01 01:17:46,785 [ERROR] LogOutputStream:75 - [STDERR_REDIRECT] [Fatal Error] :1:1: Premature end of file.
2026-03-01 01:17:46,785 [ERROR] LogOutputStream:75 - [STDERR_REDIRECT] 
2026-03-01 01:17:47,784 [ERROR] LogOutputStream:75 - [STDERR_REDIRECT] [Fatal Error] :1:1: Premature end of file.
2026-03-01 01:17:47,784 [ERROR] LogOutputStream:75 - [STDERR_REDIRECT] 
2026-03-01 01:17:48,783 [ERROR] LogOutputStream:75 - [STDERR_REDIRECT] [Fatal Error] :1:1: Premature end of file.
2026-03-01 01:17:48,783 [ERROR] LogOutputStream:75 - [STDERR_REDIRECT] 
2026-03-01 01:17:49,783 [ERROR] LogOutputStream:75 - [STDERR_REDIRECT] [Fatal Error] :1:1: Premature end of file.
2026-03-01 01:17:49,783 [ERROR] LogOutputStream:75 - [STDERR_REDIRECT] 
2026-03-01 01:17:50,784 [ERROR] LogOutputStream:75 - [STDERR_REDIRECT] [Fatal Error] :1:1: Premature end of file.
2026-03-01 01:17:50,784 [ERROR] LogOutputStream:75 - [STDERR_REDIRECT] 
2026-03-01 01:17:51,783 [ERROR] LogOutputStream:75 - [STDERR_REDIRECT] [Fatal Error] :1:1: Premature end of file.
2026-03-01 01:17:51,783 [ERROR] LogOutputStream:75 - [STDERR_REDIRECT] 
2026-03-01 01:17:52,786 [ERROR] LogOutputStream:75 - [STDERR_REDIRECT] [Fatal Error] :1:1: Premature end of file.
2026-03-01 01:17:52,786 [ERROR] LogOutputStream:75 - [STDERR_REDIRECT] 
2026-03-01 01:17:53,784 [ERROR] LogOutputStream:75 - [STDERR_REDIRECT] [Fatal Error] :1:1: Premature end of file.
2026-03-01 01:17:53,784 [ERROR] LogOutputStream:75 - [STDERR_REDIRECT] 
2026-03-01 01:17:54,783 [ERROR] LogOutputStream:75 - [STDERR_REDIRECT] [Fatal Error] :1:1: Premature end of file.
2026-03-01 01:17:54,784 [ERROR] LogOutputStream:75 - [STDERR_REDIRECT] 
2026-03-01 01:17:55,784 [ERROR] LogOutputStream:75 - [STDERR_REDIRECT] [Fatal Error] :1:1: Premature end of file.
2026-03-01 01:17:55,784 [ERROR] LogOutputStream:75 - [STDERR_REDIRECT] 
2026-03-01 01:17:56,792 [ERROR] LogOutputStream:75 - [STDERR_REDIRECT] [Fatal Error] :1:1: Premature end of file.
2026-03-01 01:17:56,792 [ERROR] LogOutputStream:75 - [STDERR_REDIRECT] 
2026-03-01 01:17:57,785 [ERROR] LogOutputStream:75 - [STDERR_REDIRECT] [Fatal Error] :1:1: Premature end of file.
2026-03-01 01:17:57,785 [ERROR] LogOutputStream:75 - [STDERR_REDIRECT] 
2026-03-01 01:17:58,784 [ERROR] LogOutputStream:75 - [STDERR_REDIRECT] [Fatal Error] :1:1: Premature end of file.
2026-03-01 01:17:58,784 [ERROR] LogOutputStream:75 - [STDERR_REDIRECT] 
2026-03-01 01:17:59,786 [ERROR] LogOutputStream:75 - [STDERR_REDIRECT] [Fatal Error] :1:1: Premature end of file.
2026-03-01 01:17:59,786 [ERROR] LogOutputStream:75 - [STDERR_REDIRECT] 
2026-03-01 01:18:00,785 [ERROR] LogOutputStream:75 - [STDERR_REDIRECT] [Fatal Error] :1:1: Premature end of file.
2026-03-01 01:18:00,785 [ERROR] LogOutputStream:75 - [STDERR_REDIRECT] 
2026-03-01 01:18:01,784 [ERROR] LogOutputStream:75 - [STDERR_REDIRECT] [Fatal Error] :1:1: Premature end of file.
2026-03-01 01:18:01,784 [ERROR] LogOutputStream:75 - [STDERR_REDIRECT] 
2026-03-01 01:18:02,783 [ERROR] LogOutputStream:75 - [STDERR_REDIRECT] [Fatal Error] :1:1: Premature end of file.
2026-03-01 01:18:02,783 [ERROR] LogOutputStream:75 - [STDERR_REDIRECT] 
2026-03-01 01:18:03,786 [ERROR] LogOutputStream:75 - [STDERR_REDIRECT] [Fatal Error] :1:1: Premature end of file.
2026-03-01 01:18:03,786 [ERROR] LogOutputStream:75 - [STDERR_REDIRECT] 
2026-03-01 01:18:04,785 [ERROR] LogOutputStream:75 - [STDERR_REDIRECT] [Fatal Error] :1:1: Premature end of file.
2026-03-01 01:18:04,785 [ERROR] LogOutputStream:75 - [STDERR_REDIRECT] 
2026-03-01 01:18:05,785 [ERROR] LogOutputStream:75 - [STDERR_REDIRECT] [Fatal Error] :1:1: Premature end of file.
2026-03-01 01:18:05,785 [ERROR] LogOutputStream:75 - [STDERR_REDIRECT] 
2026-03-01 01:18:06,783 [ERROR] LogOutputStream:75 - [STDERR_REDIRECT] [Fatal Error] :1:1: Premature end of file.
2026-03-01 01:18:06,783 [ERROR] LogOutputStream:75 - [STDERR_REDIRECT] 
2026-03-01 01:18:07,784 [ERROR] LogOutputStream:75 - [STDERR_REDIRECT] [Fatal Error] :1:1: Premature end of file.
2026-03-01 01:18:07,784 [ERROR] LogOutputStream:75 - [STDERR_REDIRECT] 
2026-03-01 01:18:08,785 [ERROR] LogOutputStream:75 - [STDERR_REDIRECT] [Fatal Error] :1:1: Premature end of file.
2026-03-01 01:18:08,785 [ERROR] LogOutputStream:75 - [STDERR_REDIRECT] 
2026-03-01 01:18:09,786 [ERROR] LogOutputStream:75 - [STDERR_REDIRECT] [Fatal Error] :1:1: Premature end of file.
2026-03-01 01:18:09,786 [ERROR] LogOutputStream:75 - [STDERR_REDIRECT] 
2026-03-01 01:18:10,784 [ERROR] LogOutputStream:75 - [STDERR_REDIRECT] [Fatal Error] :1:1: Premature end of file.
2026-03-01 01:18:10,784 [ERROR] LogOutputStream:75 - [STDERR_REDIRECT] 
2026-03-01 01:18:11,784 [ERROR] LogOutputStream:75 - [STDERR_REDIRECT] [Fatal Error] :1:1: Premature end of file.
2026-03-01 01:18:11,784 [ERROR] LogOutputStream:75 - [STDERR_REDIRECT] 
2026-03-01 01:18:12,786 [ERROR] LogOutputStream:75 - [STDERR_REDIRECT] [Fatal Error] :1:1: Premature end of file.
2026-03-01 01:18:12,786 [ERROR] LogOutputStream:75 - [STDERR_REDIRECT] 
2026-03-01 01:18:13,786 [ERROR] LogOutputStream:75 - [STDERR_REDIRECT] [Fatal Error] :1:1: Premature end of file.
2026-03-01 01:18:13,786 [ERROR] LogOutputStream:75 - [STDERR_REDIRECT] 
2026-03-01 01:18:14,787 [ERROR] LogOutputStream:75 - [STDERR_REDIRECT] [Fatal Error] :1:1: Premature end of file.
2026-03-01 01:18:14,787 [ERROR] LogOutputStream:75 - [STDERR_REDIRECT] 
2026-03-01 01:18:15,783 [ERROR] LogOutputStream:75 - [STDERR_REDIRECT] [Fatal Error] :1:1: Premature end of file.
2026-03-01 01:18:15,783 [ERROR] LogOutputStream:75 - [STDERR_REDIRECT] 
2026-03-01 01:18:16,784 [ERROR] LogOutputStream:75 - [STDERR_REDIRECT] [Fatal Error] :1:1: Premature end of file.
2026-03-01 01:18:16,784 [ERROR] LogOutputStream:75 - [STDERR_REDIRECT] 
2026-03-01 01:18:17,784 [ERROR] LogOutputStream:75 - [STDERR_REDIRECT] [Fatal Error] :1:1: Premature end of file.
2026-03-01 01:18:17,784 [ERROR] LogOutputStream:75 - [STDERR_REDIRECT] 
2026-03-01 01:18:18,784 [ERROR] LogOutputStream:75 - [STDERR_REDIRECT] [Fatal Error] :1:1: Premature end of file.
2026-03-01 01:18:18,784 [ERROR] LogOutputStream:75 - [STDERR_REDIRECT] 
2026-03-01 01:18:19,784 [ERROR] LogOutputStream:75 - [STDERR_REDIRECT] [Fatal Error] :1:1: Premature end of file.
2026-03-01 01:18:19,784 [ERROR] LogOutputStream:75 - [STDERR_REDIRECT] 
2026-03-01 01:18:20,785 [ERROR] LogOutputStream:75 - [STDERR_REDIRECT] [Fatal Error] :1:1: Premature end of file.
2026-03-01 01:18:20,785 [ERROR] LogOutputStream:75 - [STDERR_REDIRECT] 
2026-03-01 01:18:21,783 [ERROR] LogOutputStream:75 - [STDERR_REDIRECT] [Fatal Error] :1:1: Premature end of file.
2026-03-01 01:18:21,783 [ERROR] LogOutputStream:75 - [STDERR_REDIRECT] 
2026-03-01 01:18:22,784 [ERROR] LogOutputStream:75 - [STDERR_REDIRECT] [Fatal Error] :1:1: Premature end of file.
2026-03-01 01:18:22,784 [ERROR] LogOutputStream:75 - [STDERR_REDIRECT] 
2026-03-01 01:18:23,784 [ERROR] LogOutputStream:75 - [STDERR_REDIRECT] [Fatal Error] :1:1: Premature end of file.
2026-03-01 01:18:23,785 [ERROR] LogOutputStream:75 - [STDERR_REDIRECT] 
2026-03-01 01:18:24,785 [ERROR] LogOutputStream:75 - [STDERR_REDIRECT] [Fatal Error] :1:1: Premature end of file.
2026-03-01 01:18:24,785 [ERROR] LogOutputStream:75 - [STDERR_REDIRECT] 
2026-03-01 01:18:25,783 [ERROR] LogOutputStream:75 - [STDERR_REDIRECT] [Fatal Error] :1:1: Premature end of file.
2026-03-01 01:18:25,783 [ERROR] LogOutputStream:75 - [STDERR_REDIRECT] 
2026-03-01 01:18:26,782 [ERROR] LogOutputStream:75 - [STDERR_REDIRECT] [Fatal Error] :1:1: Premature end of file.
2026-03-01 01:18:26,782 [ERROR] LogOutputStream:75 - [STDERR_REDIRECT] 
2026-03-01 01:18:27,784 [ERROR] LogOutputStream:75 - [STDERR_REDIRECT] [Fatal Error] :1:1: Premature end of file.
2026-03-01 01:18:27,784 [ERROR] LogOutputStream:75 - [STDERR_REDIRECT] 
2026-03-01 01:18:28,784 [ERROR] LogOutputStream:75 - [STDERR_REDIRECT] [Fatal Error] :1:1: Premature end of file.
2026-03-01 01:18:28,784 [ERROR] LogOutputStream:75 - [STDERR_REDIRECT] 
2026-03-01 01:18:29,781 [ERROR] LogOutputStream:75 - [STDERR_REDIRECT] [Fatal Error] :1:1: Premature end of file.
2026-03-01 01:18:29,781 [ERROR] LogOutputStream:75 - [STDERR_REDIRECT] 
2026-03-01 01:18:30,783 [ERROR] LogOutputStream:75 - [STDERR_REDIRECT] [Fatal Error] :1:1: Premature end of file.
2026-03-01 01:18:30,783 [ERROR] LogOutputStream:75 - [STDERR_REDIRECT] 
2026-03-01 01:18:31,782 [ERROR] LogOutputStream:75 - [STDERR_REDIRECT] [Fatal Error] :1:1: Premature end of file.
2026-03-01 01:18:31,782 [ERROR] LogOutputStream:75 - [STDERR_REDIRECT] 
2026-03-01 01:18:32,783 [ERROR] LogOutputStream:75 - [STDERR_REDIRECT] [Fatal Error] :1:1: Premature end of file.
2026-03-01 01:18:32,783 [ERROR] LogOutputStream:75 - [STDERR_REDIRECT] 
2026-03-01 01:18:33,784 [ERROR] LogOutputStream:75 - [STDERR_REDIRECT] [Fatal Error] :1:1: Premature end of file.
2026-03-01 01:18:33,784 [ERROR] LogOutputStream:75 - [STDERR_REDIRECT] 
2026-03-01 01:18:34,784 [ERROR] LogOutputStream:75 - [STDERR_REDIRECT] [Fatal Error] :1:1: Premature end of file.
2026-03-01 01:18:34,784 [ERROR] LogOutputStream:75 - [STDERR_REDIRECT] 
2026-03-01 01:18:35,783 [ERROR] LogOutputStream:75 - [STDERR_REDIRECT] [Fatal Error] :1:1: Premature end of file.
2026-03-01 01:18:35,784 [ERROR] LogOutputStream:75 - [STDERR_REDIRECT] 
2026-03-01 01:18:36,784 [ERROR] LogOutputStream:75 - [STDERR_REDIRECT] [Fatal Error] :1:1: Premature end of file.
2026-03-01 01:18:36,784 [ERROR] LogOutputStream:75 - [STDERR_REDIRECT] 
2026-03-01 01:18:37,783 [ERROR] LogOutputStream:75 - [STDERR_REDIRECT] [Fatal Error] :1:1: Premature end of file.
2026-03-01 01:18:37,783 [ERROR] LogOutputStream:75 - [STDERR_REDIRECT] 
2026-03-01 01:18:38,783 [ERROR] LogOutputStream:75 - [STDERR_REDIRECT] [Fatal Error] :1:1: Premature end of file.
2026-03-01 01:18:38,783 [ERROR] LogOutputStream:75 - [STDERR_REDIRECT] 
2026-03-01 01:18:39,784 [ERROR] LogOutputStream:75 - [STDERR_REDIRECT] [Fatal Error] :1:1: Premature end of file.
2026-03-01 01:18:39,784 [ERROR] LogOutputStream:75 - [STDERR_REDIRECT] 
2026-03-01 01:18:40,784 [ERROR] LogOutputStream:75 - [STDERR_REDIRECT] [Fatal Error] :1:1: Premature end of file.
2026-03-01 01:18:40,784 [ERROR] LogOutputStream:75 - [STDERR_REDIRECT] 
2026-03-01 01:18:41,784 [ERROR] LogOutputStream:75 - [STDERR_REDIRECT] [Fatal Error] :1:1: Premature end of file.
2026-03-01 01:18:41,784 [ERROR] LogOutputStream:75 - [STDERR_REDIRECT] 
2026-03-01 01:18:42,783 [ERROR] LogOutputStream:75 - [STDERR_REDIRECT] [Fatal Error] :1:1: Premature end of file.
2026-03-01 01:18:42,783 [ERROR] LogOutputStream:75 - [STDERR_REDIRECT] 
2026-03-01 01:18:43,787 [ERROR] LogOutputStream:75 - [STDERR_REDIRECT] [Fatal Error] :1:1: Premature end of file.
2026-03-01 01:18:43,787 [ERROR] LogOutputStream:75 - [STDERR_REDIRECT] 
2026-03-01 01:18:44,786 [ERROR] LogOutputStream:75 - [STDERR_REDIRECT] [Fatal Error] :1:1: Premature end of file.
2026-03-01 01:18:44,787 [ERROR] LogOutputStream:75 - [STDERR_REDIRECT] 
2026-03-01 01:18:45,784 [ERROR] LogOutputStream:75 - [STDERR_REDIRECT] [Fatal Error] :1:1: Premature end of file.
2026-03-01 01:18:45,784 [ERROR] LogOutputStream:75 - [STDERR_REDIRECT] 
2026-03-01 01:18:46,782 [ERROR] LogOutputStream:75 - [STDERR_REDIRECT] [Fatal Error] :1:1: Premature end of file.
2026-03-01 01:18:46,782 [ERROR] LogOutputStream:75 - [STDERR_REDIRECT] 
2026-03-01 01:18:47,784 [ERROR] LogOutputStream:75 - [STDERR_REDIRECT] [Fatal Error] :1:1: Premature end of file.
2026-03-01 01:18:47,784 [ERROR] LogOutputStream:75 - [STDERR_REDIRECT] 
2026-03-01 01:18:48,783 [ERROR] LogOutputStream:75 - [STDERR_REDIRECT] [Fatal Error] :1:1: Premature end of file.
2026-03-01 01:18:48,783 [ERROR] LogOutputStream:75 - [STDERR_REDIRECT] 
2026-03-01 01:18:49,783 [ERROR] LogOutputStream:75 - [STDERR_REDIRECT] [Fatal Error] :1:1: Premature end of file.
2026-03-01 01:18:49,783 [ERROR] LogOutputStream:75 - [STDERR_REDIRECT] 
2026-03-01 01:18:50,784 [ERROR] LogOutputStream:75 - [STDERR_REDIRECT] [Fatal Error] :1:1: Premature end of file.
2026-03-01 01:18:50,784 [ERROR] LogOutputStream:75 - [STDERR_REDIRECT] 
2026-03-01 01:18:51,786 [ERROR] LogOutputStream:75 - [STDERR_REDIRECT] [Fatal Error] :1:1: Premature end of file.
2026-03-01 01:18:51,786 [ERROR] LogOutputStream:75 - [STDERR_REDIRECT] 
2026-03-01 01:18:52,782 [ERROR] LogOutputStream:75 - [STDERR_REDIRECT] [Fatal Error] :1:1: Premature end of file.
2026-03-01 01:18:52,782 [ERROR] LogOutputStream:75 - [STDERR_REDIRECT] 
2026-03-01 01:18:53,783 [ERROR] LogOutputStream:75 - [STDERR_REDIRECT] [Fatal Error] :1:1: Premature end of file.
2026-03-01 01:18:53,784 [ERROR] LogOutputStream:75 - [STDERR_REDIRECT] 
2026-03-01 01:18:54,783 [ERROR] LogOutputStream:75 - [STDERR_REDIRECT] [Fatal Error] :1:1: Premature end of file.
2026-03-01 01:18:54,783 [ERROR] LogOutputStream:75 - [STDERR_REDIRECT] 
2026-03-01 01:18:55,784 [ERROR] LogOutputStream:75 - [STDERR_REDIRECT] [Fatal Error] :1:1: Premature end of file.
2026-03-01 01:18:55,784 [ERROR] LogOutputStream:75 - [STDERR_REDIRECT] 
2026-03-01 01:18:56,784 [ERROR] LogOutputStream:75 - [STDERR_REDIRECT] [Fatal Error] :1:1: Premature end of file.
2026-03-01 01:18:56,784 [ERROR] LogOutputStream:75 - [STDERR_REDIRECT] 
2026-03-01 01:18:57,785 [ERROR] LogOutputStream:75 - [STDERR_REDIRECT] [Fatal Error] :1:1: Premature end of file.
2026-03-01 01:18:57,785 [ERROR] LogOutputStream:75 - [STDERR_REDIRECT] 
2026-03-01 01:18:58,785 [ERROR] LogOutputStream:75 - [STDERR_REDIRECT] [Fatal Error] :1:1: Premature end of file.
2026-03-01 01:18:58,785 [ERROR] LogOutputStream:75 - [STDERR_REDIRECT] 
2026-03-01 01:18:59,784 [ERROR] LogOutputStream:75 - [STDERR_REDIRECT] [Fatal Error] :1:1: Premature end of file.
2026-03-01 01:18:59,784 [ERROR] LogOutputStream:75 - [STDERR_REDIRECT] 
2026-03-01 01:19:00,786 [ERROR] LogOutputStream:75 - [STDERR_REDIRECT] [Fatal Error] :1:1: Premature end of file.
2026-03-01 01:19:00,786 [ERROR] LogOutputStream:75 - [STDERR_REDIRECT] 
2026-03-01 01:19:01,783 [ERROR] LogOutputStream:75 - [STDERR_REDIRECT] [Fatal Error] :1:1: Premature end of file.
2026-03-01 01:19:01,783 [ERROR] LogOutputStream:75 - [STDERR_REDIRECT] 
2026-03-01 01:19:02,785 [ERROR] LogOutputStream:75 - [STDERR_REDIRECT] [Fatal Error] :1:1: Premature end of file.
2026-03-01 01:19:02,786 [ERROR] LogOutputStream:75 - [STDERR_REDIRECT] 
2026-03-01 01:19:03,784 [ERROR] LogOutputStream:75 - [STDERR_REDIRECT] [Fatal Error] :1:1: Premature end of file.
2026-03-01 01:19:03,784 [ERROR] LogOutputStream:75 - [STDERR_REDIRECT] 
2026-03-01 01:19:04,784 [ERROR] LogOutputStream:75 - [STDERR_REDIRECT] [Fatal Error] :1:1: Premature end of file.
2026-03-01 01:19:04,784 [ERROR] LogOutputStream:75 - [STDERR_REDIRECT] 
2026-03-01 01:19:05,783 [ERROR] LogOutputStream:75 - [STDERR_REDIRECT] [Fatal Error] :1:1: Premature end of file.
2026-03-01 01:19:05,783 [ERROR] LogOutputStream:75 - [STDERR_REDIRECT] 
2026-03-01 01:19:06,783 [ERROR] LogOutputStream:75 - [STDERR_REDIRECT] [Fatal Error] :1:1: Premature end of file.
2026-03-01 01:19:06,783 [ERROR] LogOutputStream:75 - [STDERR_REDIRECT] 
2026-03-01 01:19:07,784 [ERROR] LogOutputStream:75 - [STDERR_REDIRECT] [Fatal Error] :1:1: Premature end of file.
2026-03-01 01:19:07,784 [ERROR] LogOutputStream:75 - [STDERR_REDIRECT] 
2026-03-01 01:19:08,783 [ERROR] LogOutputStream:75 - [STDERR_REDIRECT] [Fatal Error] :1:1: Premature end of file.
2026-03-01 01:19:08,783 [ERROR] LogOutputStream:75 - [STDERR_REDIRECT] 
2026-03-01 01:19:09,786 [ERROR] LogOutputStream:75 - [STDERR_REDIRECT] [Fatal Error] :1:1: Premature end of file.
2026-03-01 01:19:09,786 [ERROR] LogOutputStream:75 - [STDERR_REDIRECT] 
2026-03-01 01:19:10,783 [ERROR] LogOutputStream:75 - [STDERR_REDIRECT] [Fatal Error] :1:1: Premature end of file.
2026-03-01 01:19:10,783 [ERROR] LogOutputStream:75 - [STDERR_REDIRECT] 
2026-03-01 01:19:11,783 [ERROR] LogOutputStream:75 - [STDERR_REDIRECT] [Fatal Error] :1:1: Premature end of file.
2026-03-01 01:19:11,784 [ERROR] LogOutputStream:75 - [STDERR_REDIRECT] 
2026-03-01 01:19:12,783 [ERROR] LogOutputStream:75 - [STDERR_REDIRECT] [Fatal Error] :1:1: Premature end of file.
2026-03-01 01:19:12,783 [ERROR] LogOutputStream:75 - [STDERR_REDIRECT] 
2026-03-01 01:19:13,785 [ERROR] LogOutputStream:75 - [STDERR_REDIRECT] [Fatal Error] :1:1: Premature end of file.
2026-03-01 01:19:13,785 [ERROR] LogOutputStream:75 - [STDERR_REDIRECT] 
2026-03-01 01:19:14,785 [ERROR] LogOutputStream:75 - [STDERR_REDIRECT] [Fatal Error] :1:1: Premature end of file.
2026-03-01 01:19:14,785 [ERROR] LogOutputStream:75 - [STDERR_REDIRECT] 
2026-03-01 01:19:15,786 [ERROR] LogOutputStream:75 - [STDERR_REDIRECT] [Fatal Error] :1:1: Premature end of file.
2026-03-01 01:19:15,786 [ERROR] LogOutputStream:75 - [STDERR_REDIRECT] 
2026-03-01 01:19:16,785 [ERROR] LogOutputStream:75 - [STDERR_REDIRECT] [Fatal Error] :1:1: Premature end of file.
2026-03-01 01:19:16,785 [ERROR] LogOutputStream:75 - [STDERR_REDIRECT] 
2026-03-01 01:19:17,783 [ERROR] LogOutputStream:75 - [STDERR_REDIRECT] [Fatal Error] :1:1: Premature end of file.
2026-03-01 01:19:17,783 [ERROR] LogOutputStream:75 - [STDERR_REDIRECT] 
2026-03-01 01:19:18,784 [ERROR] LogOutputStream:75 - [STDERR_REDIRECT] [Fatal Error] :1:1: Premature end of file.
2026-03-01 01:19:18,784 [ERROR] LogOutputStream:75 - [STDERR_REDIRECT] 
2026-03-01 01:19:19,784 [ERROR] LogOutputStream:75 - [STDERR_REDIRECT] [Fatal Error] :1:1: Premature end of file.
2026-03-01 01:19:19,784 [ERROR] LogOutputStream:75 - [STDERR_REDIRECT] 
2026-03-01 01:19:20,783 [ERROR] LogOutputStream:75 - [STDERR_REDIRECT] [Fatal Error] :1:1: Premature end of file.
2026-03-01 01:19:20,783 [ERROR] LogOutputStream:75 - [STDERR_REDIRECT] 
2026-03-01 01:19:21,782 [ERROR] LogOutputStream:75 - [STDERR_REDIRECT] [Fatal Error] :1:1: Premature end of file.
2026-03-01 01:19:21,782 [ERROR] LogOutputStream:75 - [STDERR_REDIRECT] 
2026-03-01 01:19:22,783 [ERROR] LogOutputStream:75 - [STDERR_REDIRECT] [Fatal Error] :1:1: Premature end of file.
2026-03-01 01:19:22,783 [ERROR] LogOutputStream:75 - [STDERR_REDIRECT] 
2026-03-01 01:19:23,783 [ERROR] LogOutputStream:75 - [STDERR_REDIRECT] [Fatal Error] :1:1: Premature end of file.
2026-03-01 01:19:23,783 [ERROR] LogOutputStream:75 - [STDERR_REDIRECT] 
2026-03-01 01:19:24,784 [ERROR] LogOutputStream:75 - [STDERR_REDIRECT] [Fatal Error] :1:1: Premature end of file.
2026-03-01 01:19:24,784 [ERROR] LogOutputStream:75 - [STDERR_REDIRECT] 
2026-03-01 01:19:25,784 [ERROR] LogOutputStream:75 - [STDERR_REDIRECT] [Fatal Error] :1:1: Premature end of file.
2026-03-01 01:19:25,785 [ERROR] LogOutputStream:75 - [STDERR_REDIRECT] 
2026-03-01 01:19:26,826 [ERROR] LogOutputStream:75 - [STDERR_REDIRECT] [Fatal Error] :1:1: Premature end of file.
2026-03-01 01:19:26,826 [ERROR] LogOutputStream:75 - [STDERR_REDIRECT] 
2026-03-01 01:19:27,784 [ERROR] LogOutputStream:75 - [STDERR_REDIRECT] [Fatal Error] :1:1: Premature end of file.
2026-03-01 01:19:27,784 [ERROR] LogOutputStream:75 - [STDERR_REDIRECT] 
2026-03-01 01:19:28,781 [ERROR] LogOutputStream:75 - [STDERR_REDIRECT] [Fatal Error] :1:1: Premature end of file.
2026-03-01 01:19:28,781 [ERROR] LogOutputStream:75 - [STDERR_REDIRECT] 
2026-03-01 01:19:29,784 [ERROR] LogOutputStream:75 - [STDERR_REDIRECT] [Fatal Error] :1:1: Premature end of file.
2026-03-01 01:19:29,784 [ERROR] LogOutputStream:75 - [STDERR_REDIRECT] 
2026-03-01 01:19:30,783 [ERROR] LogOutputStream:75 - [STDERR_REDIRECT] [Fatal Error] :1:1: Premature end of file.
2026-03-01 01:19:30,784 [ERROR] LogOutputStream:75 - [STDERR_REDIRECT] 
2026-03-01 01:19:31,783 [ERROR] LogOutputStream:75 - [STDERR_REDIRECT] [Fatal Error] :1:1: Premature end of file.
2026-03-01 01:19:31,783 [ERROR] LogOutputStream:75 - [STDERR_REDIRECT] 
2026-03-01 01:19:32,790 [ERROR] LogOutputStream:75 - [STDERR_REDIRECT] [Fatal Error] :1:1: Premature end of file.
2026-03-01 01:19:32,790 [ERROR] LogOutputStream:75 - [STDERR_REDIRECT] 
2026-03-01 01:19:33,785 [ERROR] LogOutputStream:75 - [STDERR_REDIRECT] [Fatal Error] :1:1: Premature end of file.
2026-03-01 01:19:33,785 [ERROR] LogOutputStream:75 - [STDERR_REDIRECT] 
2026-03-01 01:19:34,784 [ERROR] LogOutputStream:75 - [STDERR_REDIRECT] [Fatal Error] :1:1: Premature end of file.
2026-03-01 01:19:34,784 [ERROR] LogOutputStream:75 - [STDERR_REDIRECT] 
2026-03-01 01:19:35,786 [ERROR] LogOutputStream:75 - [STDERR_REDIRECT] [Fatal Error] :1:1: Premature end of file.
2026-03-01 01:19:35,786 [ERROR] LogOutputStream:75 - [STDERR_REDIRECT] 
2026-03-01 01:19:36,784 [ERROR] LogOutputStream:75 - [STDERR_REDIRECT] [Fatal Error] :1:1: Premature end of file.
2026-03-01 01:19:36,784 [ERROR] LogOutputStream:75 - [STDERR_REDIRECT] 
2026-03-01 01:19:37,785 [ERROR] LogOutputStream:75 - [STDERR_REDIRECT] [Fatal Error] :1:1: Premature end of file.
2026-03-01 01:19:37,785 [ERROR] LogOutputStream:75 - [STDERR_REDIRECT] 
2026-03-01 01:19:38,783 [ERROR] LogOutputStream:75 - [STDERR_REDIRECT] [Fatal Error] :1:1: Premature end of file.
2026-03-01 01:19:38,783 [ERROR] LogOutputStream:75 - [STDERR_REDIRECT] 
2026-03-01 01:19:39,783 [ERROR] LogOutputStream:75 - [STDERR_REDIRECT] [Fatal Error] :1:1: Premature end of file.
2026-03-01 01:19:39,783 [ERROR] LogOutputStream:75 - [STDERR_REDIRECT] 
2026-03-01 01:19:40,785 [ERROR] LogOutputStream:75 - [STDERR_REDIRECT] [Fatal Error] :1:1: Premature end of file.
2026-03-01 01:19:40,785 [ERROR] LogOutputStream:75 - [STDERR_REDIRECT] 
2026-03-01 01:19:41,785 [ERROR] LogOutputStream:75 - [STDERR_REDIRECT] [Fatal Error] :1:1: Premature end of file.
2026-03-01 01:19:41,785 [ERROR] LogOutputStream:75 - [STDERR_REDIRECT] 
2026-03-01 01:19:42,785 [ERROR] LogOutputStream:75 - [STDERR_REDIRECT] [Fatal Error] :1:1: Premature end of file.
2026-03-01 01:19:42,785 [ERROR] LogOutputStream:75 - [STDERR_REDIRECT] 
2026-03-01 01:19:43,785 [ERROR] LogOutputStream:75 - [STDERR_REDIRECT] [Fatal Error] :1:1: Premature end of file.
2026-03-01 01:19:43,785 [ERROR] LogOutputStream:75 - [STDERR_REDIRECT] 
2026-03-01 01:19:44,784 [ERROR] LogOutputStream:75 - [STDERR_REDIRECT] [Fatal Error] :1:1: Premature end of file.
2026-03-01 01:19:44,784 [ERROR] LogOutputStream:75 - [STDERR_REDIRECT] 
2026-03-01 01:19:45,783 [ERROR] LogOutputStream:75 - [STDERR_REDIRECT] [Fatal Error] :1:1: Premature end of file.
2026-03-01 01:19:45,783 [ERROR] LogOutputStream:75 - [STDERR_REDIRECT] 
2026-03-01 01:19:46,786 [ERROR] LogOutputStream:75 - [STDERR_REDIRECT] [Fatal Error] :1:1: Premature end of file.
2026-03-01 01:19:46,786 [ERROR] LogOutputStream:75 - [STDERR_REDIRECT] 
2026-03-01 01:19:47,785 [ERROR] LogOutputStream:75 - [STDERR_REDIRECT] [Fatal Error] :1:1: Premature end of file.
2026-03-01 01:19:47,785 [ERROR] LogOutputStream:75 - [STDERR_REDIRECT] 
2026-03-01 01:19:48,785 [ERROR] LogOutputStream:75 - [STDERR_REDIRECT] [Fatal Error] :1:1: Premature end of file.
2026-03-01 01:19:48,785 [ERROR] LogOutputStream:75 - [STDERR_REDIRECT] 
2026-03-01 01:19:49,785 [ERROR] LogOutputStream:75 - [STDERR_REDIRECT] [Fatal Error] :1:1: Premature end of file.
2026-03-01 01:19:49,785 [ERROR] LogOutputStream:75 - [STDERR_REDIRECT] 
2026-03-01 01:19:50,785 [ERROR] LogOutputStream:75 - [STDERR_REDIRECT] [Fatal Error] :1:1: Premature end of file.
2026-03-01 01:19:50,785 [ERROR] LogOutputStream:75 - [STDERR_REDIRECT] 
2026-03-01 01:19:51,789 [ERROR] LogOutputStream:75 - [STDERR_REDIRECT] [Fatal Error] :1:1: Premature end of file.
2026-03-01 01:19:51,789 [ERROR] LogOutputStream:75 - [STDERR_REDIRECT] 
2026-03-01 01:19:52,785 [ERROR] LogOutputStream:75 - [STDERR_REDIRECT] [Fatal Error] :1:1: Premature end of file.
2026-03-01 01:19:52,785 [ERROR] LogOutputStream:75 - [STDERR_REDIRECT] 
2026-03-01 01:19:53,785 [ERROR] LogOutputStream:75 - [STDERR_REDIRECT] [Fatal Error] :1:1: Premature end of file.
2026-03-01 01:19:53,785 [ERROR] LogOutputStream:75 - [STDERR_REDIRECT] 
2026-03-01 01:19:54,784 [ERROR] LogOutputStream:75 - [STDERR_REDIRECT] [Fatal Error] :1:1: Premature end of file.
2026-03-01 01:19:54,784 [ERROR] LogOutputStream:75 - [STDERR_REDIRECT] 
2026-03-01 01:19:55,785 [ERROR] LogOutputStream:75 - [STDERR_REDIRECT] [Fatal Error] :1:1: Premature end of file.
2026-03-01 01:19:55,785 [ERROR] LogOutputStream:75 - [STDERR_REDIRECT] 
2026-03-01 01:19:56,783 [ERROR] LogOutputStream:75 - [STDERR_REDIRECT] [Fatal Error] :1:1: Premature end of file.
2026-03-01 01:19:56,784 [ERROR] LogOutputStream:75 - [STDERR_REDIRECT] 
2026-03-01 01:19:57,785 [ERROR] LogOutputStream:75 - [STDERR_REDIRECT] [Fatal Error] :1:1: Premature end of file.
2026-03-01 01:19:57,785 [ERROR] LogOutputStream:75 - [STDERR_REDIRECT] 
2026-03-01 01:19:58,783 [ERROR] LogOutputStream:75 - [STDERR_REDIRECT] [Fatal Error] :1:1: Premature end of file.
2026-03-01 01:19:58,783 [ERROR] LogOutputStream:75 - [STDERR_REDIRECT] 
2026-03-01 01:19:59,785 [ERROR] LogOutputStream:75 - [STDERR_REDIRECT] [Fatal Error] :1:1: Premature end of file.
2026-03-01 01:19:59,785 [ERROR] LogOutputStream:75 - [STDERR_REDIRECT] 
2026-03-01 01:20:00,786 [ERROR] LogOutputStream:75 - [STDERR_REDIRECT] [Fatal Error] :1:1: Premature end of file.
2026-03-01 01:20:00,786 [ERROR] LogOutputStream:75 - [STDERR_REDIRECT] 
2026-03-01 01:20:01,786 [ERROR] LogOutputStream:75 - [STDERR_REDIRECT] [Fatal Error] :1:1: Premature end of file.
2026-03-01 01:20:01,786 [ERROR] LogOutputStream:75 - [STDERR_REDIRECT] 
2026-03-01 01:20:02,802 [ERROR] LogOutputStream:75 - [STDERR_REDIRECT] [Fatal Error] :1:1: Premature end of file.
2026-03-01 01:20:02,803 [ERROR] LogOutputStream:75 - [STDERR_REDIRECT] 
2026-03-01 01:20:03,784 [ERROR] LogOutputStream:75 - [STDERR_REDIRECT] [Fatal Error] :1:1: Premature end of file.
2026-03-01 01:20:03,784 [ERROR] LogOutputStream:75 - [STDERR_REDIRECT] 
2026-03-01 01:20:04,785 [ERROR] LogOutputStream:75 - [STDERR_REDIRECT] [Fatal Error] :1:1: Premature end of file.
2026-03-01 01:20:04,785 [ERROR] LogOutputStream:75 - [STDERR_REDIRECT] 
2026-03-01 01:20:05,786 [ERROR] LogOutputStream:75 - [STDERR_REDIRECT] [Fatal Error] :1:1: Premature end of file.
2026-03-01 01:20:05,786 [ERROR] LogOutputStream:75 - [STDERR_REDIRECT] 
2026-03-01 01:20:06,784 [ERROR] LogOutputStream:75 - [STDERR_REDIRECT] [Fatal Error] :1:1: Premature end of file.
2026-03-01 01:20:06,784 [ERROR] LogOutputStream:75 - [STDERR_REDIRECT] 
2026-03-01 01:20:07,785 [ERROR] LogOutputStream:75 - [STDERR_REDIRECT] [Fatal Error] :1:1: Premature end of file.
2026-03-01 01:20:07,785 [ERROR] LogOutputStream:75 - [STDERR_REDIRECT] 
2026-03-01 01:20:08,784 [ERROR] LogOutputStream:75 - [STDERR_REDIRECT] [Fatal Error] :1:1: Premature end of file.
2026-03-01 01:20:08,784 [ERROR] LogOutputStream:75 - [STDERR_REDIRECT] 
2026-03-01 01:20:09,787 [ERROR] LogOutputStream:75 - [STDERR_REDIRECT] [Fatal Error] :1:1: Premature end of file.
2026-03-01 01:20:09,787 [ERROR] LogOutputStream:75 - [STDERR_REDIRECT] 
2026-03-01 01:20:10,785 [ERROR] LogOutputStream:75 - [STDERR_REDIRECT] [Fatal Error] :1:1: Premature end of file.
2026-03-01 01:20:10,786 [ERROR] LogOutputStream:75 - [STDERR_REDIRECT] 
2026-03-01 01:20:11,784 [ERROR] LogOutputStream:75 - [STDERR_REDIRECT] [Fatal Error] :1:1: Premature end of file.
2026-03-01 01:20:11,784 [ERROR] LogOutputStream:75 - [STDERR_REDIRECT] 
2026-03-01 01:20:12,786 [ERROR] LogOutputStream:75 - [STDERR_REDIRECT] [Fatal Error] :1:1: Premature end of file.
2026-03-01 01:20:12,787 [ERROR] LogOutputStream:75 - [STDERR_REDIRECT] 
2026-03-01 01:20:13,784 [ERROR] LogOutputStream:75 - [STDERR_REDIRECT] [Fatal Error] :1:1: Premature end of file.
2026-03-01 01:20:13,784 [ERROR] LogOutputStream:75 - [STDERR_REDIRECT] 
2026-03-01 01:20:14,784 [ERROR] LogOutputStream:75 - [STDERR_REDIRECT] [Fatal Error] :1:1: Premature end of file.
2026-03-01 01:20:14,784 [ERROR] LogOutputStream:75 - [STDERR_REDIRECT] 
2026-03-01 01:20:15,783 [ERROR] LogOutputStream:75 - [STDERR_REDIRECT] [Fatal Error] :1:1: Premature end of file.
2026-03-01 01:20:15,783 [ERROR] LogOutputStream:75 - [STDERR_REDIRECT] 
2026-03-01 01:20:16,786 [ERROR] LogOutputStream:75 - [STDERR_REDIRECT] [Fatal Error] :1:1: Premature end of file.
2026-03-01 01:20:16,786 [ERROR] LogOutputStream:75 - [STDERR_REDIRECT] 
2026-03-01 01:20:17,786 [ERROR] LogOutputStream:75 - [STDERR_REDIRECT] [Fatal Error] :1:1: Premature end of file.
2026-03-01 01:20:17,786 [ERROR] LogOutputStream:75 - [STDERR_REDIRECT] 
2026-03-01 01:20:18,785 [ERROR] LogOutputStream:75 - [STDERR_REDIRECT] [Fatal Error] :1:1: Premature end of file.
2026-03-01 01:20:18,785 [ERROR] LogOutputStream:75 - [STDERR_REDIRECT] 
2026-03-01 01:20:19,786 [ERROR] LogOutputStream:75 - [STDERR_REDIRECT] [Fatal Error] :1:1: Premature end of file.
2026-03-01 01:20:19,786 [ERROR] LogOutputStream:75 - [STDERR_REDIRECT] 
2026-03-01 01:20:20,783 [ERROR] LogOutputStream:75 - [STDERR_REDIRECT] [Fatal Error] :1:1: Premature end of file.
2026-03-01 01:20:20,783 [ERROR] LogOutputStream:75 - [STDERR_REDIRECT] 
2026-03-01 01:20:21,785 [ERROR] LogOutputStream:75 - [STDERR_REDIRECT] [Fatal Error] :1:1: Premature end of file.
2026-03-01 01:20:21,785 [ERROR] LogOutputStream:75 - [STDERR_REDIRECT] 
2026-03-01 01:20:22,785 [ERROR] LogOutputStream:75 - [STDERR_REDIRECT] [Fatal Error] :1:1: Premature end of file.
2026-03-01 01:20:22,785 [ERROR] LogOutputStream:75 - [STDERR_REDIRECT] 
2026-03-01 01:20:23,783 [ERROR] LogOutputStream:75 - [STDERR_REDIRECT] [Fatal Error] :1:1: Premature end of file.
2026-03-01 01:20:23,784 [ERROR] LogOutputStream:75 - [STDERR_REDIRECT] 
2026-03-01 01:20:24,784 [ERROR] LogOutputStream:75 - [STDERR_REDIRECT] [Fatal Error] :1:1: Premature end of file.
2026-03-01 01:20:24,784 [ERROR] LogOutputStream:75 - [STDERR_REDIRECT] 
2026-03-01 01:20:25,784 [ERROR] LogOutputStream:75 - [STDERR_REDIRECT] [Fatal Error] :1:1: Premature end of file.
2026-03-01 01:20:25,784 [ERROR] LogOutputStream:75 - [STDERR_REDIRECT] 
2026-03-01 01:20:26,782 [ERROR] LogOutputStream:75 - [STDERR_REDIRECT] [Fatal Error] :1:1: Premature end of file.
2026-03-01 01:20:26,782 [ERROR] LogOutputStream:75 - [STDERR_REDIRECT] 
2026-03-01 01:20:27,784 [ERROR] LogOutputStream:75 - [STDERR_REDIRECT] [Fatal Error] :1:1: Premature end of file.
2026-03-01 01:20:27,784 [ERROR] LogOutputStream:75 - [STDERR_REDIRECT] 
2026-03-01 01:20:28,786 [ERROR] LogOutputStream:75 - [STDERR_REDIRECT] [Fatal Error] :1:1: Premature end of file.
2026-03-01 01:20:28,786 [ERROR] LogOutputStream:75 - [STDERR_REDIRECT] 
2026-03-01 01:20:29,785 [ERROR] LogOutputStream:75 - [STDERR_REDIRECT] [Fatal Error] :1:1: Premature end of file.
2026-03-01 01:20:29,785 [ERROR] LogOutputStream:75 - [STDERR_REDIRECT] 
2026-03-01 01:20:30,785 [ERROR] LogOutputStream:75 - [STDERR_REDIRECT] [Fatal Error] :1:1: Premature end of file.
2026-03-01 01:20:30,785 [ERROR] LogOutputStream:75 - [STDERR_REDIRECT] 
2026-03-01 01:20:31,783 [ERROR] LogOutputStream:75 - [STDERR_REDIRECT] [Fatal Error] :1:1: Premature end of file.
2026-03-01 01:20:31,783 [ERROR] LogOutputStream:75 - [STDERR_REDIRECT] 
2026-03-01 01:20:32,784 [ERROR] LogOutputStream:75 - [STDERR_REDIRECT] [Fatal Error] :1:1: Premature end of file.
2026-03-01 01:20:32,784 [ERROR] LogOutputStream:75 - [STDERR_REDIRECT] 
2026-03-01 01:20:33,783 [ERROR] LogOutputStream:75 - [STDERR_REDIRECT] [Fatal Error] :1:1: Premature end of file.
2026-03-01 01:20:33,783 [ERROR] LogOutputStream:75 - [STDERR_REDIRECT] 
2026-03-01 01:20:34,784 [ERROR] LogOutputStream:75 - [STDERR_REDIRECT] [Fatal Error] :1:1: Premature end of file.
2026-03-01 01:20:34,784 [ERROR] LogOutputStream:75 - [STDERR_REDIRECT] 
2026-03-01 01:20:35,787 [ERROR] LogOutputStream:75 - [STDERR_REDIRECT] [Fatal Error] :1:1: Premature end of file.
2026-03-01 01:20:35,787 [ERROR] LogOutputStream:75 - [STDERR_REDIRECT] 
2026-03-01 01:20:36,785 [ERROR] LogOutputStream:75 - [STDERR_REDIRECT] [Fatal Error] :1:1: Premature end of file.
2026-03-01 01:20:36,785 [ERROR] LogOutputStream:75 - [STDERR_REDIRECT] 
2026-03-01 01:20:37,783 [ERROR] LogOutputStream:75 - [STDERR_REDIRECT] [Fatal Error] :1:1: Premature end of file.
2026-03-01 01:20:37,783 [ERROR] LogOutputStream:75 - [STDERR_REDIRECT] 
2026-03-01 01:20:38,784 [ERROR] LogOutputStream:75 - [STDERR_REDIRECT] [Fatal Error] :1:1: Premature end of file.
2026-03-01 01:20:38,784 [ERROR] LogOutputStream:75 - [STDERR_REDIRECT] 
2026-03-01 01:20:39,784 [ERROR] LogOutputStream:75 - [STDERR_REDIRECT] [Fatal Error] :1:1: Premature end of file.
2026-03-01 01:20:39,784 [ERROR] LogOutputStream:75 - [STDERR_REDIRECT] 
2026-03-01 01:20:40,784 [ERROR] LogOutputStream:75 - [STDERR_REDIRECT] [Fatal Error] :1:1: Premature end of file.
2026-03-01 01:20:40,784 [ERROR] LogOutputStream:75 - [STDERR_REDIRECT] 
2026-03-01 01:20:41,783 [ERROR] LogOutputStream:75 - [STDERR_REDIRECT] [Fatal Error] :1:1: Premature end of file.
2026-03-01 01:20:41,783 [ERROR] LogOutputStream:75 - [STDERR_REDIRECT] 
2026-03-01 01:20:42,785 [ERROR] LogOutputStream:75 - [STDERR_REDIRECT] [Fatal Error] :1:1: Premature end of file.
2026-03-01 01:20:42,785 [ERROR] LogOutputStream:75 - [STDERR_REDIRECT] 
2026-03-01 01:20:43,784 [ERROR] LogOutputStream:75 - [STDERR_REDIRECT] [Fatal Error] :1:1: Premature end of file.
2026-03-01 01:20:43,784 [ERROR] LogOutputStream:75 - [STDERR_REDIRECT] 
2026-03-01 01:20:44,783 [ERROR] LogOutputStream:75 - [STDERR_REDIRECT] [Fatal Error] :1:1: Premature end of file.
2026-03-01 01:20:44,783 [ERROR] LogOutputStream:75 - [STDERR_REDIRECT] 
2026-03-01 01:20:45,784 [ERROR] LogOutputStream:75 - [STDERR_REDIRECT] [Fatal Error] :1:1: Premature end of file.
2026-03-01 01:20:45,784 [ERROR] LogOutputStream:75 - [STDERR_REDIRECT] 
2026-03-01 01:20:46,787 [ERROR] LogOutputStream:75 - [STDERR_REDIRECT] [Fatal Error] :1:1: Premature end of file.
2026-03-01 01:20:46,787 [ERROR] LogOutputStream:75 - [STDERR_REDIRECT] 
2026-03-01 01:20:47,792 [ERROR] LogOutputStream:75 - [STDERR_REDIRECT] [Fatal Error] :1:1: Premature end of file.
2026-03-01 01:20:47,792 [ERROR] LogOutputStream:75 - [STDERR_REDIRECT] 
2026-03-01 01:20:48,783 [ERROR] LogOutputStream:75 - [STDERR_REDIRECT] [Fatal Error] :1:1: Premature end of file.
2026-03-01 01:20:48,783 [ERROR] LogOutputStream:75 - [STDERR_REDIRECT] 
2026-03-01 01:20:49,782 [ERROR] LogOutputStream:75 - [STDERR_REDIRECT] [Fatal Error] :1:1: Premature end of file.
2026-03-01 01:20:49,782 [ERROR] LogOutputStream:75 - [STDERR_REDIRECT] 
2026-03-01 01:20:50,784 [ERROR] LogOutputStream:75 - [STDERR_REDIRECT] [Fatal Error] :1:1: Premature end of file.
2026-03-01 01:20:50,784 [ERROR] LogOutputStream:75 - [STDERR_REDIRECT] 
2026-03-01 01:20:51,787 [ERROR] LogOutputStream:75 - [STDERR_REDIRECT] [Fatal Error] :1:1: Premature end of file.
2026-03-01 01:20:51,787 [ERROR] LogOutputStream:75 - [STDERR_REDIRECT] 
2026-03-01 01:20:52,783 [ERROR] LogOutputStream:75 - [STDERR_REDIRECT] [Fatal Error] :1:1: Premature end of file.
2026-03-01 01:20:52,783 [ERROR] LogOutputStream:75 - [STDERR_REDIRECT] 
2026-03-01 01:20:53,785 [ERROR] LogOutputStream:75 - [STDERR_REDIRECT] [Fatal Error] :1:1: Premature end of file.
2026-03-01 01:20:53,785 [ERROR] LogOutputStream:75 - [STDERR_REDIRECT] 
2026-03-01 01:20:54,785 [ERROR] LogOutputStream:75 - [STDERR_REDIRECT] [Fatal Error] :1:1: Premature end of file.
2026-03-01 01:20:54,785 [ERROR] LogOutputStream:75 - [STDERR_REDIRECT] 
2026-03-01 01:20:55,785 [ERROR] LogOutputStream:75 - [STDERR_REDIRECT] [Fatal Error] :1:1: Premature end of file.
2026-03-01 01:20:55,785 [ERROR] LogOutputStream:75 - [STDERR_REDIRECT] 
2026-03-01 01:20:56,785 [ERROR] LogOutputStream:75 - [STDERR_REDIRECT] [Fatal Error] :1:1: Premature end of file.
2026-03-01 01:20:56,785 [ERROR] LogOutputStream:75 - [STDERR_REDIRECT] 
2026-03-01 01:20:57,788 [ERROR] LogOutputStream:75 - [STDERR_REDIRECT] [Fatal Error] :1:1: Premature end of file.
2026-03-01 01:20:57,788 [ERROR] LogOutputStream:75 - [STDERR_REDIRECT] 
2026-03-01 01:20:58,786 [ERROR] LogOutputStream:75 - [STDERR_REDIRECT] [Fatal Error] :1:1: Premature end of file.
2026-03-01 01:20:58,786 [ERROR] LogOutputStream:75 - [STDERR_REDIRECT] 
2026-03-01 01:20:59,783 [ERROR] LogOutputStream:75 - [STDERR_REDIRECT] [Fatal Error] :1:1: Premature end of file.
2026-03-01 01:20:59,783 [ERROR] LogOutputStream:75 - [STDERR_REDIRECT] 
2026-03-01 01:21:00,784 [ERROR] LogOutputStream:75 - [STDERR_REDIRECT] [Fatal Error] :1:1: Premature end of file.
2026-03-01 01:21:00,784 [ERROR] LogOutputStream:75 - [STDERR_REDIRECT] 
2026-03-01 01:21:01,784 [ERROR] LogOutputStream:75 - [STDERR_REDIRECT] [Fatal Error] :1:1: Premature end of file.
2026-03-01 01:21:01,784 [ERROR] LogOutputStream:75 - [STDERR_REDIRECT] 
2026-03-01 01:21:02,789 [ERROR] LogOutputStream:75 - [STDERR_REDIRECT] [Fatal Error] :1:1: Premature end of file.
2026-03-01 01:21:02,789 [ERROR] LogOutputStream:75 - [STDERR_REDIRECT] 
2026-03-01 01:21:03,781 [ERROR] LogOutputStream:75 - [STDERR_REDIRECT] [Fatal Error] :1:1: Premature end of file.
2026-03-01 01:21:03,781 [ERROR] LogOutputStream:75 - [STDERR_REDIRECT] 
2026-03-01 01:21:04,782 [ERROR] LogOutputStream:75 - [STDERR_REDIRECT] [Fatal Error] :1:1: Premature end of file.
2026-03-01 01:21:04,782 [ERROR] LogOutputStream:75 - [STDERR_REDIRECT] 
2026-03-01 01:21:05,783 [ERROR] LogOutputStream:75 - [STDERR_REDIRECT] [Fatal Error] :1:1: Premature end of file.
2026-03-01 01:21:05,783 [ERROR] LogOutputStream:75 - [STDERR_REDIRECT] 
2026-03-01 01:21:06,783 [ERROR] LogOutputStream:75 - [STDERR_REDIRECT] [Fatal Error] :1:1: Premature end of file.
2026-03-01 01:21:06,783 [ERROR] LogOutputStream:75 - [STDERR_REDIRECT] 
2026-03-01 01:21:07,790 [ERROR] LogOutputStream:75 - [STDERR_REDIRECT] [Fatal Error] :1:1: Premature end of file.
2026-03-01 01:21:07,790 [ERROR] LogOutputStream:75 - [STDERR_REDIRECT] 
2026-03-01 01:21:08,784 [ERROR] LogOutputStream:75 - [STDERR_REDIRECT] [Fatal Error] :1:1: Premature end of file.
2026-03-01 01:21:08,784 [ERROR] LogOutputStream:75 - [STDERR_REDIRECT] 
2026-03-01 01:21:09,785 [ERROR] LogOutputStream:75 - [STDERR_REDIRECT] [Fatal Error] :1:1: Premature end of file.
2026-03-01 01:21:09,785 [ERROR] LogOutputStream:75 - [STDERR_REDIRECT] 
2026-03-01 01:21:10,784 [ERROR] LogOutputStream:75 - [STDERR_REDIRECT] [Fatal Error] :1:1: Premature end of file.
2026-03-01 01:21:10,784 [ERROR] LogOutputStream:75 - [STDERR_REDIRECT] 
2026-03-01 01:21:11,784 [ERROR] LogOutputStream:75 - [STDERR_REDIRECT] [Fatal Error] :1:1: Premature end of file.
2026-03-01 01:21:11,784 [ERROR] LogOutputStream:75 - [STDERR_REDIRECT] 
2026-03-01 01:21:12,785 [ERROR] LogOutputStream:75 - [STDERR_REDIRECT] [Fatal Error] :1:1: Premature end of file.
2026-03-01 01:21:12,785 [ERROR] LogOutputStream:75 - [STDERR_REDIRECT] 
2026-03-01 01:21:13,784 [ERROR] LogOutputStream:75 - [STDERR_REDIRECT] [Fatal Error] :1:1: Premature end of file.
2026-03-01 01:21:13,785 [ERROR] LogOutputStream:75 - [STDERR_REDIRECT] 
2026-03-01 01:21:14,783 [ERROR] LogOutputStream:75 - [STDERR_REDIRECT] [Fatal Error] :1:1: Premature end of file.
2026-03-01 01:21:14,783 [ERROR] LogOutputStream:75 - [STDERR_REDIRECT] 
2026-03-01 01:21:15,783 [ERROR] LogOutputStream:75 - [STDERR_REDIRECT] [Fatal Error] :1:1: Premature end of file.
2026-03-01 01:21:15,783 [ERROR] LogOutputStream:75 - [STDERR_REDIRECT] 
2026-03-01 01:21:16,784 [ERROR] LogOutputStream:75 - [STDERR_REDIRECT] [Fatal Error] :1:1: Premature end of file.
2026-03-01 01:21:16,784 [ERROR] LogOutputStream:75 - [STDERR_REDIRECT] 
2026-03-01 01:21:17,783 [ERROR] LogOutputStream:75 - [STDERR_REDIRECT] [Fatal Error] :1:1: Premature end of file.
2026-03-01 01:21:17,783 [ERROR] LogOutputStream:75 - [STDERR_REDIRECT] 
2026-03-01 01:21:18,834 [ERROR] LogOutputStream:75 - [STDERR_REDIRECT] [Fatal Error] :1:1: Premature end of file.
2026-03-01 01:21:18,834 [ERROR] LogOutputStream:75 - [STDERR_REDIRECT] 
2026-03-01 01:21:19,786 [ERROR] LogOutputStream:75 - [STDERR_REDIRECT] [Fatal Error] :1:1: Premature end of file.
2026-03-01 01:21:19,786 [ERROR] LogOutputStream:75 - [STDERR_REDIRECT] 
2026-03-01 01:21:20,783 [ERROR] LogOutputStream:75 - [STDERR_REDIRECT] [Fatal Error] :1:1: Premature end of file.
2026-03-01 01:21:20,783 [ERROR] LogOutputStream:75 - [STDERR_REDIRECT] 
2026-03-01 01:21:21,784 [ERROR] LogOutputStream:75 - [STDERR_REDIRECT] [Fatal Error] :1:1: Premature end of file.
2026-03-01 01:21:21,784 [ERROR] LogOutputStream:75 - [STDERR_REDIRECT] 
2026-03-01 01:21:22,784 [ERROR] LogOutputStream:75 - [STDERR_REDIRECT] [Fatal Error] :1:1: Premature end of file.
2026-03-01 01:21:22,784 [ERROR] LogOutputStream:75 - [STDERR_REDIRECT] 
2026-03-01 01:21:23,783 [ERROR] LogOutputStream:75 - [STDERR_REDIRECT] [Fatal Error] :1:1: Premature end of file.
2026-03-01 01:21:23,783 [ERROR] LogOutputStream:75 - [STDERR_REDIRECT] 
2026-03-01 01:21:24,784 [ERROR] LogOutputStream:75 - [STDERR_REDIRECT] [Fatal Error] :1:1: Premature end of file.
2026-03-01 01:21:24,784 [ERROR] LogOutputStream:75 - [STDERR_REDIRECT] 
2026-03-01 01:21:25,784 [ERROR] LogOutputStream:75 - [STDERR_REDIRECT] [Fatal Error] :1:1: Premature end of file.
2026-03-01 01:21:25,784 [ERROR] LogOutputStream:75 - [STDERR_REDIRECT] 
2026-03-01 01:21:26,786 [ERROR] LogOutputStream:75 - [STDERR_REDIRECT] [Fatal Error] :1:1: Premature end of file.
2026-03-01 01:21:26,786 [ERROR] LogOutputStream:75 - [STDERR_REDIRECT] 
2026-03-01 01:21:27,787 [ERROR] LogOutputStream:75 - [STDERR_REDIRECT] [Fatal Error] :1:1: Premature end of file.
2026-03-01 01:21:27,787 [ERROR] LogOutputStream:75 - [STDERR_REDIRECT] 
2026-03-01 01:21:28,784 [ERROR] LogOutputStream:75 - [STDERR_REDIRECT] [Fatal Error] :1:1: Premature end of file.
2026-03-01 01:21:28,784 [ERROR] LogOutputStream:75 - [STDERR_REDIRECT] 
2026-03-01 01:21:29,785 [ERROR] LogOutputStream:75 - [STDERR_REDIRECT] [Fatal Error] :1:1: Premature end of file.
2026-03-01 01:21:29,785 [ERROR] LogOutputStream:75 - [STDERR_REDIRECT] 
2026-03-01 01:21:30,784 [ERROR] LogOutputStream:75 - [STDERR_REDIRECT] [Fatal Error] :1:1: Premature end of file.
2026-03-01 01:21:30,784 [ERROR] LogOutputStream:75 - [STDERR_REDIRECT] 
2026-03-01 01:21:31,784 [ERROR] LogOutputStream:75 - [STDERR_REDIRECT] [Fatal Error] :1:1: Premature end of file.
2026-03-01 01:21:31,784 [ERROR] LogOutputStream:75 - [STDERR_REDIRECT] 
2026-03-01 01:21:32,783 [ERROR] LogOutputStream:75 - [STDERR_REDIRECT] [Fatal Error] :1:1: Premature end of file.
2026-03-01 01:21:32,783 [ERROR] LogOutputStream:75 - [STDERR_REDIRECT] 
2026-03-01 01:21:33,784 [ERROR] LogOutputStream:75 - [STDERR_REDIRECT] [Fatal Error] :1:1: Premature end of file.
2026-03-01 01:21:33,784 [ERROR] LogOutputStream:75 - [STDERR_REDIRECT] 
2026-03-01 01:21:34,784 [ERROR] LogOutputStream:75 - [STDERR_REDIRECT] [Fatal Error] :1:1: Premature end of file.
2026-03-01 01:21:34,784 [ERROR] LogOutputStream:75 - [STDERR_REDIRECT] 
2026-03-01 01:21:35,784 [ERROR] LogOutputStream:75 - [STDERR_REDIRECT] [Fatal Error] :1:1: Premature end of file.
2026-03-01 01:21:35,784 [ERROR] LogOutputStream:75 - [STDERR_REDIRECT] 
2026-03-01 01:21:36,783 [ERROR] LogOutputStream:75 - [STDERR_REDIRECT] [Fatal Error] :1:1: Premature end of file.
2026-03-01 01:21:36,783 [ERROR] LogOutputStream:75 - [STDERR_REDIRECT] 
2026-03-01 01:21:37,784 [ERROR] LogOutputStream:75 - [STDERR_REDIRECT] [Fatal Error] :1:1: Premature end of file.
2026-03-01 01:21:37,784 [ERROR] LogOutputStream:75 - [STDERR_REDIRECT] 
2026-03-01 01:21:38,784 [ERROR] LogOutputStream:75 - [STDERR_REDIRECT] [Fatal Error] :1:1: Premature end of file.
2026-03-01 01:21:38,784 [ERROR] LogOutputStream:75 - [STDERR_REDIRECT] 
2026-03-01 01:21:39,787 [ERROR] LogOutputStream:75 - [STDERR_REDIRECT] [Fatal Error] :1:1: Premature end of file.
2026-03-01 01:21:39,787 [ERROR] LogOutputStream:75 - [STDERR_REDIRECT] 
2026-03-01 01:21:40,784 [ERROR] LogOutputStream:75 - [STDERR_REDIRECT] [Fatal Error] :1:1: Premature end of file.
2026-03-01 01:21:40,784 [ERROR] LogOutputStream:75 - [STDERR_REDIRECT] 
2026-03-01 01:21:41,783 [ERROR] LogOutputStream:75 - [STDERR_REDIRECT] [Fatal Error] :1:1: Premature end of file.
2026-03-01 01:21:41,783 [ERROR] LogOutputStream:75 - [STDERR_REDIRECT] 
2026-03-01 01:21:42,786 [ERROR] LogOutputStream:75 - [STDERR_REDIRECT] [Fatal Error] :1:1: Premature end of file.
2026-03-01 01:21:42,786 [ERROR] LogOutputStream:75 - [STDERR_REDIRECT] 
2026-03-01 01:21:43,786 [ERROR] LogOutputStream:75 - [STDERR_REDIRECT] [Fatal Error] :1:1: Premature end of file.
2026-03-01 01:21:43,786 [ERROR] LogOutputStream:75 - [STDERR_REDIRECT] 
2026-03-01 01:21:44,784 [ERROR] LogOutputStream:75 - [STDERR_REDIRECT] [Fatal Error] :1:1: Premature end of file.
2026-03-01 01:21:44,784 [ERROR] LogOutputStream:75 - [STDERR_REDIRECT] 
2026-03-01 01:21:45,782 [ERROR] LogOutputStream:75 - [STDERR_REDIRECT] [Fatal Error] :1:1: Premature end of file.
2026-03-01 01:21:45,782 [ERROR] LogOutputStream:75 - [STDERR_REDIRECT] 
2026-03-01 01:21:46,784 [ERROR] LogOutputStream:75 - [STDERR_REDIRECT] [Fatal Error] :1:1: Premature end of file.
2026-03-01 01:21:46,784 [ERROR] LogOutputStream:75 - [STDERR_REDIRECT] 
2026-03-01 01:21:47,784 [ERROR] LogOutputStream:75 - [STDERR_REDIRECT] [Fatal Error] :1:1: Premature end of file.
2026-03-01 01:21:47,784 [ERROR] LogOutputStream:75 - [STDERR_REDIRECT] 
2026-03-01 01:21:48,784 [ERROR] LogOutputStream:75 - [STDERR_REDIRECT] [Fatal Error] :1:1: Premature end of file.
2026-03-01 01:21:48,784 [ERROR] LogOutputStream:75 - [STDERR_REDIRECT] 
2026-03-01 01:21:49,785 [ERROR] LogOutputStream:75 - [STDERR_REDIRECT] [Fatal Error] :1:1: Premature end of file.
2026-03-01 01:21:49,786 [ERROR] LogOutputStream:75 - [STDERR_REDIRECT] 
2026-03-01 01:21:50,786 [ERROR] LogOutputStream:75 - [STDERR_REDIRECT] [Fatal Error] :1:1: Premature end of file.
2026-03-01 01:21:50,786 [ERROR] LogOutputStream:75 - [STDERR_REDIRECT] 
2026-03-01 01:21:51,783 [ERROR] LogOutputStream:75 - [STDERR_REDIRECT] [Fatal Error] :1:1: Premature end of file.
2026-03-01 01:21:51,783 [ERROR] LogOutputStream:75 - [STDERR_REDIRECT] 
2026-03-01 01:21:52,782 [ERROR] LogOutputStream:75 - [STDERR_REDIRECT] [Fatal Error] :1:1: Premature end of file.
2026-03-01 01:21:52,782 [ERROR] LogOutputStream:75 - [STDERR_REDIRECT] 
2026-03-01 01:21:53,786 [ERROR] LogOutputStream:75 - [STDERR_REDIRECT] [Fatal Error] :1:1: Premature end of file.
2026-03-01 01:21:53,786 [ERROR] LogOutputStream:75 - [STDERR_REDIRECT] 
2026-03-01 01:21:54,786 [ERROR] LogOutputStream:75 - [STDERR_REDIRECT] [Fatal Error] :1:1: Premature end of file.
2026-03-01 01:21:54,786 [ERROR] LogOutputStream:75 - [STDERR_REDIRECT] 
2026-03-01 01:21:55,784 [ERROR] LogOutputStream:75 - [STDERR_REDIRECT] [Fatal Error] :1:1: Premature end of file.
2026-03-01 01:21:55,784 [ERROR] LogOutputStream:75 - [STDERR_REDIRECT] 
2026-03-01 01:21:56,785 [ERROR] LogOutputStream:75 - [STDERR_REDIRECT] [Fatal Error] :1:1: Premature end of file.
2026-03-01 01:21:56,785 [ERROR] LogOutputStream:75 - [STDERR_REDIRECT] 
2026-03-01 01:21:57,785 [ERROR] LogOutputStream:75 - [STDERR_REDIRECT] [Fatal Error] :1:1: Premature end of file.
2026-03-01 01:21:57,785 [ERROR] LogOutputStream:75 - [STDERR_REDIRECT] 
2026-03-01 01:21:58,783 [ERROR] LogOutputStream:75 - [STDERR_REDIRECT] [Fatal Error] :1:1: Premature end of file.
2026-03-01 01:21:58,783 [ERROR] LogOutputStream:75 - [STDERR_REDIRECT] 
2026-03-01 01:21:59,785 [ERROR] LogOutputStream:75 - [STDERR_REDIRECT] [Fatal Error] :1:1: Premature end of file.
2026-03-01 01:21:59,785 [ERROR] LogOutputStream:75 - [STDERR_REDIRECT] 
2026-03-01 01:22:00,784 [ERROR] LogOutputStream:75 - [STDERR_REDIRECT] [Fatal Error] :1:1: Premature end of file.
2026-03-01 01:22:00,784 [ERROR] LogOutputStream:75 - [STDERR_REDIRECT] 
2026-03-01 01:22:01,784 [ERROR] LogOutputStream:75 - [STDERR_REDIRECT] [Fatal Error] :1:1: Premature end of file.
2026-03-01 01:22:01,784 [ERROR] LogOutputStream:75 - [STDERR_REDIRECT] 
2026-03-01 01:22:02,785 [ERROR] LogOutputStream:75 - [STDERR_REDIRECT] [Fatal Error] :1:1: Premature end of file.
2026-03-01 01:22:02,785 [ERROR] LogOutputStream:75 - [STDERR_REDIRECT] 
2026-03-01 01:22:03,788 [ERROR] LogOutputStream:75 - [STDERR_REDIRECT] [Fatal Error] :1:1: Premature end of file.
2026-03-01 01:22:03,788 [ERROR] LogOutputStream:75 - [STDERR_REDIRECT] 
2026-03-01 01:22:04,785 [ERROR] LogOutputStream:75 - [STDERR_REDIRECT] [Fatal Error] :1:1: Premature end of file.
2026-03-01 01:22:04,785 [ERROR] LogOutputStream:75 - [STDERR_REDIRECT] 
2026-03-01 01:22:05,785 [ERROR] LogOutputStream:75 - [STDERR_REDIRECT] [Fatal Error] :1:1: Premature end of file.
2026-03-01 01:22:05,785 [ERROR] LogOutputStream:75 - [STDERR_REDIRECT] 
2026-03-01 01:22:06,785 [ERROR] LogOutputStream:75 - [STDERR_REDIRECT] [Fatal Error] :1:1: Premature end of file.
2026-03-01 01:22:06,785 [ERROR] LogOutputStream:75 - [STDERR_REDIRECT] 
2026-03-01 01:22:07,791 [ERROR] LogOutputStream:75 - [STDERR_REDIRECT] [Fatal Error] :1:1: Premature end of file.
2026-03-01 01:22:07,792 [ERROR] LogOutputStream:75 - [STDERR_REDIRECT] 
2026-03-01 01:22:08,792 [ERROR] LogOutputStream:75 - [STDERR_REDIRECT] [Fatal Error] :1:1: Premature end of file.
2026-03-01 01:22:08,792 [ERROR] LogOutputStream:75 - [STDERR_REDIRECT] 
2026-03-01 01:22:09,785 [ERROR] LogOutputStream:75 - [STDERR_REDIRECT] [Fatal Error] :1:1: Premature end of file.
2026-03-01 01:22:09,785 [ERROR] LogOutputStream:75 - [STDERR_REDIRECT] 
2026-03-01 01:22:10,784 [ERROR] LogOutputStream:75 - [STDERR_REDIRECT] [Fatal Error] :1:1: Premature end of file.
2026-03-01 01:22:10,784 [ERROR] LogOutputStream:75 - [STDERR_REDIRECT] 
2026-03-01 01:22:11,783 [ERROR] LogOutputStream:75 - [STDERR_REDIRECT] [Fatal Error] :1:1: Premature end of file.
2026-03-01 01:22:11,783 [ERROR] LogOutputStream:75 - [STDERR_REDIRECT] 
2026-03-01 01:22:12,785 [ERROR] LogOutputStream:75 - [STDERR_REDIRECT] [Fatal Error] :1:1: Premature end of file.
2026-03-01 01:22:12,785 [ERROR] LogOutputStream:75 - [STDERR_REDIRECT] 
2026-03-01 01:22:13,784 [ERROR] LogOutputStream:75 - [STDERR_REDIRECT] [Fatal Error] :1:1: Premature end of file.
2026-03-01 01:22:13,785 [ERROR] LogOutputStream:75 - [STDERR_REDIRECT] 
2026-03-01 01:22:14,784 [ERROR] LogOutputStream:75 - [STDERR_REDIRECT] [Fatal Error] :1:1: Premature end of file.
2026-03-01 01:22:14,784 [ERROR] LogOutputStream:75 - [STDERR_REDIRECT] 
2026-03-01 01:22:15,783 [ERROR] LogOutputStream:75 - [STDERR_REDIRECT] [Fatal Error] :1:1: Premature end of file.
2026-03-01 01:22:15,784 [ERROR] LogOutputStream:75 - [STDERR_REDIRECT] 
2026-03-01 01:22:16,784 [ERROR] LogOutputStream:75 - [STDERR_REDIRECT] [Fatal Error] :1:1: Premature end of file.
2026-03-01 01:22:16,785 [ERROR] LogOutputStream:75 - [STDERR_REDIRECT] 
2026-03-01 01:22:17,785 [ERROR] LogOutputStream:75 - [STDERR_REDIRECT] [Fatal Error] :1:1: Premature end of file.
2026-03-01 01:22:17,785 [ERROR] LogOutputStream:75 - [STDERR_REDIRECT] 
2026-03-01 01:22:18,788 [ERROR] LogOutputStream:75 - [STDERR_REDIRECT] [Fatal Error] :1:1: Premature end of file.
2026-03-01 01:22:18,789 [ERROR] LogOutputStream:75 - [STDERR_REDIRECT] 
2026-03-01 01:22:19,786 [ERROR] LogOutputStream:75 - [STDERR_REDIRECT] [Fatal Error] :1:1: Premature end of file.
2026-03-01 01:22:19,786 [ERROR] LogOutputStream:75 - [STDERR_REDIRECT] 
2026-03-01 01:22:20,781 [ERROR] LogOutputStream:75 - [STDERR_REDIRECT] [Fatal Error] :1:1: Premature end of file.
2026-03-01 01:22:20,781 [ERROR] LogOutputStream:75 - [STDERR_REDIRECT] 
2026-03-01 01:22:21,785 [ERROR] LogOutputStream:75 - [STDERR_REDIRECT] [Fatal Error] :1:1: Premature end of file.
2026-03-01 01:22:21,785 [ERROR] LogOutputStream:75 - [STDERR_REDIRECT] 
2026-03-01 01:22:22,784 [ERROR] LogOutputStream:75 - [STDERR_REDIRECT] [Fatal Error] :1:1: Premature end of file.
2026-03-01 01:22:22,784 [ERROR] LogOutputStream:75 - [STDERR_REDIRECT] 
2026-03-01 01:22:23,787 [ERROR] LogOutputStream:75 - [STDERR_REDIRECT] [Fatal Error] :1:1: Premature end of file.
2026-03-01 01:22:23,787 [ERROR] LogOutputStream:75 - [STDERR_REDIRECT] 
2026-03-01 01:22:24,803 [ERROR] LogOutputStream:75 - [STDERR_REDIRECT] [Fatal Error] :1:1: Premature end of file.
2026-03-01 01:22:24,803 [ERROR] LogOutputStream:75 - [STDERR_REDIRECT] 
2026-03-01 01:22:25,783 [ERROR] LogOutputStream:75 - [STDERR_REDIRECT] [Fatal Error] :1:1: Premature end of file.
2026-03-01 01:22:25,784 [ERROR] LogOutputStream:75 - [STDERR_REDIRECT] 
2026-03-01 01:22:26,783 [ERROR] LogOutputStream:75 - [STDERR_REDIRECT] [Fatal Error] :1:1: Premature end of file.
2026-03-01 01:22:26,783 [ERROR] LogOutputStream:75 - [STDERR_REDIRECT] 
2026-03-01 01:22:27,784 [ERROR] LogOutputStream:75 - [STDERR_REDIRECT] [Fatal Error] :1:1: Premature end of file.
2026-03-01 01:22:27,784 [ERROR] LogOutputStream:75 - [STDERR_REDIRECT] 
2026-03-01 01:22:28,785 [ERROR] LogOutputStream:75 - [STDERR_REDIRECT] [Fatal Error] :1:1: Premature end of file.
2026-03-01 01:22:28,786 [ERROR] LogOutputStream:75 - [STDERR_REDIRECT] 
2026-03-01 01:22:29,783 [ERROR] LogOutputStream:75 - [STDERR_REDIRECT] [Fatal Error] :1:1: Premature end of file.
2026-03-01 01:22:29,783 [ERROR] LogOutputStream:75 - [STDERR_REDIRECT] 
2026-03-01 01:22:30,785 [ERROR] LogOutputStream:75 - [STDERR_REDIRECT] [Fatal Error] :1:1: Premature end of file.
2026-03-01 01:22:30,786 [ERROR] LogOutputStream:75 - [STDERR_REDIRECT] 
2026-03-01 01:22:31,783 [ERROR] LogOutputStream:75 - [STDERR_REDIRECT] [Fatal Error] :1:1: Premature end of file.
2026-03-01 01:22:31,783 [ERROR] LogOutputStream:75 - [STDERR_REDIRECT] 
2026-03-01 01:22:32,784 [ERROR] LogOutputStream:75 - [STDERR_REDIRECT] [Fatal Error] :1:1: Premature end of file.
2026-03-01 01:22:32,784 [ERROR] LogOutputStream:75 - [STDERR_REDIRECT] 
2026-03-01 01:22:33,787 [ERROR] LogOutputStream:75 - [STDERR_REDIRECT] [Fatal Error] :1:1: Premature end of file.
2026-03-01 01:22:33,787 [ERROR] LogOutputStream:75 - [STDERR_REDIRECT] 
2026-03-01 01:22:34,784 [ERROR] LogOutputStream:75 - [STDERR_REDIRECT] [Fatal Error] :1:1: Premature end of file.
2026-03-01 01:22:34,784 [ERROR] LogOutputStream:75 - [STDERR_REDIRECT] 
2026-03-01 01:22:35,783 [ERROR] LogOutputStream:75 - [STDERR_REDIRECT] [Fatal Error] :1:1: Premature end of file.
2026-03-01 01:22:35,784 [ERROR] LogOutputStream:75 - [STDERR_REDIRECT] 
2026-03-01 01:22:36,784 [ERROR] LogOutputStream:75 - [STDERR_REDIRECT] [Fatal Error] :1:1: Premature end of file.
2026-03-01 01:22:36,785 [ERROR] LogOutputStream:75 - [STDERR_REDIRECT] 
2026-03-01 01:22:37,784 [ERROR] LogOutputStream:75 - [STDERR_REDIRECT] [Fatal Error] :1:1: Premature end of file.
2026-03-01 01:22:37,784 [ERROR] LogOutputStream:75 - [STDERR_REDIRECT] 
2026-03-01 01:22:38,784 [ERROR] LogOutputStream:75 - [STDERR_REDIRECT] [Fatal Error] :1:1: Premature end of file.
2026-03-01 01:22:38,785 [ERROR] LogOutputStream:75 - [STDERR_REDIRECT] 
2026-03-01 01:22:39,784 [ERROR] LogOutputStream:75 - [STDERR_REDIRECT] [Fatal Error] :1:1: Premature end of file.
2026-03-01 01:22:39,784 [ERROR] LogOutputStream:75 - [STDERR_REDIRECT] 
2026-03-01 01:22:40,787 [ERROR] LogOutputStream:75 - [STDERR_REDIRECT] [Fatal Error] :1:1: Premature end of file.
2026-03-01 01:22:40,787 [ERROR] LogOutputStream:75 - [STDERR_REDIRECT] 
2026-03-01 01:22:41,816 [ERROR] LogOutputStream:75 - [STDERR_REDIRECT] [Fatal Error] :1:1: Premature end of file.
2026-03-01 01:22:41,816 [ERROR] LogOutputStream:75 - [STDERR_REDIRECT] 
2026-03-01 01:22:42,782 [ERROR] LogOutputStream:75 - [STDERR_REDIRECT] [Fatal Error] :1:1: Premature end of file.
2026-03-01 01:22:42,782 [ERROR] LogOutputStream:75 - [STDERR_REDIRECT] 
2026-03-01 01:22:43,782 [ERROR] LogOutputStream:75 - [STDERR_REDIRECT] [Fatal Error] :1:1: Premature end of file.
2026-03-01 01:22:43,782 [ERROR] LogOutputStream:75 - [STDERR_REDIRECT] 
2026-03-01 01:22:44,784 [ERROR] LogOutputStream:75 - [STDERR_REDIRECT] [Fatal Error] :1:1: Premature end of file.
2026-03-01 01:22:44,784 [ERROR] LogOutputStream:75 - [STDERR_REDIRECT] 
2026-03-01 01:22:45,783 [ERROR] LogOutputStream:75 - [STDERR_REDIRECT] [Fatal Error] :1:1: Premature end of file.
2026-03-01 01:22:45,783 [ERROR] LogOutputStream:75 - [STDERR_REDIRECT] 
2026-03-01 01:22:46,787 [ERROR] LogOutputStream:75 - [STDERR_REDIRECT] [Fatal Error] :1:1: Premature end of file.
2026-03-01 01:22:46,787 [ERROR] LogOutputStream:75 - [STDERR_REDIRECT] 
2026-03-01 01:22:47,784 [ERROR] LogOutputStream:75 - [STDERR_REDIRECT] [Fatal Error] :1:1: Premature end of file.
2026-03-01 01:22:47,784 [ERROR] LogOutputStream:75 - [STDERR_REDIRECT] 
2026-03-01 01:22:48,784 [ERROR] LogOutputStream:75 - [STDERR_REDIRECT] [Fatal Error] :1:1: Premature end of file.
2026-03-01 01:22:48,784 [ERROR] LogOutputStream:75 - [STDERR_REDIRECT] 
2026-03-01 01:22:49,783 [ERROR] LogOutputStream:75 - [STDERR_REDIRECT] [Fatal Error] :1:1: Premature end of file.
2026-03-01 01:22:49,783 [ERROR] LogOutputStream:75 - [STDERR_REDIRECT] 
2026-03-01 01:22:50,783 [ERROR] LogOutputStream:75 - [STDERR_REDIRECT] [Fatal Error] :1:1: Premature end of file.
2026-03-01 01:22:50,783 [ERROR] LogOutputStream:75 - [STDERR_REDIRECT] 
2026-03-01 01:22:51,783 [ERROR] LogOutputStream:75 - [STDERR_REDIRECT] [Fatal Error] :1:1: Premature end of file.
2026-03-01 01:22:51,784 [ERROR] LogOutputStream:75 - [STDERR_REDIRECT] 
2026-03-01 01:22:52,783 [ERROR] LogOutputStream:75 - [STDERR_REDIRECT] [Fatal Error] :1:1: Premature end of file.
2026-03-01 01:22:52,783 [ERROR] LogOutputStream:75 - [STDERR_REDIRECT] 
2026-03-01 01:22:53,785 [ERROR] LogOutputStream:75 - [STDERR_REDIRECT] [Fatal Error] :1:1: Premature end of file.
2026-03-01 01:22:53,785 [ERROR] LogOutputStream:75 - [STDERR_REDIRECT] 
2026-03-01 01:22:54,784 [ERROR] LogOutputStream:75 - [STDERR_REDIRECT] [Fatal Error] :1:1: Premature end of file.
2026-03-01 01:22:54,784 [ERROR] LogOutputStream:75 - [STDERR_REDIRECT] 
2026-03-01 01:22:55,785 [ERROR] LogOutputStream:75 - [STDERR_REDIRECT] [Fatal Error] :1:1: Premature end of file.
2026-03-01 01:22:55,785 [ERROR] LogOutputStream:75 - [STDERR_REDIRECT] 
2026-03-01 01:22:56,785 [ERROR] LogOutputStream:75 - [STDERR_REDIRECT] [Fatal Error] :1:1: Premature end of file.
2026-03-01 01:22:56,785 [ERROR] LogOutputStream:75 - [STDERR_REDIRECT] 
2026-03-01 01:22:57,783 [ERROR] LogOutputStream:75 - [STDERR_REDIRECT] [Fatal Error] :1:1: Premature end of file.
2026-03-01 01:22:57,783 [ERROR] LogOutputStream:75 - [STDERR_REDIRECT] 
2026-03-01 01:22:58,784 [ERROR] LogOutputStream:75 - [STDERR_REDIRECT] [Fatal Error] :1:1: Premature end of file.
2026-03-01 01:22:58,784 [ERROR] LogOutputStream:75 - [STDERR_REDIRECT] 
2026-03-01 01:22:59,784 [ERROR] LogOutputStream:75 - [STDERR_REDIRECT] [Fatal Error] :1:1: Premature end of file.
2026-03-01 01:22:59,784 [ERROR] LogOutputStream:75 - [STDERR_REDIRECT] 
2026-03-01 01:23:00,782 [ERROR] LogOutputStream:75 - [STDERR_REDIRECT] [Fatal Error] :1:1: Premature end of file.
2026-03-01 01:23:00,783 [ERROR] LogOutputStream:75 - [STDERR_REDIRECT] 
2026-03-01 01:23:01,783 [ERROR] LogOutputStream:75 - [STDERR_REDIRECT] [Fatal Error] :1:1: Premature end of file.
2026-03-01 01:23:01,783 [ERROR] LogOutputStream:75 - [STDERR_REDIRECT] 
2026-03-01 01:23:02,786 [ERROR] LogOutputStream:75 - [STDERR_REDIRECT] [Fatal Error] :1:1: Premature end of file.
2026-03-01 01:23:02,786 [ERROR] LogOutputStream:75 - [STDERR_REDIRECT] 
2026-03-01 01:23:03,785 [ERROR] LogOutputStream:75 - [STDERR_REDIRECT] [Fatal Error] :1:1: Premature end of file.
2026-03-01 01:23:03,785 [ERROR] LogOutputStream:75 - [STDERR_REDIRECT] 
2026-03-01 01:23:04,782 [ERROR] LogOutputStream:75 - [STDERR_REDIRECT] [Fatal Error] :1:1: Premature end of file.
2026-03-01 01:23:04,783 [ERROR] LogOutputStream:75 - [STDERR_REDIRECT] 
2026-03-01 01:23:05,789 [ERROR] LogOutputStream:75 - [STDERR_REDIRECT] [Fatal Error] :1:1: Premature end of file.
2026-03-01 01:23:05,790 [ERROR] LogOutputStream:75 - [STDERR_REDIRECT] 
2026-03-01 01:23:06,820 [ERROR] LogOutputStream:75 - [STDERR_REDIRECT] [Fatal Error] :1:1: Premature end of file.
2026-03-01 01:23:06,820 [ERROR] LogOutputStream:75 - [STDERR_REDIRECT] 
2026-03-01 01:23:07,785 [ERROR] LogOutputStream:75 - [STDERR_REDIRECT] [Fatal Error] :1:1: Premature end of file.
2026-03-01 01:23:07,785 [ERROR] LogOutputStream:75 - [STDERR_REDIRECT] 
2026-03-01 01:23:08,786 [ERROR] LogOutputStream:75 - [STDERR_REDIRECT] [Fatal Error] :1:1: Premature end of file.
2026-03-01 01:23:08,786 [ERROR] LogOutputStream:75 - [STDERR_REDIRECT] 
2026-03-01 01:23:09,784 [ERROR] LogOutputStream:75 - [STDERR_REDIRECT] [Fatal Error] :1:1: Premature end of file.
2026-03-01 01:23:09,785 [ERROR] LogOutputStream:75 - [STDERR_REDIRECT] 
2026-03-01 01:23:10,783 [ERROR] LogOutputStream:75 - [STDERR_REDIRECT] [Fatal Error] :1:1: Premature end of file.
2026-03-01 01:23:10,783 [ERROR] LogOutputStream:75 - [STDERR_REDIRECT] 
2026-03-01 01:23:11,785 [ERROR] LogOutputStream:75 - [STDERR_REDIRECT] [Fatal Error] :1:1: Premature end of file.
2026-03-01 01:23:11,785 [ERROR] LogOutputStream:75 - [STDERR_REDIRECT] 
2026-03-01 01:23:12,819 [ERROR] LogOutputStream:75 - [STDERR_REDIRECT] [Fatal Error] :1:1: Premature end of file.
2026-03-01 01:23:12,819 [ERROR] LogOutputStream:75 - [STDERR_REDIRECT] 
2026-03-01 01:23:13,784 [ERROR] LogOutputStream:75 - [STDERR_REDIRECT] [Fatal Error] :1:1: Premature end of file.
2026-03-01 01:23:13,784 [ERROR] LogOutputStream:75 - [STDERR_REDIRECT] 
2026-03-01 01:23:14,783 [ERROR] LogOutputStream:75 - [STDERR_REDIRECT] [Fatal Error] :1:1: Premature end of file.
2026-03-01 01:23:14,783 [ERROR] LogOutputStream:75 - [STDERR_REDIRECT] 
2026-03-01 01:23:15,785 [ERROR] LogOutputStream:75 - [STDERR_REDIRECT] [Fatal Error] :1:1: Premature end of file.
2026-03-01 01:23:15,785 [ERROR] LogOutputStream:75 - [STDERR_REDIRECT] 
2026-03-01 01:23:16,786 [ERROR] LogOutputStream:75 - [STDERR_REDIRECT] [Fatal Error] :1:1: Premature end of file.
2026-03-01 01:23:16,786 [ERROR] LogOutputStream:75 - [STDERR_REDIRECT] 
2026-03-01 01:23:17,784 [ERROR] LogOutputStream:75 - [STDERR_REDIRECT] [Fatal Error] :1:1: Premature end of file.
2026-03-01 01:23:17,784 [ERROR] LogOutputStream:75 - [STDERR_REDIRECT] 
2026-03-01 01:23:18,783 [ERROR] LogOutputStream:75 - [STDERR_REDIRECT] [Fatal Error] :1:1: Premature end of file.
2026-03-01 01:23:18,783 [ERROR] LogOutputStream:75 - [STDERR_REDIRECT] 
2026-03-01 01:23:19,783 [ERROR] LogOutputStream:75 - [STDERR_REDIRECT] [Fatal Error] :1:1: Premature end of file.
2026-03-01 01:23:19,783 [ERROR] LogOutputStream:75 - [STDERR_REDIRECT] 
2026-03-01 01:23:20,783 [ERROR] LogOutputStream:75 - [STDERR_REDIRECT] [Fatal Error] :1:1: Premature end of file.
2026-03-01 01:23:20,783 [ERROR] LogOutputStream:75 - [STDERR_REDIRECT] 
2026-03-01 01:23:21,785 [ERROR] LogOutputStream:75 - [STDERR_REDIRECT] [Fatal Error] :1:1: Premature end of file.
2026-03-01 01:23:21,785 [ERROR] LogOutputStream:75 - [STDERR_REDIRECT] 
2026-03-01 01:23:22,785 [ERROR] LogOutputStream:75 - [STDERR_REDIRECT] [Fatal Error] :1:1: Premature end of file.
2026-03-01 01:23:22,785 [ERROR] LogOutputStream:75 - [STDERR_REDIRECT] 
2026-03-01 01:23:23,785 [ERROR] LogOutputStream:75 - [STDERR_REDIRECT] [Fatal Error] :1:1: Premature end of file.
2026-03-01 01:23:23,785 [ERROR] LogOutputStream:75 - [STDERR_REDIRECT] 
2026-03-01 01:23:24,785 [ERROR] LogOutputStream:75 - [STDERR_REDIRECT] [Fatal Error] :1:1: Premature end of file.
2026-03-01 01:23:24,786 [ERROR] LogOutputStream:75 - [STDERR_REDIRECT] 
2026-03-01 01:23:25,799 [ERROR] LogOutputStream:75 - [STDERR_REDIRECT] [Fatal Error] :1:1: Premature end of file.
2026-03-01 01:23:25,799 [ERROR] LogOutputStream:75 - [STDERR_REDIRECT] 
2026-03-01 01:23:26,784 [ERROR] LogOutputStream:75 - [STDERR_REDIRECT] [Fatal Error] :1:1: Premature end of file.
2026-03-01 01:23:26,784 [ERROR] LogOutputStream:75 - [STDERR_REDIRECT] 
2026-03-01 01:23:27,786 [ERROR] LogOutputStream:75 - [STDERR_REDIRECT] [Fatal Error] :1:1: Premature end of file.
2026-03-01 01:23:27,786 [ERROR] LogOutputStream:75 - [STDERR_REDIRECT] 
2026-03-01 01:23:28,782 [ERROR] LogOutputStream:75 - [STDERR_REDIRECT] [Fatal Error] :1:1: Premature end of file.
2026-03-01 01:23:28,782 [ERROR] LogOutputStream:75 - [STDERR_REDIRECT] 
2026-03-01 01:23:29,784 [ERROR] LogOutputStream:75 - [STDERR_REDIRECT] [Fatal Error] :1:1: Premature end of file.
2026-03-01 01:23:29,784 [ERROR] LogOutputStream:75 - [STDERR_REDIRECT] 
2026-03-01 01:23:30,785 [ERROR] LogOutputStream:75 - [STDERR_REDIRECT] [Fatal Error] :1:1: Premature end of file.
2026-03-01 01:23:30,785 [ERROR] LogOutputStream:75 - [STDERR_REDIRECT] 
2026-03-01 01:23:31,784 [ERROR] LogOutputStream:75 - [STDERR_REDIRECT] [Fatal Error] :1:1: Premature end of file.
2026-03-01 01:23:31,784 [ERROR] LogOutputStream:75 - [STDERR_REDIRECT] 
2026-03-01 01:23:32,786 [ERROR] LogOutputStream:75 - [STDERR_REDIRECT] [Fatal Error] :1:1: Premature end of file.
2026-03-01 01:23:32,786 [ERROR] LogOutputStream:75 - [STDERR_REDIRECT] 
2026-03-01 01:23:33,782 [ERROR] LogOutputStream:75 - [STDERR_REDIRECT] [Fatal Error] :1:1: Premature end of file.
2026-03-01 01:23:33,783 [ERROR] LogOutputStream:75 - [STDERR_REDIRECT] 
2026-03-01 01:23:34,785 [ERROR] LogOutputStream:75 - [STDERR_REDIRECT] [Fatal Error] :1:1: Premature end of file.
2026-03-01 01:23:34,785 [ERROR] LogOutputStream:75 - [STDERR_REDIRECT] 
2026-03-01 01:23:35,822 [ERROR] LogOutputStream:75 - [STDERR_REDIRECT] [Fatal Error] :1:1: Premature end of file.
2026-03-01 01:23:35,822 [ERROR] LogOutputStream:75 - [STDERR_REDIRECT] 
2026-03-01 01:23:36,785 [ERROR] LogOutputStream:75 - [STDERR_REDIRECT] [Fatal Error] :1:1: Premature end of file.
2026-03-01 01:23:36,786 [ERROR] LogOutputStream:75 - [STDERR_REDIRECT] 
2026-03-01 01:23:37,782 [ERROR] LogOutputStream:75 - [STDERR_REDIRECT] [Fatal Error] :1:1: Premature end of file.
2026-03-01 01:23:37,782 [ERROR] LogOutputStream:75 - [STDERR_REDIRECT] 
2026-03-01 01:23:38,783 [ERROR] LogOutputStream:75 - [STDERR_REDIRECT] [Fatal Error] :1:1: Premature end of file.
2026-03-01 01:23:38,783 [ERROR] LogOutputStream:75 - [STDERR_REDIRECT] 
2026-03-01 01:23:39,787 [ERROR] LogOutputStream:75 - [STDERR_REDIRECT] [Fatal Error] :1:1: Premature end of file.
2026-03-01 01:23:39,788 [ERROR] LogOutputStream:75 - [STDERR_REDIRECT] 
2026-03-01 01:23:40,785 [ERROR] LogOutputStream:75 - [STDERR_REDIRECT] [Fatal Error] :1:1: Premature end of file.
2026-03-01 01:23:40,785 [ERROR] LogOutputStream:75 - [STDERR_REDIRECT] 
2026-03-01 01:23:41,785 [ERROR] LogOutputStream:75 - [STDERR_REDIRECT] [Fatal Error] :1:1: Premature end of file.
2026-03-01 01:23:41,785 [ERROR] LogOutputStream:75 - [STDERR_REDIRECT] 
2026-03-01 01:23:42,786 [ERROR] LogOutputStream:75 - [STDERR_REDIRECT] [Fatal Error] :1:1: Premature end of file.
2026-03-01 01:23:42,786 [ERROR] LogOutputStream:75 - [STDERR_REDIRECT] 
2026-03-01 01:23:43,783 [ERROR] LogOutputStream:75 - [STDERR_REDIRECT] [Fatal Error] :1:1: Premature end of file.
2026-03-01 01:23:43,783 [ERROR] LogOutputStream:75 - [STDERR_REDIRECT] 
2026-03-01 01:23:44,782 [ERROR] LogOutputStream:75 - [STDERR_REDIRECT] [Fatal Error] :1:1: Premature end of file.
2026-03-01 01:23:44,783 [ERROR] LogOutputStream:75 - [STDERR_REDIRECT] 
2026-03-01 01:23:45,785 [ERROR] LogOutputStream:75 - [STDERR_REDIRECT] [Fatal Error] :1:1: Premature end of file.
2026-03-01 01:23:45,785 [ERROR] LogOutputStream:75 - [STDERR_REDIRECT] 
2026-03-01 01:23:46,785 [ERROR] LogOutputStream:75 - [STDERR_REDIRECT] [Fatal Error] :1:1: Premature end of file.
2026-03-01 01:23:46,785 [ERROR] LogOutputStream:75 - [STDERR_REDIRECT] 
2026-03-01 01:23:47,784 [ERROR] LogOutputStream:75 - [STDERR_REDIRECT] [Fatal Error] :1:1: Premature end of file.
2026-03-01 01:23:47,784 [ERROR] LogOutputStream:75 - [STDERR_REDIRECT] 
2026-03-01 01:23:48,786 [ERROR] LogOutputStream:75 - [STDERR_REDIRECT] [Fatal Error] :1:1: Premature end of file.
2026-03-01 01:23:48,786 [ERROR] LogOutputStream:75 - [STDERR_REDIRECT] 
2026-03-01 01:23:49,783 [ERROR] LogOutputStream:75 - [STDERR_REDIRECT] [Fatal Error] :1:1: Premature end of file.
2026-03-01 01:23:49,783 [ERROR] LogOutputStream:75 - [STDERR_REDIRECT] 
2026-03-01 01:23:50,787 [ERROR] LogOutputStream:75 - [STDERR_REDIRECT] [Fatal Error] :1:1: Premature end of file.
2026-03-01 01:23:50,788 [ERROR] LogOutputStream:75 - [STDERR_REDIRECT] 
2026-03-01 01:23:51,782 [ERROR] LogOutputStream:75 - [STDERR_REDIRECT] [Fatal Error] :1:1: Premature end of file.
2026-03-01 01:23:51,783 [ERROR] LogOutputStream:75 - [STDERR_REDIRECT] 
2026-03-01 01:23:52,783 [ERROR] LogOutputStream:75 - [STDERR_REDIRECT] [Fatal Error] :1:1: Premature end of file.
2026-03-01 01:23:52,783 [ERROR] LogOutputStream:75 - [STDERR_REDIRECT] 
2026-03-01 01:23:53,782 [ERROR] LogOutputStream:75 - [STDERR_REDIRECT] [Fatal Error] :1:1: Premature end of file.
2026-03-01 01:23:53,782 [ERROR] LogOutputStream:75 - [STDERR_REDIRECT] 
2026-03-01 01:23:54,784 [ERROR] LogOutputStream:75 - [STDERR_REDIRECT] [Fatal Error] :1:1: Premature end of file.
2026-03-01 01:23:54,784 [ERROR] LogOutputStream:75 - [STDERR_REDIRECT] 
2026-03-01 01:23:55,784 [ERROR] LogOutputStream:75 - [STDERR_REDIRECT] [Fatal Error] :1:1: Premature end of file.
2026-03-01 01:23:55,784 [ERROR] LogOutputStream:75 - [STDERR_REDIRECT] 
2026-03-01 01:23:56,785 [ERROR] LogOutputStream:75 - [STDERR_REDIRECT] [Fatal Error] :1:1: Premature end of file.
2026-03-01 01:23:56,785 [ERROR] LogOutputStream:75 - [STDERR_REDIRECT] 
2026-03-01 01:23:57,784 [ERROR] LogOutputStream:75 - [STDERR_REDIRECT] [Fatal Error] :1:1: Premature end of file.
2026-03-01 01:23:57,784 [ERROR] LogOutputStream:75 - [STDERR_REDIRECT] 
2026-03-01 01:23:58,784 [ERROR] LogOutputStream:75 - [STDERR_REDIRECT] [Fatal Error] :1:1: Premature end of file.
2026-03-01 01:23:58,784 [ERROR] LogOutputStream:75 - [STDERR_REDIRECT] 
2026-03-01 01:23:59,785 [ERROR] LogOutputStream:75 - [STDERR_REDIRECT] [Fatal Error] :1:1: Premature end of file.
2026-03-01 01:23:59,785 [ERROR] LogOutputStream:75 - [STDERR_REDIRECT] 
2026-03-01 01:24:00,785 [ERROR] LogOutputStream:75 - [STDERR_REDIRECT] [Fatal Error] :1:1: Premature end of file.
2026-03-01 01:24:00,785 [ERROR] LogOutputStream:75 - [STDERR_REDIRECT] 
2026-03-01 01:24:01,785 [ERROR] LogOutputStream:75 - [STDERR_REDIRECT] [Fatal Error] :1:1: Premature end of file.
2026-03-01 01:24:01,786 [ERROR] LogOutputStream:75 - [STDERR_REDIRECT] 
2026-03-01 01:24:02,782 [ERROR] LogOutputStream:75 - [STDERR_REDIRECT] [Fatal Error] :1:1: Premature end of file.
2026-03-01 01:24:02,782 [ERROR] LogOutputStream:75 - [STDERR_REDIRECT] 
2026-03-01 01:24:03,786 [ERROR] LogOutputStream:75 - [STDERR_REDIRECT] [Fatal Error] :1:1: Premature end of file.
2026-03-01 01:24:03,786 [ERROR] LogOutputStream:75 - [STDERR_REDIRECT] 
2026-03-01 01:24:04,785 [ERROR] LogOutputStream:75 - [STDERR_REDIRECT] [Fatal Error] :1:1: Premature end of file.
2026-03-01 01:24:04,785 [ERROR] LogOutputStream:75 - [STDERR_REDIRECT] 
2026-03-01 01:24:05,786 [ERROR] LogOutputStream:75 - [STDERR_REDIRECT] [Fatal Error] :1:1: Premature end of file.
2026-03-01 01:24:05,786 [ERROR] LogOutputStream:75 - [STDERR_REDIRECT] 
2026-03-01 01:24:06,785 [ERROR] LogOutputStream:75 - [STDERR_REDIRECT] [Fatal Error] :1:1: Premature end of file.
2026-03-01 01:24:06,785 [ERROR] LogOutputStream:75 - [STDERR_REDIRECT] 
2026-03-01 01:24:07,784 [ERROR] LogOutputStream:75 - [STDERR_REDIRECT] [Fatal Error] :1:1: Premature end of file.
2026-03-01 01:24:07,784 [ERROR] LogOutputStream:75 - [STDERR_REDIRECT] 
2026-03-01 01:24:08,782 [ERROR] LogOutputStream:75 - [STDERR_REDIRECT] [Fatal Error] :1:1: Premature end of file.
2026-03-01 01:24:08,782 [ERROR] LogOutputStream:75 - [STDERR_REDIRECT] 
2026-03-01 01:24:09,783 [ERROR] LogOutputStream:75 - [STDERR_REDIRECT] [Fatal Error] :1:1: Premature end of file.
2026-03-01 01:24:09,783 [ERROR] LogOutputStream:75 - [STDERR_REDIRECT] 
2026-03-01 01:24:10,786 [ERROR] LogOutputStream:75 - [STDERR_REDIRECT] [Fatal Error] :1:1: Premature end of file.
2026-03-01 01:24:10,786 [ERROR] LogOutputStream:75 - [STDERR_REDIRECT] 
2026-03-01 01:24:11,784 [ERROR] LogOutputStream:75 - [STDERR_REDIRECT] [Fatal Error] :1:1: Premature end of file.
2026-03-01 01:24:11,784 [ERROR] LogOutputStream:75 - [STDERR_REDIRECT] 
2026-03-01 01:24:12,785 [ERROR] LogOutputStream:75 - [STDERR_REDIRECT] [Fatal Error] :1:1: Premature end of file.
2026-03-01 01:24:12,785 [ERROR] LogOutputStream:75 - [STDERR_REDIRECT] 
2026-03-01 01:24:13,782 [ERROR] LogOutputStream:75 - [STDERR_REDIRECT] [Fatal Error] :1:1: Premature end of file.
2026-03-01 01:24:13,782 [ERROR] LogOutputStream:75 - [STDERR_REDIRECT] 
2026-03-01 01:24:14,784 [ERROR] LogOutputStream:75 - [STDERR_REDIRECT] [Fatal Error] :1:1: Premature end of file.
2026-03-01 01:24:14,784 [ERROR] LogOutputStream:75 - [STDERR_REDIRECT] 
2026-03-01 01:24:15,784 [ERROR] LogOutputStream:75 - [STDERR_REDIRECT] [Fatal Error] :1:1: Premature end of file.
2026-03-01 01:24:15,784 [ERROR] LogOutputStream:75 - [STDERR_REDIRECT] 
2026-03-01 01:24:16,794 [ERROR] LogOutputStream:75 - [STDERR_REDIRECT] [Fatal Error] :1:1: Premature end of file.
2026-03-01 01:24:16,794 [ERROR] LogOutputStream:75 - [STDERR_REDIRECT] 
2026-03-01 01:24:17,784 [ERROR] LogOutputStream:75 - [STDERR_REDIRECT] [Fatal Error] :1:1: Premature end of file.
2026-03-01 01:24:17,784 [ERROR] LogOutputStream:75 - [STDERR_REDIRECT] 
2026-03-01 01:24:18,782 [ERROR] LogOutputStream:75 - [STDERR_REDIRECT] [Fatal Error] :1:1: Premature end of file.
2026-03-01 01:24:18,782 [ERROR] LogOutputStream:75 - [STDERR_REDIRECT] 
2026-03-01 01:24:19,785 [ERROR] LogOutputStream:75 - [STDERR_REDIRECT] [Fatal Error] :1:1: Premature end of file.
2026-03-01 01:24:19,785 [ERROR] LogOutputStream:75 - [STDERR_REDIRECT] 
2026-03-01 01:24:20,783 [ERROR] LogOutputStream:75 - [STDERR_REDIRECT] [Fatal Error] :1:1: Premature end of file.
2026-03-01 01:24:20,783 [ERROR] LogOutputStream:75 - [STDERR_REDIRECT] 
2026-03-01 01:24:21,784 [ERROR] LogOutputStream:75 - [STDERR_REDIRECT] [Fatal Error] :1:1: Premature end of file.
2026-03-01 01:24:21,785 [ERROR] LogOutputStream:75 - [STDERR_REDIRECT] 
2026-03-01 01:24:22,783 [ERROR] LogOutputStream:75 - [STDERR_REDIRECT] [Fatal Error] :1:1: Premature end of file.
2026-03-01 01:24:22,783 [ERROR] LogOutputStream:75 - [STDERR_REDIRECT] 
2026-03-01 01:24:23,783 [ERROR] LogOutputStream:75 - [STDERR_REDIRECT] [Fatal Error] :1:1: Premature end of file.
2026-03-01 01:24:23,783 [ERROR] LogOutputStream:75 - [STDERR_REDIRECT] 
2026-03-01 01:24:24,786 [ERROR] LogOutputStream:75 - [STDERR_REDIRECT] [Fatal Error] :1:1: Premature end of file.
2026-03-01 01:24:24,786 [ERROR] LogOutputStream:75 - [STDERR_REDIRECT] 
2026-03-01 01:24:25,782 [ERROR] LogOutputStream:75 - [STDERR_REDIRECT] [Fatal Error] :1:1: Premature end of file.
2026-03-01 01:24:25,782 [ERROR] LogOutputStream:75 - [STDERR_REDIRECT] 
2026-03-01 01:24:26,786 [ERROR] LogOutputStream:75 - [STDERR_REDIRECT] [Fatal Error] :1:1: Premature end of file.
2026-03-01 01:24:26,786 [ERROR] LogOutputStream:75 - [STDERR_REDIRECT] 
2026-03-01 01:24:27,788 [ERROR] LogOutputStream:75 - [STDERR_REDIRECT] [Fatal Error] :1:1: Premature end of file.
2026-03-01 01:24:27,788 [ERROR] LogOutputStream:75 - [STDERR_REDIRECT] 
2026-03-01 01:24:28,783 [ERROR] LogOutputStream:75 - [STDERR_REDIRECT] [Fatal Error] :1:1: Premature end of file.
2026-03-01 01:24:28,783 [ERROR] LogOutputStream:75 - [STDERR_REDIRECT] 
2026-03-01 01:24:29,782 [ERROR] LogOutputStream:75 - [STDERR_REDIRECT] [Fatal Error] :1:1: Premature end of file.
2026-03-01 01:24:29,782 [ERROR] LogOutputStream:75 - [STDERR_REDIRECT] 
2026-03-01 01:24:30,786 [ERROR] LogOutputStream:75 - [STDERR_REDIRECT] [Fatal Error] :1:1: Premature end of file.
2026-03-01 01:24:30,786 [ERROR] LogOutputStream:75 - [STDERR_REDIRECT] 
2026-03-01 01:24:31,786 [ERROR] LogOutputStream:75 - [STDERR_REDIRECT] [Fatal Error] :1:1: Premature end of file.
2026-03-01 01:24:31,787 [ERROR] LogOutputStream:75 - [STDERR_REDIRECT] 
2026-03-01 01:24:32,820 [ERROR] LogOutputStream:75 - [STDERR_REDIRECT] [Fatal Error] :1:1: Premature end of file.
2026-03-01 01:24:32,820 [ERROR] LogOutputStream:75 - [STDERR_REDIRECT] 
2026-03-01 01:24:33,783 [ERROR] LogOutputStream:75 - [STDERR_REDIRECT] [Fatal Error] :1:1: Premature end of file.
2026-03-01 01:24:33,783 [ERROR] LogOutputStream:75 - [STDERR_REDIRECT] 
2026-03-01 01:24:34,781 [ERROR] LogOutputStream:75 - [STDERR_REDIRECT] [Fatal Error] :1:1: Premature end of file.
2026-03-01 01:24:34,781 [ERROR] LogOutputStream:75 - [STDERR_REDIRECT] 
2026-03-01 01:24:35,784 [ERROR] LogOutputStream:75 - [STDERR_REDIRECT] [Fatal Error] :1:1: Premature end of file.
2026-03-01 01:24:35,784 [ERROR] LogOutputStream:75 - [STDERR_REDIRECT] 
2026-03-01 01:24:36,784 [ERROR] LogOutputStream:75 - [STDERR_REDIRECT] [Fatal Error] :1:1: Premature end of file.
2026-03-01 01:24:36,784 [ERROR] LogOutputStream:75 - [STDERR_REDIRECT] 
2026-03-01 01:24:37,783 [ERROR] LogOutputStream:75 - [STDERR_REDIRECT] [Fatal Error] :1:1: Premature end of file.
2026-03-01 01:24:37,783 [ERROR] LogOutputStream:75 - [STDERR_REDIRECT] 
2026-03-01 01:24:38,783 [ERROR] LogOutputStream:75 - [STDERR_REDIRECT] [Fatal Error] :1:1: Premature end of file.
2026-03-01 01:24:38,784 [ERROR] LogOutputStream:75 - [STDERR_REDIRECT] 
2026-03-01 01:24:39,783 [ERROR] LogOutputStream:75 - [STDERR_REDIRECT] [Fatal Error] :1:1: Premature end of file.
2026-03-01 01:24:39,783 [ERROR] LogOutputStream:75 - [STDERR_REDIRECT] 
2026-03-01 01:24:40,783 [ERROR] LogOutputStream:75 - [STDERR_REDIRECT] [Fatal Error] :1:1: Premature end of file.
2026-03-01 01:24:40,783 [ERROR] LogOutputStream:75 - [STDERR_REDIRECT] 
2026-03-01 01:24:41,784 [ERROR] LogOutputStream:75 - [STDERR_REDIRECT] [Fatal Error] :1:1: Premature end of file.
2026-03-01 01:24:41,784 [ERROR] LogOutputStream:75 - [STDERR_REDIRECT] 
2026-03-01 01:24:42,783 [ERROR] LogOutputStream:75 - [STDERR_REDIRECT] [Fatal Error] :1:1: Premature end of file.
2026-03-01 01:24:42,783 [ERROR] LogOutputStream:75 - [STDERR_REDIRECT] 
2026-03-01 01:24:43,787 [ERROR] LogOutputStream:75 - [STDERR_REDIRECT] [Fatal Error] :1:1: Premature end of file.
2026-03-01 01:24:43,787 [ERROR] LogOutputStream:75 - [STDERR_REDIRECT] 
2026-03-01 01:24:44,786 [ERROR] LogOutputStream:75 - [STDERR_REDIRECT] [Fatal Error] :1:1: Premature end of file.
2026-03-01 01:24:44,786 [ERROR] LogOutputStream:75 - [STDERR_REDIRECT] 
2026-03-01 01:24:45,784 [ERROR] LogOutputStream:75 - [STDERR_REDIRECT] [Fatal Error] :1:1: Premature end of file.
2026-03-01 01:24:45,784 [ERROR] LogOutputStream:75 - [STDERR_REDIRECT] 
2026-03-01 01:24:46,795 [ERROR] LogOutputStream:75 - [STDERR_REDIRECT] [Fatal Error] :1:1: Premature end of file.
2026-03-01 01:24:46,795 [ERROR] LogOutputStream:75 - [STDERR_REDIRECT] 
2026-03-01 01:24:47,781 [ERROR] LogOutputStream:75 - [STDERR_REDIRECT] [Fatal Error] :1:1: Premature end of file.
2026-03-01 01:24:47,781 [ERROR] LogOutputStream:75 - [STDERR_REDIRECT] 
2026-03-01 01:24:48,782 [ERROR] LogOutputStream:75 - [STDERR_REDIRECT] [Fatal Error] :1:1: Premature end of file.
2026-03-01 01:24:48,782 [ERROR] LogOutputStream:75 - [STDERR_REDIRECT] 
2026-03-01 01:24:49,784 [ERROR] LogOutputStream:75 - [STDERR_REDIRECT] [Fatal Error] :1:1: Premature end of file.
2026-03-01 01:24:49,784 [ERROR] LogOutputStream:75 - [STDERR_REDIRECT] 
2026-03-01 01:24:50,783 [ERROR] LogOutputStream:75 - [STDERR_REDIRECT] [Fatal Error] :1:1: Premature end of file.
2026-03-01 01:24:50,783 [ERROR] LogOutputStream:75 - [STDERR_REDIRECT] 
2026-03-01 01:24:51,788 [ERROR] LogOutputStream:75 - [STDERR_REDIRECT] [Fatal Error] :1:1: Premature end of file.
2026-03-01 01:24:51,788 [ERROR] LogOutputStream:75 - [STDERR_REDIRECT] 
2026-03-01 01:24:52,788 [ERROR] LogOutputStream:75 - [STDERR_REDIRECT] [Fatal Error] :1:1: Premature end of file.
2026-03-01 01:24:52,788 [ERROR] LogOutputStream:75 - [STDERR_REDIRECT] 
2026-03-01 01:24:53,784 [ERROR] LogOutputStream:75 - [STDERR_REDIRECT] [Fatal Error] :1:1: Premature end of file.
2026-03-01 01:24:53,784 [ERROR] LogOutputStream:75 - [STDERR_REDIRECT] 
2026-03-01 01:24:54,785 [ERROR] LogOutputStream:75 - [STDERR_REDIRECT] [Fatal Error] :1:1: Premature end of file.
2026-03-01 01:24:54,785 [ERROR] LogOutputStream:75 - [STDERR_REDIRECT] 
2026-03-01 01:24:55,784 [ERROR] LogOutputStream:75 - [STDERR_REDIRECT] [Fatal Error] :1:1: Premature end of file.
2026-03-01 01:24:55,785 [ERROR] LogOutputStream:75 - [STDERR_REDIRECT] 
2026-03-01 01:24:56,785 [ERROR] LogOutputStream:75 - [STDERR_REDIRECT] [Fatal Error] :1:1: Premature end of file.
2026-03-01 01:24:56,785 [ERROR] LogOutputStream:75 - [STDERR_REDIRECT] 
2026-03-01 01:24:57,785 [ERROR] LogOutputStream:75 - [STDERR_REDIRECT] [Fatal Error] :1:1: Premature end of file.
2026-03-01 01:24:57,785 [ERROR] LogOutputStream:75 - [STDERR_REDIRECT] 
2026-03-01 01:24:58,785 [ERROR] LogOutputStream:75 - [STDERR_REDIRECT] [Fatal Error] :1:1: Premature end of file.
2026-03-01 01:24:58,785 [ERROR] LogOutputStream:75 - [STDERR_REDIRECT] 
2026-03-01 01:24:59,783 [ERROR] LogOutputStream:75 - [STDERR_REDIRECT] [Fatal Error] :1:1: Premature end of file.
2026-03-01 01:24:59,783 [ERROR] LogOutputStream:75 - [STDERR_REDIRECT] 
2026-03-01 01:25:00,783 [ERROR] LogOutputStream:75 - [STDERR_REDIRECT] [Fatal Error] :1:1: Premature end of file.
2026-03-01 01:25:00,783 [ERROR] LogOutputStream:75 - [STDERR_REDIRECT] 
2026-03-01 01:25:01,784 [ERROR] LogOutputStream:75 - [STDERR_REDIRECT] [Fatal Error] :1:1: Premature end of file.
2026-03-01 01:25:01,785 [ERROR] LogOutputStream:75 - [STDERR_REDIRECT] 
2026-03-01 01:25:02,785 [ERROR] LogOutputStream:75 - [STDERR_REDIRECT] [Fatal Error] :1:1: Premature end of file.
2026-03-01 01:25:02,785 [ERROR] LogOutputStream:75 - [STDERR_REDIRECT] 
2026-03-01 01:25:03,784 [ERROR] LogOutputStream:75 - [STDERR_REDIRECT] [Fatal Error] :1:1: Premature end of file.
2026-03-01 01:25:03,784 [ERROR] LogOutputStream:75 - [STDERR_REDIRECT] 
2026-03-01 01:25:04,784 [ERROR] LogOutputStream:75 - [STDERR_REDIRECT] [Fatal Error] :1:1: Premature end of file.
2026-03-01 01:25:04,784 [ERROR] LogOutputStream:75 - [STDERR_REDIRECT] 
2026-03-01 01:25:05,784 [ERROR] LogOutputStream:75 - [STDERR_REDIRECT] [Fatal Error] :1:1: Premature end of file.
2026-03-01 01:25:05,784 [ERROR] LogOutputStream:75 - [STDERR_REDIRECT] 
2026-03-01 01:25:06,782 [ERROR] LogOutputStream:75 - [STDERR_REDIRECT] [Fatal Error] :1:1: Premature end of file.
2026-03-01 01:25:06,782 [ERROR] LogOutputStream:75 - [STDERR_REDIRECT] 
2026-03-01 01:25:07,784 [ERROR] LogOutputStream:75 - [STDERR_REDIRECT] [Fatal Error] :1:1: Premature end of file.
2026-03-01 01:25:07,784 [ERROR] LogOutputStream:75 - [STDERR_REDIRECT] 
2026-03-01 01:25:08,789 [ERROR] LogOutputStream:75 - [STDERR_REDIRECT] [Fatal Error] :1:1: Premature end of file.
2026-03-01 01:25:08,789 [ERROR] LogOutputStream:75 - [STDERR_REDIRECT] 
2026-03-01 01:25:09,782 [ERROR] LogOutputStream:75 - [STDERR_REDIRECT] [Fatal Error] :1:1: Premature end of file.
2026-03-01 01:25:09,782 [ERROR] LogOutputStream:75 - [STDERR_REDIRECT] 
2026-03-01 01:25:10,785 [ERROR] LogOutputStream:75 - [STDERR_REDIRECT] [Fatal Error] :1:1: Premature end of file.
2026-03-01 01:25:10,785 [ERROR] LogOutputStream:75 - [STDERR_REDIRECT] 
2026-03-01 01:25:11,784 [ERROR] LogOutputStream:75 - [STDERR_REDIRECT] [Fatal Error] :1:1: Premature end of file.
2026-03-01 01:25:11,784 [ERROR] LogOutputStream:75 - [STDERR_REDIRECT] 
2026-03-01 01:25:12,783 [ERROR] LogOutputStream:75 - [STDERR_REDIRECT] [Fatal Error] :1:1: Premature end of file.
2026-03-01 01:25:12,783 [ERROR] LogOutputStream:75 - [STDERR_REDIRECT] 
2026-03-01 01:25:13,786 [ERROR] LogOutputStream:75 - [STDERR_REDIRECT] [Fatal Error] :1:1: Premature end of file.
2026-03-01 01:25:13,786 [ERROR] LogOutputStream:75 - [STDERR_REDIRECT] 
2026-03-01 01:25:14,799 [ERROR] LogOutputStream:75 - [STDERR_REDIRECT] [Fatal Error] :1:1: Premature end of file.
2026-03-01 01:25:14,800 [ERROR] LogOutputStream:75 - [STDERR_REDIRECT] 
2026-03-01 01:25:15,783 [ERROR] LogOutputStream:75 - [STDERR_REDIRECT] [Fatal Error] :1:1: Premature end of file.
2026-03-01 01:25:15,783 [ERROR] LogOutputStream:75 - [STDERR_REDIRECT] 
2026-03-01 01:25:16,784 [ERROR] LogOutputStream:75 - [STDERR_REDIRECT] [Fatal Error] :1:1: Premature end of file.
2026-03-01 01:25:16,785 [ERROR] LogOutputStream:75 - [STDERR_REDIRECT] 
2026-03-01 01:25:17,782 [ERROR] LogOutputStream:75 - [STDERR_REDIRECT] [Fatal Error] :1:1: Premature end of file.
2026-03-01 01:25:17,782 [ERROR] LogOutputStream:75 - [STDERR_REDIRECT] 
2026-03-01 01:25:18,785 [ERROR] LogOutputStream:75 - [STDERR_REDIRECT] [Fatal Error] :1:1: Premature end of file.
2026-03-01 01:25:18,785 [ERROR] LogOutputStream:75 - [STDERR_REDIRECT] 
2026-03-01 01:25:19,783 [ERROR] LogOutputStream:75 - [STDERR_REDIRECT] [Fatal Error] :1:1: Premature end of file.
2026-03-01 01:25:19,783 [ERROR] LogOutputStream:75 - [STDERR_REDIRECT] 
2026-03-01 01:25:20,783 [ERROR] LogOutputStream:75 - [STDERR_REDIRECT] [Fatal Error] :1:1: Premature end of file.
2026-03-01 01:25:20,783 [ERROR] LogOutputStream:75 - [STDERR_REDIRECT] 
2026-03-01 01:25:21,787 [ERROR] LogOutputStream:75 - [STDERR_REDIRECT] [Fatal Error] :1:1: Premature end of file.
2026-03-01 01:25:21,787 [ERROR] LogOutputStream:75 - [STDERR_REDIRECT] 
2026-03-01 01:25:22,782 [ERROR] LogOutputStream:75 - [STDERR_REDIRECT] [Fatal Error] :1:1: Premature end of file.
2026-03-01 01:25:22,782 [ERROR] LogOutputStream:75 - [STDERR_REDIRECT] 
2026-03-01 01:25:23,783 [ERROR] LogOutputStream:75 - [STDERR_REDIRECT] [Fatal Error] :1:1: Premature end of file.
2026-03-01 01:25:23,783 [ERROR] LogOutputStream:75 - [STDERR_REDIRECT] 
2026-03-01 01:25:24,785 [ERROR] LogOutputStream:75 - [STDERR_REDIRECT] [Fatal Error] :1:1: Premature end of file.
2026-03-01 01:25:24,785 [ERROR] LogOutputStream:75 - [STDERR_REDIRECT] 
2026-03-01 01:25:25,783 [ERROR] LogOutputStream:75 - [STDERR_REDIRECT] [Fatal Error] :1:1: Premature end of file.
2026-03-01 01:25:25,783 [ERROR] LogOutputStream:75 - [STDERR_REDIRECT] 
2026-03-01 01:25:27,224 [ERROR] LogOutputStream:75 - [STDERR_REDIRECT] [Fatal Error] :1:1: Premature end of file.
2026-03-01 01:25:27,225 [ERROR] LogOutputStream:75 - [STDERR_REDIRECT] 
2026-03-01 01:25:27,784 [ERROR] LogOutputStream:75 - [STDERR_REDIRECT] [Fatal Error] :1:1: Premature end of file.
2026-03-01 01:25:27,784 [ERROR] LogOutputStream:75 - [STDERR_REDIRECT] 
2026-03-01 01:25:28,786 [ERROR] LogOutputStream:75 - [STDERR_REDIRECT] [Fatal Error] :1:1: Premature end of file.
2026-03-01 01:25:28,786 [ERROR] LogOutputStream:75 - [STDERR_REDIRECT] 
2026-03-01 01:25:29,785 [ERROR] LogOutputStream:75 - [STDERR_REDIRECT] [Fatal Error] :1:1: Premature end of file.
2026-03-01 01:25:29,785 [ERROR] LogOutputStream:75 - [STDERR_REDIRECT] 
2026-03-01 01:25:30,784 [ERROR] LogOutputStream:75 - [STDERR_REDIRECT] [Fatal Error] :1:1: Premature end of file.
2026-03-01 01:25:30,784 [ERROR] LogOutputStream:75 - [STDERR_REDIRECT] 
2026-03-01 01:25:31,787 [ERROR] LogOutputStream:75 - [STDERR_REDIRECT] [Fatal Error] :1:1: Premature end of file.
2026-03-01 01:25:31,787 [ERROR] LogOutputStream:75 - [STDERR_REDIRECT] 
2026-03-01 01:25:32,785 [ERROR] LogOutputStream:75 - [STDERR_REDIRECT] [Fatal Error] :1:1: Premature end of file.
2026-03-01 01:25:32,785 [ERROR] LogOutputStream:75 - [STDERR_REDIRECT] 
2026-03-01 01:25:33,783 [ERROR] LogOutputStream:75 - [STDERR_REDIRECT] [Fatal Error] :1:1: Premature end of file.
2026-03-01 01:25:33,783 [ERROR] LogOutputStream:75 - [STDERR_REDIRECT] 
2026-03-01 01:25:34,783 [ERROR] LogOutputStream:75 - [STDERR_REDIRECT] [Fatal Error] :1:1: Premature end of file.
2026-03-01 01:25:34,783 [ERROR] LogOutputStream:75 - [STDERR_REDIRECT] 
2026-03-01 01:25:35,787 [ERROR] LogOutputStream:75 - [STDERR_REDIRECT] [Fatal Error] :1:1: Premature end of file.
2026-03-01 01:25:35,787 [ERROR] LogOutputStream:75 - [STDERR_REDIRECT] 
2026-03-01 01:25:36,785 [ERROR] LogOutputStream:75 - [STDERR_REDIRECT] [Fatal Error] :1:1: Premature end of file.
2026-03-01 01:25:36,786 [ERROR] LogOutputStream:75 - [STDERR_REDIRECT] 
2026-03-01 01:25:37,785 [ERROR] LogOutputStream:75 - [STDERR_REDIRECT] [Fatal Error] :1:1: Premature end of file.
2026-03-01 01:25:37,785 [ERROR] LogOutputStream:75 - [STDERR_REDIRECT] 
2026-03-01 01:25:38,787 [ERROR] LogOutputStream:75 - [STDERR_REDIRECT] [Fatal Error] :1:1: Premature end of file.
2026-03-01 01:25:38,787 [ERROR] LogOutputStream:75 - [STDERR_REDIRECT] 
2026-03-01 01:25:39,786 [ERROR] LogOutputStream:75 - [STDERR_REDIRECT] [Fatal Error] :1:1: Premature end of file.
2026-03-01 01:25:39,786 [ERROR] LogOutputStream:75 - [STDERR_REDIRECT] 
2026-03-01 01:25:40,784 [ERROR] LogOutputStream:75 - [STDERR_REDIRECT] [Fatal Error] :1:1: Premature end of file.
2026-03-01 01:25:40,784 [ERROR] LogOutputStream:75 - [STDERR_REDIRECT] 
2026-03-01 01:25:41,785 [ERROR] LogOutputStream:75 - [STDERR_REDIRECT] [Fatal Error] :1:1: Premature end of file.
2026-03-01 01:25:41,785 [ERROR] LogOutputStream:75 - [STDERR_REDIRECT] 
2026-03-01 01:25:42,784 [ERROR] LogOutputStream:75 - [STDERR_REDIRECT] [Fatal Error] :1:1: Premature end of file.
2026-03-01 01:25:42,784 [ERROR] LogOutputStream:75 - [STDERR_REDIRECT] 
2026-03-01 01:25:43,787 [ERROR] LogOutputStream:75 - [STDERR_REDIRECT] [Fatal Error] :1:1: Premature end of file.
2026-03-01 01:25:43,787 [ERROR] LogOutputStream:75 - [STDERR_REDIRECT] 
2026-03-01 01:25:44,784 [ERROR] LogOutputStream:75 - [STDERR_REDIRECT] [Fatal Error] :1:1: Premature end of file.
2026-03-01 01:25:44,784 [ERROR] LogOutputStream:75 - [STDERR_REDIRECT] 
2026-03-01 01:25:45,782 [ERROR] LogOutputStream:75 - [STDERR_REDIRECT] [Fatal Error] :1:1: Premature end of file.
2026-03-01 01:25:45,782 [ERROR] LogOutputStream:75 - [STDERR_REDIRECT] 
2026-03-01 01:25:46,786 [ERROR] LogOutputStream:75 - [STDERR_REDIRECT] [Fatal Error] :1:1: Premature end of file.
2026-03-01 01:25:46,786 [ERROR] LogOutputStream:75 - [STDERR_REDIRECT] 
2026-03-01 01:25:47,784 [ERROR] LogOutputStream:75 - [STDERR_REDIRECT] [Fatal Error] :1:1: Premature end of file.
2026-03-01 01:25:47,784 [ERROR] LogOutputStream:75 - [STDERR_REDIRECT] 
2026-03-01 01:25:48,785 [ERROR] LogOutputStream:75 - [STDERR_REDIRECT] [Fatal Error] :1:1: Premature end of file.
2026-03-01 01:25:48,785 [ERROR] LogOutputStream:75 - [STDERR_REDIRECT] 
2026-03-01 01:25:49,786 [ERROR] LogOutputStream:75 - [STDERR_REDIRECT] [Fatal Error] :1:1: Premature end of file.
2026-03-01 01:25:49,786 [ERROR] LogOutputStream:75 - [STDERR_REDIRECT] 
2026-03-01 01:25:50,785 [ERROR] LogOutputStream:75 - [STDERR_REDIRECT] [Fatal Error] :1:1: Premature end of file.
2026-03-01 01:25:50,785 [ERROR] LogOutputStream:75 - [STDERR_REDIRECT] 
2026-03-01 01:25:51,785 [ERROR] LogOutputStream:75 - [STDERR_REDIRECT] [Fatal Error] :1:1: Premature end of file.
2026-03-01 01:25:51,785 [ERROR] LogOutputStream:75 - [STDERR_REDIRECT] 
2026-03-01 01:25:52,783 [ERROR] LogOutputStream:75 - [STDERR_REDIRECT] [Fatal Error] :1:1: Premature end of file.
2026-03-01 01:25:52,783 [ERROR] LogOutputStream:75 - [STDERR_REDIRECT] 
2026-03-01 01:25:53,783 [ERROR] LogOutputStream:75 - [STDERR_REDIRECT] [Fatal Error] :1:1: Premature end of file.
2026-03-01 01:25:53,783 [ERROR] LogOutputStream:75 - [STDERR_REDIRECT] 
2026-03-01 01:25:54,784 [ERROR] LogOutputStream:75 - [STDERR_REDIRECT] [Fatal Error] :1:1: Premature end of file.
2026-03-01 01:25:54,785 [ERROR] LogOutputStream:75 - [STDERR_REDIRECT] 
2026-03-01 01:25:55,785 [ERROR] LogOutputStream:75 - [STDERR_REDIRECT] [Fatal Error] :1:1: Premature end of file.
2026-03-01 01:25:55,785 [ERROR] LogOutputStream:75 - [STDERR_REDIRECT] 
2026-03-01 01:25:56,783 [ERROR] LogOutputStream:75 - [STDERR_REDIRECT] [Fatal Error] :1:1: Premature end of file.
2026-03-01 01:25:56,783 [ERROR] LogOutputStream:75 - [STDERR_REDIRECT] 
2026-03-01 01:25:57,785 [ERROR] LogOutputStream:75 - [STDERR_REDIRECT] [Fatal Error] :1:1: Premature end of file.
2026-03-01 01:25:57,785 [ERROR] LogOutputStream:75 - [STDERR_REDIRECT] 
2026-03-01 01:25:58,784 [ERROR] LogOutputStream:75 - [STDERR_REDIRECT] [Fatal Error] :1:1: Premature end of file.
2026-03-01 01:25:58,784 [ERROR] LogOutputStream:75 - [STDERR_REDIRECT] 
2026-03-01 01:25:59,784 [ERROR] LogOutputStream:75 - [STDERR_REDIRECT] [Fatal Error] :1:1: Premature end of file.
2026-03-01 01:25:59,784 [ERROR] LogOutputStream:75 - [STDERR_REDIRECT] 
2026-03-01 01:26:00,785 [ERROR] LogOutputStream:75 - [STDERR_REDIRECT] [Fatal Error] :1:1: Premature end of file.
2026-03-01 01:26:00,785 [ERROR] LogOutputStream:75 - [STDERR_REDIRECT] 
2026-03-01 01:26:01,785 [ERROR] LogOutputStream:75 - [STDERR_REDIRECT] [Fatal Error] :1:1: Premature end of file.
2026-03-01 01:26:01,785 [ERROR] LogOutputStream:75 - [STDERR_REDIRECT] 
2026-03-01 01:26:02,787 [ERROR] LogOutputStream:75 - [STDERR_REDIRECT] [Fatal Error] :1:1: Premature end of file.
2026-03-01 01:26:02,787 [ERROR] LogOutputStream:75 - [STDERR_REDIRECT] 
2026-03-01 01:26:03,786 [ERROR] LogOutputStream:75 - [STDERR_REDIRECT] [Fatal Error] :1:1: Premature end of file.
2026-03-01 01:26:03,787 [ERROR] LogOutputStream:75 - [STDERR_REDIRECT] 
2026-03-01 01:26:04,784 [ERROR] LogOutputStream:75 - [STDERR_REDIRECT] [Fatal Error] :1:1: Premature end of file.
2026-03-01 01:26:04,784 [ERROR] LogOutputStream:75 - [STDERR_REDIRECT] 
2026-03-01 01:26:05,785 [ERROR] LogOutputStream:75 - [STDERR_REDIRECT] [Fatal Error] :1:1: Premature end of file.
2026-03-01 01:26:05,785 [ERROR] LogOutputStream:75 - [STDERR_REDIRECT] 
2026-03-01 01:26:06,796 [ERROR] LogOutputStream:75 - [STDERR_REDIRECT] [Fatal Error] :1:1: Premature end of file.
2026-03-01 01:26:06,796 [ERROR] LogOutputStream:75 - [STDERR_REDIRECT] 
2026-03-01 01:26:07,788 [ERROR] LogOutputStream:75 - [STDERR_REDIRECT] [Fatal Error] :1:1: Premature end of file.
2026-03-01 01:26:07,788 [ERROR] LogOutputStream:75 - [STDERR_REDIRECT] 
2026-03-01 01:26:08,787 [ERROR] LogOutputStream:75 - [STDERR_REDIRECT] [Fatal Error] :1:1: Premature end of file.
2026-03-01 01:26:08,787 [ERROR] LogOutputStream:75 - [STDERR_REDIRECT] 
2026-03-01 01:26:09,782 [ERROR] LogOutputStream:75 - [STDERR_REDIRECT] [Fatal Error] :1:1: Premature end of file.
2026-03-01 01:26:09,783 [ERROR] LogOutputStream:75 - [STDERR_REDIRECT] 
2026-03-01 01:26:10,786 [ERROR] LogOutputStream:75 - [STDERR_REDIRECT] [Fatal Error] :1:1: Premature end of file.
2026-03-01 01:26:10,786 [ERROR] LogOutputStream:75 - [STDERR_REDIRECT] 
2026-03-01 01:26:11,787 [ERROR] LogOutputStream:75 - [STDERR_REDIRECT] [Fatal Error] :1:1: Premature end of file.
2026-03-01 01:26:11,787 [ERROR] LogOutputStream:75 - [STDERR_REDIRECT] 
2026-03-01 01:26:12,785 [ERROR] LogOutputStream:75 - [STDERR_REDIRECT] [Fatal Error] :1:1: Premature end of file.
2026-03-01 01:26:12,785 [ERROR] LogOutputStream:75 - [STDERR_REDIRECT] 
2026-03-01 01:26:13,785 [ERROR] LogOutputStream:75 - [STDERR_REDIRECT] [Fatal Error] :1:1: Premature end of file.
2026-03-01 01:26:13,785 [ERROR] LogOutputStream:75 - [STDERR_REDIRECT] 
2026-03-01 01:26:14,791 [ERROR] LogOutputStream:75 - [STDERR_REDIRECT] [Fatal Error] :1:1: Premature end of file.
2026-03-01 01:26:14,791 [ERROR] LogOutputStream:75 - [STDERR_REDIRECT] 
2026-03-01 01:26:15,785 [ERROR] LogOutputStream:75 - [STDERR_REDIRECT] [Fatal Error] :1:1: Premature end of file.
2026-03-01 01:26:15,786 [ERROR] LogOutputStream:75 - [STDERR_REDIRECT] 
2026-03-01 01:26:16,784 [ERROR] LogOutputStream:75 - [STDERR_REDIRECT] [Fatal Error] :1:1: Premature end of file.
2026-03-01 01:26:16,784 [ERROR] LogOutputStream:75 - [STDERR_REDIRECT] 
2026-03-01 01:26:17,798 [ERROR] LogOutputStream:75 - [STDERR_REDIRECT] [Fatal Error] :1:1: Premature end of file.
2026-03-01 01:26:17,798 [ERROR] LogOutputStream:75 - [STDERR_REDIRECT] 
2026-03-01 01:26:18,782 [ERROR] LogOutputStream:75 - [STDERR_REDIRECT] [Fatal Error] :1:1: Premature end of file.
2026-03-01 01:26:18,782 [ERROR] LogOutputStream:75 - [STDERR_REDIRECT] 
2026-03-01 01:26:19,784 [ERROR] LogOutputStream:75 - [STDERR_REDIRECT] [Fatal Error] :1:1: Premature end of file.
2026-03-01 01:26:19,784 [ERROR] LogOutputStream:75 - [STDERR_REDIRECT] 
2026-03-01 01:26:20,784 [ERROR] LogOutputStream:75 - [STDERR_REDIRECT] [Fatal Error] :1:1: Premature end of file.
2026-03-01 01:26:20,784 [ERROR] LogOutputStream:75 - [STDERR_REDIRECT] 
2026-03-01 01:26:22,425 [ERROR] LogOutputStream:75 - [STDERR_REDIRECT] [Fatal Error] :1:1: Premature end of file.
2026-03-01 01:26:22,425 [ERROR] LogOutputStream:75 - [STDERR_REDIRECT] 
2026-03-01 01:26:22,786 [ERROR] LogOutputStream:75 - [STDERR_REDIRECT] [Fatal Error] :1:1: Premature end of file.
2026-03-01 01:26:22,786 [ERROR] LogOutputStream:75 - [STDERR_REDIRECT] 
2026-03-01 01:26:23,789 [ERROR] LogOutputStream:75 - [STDERR_REDIRECT] [Fatal Error] :1:1: Premature end of file.
2026-03-01 01:26:23,790 [ERROR] LogOutputStream:75 - [STDERR_REDIRECT] 
2026-03-01 01:26:24,785 [ERROR] LogOutputStream:75 - [STDERR_REDIRECT] [Fatal Error] :1:1: Premature end of file.
2026-03-01 01:26:24,785 [ERROR] LogOutputStream:75 - [STDERR_REDIRECT] 
2026-03-01 01:26:25,784 [ERROR] LogOutputStream:75 - [STDERR_REDIRECT] [Fatal Error] :1:1: Premature end of file.
2026-03-01 01:26:25,784 [ERROR] LogOutputStream:75 - [STDERR_REDIRECT] 
2026-03-01 01:26:26,784 [ERROR] LogOutputStream:75 - [STDERR_REDIRECT] [Fatal Error] :1:1: Premature end of file.
2026-03-01 01:26:26,784 [ERROR] LogOutputStream:75 - [STDERR_REDIRECT] 
2026-03-01 01:26:27,783 [ERROR] LogOutputStream:75 - [STDERR_REDIRECT] [Fatal Error] :1:1: Premature end of file.
2026-03-01 01:26:27,783 [ERROR] LogOutputStream:75 - [STDERR_REDIRECT] 
2026-03-01 01:26:28,786 [ERROR] LogOutputStream:75 - [STDERR_REDIRECT] [Fatal Error] :1:1: Premature end of file.
2026-03-01 01:26:28,786 [ERROR] LogOutputStream:75 - [STDERR_REDIRECT] 
2026-03-01 01:26:29,782 [ERROR] LogOutputStream:75 - [STDERR_REDIRECT] [Fatal Error] :1:1: Premature end of file.
2026-03-01 01:26:29,782 [ERROR] LogOutputStream:75 - [STDERR_REDIRECT] 
2026-03-01 01:26:30,785 [ERROR] LogOutputStream:75 - [STDERR_REDIRECT] [Fatal Error] :1:1: Premature end of file.
2026-03-01 01:26:30,785 [ERROR] LogOutputStream:75 - [STDERR_REDIRECT] 
2026-03-01 01:26:31,784 [ERROR] LogOutputStream:75 - [STDERR_REDIRECT] [Fatal Error] :1:1: Premature end of file.
2026-03-01 01:26:31,785 [ERROR] LogOutputStream:75 - [STDERR_REDIRECT] 
2026-03-01 01:26:32,786 [ERROR] LogOutputStream:75 - [STDERR_REDIRECT] [Fatal Error] :1:1: Premature end of file.
2026-03-01 01:26:32,786 [ERROR] LogOutputStream:75 - [STDERR_REDIRECT] 
2026-03-01 01:26:33,786 [ERROR] LogOutputStream:75 - [STDERR_REDIRECT] [Fatal Error] :1:1: Premature end of file.
2026-03-01 01:26:33,786 [ERROR] LogOutputStream:75 - [STDERR_REDIRECT] 
2026-03-01 01:26:34,787 [ERROR] LogOutputStream:75 - [STDERR_REDIRECT] [Fatal Error] :1:1: Premature end of file.
2026-03-01 01:26:34,787 [ERROR] LogOutputStream:75 - [STDERR_REDIRECT] 
2026-03-01 01:26:35,784 [ERROR] LogOutputStream:75 - [STDERR_REDIRECT] [Fatal Error] :1:1: Premature end of file.
2026-03-01 01:26:35,784 [ERROR] LogOutputStream:75 - [STDERR_REDIRECT] 
2026-03-01 01:26:36,785 [ERROR] LogOutputStream:75 - [STDERR_REDIRECT] [Fatal Error] :1:1: Premature end of file.
2026-03-01 01:26:36,786 [ERROR] LogOutputStream:75 - [STDERR_REDIRECT] 
2026-03-01 01:26:37,785 [ERROR] LogOutputStream:75 - [STDERR_REDIRECT] [Fatal Error] :1:1: Premature end of file.
2026-03-01 01:26:37,795 [ERROR] LogOutputStream:75 - [STDERR_REDIRECT] 
2026-03-01 01:26:38,785 [ERROR] LogOutputStream:75 - [STDERR_REDIRECT] [Fatal Error] :1:1: Premature end of file.
2026-03-01 01:26:38,786 [ERROR] LogOutputStream:75 - [STDERR_REDIRECT] 
2026-03-01 01:26:39,787 [ERROR] LogOutputStream:75 - [STDERR_REDIRECT] [Fatal Error] :1:1: Premature end of file.
2026-03-01 01:26:39,787 [ERROR] LogOutputStream:75 - [STDERR_REDIRECT] 
2026-03-01 01:26:40,785 [ERROR] LogOutputStream:75 - [STDERR_REDIRECT] [Fatal Error] :1:1: Premature end of file.
2026-03-01 01:26:40,785 [ERROR] LogOutputStream:75 - [STDERR_REDIRECT] 
2026-03-01 01:26:41,789 [ERROR] LogOutputStream:75 - [STDERR_REDIRECT] [Fatal Error] :1:1: Premature end of file.
2026-03-01 01:26:41,789 [ERROR] LogOutputStream:75 - [STDERR_REDIRECT] 
2026-03-01 01:26:42,785 [ERROR] LogOutputStream:75 - [STDERR_REDIRECT] [Fatal Error] :1:1: Premature end of file.
2026-03-01 01:26:42,785 [ERROR] LogOutputStream:75 - [STDERR_REDIRECT] 
2026-03-01 01:26:43,786 [ERROR] LogOutputStream:75 - [STDERR_REDIRECT] [Fatal Error] :1:1: Premature end of file.
2026-03-01 01:26:43,786 [ERROR] LogOutputStream:75 - [STDERR_REDIRECT] 
2026-03-01 01:26:44,785 [ERROR] LogOutputStream:75 - [STDERR_REDIRECT] [Fatal Error] :1:1: Premature end of file.
2026-03-01 01:26:44,786 [ERROR] LogOutputStream:75 - [STDERR_REDIRECT] 
2026-03-01 01:26:45,786 [ERROR] LogOutputStream:75 - [STDERR_REDIRECT] [Fatal Error] :1:1: Premature end of file.
2026-03-01 01:26:45,786 [ERROR] LogOutputStream:75 - [STDERR_REDIRECT] 
2026-03-01 01:26:46,787 [ERROR] LogOutputStream:75 - [STDERR_REDIRECT] [Fatal Error] :1:1: Premature end of file.
2026-03-01 01:26:46,787 [ERROR] LogOutputStream:75 - [STDERR_REDIRECT] 
2026-03-01 01:26:47,785 [ERROR] LogOutputStream:75 - [STDERR_REDIRECT] [Fatal Error] :1:1: Premature end of file.
2026-03-01 01:26:47,785 [ERROR] LogOutputStream:75 - [STDERR_REDIRECT] 
2026-03-01 01:26:48,784 [ERROR] LogOutputStream:75 - [STDERR_REDIRECT] [Fatal Error] :1:1: Premature end of file.
2026-03-01 01:26:48,784 [ERROR] LogOutputStream:75 - [STDERR_REDIRECT] 
2026-03-01 01:26:49,786 [ERROR] LogOutputStream:75 - [STDERR_REDIRECT] [Fatal Error] :1:1: Premature end of file.
2026-03-01 01:26:49,786 [ERROR] LogOutputStream:75 - [STDERR_REDIRECT] 
2026-03-01 01:26:50,785 [ERROR] LogOutputStream:75 - [STDERR_REDIRECT] [Fatal Error] :1:1: Premature end of file.
2026-03-01 01:26:50,785 [ERROR] LogOutputStream:75 - [STDERR_REDIRECT] 
2026-03-01 01:26:51,786 [ERROR] LogOutputStream:75 - [STDERR_REDIRECT] [Fatal Error] :1:1: Premature end of file.
2026-03-01 01:26:51,786 [ERROR] LogOutputStream:75 - [STDERR_REDIRECT] 
2026-03-01 01:26:52,786 [ERROR] LogOutputStream:75 - [STDERR_REDIRECT] [Fatal Error] :1:1: Premature end of file.
2026-03-01 01:26:52,788 [ERROR] LogOutputStream:75 - [STDERR_REDIRECT] 
2026-03-01 01:26:53,784 [ERROR] LogOutputStream:75 - [STDERR_REDIRECT] [Fatal Error] :1:1: Premature end of file.
2026-03-01 01:26:53,785 [ERROR] LogOutputStream:75 - [STDERR_REDIRECT] 
2026-03-01 01:26:54,787 [ERROR] LogOutputStream:75 - [STDERR_REDIRECT] [Fatal Error] :1:1: Premature end of file.
2026-03-01 01:26:54,787 [ERROR] LogOutputStream:75 - [STDERR_REDIRECT] 
2026-03-01 01:26:55,787 [ERROR] LogOutputStream:75 - [STDERR_REDIRECT] [Fatal Error] :1:1: Premature end of file.
2026-03-01 01:26:55,787 [ERROR] LogOutputStream:75 - [STDERR_REDIRECT] 
2026-03-01 01:26:56,784 [ERROR] LogOutputStream:75 - [STDERR_REDIRECT] [Fatal Error] :1:1: Premature end of file.
2026-03-01 01:26:56,784 [ERROR] LogOutputStream:75 - [STDERR_REDIRECT] 
2026-03-01 01:26:57,785 [ERROR] LogOutputStream:75 - [STDERR_REDIRECT] [Fatal Error] :1:1: Premature end of file.
2026-03-01 01:26:57,785 [ERROR] LogOutputStream:75 - [STDERR_REDIRECT] 
2026-03-01 01:26:58,786 [ERROR] LogOutputStream:75 - [STDERR_REDIRECT] [Fatal Error] :1:1: Premature end of file.
2026-03-01 01:26:58,786 [ERROR] LogOutputStream:75 - [STDERR_REDIRECT] 
2026-03-01 01:26:59,786 [ERROR] LogOutputStream:75 - [STDERR_REDIRECT] [Fatal Error] :1:1: Premature end of file.
2026-03-01 01:26:59,786 [ERROR] LogOutputStream:75 - [STDERR_REDIRECT] 
2026-03-01 01:27:00,784 [ERROR] LogOutputStream:75 - [STDERR_REDIRECT] [Fatal Error] :1:1: Premature end of file.
2026-03-01 01:27:00,784 [ERROR] LogOutputStream:75 - [STDERR_REDIRECT] 
2026-03-01 01:27:01,787 [ERROR] LogOutputStream:75 - [STDERR_REDIRECT] [Fatal Error] :1:1: Premature end of file.
2026-03-01 01:27:01,787 [ERROR] LogOutputStream:75 - [STDERR_REDIRECT] 
2026-03-01 01:27:02,786 [ERROR] LogOutputStream:75 - [STDERR_REDIRECT] [Fatal Error] :1:1: Premature end of file.
2026-03-01 01:27:02,786 [ERROR] LogOutputStream:75 - [STDERR_REDIRECT] 
2026-03-01 01:27:03,785 [ERROR] LogOutputStream:75 - [STDERR_REDIRECT] [Fatal Error] :1:1: Premature end of file.
2026-03-01 01:27:03,785 [ERROR] LogOutputStream:75 - [STDERR_REDIRECT] 
2026-03-01 01:27:04,784 [ERROR] LogOutputStream:75 - [STDERR_REDIRECT] [Fatal Error] :1:1: Premature end of file.
2026-03-01 01:27:04,784 [ERROR] LogOutputStream:75 - [STDERR_REDIRECT] 
2026-03-01 01:27:05,785 [ERROR] LogOutputStream:75 - [STDERR_REDIRECT] [Fatal Error] :1:1: Premature end of file.
2026-03-01 01:27:05,786 [ERROR] LogOutputStream:75 - [STDERR_REDIRECT] 
2026-03-01 01:27:06,786 [ERROR] LogOutputStream:75 - [STDERR_REDIRECT] [Fatal Error] :1:1: Premature end of file.
2026-03-01 01:27:06,786 [ERROR] LogOutputStream:75 - [STDERR_REDIRECT] 
2026-03-01 01:27:07,784 [ERROR] LogOutputStream:75 - [STDERR_REDIRECT] [Fatal Error] :1:1: Premature end of file.
2026-03-01 01:27:07,784 [ERROR] LogOutputStream:75 - [STDERR_REDIRECT] 
2026-03-01 01:27:08,785 [ERROR] LogOutputStream:75 - [STDERR_REDIRECT] [Fatal Error] :1:1: Premature end of file.
2026-03-01 01:27:08,785 [ERROR] LogOutputStream:75 - [STDERR_REDIRECT] 
2026-03-01 01:27:09,784 [ERROR] LogOutputStream:75 - [STDERR_REDIRECT] [Fatal Error] :1:1: Premature end of file.
2026-03-01 01:27:09,784 [ERROR] LogOutputStream:75 - [STDERR_REDIRECT] 
2026-03-01 01:27:10,786 [ERROR] LogOutputStream:75 - [STDERR_REDIRECT] [Fatal Error] :1:1: Premature end of file.
2026-03-01 01:27:10,786 [ERROR] LogOutputStream:75 - [STDERR_REDIRECT] 
2026-03-01 01:27:11,785 [ERROR] LogOutputStream:75 - [STDERR_REDIRECT] [Fatal Error] :1:1: Premature end of file.
2026-03-01 01:27:11,785 [ERROR] LogOutputStream:75 - [STDERR_REDIRECT] 
2026-03-01 01:27:12,789 [ERROR] LogOutputStream:75 - [STDERR_REDIRECT] [Fatal Error] :1:1: Premature end of file.
2026-03-01 01:27:12,789 [ERROR] LogOutputStream:75 - [STDERR_REDIRECT] 
2026-03-01 01:27:13,783 [ERROR] LogOutputStream:75 - [STDERR_REDIRECT] [Fatal Error] :1:1: Premature end of file.
2026-03-01 01:27:13,783 [ERROR] LogOutputStream:75 - [STDERR_REDIRECT] 
2026-03-01 01:27:14,784 [ERROR] LogOutputStream:75 - [STDERR_REDIRECT] [Fatal Error] :1:1: Premature end of file.
2026-03-01 01:27:14,784 [ERROR] LogOutputStream:75 - [STDERR_REDIRECT] 
2026-03-01 01:27:15,785 [ERROR] LogOutputStream:75 - [STDERR_REDIRECT] [Fatal Error] :1:1: Premature end of file.
2026-03-01 01:27:15,785 [ERROR] LogOutputStream:75 - [STDERR_REDIRECT] 
2026-03-01 01:27:16,785 [ERROR] LogOutputStream:75 - [STDERR_REDIRECT] [Fatal Error] :1:1: Premature end of file.
2026-03-01 01:27:16,785 [ERROR] LogOutputStream:75 - [STDERR_REDIRECT] 
2026-03-01 01:27:17,786 [ERROR] LogOutputStream:75 - [STDERR_REDIRECT] [Fatal Error] :1:1: Premature end of file.
2026-03-01 01:27:17,786 [ERROR] LogOutputStream:75 - [STDERR_REDIRECT] 
2026-03-01 01:27:18,783 [ERROR] LogOutputStream:75 - [STDERR_REDIRECT] [Fatal Error] :1:1: Premature end of file.
2026-03-01 01:27:18,784 [ERROR] LogOutputStream:75 - [STDERR_REDIRECT] 
2026-03-01 01:27:19,785 [ERROR] LogOutputStream:75 - [STDERR_REDIRECT] [Fatal Error] :1:1: Premature end of file.
2026-03-01 01:27:19,785 [ERROR] LogOutputStream:75 - [STDERR_REDIRECT] 
2026-03-01 01:27:20,786 [ERROR] LogOutputStream:75 - [STDERR_REDIRECT] [Fatal Error] :1:1: Premature end of file.
2026-03-01 01:27:20,786 [ERROR] LogOutputStream:75 - [STDERR_REDIRECT] 
2026-03-01 01:27:21,786 [ERROR] LogOutputStream:75 - [STDERR_REDIRECT] [Fatal Error] :1:1: Premature end of file.
2026-03-01 01:27:21,787 [ERROR] LogOutputStream:75 - [STDERR_REDIRECT] 
2026-03-01 01:27:22,785 [ERROR] LogOutputStream:75 - [STDERR_REDIRECT] [Fatal Error] :1:1: Premature end of file.
2026-03-01 01:27:22,785 [ERROR] LogOutputStream:75 - [STDERR_REDIRECT] 
2026-03-01 01:27:23,788 [ERROR] LogOutputStream:75 - [STDERR_REDIRECT] [Fatal Error] :1:1: Premature end of file.
2026-03-01 01:27:23,788 [ERROR] LogOutputStream:75 - [STDERR_REDIRECT] 
2026-03-01 01:27:24,784 [ERROR] LogOutputStream:75 - [STDERR_REDIRECT] [Fatal Error] :1:1: Premature end of file.
2026-03-01 01:27:24,784 [ERROR] LogOutputStream:75 - [STDERR_REDIRECT] 
2026-03-01 01:27:25,782 [ERROR] LogOutputStream:75 - [STDERR_REDIRECT] [Fatal Error] :1:1: Premature end of file.
2026-03-01 01:27:25,782 [ERROR] LogOutputStream:75 - [STDERR_REDIRECT] 
2026-03-01 01:27:26,783 [ERROR] LogOutputStream:75 - [STDERR_REDIRECT] [Fatal Error] :1:1: Premature end of file.
2026-03-01 01:27:26,783 [ERROR] LogOutputStream:75 - [STDERR_REDIRECT] 
2026-03-01 01:27:27,784 [ERROR] LogOutputStream:75 - [STDERR_REDIRECT] [Fatal Error] :1:1: Premature end of file.
2026-03-01 01:27:27,784 [ERROR] LogOutputStream:75 - [STDERR_REDIRECT] 
2026-03-01 01:27:28,787 [ERROR] LogOutputStream:75 - [STDERR_REDIRECT] [Fatal Error] :1:1: Premature end of file.
2026-03-01 01:27:28,787 [ERROR] LogOutputStream:75 - [STDERR_REDIRECT] 
2026-03-01 01:27:29,786 [ERROR] LogOutputStream:75 - [STDERR_REDIRECT] [Fatal Error] :1:1: Premature end of file.
2026-03-01 01:27:29,787 [ERROR] LogOutputStream:75 - [STDERR_REDIRECT] 
2026-03-01 01:27:30,786 [ERROR] LogOutputStream:75 - [STDERR_REDIRECT] [Fatal Error] :1:1: Premature end of file.
2026-03-01 01:27:30,786 [ERROR] LogOutputStream:75 - [STDERR_REDIRECT] 
2026-03-01 01:27:31,792 [ERROR] LogOutputStream:75 - [STDERR_REDIRECT] [Fatal Error] :1:1: Premature end of file.
2026-03-01 01:27:31,792 [ERROR] LogOutputStream:75 - [STDERR_REDIRECT] 
2026-03-01 01:27:32,783 [ERROR] LogOutputStream:75 - [STDERR_REDIRECT] [Fatal Error] :1:1: Premature end of file.
2026-03-01 01:27:32,783 [ERROR] LogOutputStream:75 - [STDERR_REDIRECT] 
2026-03-01 01:27:33,786 [ERROR] LogOutputStream:75 - [STDERR_REDIRECT] [Fatal Error] :1:1: Premature end of file.
2026-03-01 01:27:33,786 [ERROR] LogOutputStream:75 - [STDERR_REDIRECT] 
2026-03-01 01:27:34,783 [ERROR] LogOutputStream:75 - [STDERR_REDIRECT] [Fatal Error] :1:1: Premature end of file.
2026-03-01 01:27:34,784 [ERROR] LogOutputStream:75 - [STDERR_REDIRECT] 
2026-03-01 01:27:35,785 [ERROR] LogOutputStream:75 - [STDERR_REDIRECT] [Fatal Error] :1:1: Premature end of file.
2026-03-01 01:27:35,785 [ERROR] LogOutputStream:75 - [STDERR_REDIRECT] 
2026-03-01 01:27:36,784 [ERROR] LogOutputStream:75 - [STDERR_REDIRECT] [Fatal Error] :1:1: Premature end of file.
2026-03-01 01:27:36,784 [ERROR] LogOutputStream:75 - [STDERR_REDIRECT] 
2026-03-01 01:27:37,786 [ERROR] LogOutputStream:75 - [STDERR_REDIRECT] [Fatal Error] :1:1: Premature end of file.
2026-03-01 01:27:37,786 [ERROR] LogOutputStream:75 - [STDERR_REDIRECT] 
2026-03-01 01:27:38,787 [ERROR] LogOutputStream:75 - [STDERR_REDIRECT] [Fatal Error] :1:1: Premature end of file.
2026-03-01 01:27:38,787 [ERROR] LogOutputStream:75 - [STDERR_REDIRECT] 
2026-03-01 01:27:39,785 [ERROR] LogOutputStream:75 - [STDERR_REDIRECT] [Fatal Error] :1:1: Premature end of file.
2026-03-01 01:27:39,785 [ERROR] LogOutputStream:75 - [STDERR_REDIRECT] 
2026-03-01 01:27:40,785 [ERROR] LogOutputStream:75 - [STDERR_REDIRECT] [Fatal Error] :1:1: Premature end of file.
2026-03-01 01:27:40,785 [ERROR] LogOutputStream:75 - [STDERR_REDIRECT] 
2026-03-01 01:27:41,787 [ERROR] LogOutputStream:75 - [STDERR_REDIRECT] [Fatal Error] :1:1: Premature end of file.
2026-03-01 01:27:41,787 [ERROR] LogOutputStream:75 - [STDERR_REDIRECT] 
2026-03-01 01:27:42,786 [ERROR] LogOutputStream:75 - [STDERR_REDIRECT] [Fatal Error] :1:1: Premature end of file.
2026-03-01 01:27:42,787 [ERROR] LogOutputStream:75 - [STDERR_REDIRECT] 
2026-03-01 01:27:43,784 [ERROR] LogOutputStream:75 - [STDERR_REDIRECT] [Fatal Error] :1:1: Premature end of file.
2026-03-01 01:27:43,784 [ERROR] LogOutputStream:75 - [STDERR_REDIRECT] 
2026-03-01 01:27:44,785 [ERROR] LogOutputStream:75 - [STDERR_REDIRECT] [Fatal Error] :1:1: Premature end of file.
2026-03-01 01:27:44,785 [ERROR] LogOutputStream:75 - [STDERR_REDIRECT] 
2026-03-01 01:27:45,785 [ERROR] LogOutputStream:75 - [STDERR_REDIRECT] [Fatal Error] :1:1: Premature end of file.
2026-03-01 01:27:45,785 [ERROR] LogOutputStream:75 - [STDERR_REDIRECT] 
2026-03-01 01:27:46,785 [ERROR] LogOutputStream:75 - [STDERR_REDIRECT] [Fatal Error] :1:1: Premature end of file.
2026-03-01 01:27:46,785 [ERROR] LogOutputStream:75 - [STDERR_REDIRECT] 
2026-03-01 01:27:47,784 [ERROR] LogOutputStream:75 - [STDERR_REDIRECT] [Fatal Error] :1:1: Premature end of file.
2026-03-01 01:27:47,784 [ERROR] LogOutputStream:75 - [STDERR_REDIRECT] 
2026-03-01 01:27:48,784 [ERROR] LogOutputStream:75 - [STDERR_REDIRECT] [Fatal Error] :1:1: Premature end of file.
2026-03-01 01:27:48,784 [ERROR] LogOutputStream:75 - [STDERR_REDIRECT] 
2026-03-01 01:27:49,785 [ERROR] LogOutputStream:75 - [STDERR_REDIRECT] [Fatal Error] :1:1: Premature end of file.
2026-03-01 01:27:49,785 [ERROR] LogOutputStream:75 - [STDERR_REDIRECT] 
2026-03-01 01:27:50,783 [ERROR] LogOutputStream:75 - [STDERR_REDIRECT] [Fatal Error] :1:1: Premature end of file.
2026-03-01 01:27:50,783 [ERROR] LogOutputStream:75 - [STDERR_REDIRECT] 
2026-03-01 01:27:51,786 [ERROR] LogOutputStream:75 - [STDERR_REDIRECT] [Fatal Error] :1:1: Premature end of file.
2026-03-01 01:27:51,786 [ERROR] LogOutputStream:75 - [STDERR_REDIRECT] 
2026-03-01 01:27:52,784 [ERROR] LogOutputStream:75 - [STDERR_REDIRECT] [Fatal Error] :1:1: Premature end of file.
2026-03-01 01:27:52,784 [ERROR] LogOutputStream:75 - [STDERR_REDIRECT] 
2026-03-01 01:27:53,786 [ERROR] LogOutputStream:75 - [STDERR_REDIRECT] [Fatal Error] :1:1: Premature end of file.
2026-03-01 01:27:53,786 [ERROR] LogOutputStream:75 - [STDERR_REDIRECT] 
2026-03-01 01:27:54,784 [ERROR] LogOutputStream:75 - [STDERR_REDIRECT] [Fatal Error] :1:1: Premature end of file.
2026-03-01 01:27:54,784 [ERROR] LogOutputStream:75 - [STDERR_REDIRECT] 
2026-03-01 01:27:55,784 [ERROR] LogOutputStream:75 - [STDERR_REDIRECT] [Fatal Error] :1:1: Premature end of file.
2026-03-01 01:27:55,784 [ERROR] LogOutputStream:75 - [STDERR_REDIRECT] 
2026-03-01 01:27:56,784 [ERROR] LogOutputStream:75 - [STDERR_REDIRECT] [Fatal Error] :1:1: Premature end of file.
2026-03-01 01:27:56,784 [ERROR] LogOutputStream:75 - [STDERR_REDIRECT] 
2026-03-01 01:27:57,784 [ERROR] LogOutputStream:75 - [STDERR_REDIRECT] [Fatal Error] :1:1: Premature end of file.
2026-03-01 01:27:57,784 [ERROR] LogOutputStream:75 - [STDERR_REDIRECT] 
2026-03-01 01:27:58,787 [ERROR] LogOutputStream:75 - [STDERR_REDIRECT] [Fatal Error] :1:1: Premature end of file.
2026-03-01 01:27:58,787 [ERROR] LogOutputStream:75 - [STDERR_REDIRECT] 
2026-03-01 01:27:59,789 [ERROR] LogOutputStream:75 - [STDERR_REDIRECT] [Fatal Error] :1:1: Premature end of file.
2026-03-01 01:27:59,789 [ERROR] LogOutputStream:75 - [STDERR_REDIRECT] 
2026-03-01 01:28:00,792 [ERROR] LogOutputStream:75 - [STDERR_REDIRECT] [Fatal Error] :1:1: Premature end of file.
2026-03-01 01:28:00,792 [ERROR] LogOutputStream:75 - [STDERR_REDIRECT] 
2026-03-01 01:28:01,789 [ERROR] LogOutputStream:75 - [STDERR_REDIRECT] [Fatal Error] :1:1: Premature end of file.
2026-03-01 01:28:01,789 [ERROR] LogOutputStream:75 - [STDERR_REDIRECT] 
2026-03-01 01:28:02,794 [ERROR] LogOutputStream:75 - [STDERR_REDIRECT] [Fatal Error] :1:1: Premature end of file.
2026-03-01 01:28:02,794 [ERROR] LogOutputStream:75 - [STDERR_REDIRECT] 
2026-03-01 01:28:03,784 [ERROR] LogOutputStream:75 - [STDERR_REDIRECT] [Fatal Error] :1:1: Premature end of file.
2026-03-01 01:28:03,785 [ERROR] LogOutputStream:75 - [STDERR_REDIRECT] 
2026-03-01 01:28:04,784 [ERROR] LogOutputStream:75 - [STDERR_REDIRECT] [Fatal Error] :1:1: Premature end of file.
2026-03-01 01:28:04,784 [ERROR] LogOutputStream:75 - [STDERR_REDIRECT] 
2026-03-01 01:28:05,786 [ERROR] LogOutputStream:75 - [STDERR_REDIRECT] [Fatal Error] :1:1: Premature end of file.
2026-03-01 01:28:05,786 [ERROR] LogOutputStream:75 - [STDERR_REDIRECT] 
2026-03-01 01:28:06,783 [ERROR] LogOutputStream:75 - [STDERR_REDIRECT] [Fatal Error] :1:1: Premature end of file.
2026-03-01 01:28:06,783 [ERROR] LogOutputStream:75 - [STDERR_REDIRECT] 
2026-03-01 01:28:07,786 [ERROR] LogOutputStream:75 - [STDERR_REDIRECT] [Fatal Error] :1:1: Premature end of file.
2026-03-01 01:28:07,786 [ERROR] LogOutputStream:75 - [STDERR_REDIRECT] 
2026-03-01 01:28:08,787 [ERROR] LogOutputStream:75 - [STDERR_REDIRECT] [Fatal Error] :1:1: Premature end of file.
2026-03-01 01:28:08,787 [ERROR] LogOutputStream:75 - [STDERR_REDIRECT] 
2026-03-01 01:28:09,792 [ERROR] LogOutputStream:75 - [STDERR_REDIRECT] [Fatal Error] :1:1: Premature end of file.
2026-03-01 01:28:09,792 [ERROR] LogOutputStream:75 - [STDERR_REDIRECT] 
2026-03-01 01:28:10,787 [ERROR] LogOutputStream:75 - [STDERR_REDIRECT] [Fatal Error] :1:1: Premature end of file.
2026-03-01 01:28:10,787 [ERROR] LogOutputStream:75 - [STDERR_REDIRECT] 
2026-03-01 01:28:11,783 [ERROR] LogOutputStream:75 - [STDERR_REDIRECT] [Fatal Error] :1:1: Premature end of file.
2026-03-01 01:28:11,783 [ERROR] LogOutputStream:75 - [STDERR_REDIRECT] 
2026-03-01 01:28:12,789 [ERROR] LogOutputStream:75 - [STDERR_REDIRECT] [Fatal Error] :1:1: Premature end of file.
2026-03-01 01:28:12,790 [ERROR] LogOutputStream:75 - [STDERR_REDIRECT] 
2026-03-01 01:28:13,791 [ERROR] LogOutputStream:75 - [STDERR_REDIRECT] [Fatal Error] :1:1: Premature end of file.
2026-03-01 01:28:13,791 [ERROR] LogOutputStream:75 - [STDERR_REDIRECT] 
2026-03-01 01:28:14,790 [ERROR] LogOutputStream:75 - [STDERR_REDIRECT] [Fatal Error] :1:1: Premature end of file.
2026-03-01 01:28:14,790 [ERROR] LogOutputStream:75 - [STDERR_REDIRECT] 
2026-03-01 01:28:15,781 [ERROR] LogOutputStream:75 - [STDERR_REDIRECT] [Fatal Error] :1:1: Premature end of file.
2026-03-01 01:28:15,781 [ERROR] LogOutputStream:75 - [STDERR_REDIRECT] 
2026-03-01 01:28:16,784 [ERROR] LogOutputStream:75 - [STDERR_REDIRECT] [Fatal Error] :1:1: Premature end of file.
2026-03-01 01:28:16,784 [ERROR] LogOutputStream:75 - [STDERR_REDIRECT] 
2026-03-01 01:28:17,790 [ERROR] LogOutputStream:75 - [STDERR_REDIRECT] [Fatal Error] :1:1: Premature end of file.
2026-03-01 01:28:17,790 [ERROR] LogOutputStream:75 - [STDERR_REDIRECT] 
2026-03-01 01:28:18,793 [ERROR] LogOutputStream:75 - [STDERR_REDIRECT] [Fatal Error] :1:1: Premature end of file.
2026-03-01 01:28:18,793 [ERROR] LogOutputStream:75 - [STDERR_REDIRECT] 
2026-03-01 01:28:19,785 [ERROR] LogOutputStream:75 - [STDERR_REDIRECT] [Fatal Error] :1:1: Premature end of file.
2026-03-01 01:28:19,785 [ERROR] LogOutputStream:75 - [STDERR_REDIRECT] 
2026-03-01 01:28:20,783 [ERROR] LogOutputStream:75 - [STDERR_REDIRECT] [Fatal Error] :1:1: Premature end of file.
2026-03-01 01:28:20,783 [ERROR] LogOutputStream:75 - [STDERR_REDIRECT] 
2026-03-01 01:28:21,785 [ERROR] LogOutputStream:75 - [STDERR_REDIRECT] [Fatal Error] :1:1: Premature end of file.
2026-03-01 01:28:21,785 [ERROR] LogOutputStream:75 - [STDERR_REDIRECT] 
2026-03-01 01:28:22,790 [ERROR] LogOutputStream:75 - [STDERR_REDIRECT] [Fatal Error] :1:1: Premature end of file.
2026-03-01 01:28:22,790 [ERROR] LogOutputStream:75 - [STDERR_REDIRECT] 
2026-03-01 01:28:23,785 [ERROR] LogOutputStream:75 - [STDERR_REDIRECT] [Fatal Error] :1:1: Premature end of file.
2026-03-01 01:28:23,786 [ERROR] LogOutputStream:75 - [STDERR_REDIRECT] 
2026-03-01 01:28:24,784 [ERROR] LogOutputStream:75 - [STDERR_REDIRECT] [Fatal Error] :1:1: Premature end of file.
2026-03-01 01:28:24,785 [ERROR] LogOutputStream:75 - [STDERR_REDIRECT] 
2026-03-01 01:28:25,796 [ERROR] LogOutputStream:75 - [STDERR_REDIRECT] [Fatal Error] :1:1: Premature end of file.
2026-03-01 01:28:25,797 [ERROR] LogOutputStream:75 - [STDERR_REDIRECT] 
2026-03-01 01:28:26,785 [ERROR] LogOutputStream:75 - [STDERR_REDIRECT] [Fatal Error] :1:1: Premature end of file.
2026-03-01 01:28:26,785 [ERROR] LogOutputStream:75 - [STDERR_REDIRECT] 
2026-03-01 01:28:27,786 [ERROR] LogOutputStream:75 - [STDERR_REDIRECT] [Fatal Error] :1:1: Premature end of file.
2026-03-01 01:28:27,786 [ERROR] LogOutputStream:75 - [STDERR_REDIRECT] 
2026-03-01 01:28:28,785 [ERROR] LogOutputStream:75 - [STDERR_REDIRECT] [Fatal Error] :1:1: Premature end of file.
2026-03-01 01:28:28,785 [ERROR] LogOutputStream:75 - [STDERR_REDIRECT] 
2026-03-01 01:28:29,793 [ERROR] LogOutputStream:75 - [STDERR_REDIRECT] [Fatal Error] :1:1: Premature end of file.
2026-03-01 01:28:29,793 [ERROR] LogOutputStream:75 - [STDERR_REDIRECT] 
2026-03-01 01:28:30,782 [ERROR] LogOutputStream:75 - [STDERR_REDIRECT] [Fatal Error] :1:1: Premature end of file.
2026-03-01 01:28:30,782 [ERROR] LogOutputStream:75 - [STDERR_REDIRECT] 
2026-03-01 01:28:31,787 [ERROR] LogOutputStream:75 - [STDERR_REDIRECT] [Fatal Error] :1:1: Premature end of file.
2026-03-01 01:28:31,787 [ERROR] LogOutputStream:75 - [STDERR_REDIRECT] 
2026-03-01 01:28:32,784 [ERROR] LogOutputStream:75 - [STDERR_REDIRECT] [Fatal Error] :1:1: Premature end of file.
2026-03-01 01:28:32,784 [ERROR] LogOutputStream:75 - [STDERR_REDIRECT] 
2026-03-01 01:28:33,782 [ERROR] LogOutputStream:75 - [STDERR_REDIRECT] [Fatal Error] :1:1: Premature end of file.
2026-03-01 01:28:33,782 [ERROR] LogOutputStream:75 - [STDERR_REDIRECT] 
2026-03-01 01:28:34,787 [ERROR] LogOutputStream:75 - [STDERR_REDIRECT] [Fatal Error] :1:1: Premature end of file.
2026-03-01 01:28:34,787 [ERROR] LogOutputStream:75 - [STDERR_REDIRECT] 
2026-03-01 01:28:35,787 [ERROR] LogOutputStream:75 - [STDERR_REDIRECT] [Fatal Error] :1:1: Premature end of file.
2026-03-01 01:28:35,787 [ERROR] LogOutputStream:75 - [STDERR_REDIRECT] 
2026-03-01 01:28:36,784 [ERROR] LogOutputStream:75 - [STDERR_REDIRECT] [Fatal Error] :1:1: Premature end of file.
2026-03-01 01:28:36,784 [ERROR] LogOutputStream:75 - [STDERR_REDIRECT] 
2026-03-01 01:28:37,790 [ERROR] LogOutputStream:75 - [STDERR_REDIRECT] [Fatal Error] :1:1: Premature end of file.
2026-03-01 01:28:37,790 [ERROR] LogOutputStream:75 - [STDERR_REDIRECT] 
2026-03-01 01:28:38,785 [ERROR] LogOutputStream:75 - [STDERR_REDIRECT] [Fatal Error] :1:1: Premature end of file.
2026-03-01 01:28:38,785 [ERROR] LogOutputStream:75 - [STDERR_REDIRECT] 
2026-03-01 01:28:39,784 [ERROR] LogOutputStream:75 - [STDERR_REDIRECT] [Fatal Error] :1:1: Premature end of file.
2026-03-01 01:28:39,784 [ERROR] LogOutputStream:75 - [STDERR_REDIRECT] 
2026-03-01 01:28:40,784 [ERROR] LogOutputStream:75 - [STDERR_REDIRECT] [Fatal Error] :1:1: Premature end of file.
2026-03-01 01:28:40,784 [ERROR] LogOutputStream:75 - [STDERR_REDIRECT] 
2026-03-01 01:28:41,784 [ERROR] LogOutputStream:75 - [STDERR_REDIRECT] [Fatal Error] :1:1: Premature end of file.
2026-03-01 01:28:41,785 [ERROR] LogOutputStream:75 - [STDERR_REDIRECT] 
2026-03-01 01:28:42,789 [ERROR] LogOutputStream:75 - [STDERR_REDIRECT] [Fatal Error] :1:1: Premature end of file.
2026-03-01 01:28:42,789 [ERROR] LogOutputStream:75 - [STDERR_REDIRECT] 
2026-03-01 01:28:43,782 [ERROR] LogOutputStream:75 - [STDERR_REDIRECT] [Fatal Error] :1:1: Premature end of file.
2026-03-01 01:28:43,782 [ERROR] LogOutputStream:75 - [STDERR_REDIRECT] 
2026-03-01 01:28:44,802 [ERROR] LogOutputStream:75 - [STDERR_REDIRECT] [Fatal Error] :1:1: Premature end of file.
2026-03-01 01:28:44,802 [ERROR] LogOutputStream:75 - [STDERR_REDIRECT] 
2026-03-01 01:28:45,804 [ERROR] LogOutputStream:75 - [STDERR_REDIRECT] [Fatal Error] :1:1: Premature end of file.
2026-03-01 01:28:45,805 [ERROR] LogOutputStream:75 - [STDERR_REDIRECT] 
2026-03-01 01:28:46,791 [ERROR] LogOutputStream:75 - [STDERR_REDIRECT] [Fatal Error] :1:1: Premature end of file.
2026-03-01 01:28:46,791 [ERROR] LogOutputStream:75 - [STDERR_REDIRECT] 
2026-03-01 01:28:47,786 [ERROR] LogOutputStream:75 - [STDERR_REDIRECT] [Fatal Error] :1:1: Premature end of file.
2026-03-01 01:28:47,786 [ERROR] LogOutputStream:75 - [STDERR_REDIRECT] 
2026-03-01 01:28:48,785 [ERROR] LogOutputStream:75 - [STDERR_REDIRECT] [Fatal Error] :1:1: Premature end of file.
2026-03-01 01:28:48,785 [ERROR] LogOutputStream:75 - [STDERR_REDIRECT] 
2026-03-01 01:28:49,787 [ERROR] LogOutputStream:75 - [STDERR_REDIRECT] [Fatal Error] :1:1: Premature end of file.
2026-03-01 01:28:49,787 [ERROR] LogOutputStream:75 - [STDERR_REDIRECT] 
2026-03-01 01:28:50,786 [ERROR] LogOutputStream:75 - [STDERR_REDIRECT] [Fatal Error] :1:1: Premature end of file.
2026-03-01 01:28:50,786 [ERROR] LogOutputStream:75 - [STDERR_REDIRECT] 
2026-03-01 01:28:51,784 [ERROR] LogOutputStream:75 - [STDERR_REDIRECT] [Fatal Error] :1:1: Premature end of file.
2026-03-01 01:28:51,784 [ERROR] LogOutputStream:75 - [STDERR_REDIRECT] 
2026-03-01 01:28:52,784 [ERROR] LogOutputStream:75 - [STDERR_REDIRECT] [Fatal Error] :1:1: Premature end of file.
2026-03-01 01:28:52,785 [ERROR] LogOutputStream:75 - [STDERR_REDIRECT] 
2026-03-01 01:28:53,784 [ERROR] LogOutputStream:75 - [STDERR_REDIRECT] [Fatal Error] :1:1: Premature end of file.
2026-03-01 01:28:53,784 [ERROR] LogOutputStream:75 - [STDERR_REDIRECT] 
2026-03-01 01:28:54,787 [ERROR] LogOutputStream:75 - [STDERR_REDIRECT] [Fatal Error] :1:1: Premature end of file.
2026-03-01 01:28:54,787 [ERROR] LogOutputStream:75 - [STDERR_REDIRECT] 
2026-03-01 01:28:55,785 [ERROR] LogOutputStream:75 - [STDERR_REDIRECT] [Fatal Error] :1:1: Premature end of file.
2026-03-01 01:28:55,785 [ERROR] LogOutputStream:75 - [STDERR_REDIRECT] 
2026-03-01 01:28:56,782 [ERROR] LogOutputStream:75 - [STDERR_REDIRECT] [Fatal Error] :1:1: Premature end of file.
2026-03-01 01:28:56,782 [ERROR] LogOutputStream:75 - [STDERR_REDIRECT] 
2026-03-01 01:28:57,782 [ERROR] LogOutputStream:75 - [STDERR_REDIRECT] [Fatal Error] :1:1: Premature end of file.
2026-03-01 01:28:57,782 [ERROR] LogOutputStream:75 - [STDERR_REDIRECT] 
2026-03-01 01:28:58,784 [ERROR] LogOutputStream:75 - [STDERR_REDIRECT] [Fatal Error] :1:1: Premature end of file.
2026-03-01 01:28:58,784 [ERROR] LogOutputStream:75 - [STDERR_REDIRECT] 
2026-03-01 01:28:59,783 [ERROR] LogOutputStream:75 - [STDERR_REDIRECT] [Fatal Error] :1:1: Premature end of file.
2026-03-01 01:28:59,783 [ERROR] LogOutputStream:75 - [STDERR_REDIRECT] 
2026-03-01 01:29:00,789 [ERROR] LogOutputStream:75 - [STDERR_REDIRECT] [Fatal Error] :1:1: Premature end of file.
2026-03-01 01:29:00,789 [ERROR] LogOutputStream:75 - [STDERR_REDIRECT] 
2026-03-01 01:29:01,794 [ERROR] LogOutputStream:75 - [STDERR_REDIRECT] [Fatal Error] :1:1: Premature end of file.
2026-03-01 01:29:01,794 [ERROR] LogOutputStream:75 - [STDERR_REDIRECT] 
2026-03-01 01:29:02,819 [ERROR] LogOutputStream:75 - [STDERR_REDIRECT] [Fatal Error] :1:1: Premature end of file.
2026-03-01 01:29:02,819 [ERROR] LogOutputStream:75 - [STDERR_REDIRECT] 
2026-03-01 01:29:03,797 [ERROR] LogOutputStream:75 - [STDERR_REDIRECT] [Fatal Error] :1:1: Premature end of file.
2026-03-01 01:29:03,797 [ERROR] LogOutputStream:75 - [STDERR_REDIRECT] 
2026-03-01 01:29:04,788 [ERROR] LogOutputStream:75 - [STDERR_REDIRECT] [Fatal Error] :1:1: Premature end of file.
2026-03-01 01:29:04,788 [ERROR] LogOutputStream:75 - [STDERR_REDIRECT] 
2026-03-01 01:29:05,785 [ERROR] LogOutputStream:75 - [STDERR_REDIRECT] [Fatal Error] :1:1: Premature end of file.
2026-03-01 01:29:05,786 [ERROR] LogOutputStream:75 - [STDERR_REDIRECT] 
2026-03-01 01:29:06,783 [ERROR] LogOutputStream:75 - [STDERR_REDIRECT] [Fatal Error] :1:1: Premature end of file.
2026-03-01 01:29:06,783 [ERROR] LogOutputStream:75 - [STDERR_REDIRECT] 
2026-03-01 01:29:07,784 [ERROR] LogOutputStream:75 - [STDERR_REDIRECT] [Fatal Error] :1:1: Premature end of file.
2026-03-01 01:29:07,785 [ERROR] LogOutputStream:75 - [STDERR_REDIRECT] 
2026-03-01 01:29:08,785 [ERROR] LogOutputStream:75 - [STDERR_REDIRECT] [Fatal Error] :1:1: Premature end of file.
2026-03-01 01:29:08,785 [ERROR] LogOutputStream:75 - [STDERR_REDIRECT] 
2026-03-01 01:29:09,788 [ERROR] LogOutputStream:75 - [STDERR_REDIRECT] [Fatal Error] :1:1: Premature end of file.
2026-03-01 01:29:09,788 [ERROR] LogOutputStream:75 - [STDERR_REDIRECT] 
2026-03-01 01:29:10,785 [ERROR] LogOutputStream:75 - [STDERR_REDIRECT] [Fatal Error] :1:1: Premature end of file.
2026-03-01 01:29:10,785 [ERROR] LogOutputStream:75 - [STDERR_REDIRECT] 
2026-03-01 01:29:11,784 [ERROR] LogOutputStream:75 - [STDERR_REDIRECT] [Fatal Error] :1:1: Premature end of file.
2026-03-01 01:29:11,784 [ERROR] LogOutputStream:75 - [STDERR_REDIRECT] 
2026-03-01 01:29:12,784 [ERROR] LogOutputStream:75 - [STDERR_REDIRECT] [Fatal Error] :1:1: Premature end of file.
2026-03-01 01:29:12,784 [ERROR] LogOutputStream:75 - [STDERR_REDIRECT] 
2026-03-01 01:29:13,785 [ERROR] LogOutputStream:75 - [STDERR_REDIRECT] [Fatal Error] :1:1: Premature end of file.
2026-03-01 01:29:13,786 [ERROR] LogOutputStream:75 - [STDERR_REDIRECT] 
2026-03-01 01:29:14,798 [ERROR] LogOutputStream:75 - [STDERR_REDIRECT] [Fatal Error] :1:1: Premature end of file.
2026-03-01 01:29:14,798 [ERROR] LogOutputStream:75 - [STDERR_REDIRECT] 
2026-03-01 01:29:15,785 [ERROR] LogOutputStream:75 - [STDERR_REDIRECT] [Fatal Error] :1:1: Premature end of file.
2026-03-01 01:29:15,785 [ERROR] LogOutputStream:75 - [STDERR_REDIRECT] 
2026-03-01 01:29:16,785 [ERROR] LogOutputStream:75 - [STDERR_REDIRECT] [Fatal Error] :1:1: Premature end of file.
2026-03-01 01:29:16,785 [ERROR] LogOutputStream:75 - [STDERR_REDIRECT] 
2026-03-01 01:29:17,788 [ERROR] LogOutputStream:75 - [STDERR_REDIRECT] [Fatal Error] :1:1: Premature end of file.
2026-03-01 01:29:17,788 [ERROR] LogOutputStream:75 - [STDERR_REDIRECT] 
2026-03-01 01:29:18,789 [ERROR] LogOutputStream:75 - [STDERR_REDIRECT] [Fatal Error] :1:1: Premature end of file.
2026-03-01 01:29:18,789 [ERROR] LogOutputStream:75 - [STDERR_REDIRECT] 
2026-03-01 01:29:19,788 [ERROR] LogOutputStream:75 - [STDERR_REDIRECT] [Fatal Error] :1:1: Premature end of file.
2026-03-01 01:29:19,788 [ERROR] LogOutputStream:75 - [STDERR_REDIRECT] 
2026-03-01 01:29:20,787 [ERROR] LogOutputStream:75 - [STDERR_REDIRECT] [Fatal Error] :1:1: Premature end of file.
2026-03-01 01:29:20,787 [ERROR] LogOutputStream:75 - [STDERR_REDIRECT] 
2026-03-01 01:29:21,800 [ERROR] LogOutputStream:75 - [STDERR_REDIRECT] [Fatal Error] :1:1: Premature end of file.
2026-03-01 01:29:21,800 [ERROR] LogOutputStream:75 - [STDERR_REDIRECT] 
2026-03-01 01:29:22,787 [ERROR] LogOutputStream:75 - [STDERR_REDIRECT] [Fatal Error] :1:1: Premature end of file.
2026-03-01 01:29:22,788 [ERROR] LogOutputStream:75 - [STDERR_REDIRECT] 
2026-03-01 01:29:23,785 [ERROR] LogOutputStream:75 - [STDERR_REDIRECT] [Fatal Error] :1:1: Premature end of file.
2026-03-01 01:29:23,785 [ERROR] LogOutputStream:75 - [STDERR_REDIRECT] 
2026-03-01 01:29:24,785 [ERROR] LogOutputStream:75 - [STDERR_REDIRECT] [Fatal Error] :1:1: Premature end of file.
2026-03-01 01:29:24,785 [ERROR] LogOutputStream:75 - [STDERR_REDIRECT] 
2026-03-01 01:29:25,788 [ERROR] LogOutputStream:75 - [STDERR_REDIRECT] [Fatal Error] :1:1: Premature end of file.
2026-03-01 01:29:25,788 [ERROR] LogOutputStream:75 - [STDERR_REDIRECT] 
2026-03-01 01:29:26,785 [ERROR] LogOutputStream:75 - [STDERR_REDIRECT] [Fatal Error] :1:1: Premature end of file.
2026-03-01 01:29:26,785 [ERROR] LogOutputStream:75 - [STDERR_REDIRECT] 
2026-03-01 01:29:27,783 [ERROR] LogOutputStream:75 - [STDERR_REDIRECT] [Fatal Error] :1:1: Premature end of file.
2026-03-01 01:29:27,783 [ERROR] LogOutputStream:75 - [STDERR_REDIRECT] 
2026-03-01 01:29:28,783 [ERROR] LogOutputStream:75 - [STDERR_REDIRECT] [Fatal Error] :1:1: Premature end of file.
2026-03-01 01:29:28,783 [ERROR] LogOutputStream:75 - [STDERR_REDIRECT] 
2026-03-01 01:29:29,792 [ERROR] LogOutputStream:75 - [STDERR_REDIRECT] [Fatal Error] :1:1: Premature end of file.
2026-03-01 01:29:29,792 [ERROR] LogOutputStream:75 - [STDERR_REDIRECT] 
2026-03-01 01:29:30,790 [ERROR] LogOutputStream:75 - [STDERR_REDIRECT] [Fatal Error] :1:1: Premature end of file.
2026-03-01 01:29:30,790 [ERROR] LogOutputStream:75 - [STDERR_REDIRECT] 
2026-03-01 01:29:31,785 [ERROR] LogOutputStream:75 - [STDERR_REDIRECT] [Fatal Error] :1:1: Premature end of file.
2026-03-01 01:29:31,785 [ERROR] LogOutputStream:75 - [STDERR_REDIRECT] 
2026-03-01 01:29:32,794 [ERROR] LogOutputStream:75 - [STDERR_REDIRECT] [Fatal Error] :1:1: Premature end of file.
2026-03-01 01:29:32,794 [ERROR] LogOutputStream:75 - [STDERR_REDIRECT] 
2026-03-01 01:29:33,787 [ERROR] LogOutputStream:75 - [STDERR_REDIRECT] [Fatal Error] :1:1: Premature end of file.
2026-03-01 01:29:33,787 [ERROR] LogOutputStream:75 - [STDERR_REDIRECT] 
2026-03-01 01:29:34,785 [ERROR] LogOutputStream:75 - [STDERR_REDIRECT] [Fatal Error] :1:1: Premature end of file.
2026-03-01 01:29:34,785 [ERROR] LogOutputStream:75 - [STDERR_REDIRECT] 
2026-03-01 01:29:35,826 [ERROR] LogOutputStream:75 - [STDERR_REDIRECT] [Fatal Error] :1:1: Premature end of file.
2026-03-01 01:29:35,826 [ERROR] LogOutputStream:75 - [STDERR_REDIRECT] 
2026-03-01 01:29:36,797 [ERROR] LogOutputStream:75 - [STDERR_REDIRECT] [Fatal Error] :1:1: Premature end of file.
2026-03-01 01:29:36,797 [ERROR] LogOutputStream:75 - [STDERR_REDIRECT] 
2026-03-01 01:29:37,791 [ERROR] LogOutputStream:75 - [STDERR_REDIRECT] [Fatal Error] :1:1: Premature end of file.
2026-03-01 01:29:37,791 [ERROR] LogOutputStream:75 - [STDERR_REDIRECT] 
2026-03-01 01:29:38,807 [ERROR] LogOutputStream:75 - [STDERR_REDIRECT] [Fatal Error] :1:1: Premature end of file.
2026-03-01 01:29:38,807 [ERROR] LogOutputStream:75 - [STDERR_REDIRECT] 
2026-03-01 01:29:39,788 [ERROR] LogOutputStream:75 - [STDERR_REDIRECT] [Fatal Error] :1:1: Premature end of file.
2026-03-01 01:29:39,788 [ERROR] LogOutputStream:75 - [STDERR_REDIRECT] 
2026-03-01 01:29:40,784 [ERROR] LogOutputStream:75 - [STDERR_REDIRECT] [Fatal Error] :1:1: Premature end of file.
2026-03-01 01:29:40,784 [ERROR] LogOutputStream:75 - [STDERR_REDIRECT] 
2026-03-01 01:29:41,783 [ERROR] LogOutputStream:75 - [STDERR_REDIRECT] [Fatal Error] :1:1: Premature end of file.
2026-03-01 01:29:41,783 [ERROR] LogOutputStream:75 - [STDERR_REDIRECT] 
2026-03-01 01:29:42,787 [ERROR] LogOutputStream:75 - [STDERR_REDIRECT] [Fatal Error] :1:1: Premature end of file.
2026-03-01 01:29:42,787 [ERROR] LogOutputStream:75 - [STDERR_REDIRECT] 
2026-03-01 01:29:43,790 [ERROR] LogOutputStream:75 - [STDERR_REDIRECT] [Fatal Error] :1:1: Premature end of file.
2026-03-01 01:29:43,790 [ERROR] LogOutputStream:75 - [STDERR_REDIRECT] 
2026-03-01 01:29:44,795 [ERROR] LogOutputStream:75 - [STDERR_REDIRECT] [Fatal Error] :1:1: Premature end of file.
2026-03-01 01:29:44,795 [ERROR] LogOutputStream:75 - [STDERR_REDIRECT] 
2026-03-01 01:29:45,787 [ERROR] LogOutputStream:75 - [STDERR_REDIRECT] [Fatal Error] :1:1: Premature end of file.
2026-03-01 01:29:45,787 [ERROR] LogOutputStream:75 - [STDERR_REDIRECT] 
2026-03-01 01:29:46,789 [ERROR] LogOutputStream:75 - [STDERR_REDIRECT] [Fatal Error] :1:1: Premature end of file.
2026-03-01 01:29:46,789 [ERROR] LogOutputStream:75 - [STDERR_REDIRECT] 
2026-03-01 01:29:47,784 [ERROR] LogOutputStream:75 - [STDERR_REDIRECT] [Fatal Error] :1:1: Premature end of file.
2026-03-01 01:29:47,784 [ERROR] LogOutputStream:75 - [STDERR_REDIRECT] 
2026-03-01 01:29:48,785 [ERROR] LogOutputStream:75 - [STDERR_REDIRECT] [Fatal Error] :1:1: Premature end of file.
2026-03-01 01:29:48,785 [ERROR] LogOutputStream:75 - [STDERR_REDIRECT] 
2026-03-01 01:29:49,784 [ERROR] LogOutputStream:75 - [STDERR_REDIRECT] [Fatal Error] :1:1: Premature end of file.
2026-03-01 01:29:49,784 [ERROR] LogOutputStream:75 - [STDERR_REDIRECT] 
2026-03-01 01:29:50,783 [ERROR] LogOutputStream:75 - [STDERR_REDIRECT] [Fatal Error] :1:1: Premature end of file.
2026-03-01 01:29:50,783 [ERROR] LogOutputStream:75 - [STDERR_REDIRECT] 
2026-03-01 01:29:51,794 [ERROR] LogOutputStream:75 - [STDERR_REDIRECT] [Fatal Error] :1:1: Premature end of file.
2026-03-01 01:29:51,794 [ERROR] LogOutputStream:75 - [STDERR_REDIRECT] 
2026-03-01 01:29:52,820 [ERROR] LogOutputStream:75 - [STDERR_REDIRECT] [Fatal Error] :1:1: Premature end of file.
2026-03-01 01:29:52,820 [ERROR] LogOutputStream:75 - [STDERR_REDIRECT] 
2026-03-01 01:29:53,786 [ERROR] LogOutputStream:75 - [STDERR_REDIRECT] [Fatal Error] :1:1: Premature end of file.
2026-03-01 01:29:53,786 [ERROR] LogOutputStream:75 - [STDERR_REDIRECT] 
2026-03-01 01:29:54,790 [ERROR] LogOutputStream:75 - [STDERR_REDIRECT] [Fatal Error] :1:1: Premature end of file.
2026-03-01 01:29:54,790 [ERROR] LogOutputStream:75 - [STDERR_REDIRECT] 
2026-03-01 01:29:55,787 [ERROR] LogOutputStream:75 - [STDERR_REDIRECT] [Fatal Error] :1:1: Premature end of file.
2026-03-01 01:29:55,787 [ERROR] LogOutputStream:75 - [STDERR_REDIRECT] 
2026-03-01 01:29:56,788 [ERROR] LogOutputStream:75 - [STDERR_REDIRECT] [Fatal Error] :1:1: Premature end of file.
2026-03-01 01:29:56,789 [ERROR] LogOutputStream:75 - [STDERR_REDIRECT] 
2026-03-01 01:29:57,786 [ERROR] LogOutputStream:75 - [STDERR_REDIRECT] [Fatal Error] :1:1: Premature end of file.
2026-03-01 01:29:57,786 [ERROR] LogOutputStream:75 - [STDERR_REDIRECT] 
2026-03-01 01:29:58,783 [ERROR] LogOutputStream:75 - [STDERR_REDIRECT] [Fatal Error] :1:1: Premature end of file.
2026-03-01 01:29:58,783 [ERROR] LogOutputStream:75 - [STDERR_REDIRECT] 
2026-03-01 01:29:59,809 [ERROR] LogOutputStream:75 - [STDERR_REDIRECT] [Fatal Error] :1:1: Premature end of file.
2026-03-01 01:29:59,809 [ERROR] LogOutputStream:75 - [STDERR_REDIRECT] 
2026-03-01 01:30:00,785 [ERROR] LogOutputStream:75 - [STDERR_REDIRECT] [Fatal Error] :1:1: Premature end of file.
2026-03-01 01:30:00,785 [ERROR] LogOutputStream:75 - [STDERR_REDIRECT] 
2026-03-01 01:30:01,784 [ERROR] LogOutputStream:75 - [STDERR_REDIRECT] [Fatal Error] :1:1: Premature end of file.
2026-03-01 01:30:01,784 [ERROR] LogOutputStream:75 - [STDERR_REDIRECT] 
2026-03-01 01:30:02,783 [ERROR] LogOutputStream:75 - [STDERR_REDIRECT] [Fatal Error] :1:1: Premature end of file.
2026-03-01 01:30:02,783 [ERROR] LogOutputStream:75 - [STDERR_REDIRECT] 
2026-03-01 01:30:03,785 [ERROR] LogOutputStream:75 - [STDERR_REDIRECT] [Fatal Error] :1:1: Premature end of file.
2026-03-01 01:30:03,786 [ERROR] LogOutputStream:75 - [STDERR_REDIRECT] 
2026-03-01 01:30:04,785 [ERROR] LogOutputStream:75 - [STDERR_REDIRECT] [Fatal Error] :1:1: Premature end of file.
2026-03-01 01:30:04,785 [ERROR] LogOutputStream:75 - [STDERR_REDIRECT] 
2026-03-01 01:30:05,783 [ERROR] LogOutputStream:75 - [STDERR_REDIRECT] [Fatal Error] :1:1: Premature end of file.
2026-03-01 01:30:05,783 [ERROR] LogOutputStream:75 - [STDERR_REDIRECT] 
2026-03-01 01:30:06,789 [ERROR] LogOutputStream:75 - [STDERR_REDIRECT] [Fatal Error] :1:1: Premature end of file.
2026-03-01 01:30:06,789 [ERROR] LogOutputStream:75 - [STDERR_REDIRECT] 
2026-03-01 01:30:07,787 [ERROR] LogOutputStream:75 - [STDERR_REDIRECT] [Fatal Error] :1:1: Premature end of file.
2026-03-01 01:30:07,787 [ERROR] LogOutputStream:75 - [STDERR_REDIRECT] 
2026-03-01 01:30:08,786 [ERROR] LogOutputStream:75 - [STDERR_REDIRECT] [Fatal Error] :1:1: Premature end of file.
2026-03-01 01:30:08,786 [ERROR] LogOutputStream:75 - [STDERR_REDIRECT] 
2026-03-01 01:30:09,783 [ERROR] LogOutputStream:75 - [STDERR_REDIRECT] [Fatal Error] :1:1: Premature end of file.
2026-03-01 01:30:09,783 [ERROR] LogOutputStream:75 - [STDERR_REDIRECT] 
2026-03-01 01:30:10,786 [ERROR] LogOutputStream:75 - [STDERR_REDIRECT] [Fatal Error] :1:1: Premature end of file.
2026-03-01 01:30:10,786 [ERROR] LogOutputStream:75 - [STDERR_REDIRECT] 
2026-03-01 01:30:11,787 [ERROR] LogOutputStream:75 - [STDERR_REDIRECT] [Fatal Error] :1:1: Premature end of file.
2026-03-01 01:30:11,787 [ERROR] LogOutputStream:75 - [STDERR_REDIRECT] 
2026-03-01 01:30:12,852 [ERROR] LogOutputStream:75 - [STDERR_REDIRECT] [Fatal Error] :1:1: Premature end of file.
2026-03-01 01:30:12,852 [ERROR] LogOutputStream:75 - [STDERR_REDIRECT] 
2026-03-01 01:30:13,789 [ERROR] LogOutputStream:75 - [STDERR_REDIRECT] [Fatal Error] :1:1: Premature end of file.
2026-03-01 01:30:13,789 [ERROR] LogOutputStream:75 - [STDERR_REDIRECT] 
2026-03-01 01:30:14,786 [ERROR] LogOutputStream:75 - [STDERR_REDIRECT] [Fatal Error] :1:1: Premature end of file.
2026-03-01 01:30:14,786 [ERROR] LogOutputStream:75 - [STDERR_REDIRECT] 
2026-03-01 01:30:15,785 [ERROR] LogOutputStream:75 - [STDERR_REDIRECT] [Fatal Error] :1:1: Premature end of file.
2026-03-01 01:30:15,785 [ERROR] LogOutputStream:75 - [STDERR_REDIRECT] 
2026-03-01 01:30:16,784 [ERROR] LogOutputStream:75 - [STDERR_REDIRECT] [Fatal Error] :1:1: Premature end of file.
2026-03-01 01:30:16,784 [ERROR] LogOutputStream:75 - [STDERR_REDIRECT] 
2026-03-01 01:30:17,788 [ERROR] LogOutputStream:75 - [STDERR_REDIRECT] [Fatal Error] :1:1: Premature end of file.
2026-03-01 01:30:17,788 [ERROR] LogOutputStream:75 - [STDERR_REDIRECT] 
2026-03-01 01:30:18,790 [ERROR] LogOutputStream:75 - [STDERR_REDIRECT] [Fatal Error] :1:1: Premature end of file.
2026-03-01 01:30:18,790 [ERROR] LogOutputStream:75 - [STDERR_REDIRECT] 
2026-03-01 01:30:19,781 [ERROR] LogOutputStream:75 - [STDERR_REDIRECT] [Fatal Error] :1:1: Premature end of file.
2026-03-01 01:30:19,781 [ERROR] LogOutputStream:75 - [STDERR_REDIRECT] 
2026-03-01 01:30:20,785 [ERROR] LogOutputStream:75 - [STDERR_REDIRECT] [Fatal Error] :1:1: Premature end of file.
2026-03-01 01:30:20,785 [ERROR] LogOutputStream:75 - [STDERR_REDIRECT] 
2026-03-01 01:30:21,785 [ERROR] LogOutputStream:75 - [STDERR_REDIRECT] [Fatal Error] :1:1: Premature end of file.
2026-03-01 01:30:21,785 [ERROR] LogOutputStream:75 - [STDERR_REDIRECT] 
2026-03-01 01:30:22,783 [ERROR] LogOutputStream:75 - [STDERR_REDIRECT] [Fatal Error] :1:1: Premature end of file.
2026-03-01 01:30:22,783 [ERROR] LogOutputStream:75 - [STDERR_REDIRECT] 
2026-03-01 01:30:23,782 [ERROR] LogOutputStream:75 - [STDERR_REDIRECT] [Fatal Error] :1:1: Premature end of file.
2026-03-01 01:30:23,783 [ERROR] LogOutputStream:75 - [STDERR_REDIRECT] 
2026-03-01 01:30:24,784 [ERROR] LogOutputStream:75 - [STDERR_REDIRECT] [Fatal Error] :1:1: Premature end of file.
2026-03-01 01:30:24,784 [ERROR] LogOutputStream:75 - [STDERR_REDIRECT] 
2026-03-01 01:30:25,785 [ERROR] LogOutputStream:75 - [STDERR_REDIRECT] [Fatal Error] :1:1: Premature end of file.
2026-03-01 01:30:25,785 [ERROR] LogOutputStream:75 - [STDERR_REDIRECT] 
2026-03-01 01:30:26,783 [ERROR] LogOutputStream:75 - [STDERR_REDIRECT] [Fatal Error] :1:1: Premature end of file.
2026-03-01 01:30:26,783 [ERROR] LogOutputStream:75 - [STDERR_REDIRECT] 
2026-03-01 01:30:27,783 [ERROR] LogOutputStream:75 - [STDERR_REDIRECT] [Fatal Error] :1:1: Premature end of file.
2026-03-01 01:30:27,783 [ERROR] LogOutputStream:75 - [STDERR_REDIRECT] 
2026-03-01 01:30:28,785 [ERROR] LogOutputStream:75 - [STDERR_REDIRECT] [Fatal Error] :1:1: Premature end of file.
2026-03-01 01:30:28,785 [ERROR] LogOutputStream:75 - [STDERR_REDIRECT] 
2026-03-01 01:30:29,783 [ERROR] LogOutputStream:75 - [STDERR_REDIRECT] [Fatal Error] :1:1: Premature end of file.
2026-03-01 01:30:29,783 [ERROR] LogOutputStream:75 - [STDERR_REDIRECT] 
2026-03-01 01:30:30,785 [ERROR] LogOutputStream:75 - [STDERR_REDIRECT] [Fatal Error] :1:1: Premature end of file.
2026-03-01 01:30:30,785 [ERROR] LogOutputStream:75 - [STDERR_REDIRECT] 
2026-03-01 01:30:31,785 [ERROR] LogOutputStream:75 - [STDERR_REDIRECT] [Fatal Error] :1:1: Premature end of file.
2026-03-01 01:30:31,785 [ERROR] LogOutputStream:75 - [STDERR_REDIRECT] 
2026-03-01 01:30:32,783 [ERROR] LogOutputStream:75 - [STDERR_REDIRECT] [Fatal Error] :1:1: Premature end of file.
2026-03-01 01:30:32,783 [ERROR] LogOutputStream:75 - [STDERR_REDIRECT] 
2026-03-01 01:30:33,784 [ERROR] LogOutputStream:75 - [STDERR_REDIRECT] [Fatal Error] :1:1: Premature end of file.
2026-03-01 01:30:33,784 [ERROR] LogOutputStream:75 - [STDERR_REDIRECT] 
2026-03-01 01:30:34,787 [ERROR] LogOutputStream:75 - [STDERR_REDIRECT] [Fatal Error] :1:1: Premature end of file.
2026-03-01 01:30:34,787 [ERROR] LogOutputStream:75 - [STDERR_REDIRECT] 
2026-03-01 01:30:35,784 [ERROR] LogOutputStream:75 - [STDERR_REDIRECT] [Fatal Error] :1:1: Premature end of file.
2026-03-01 01:30:35,784 [ERROR] LogOutputStream:75 - [STDERR_REDIRECT] 
2026-03-01 01:30:36,787 [ERROR] LogOutputStream:75 - [STDERR_REDIRECT] [Fatal Error] :1:1: Premature end of file.
2026-03-01 01:30:36,787 [ERROR] LogOutputStream:75 - [STDERR_REDIRECT] 
2026-03-01 01:30:37,783 [ERROR] LogOutputStream:75 - [STDERR_REDIRECT] [Fatal Error] :1:1: Premature end of file.
2026-03-01 01:30:37,783 [ERROR] LogOutputStream:75 - [STDERR_REDIRECT] 
2026-03-01 01:30:38,787 [ERROR] LogOutputStream:75 - [STDERR_REDIRECT] [Fatal Error] :1:1: Premature end of file.
2026-03-01 01:30:38,788 [ERROR] LogOutputStream:75 - [STDERR_REDIRECT] 
2026-03-01 01:30:39,786 [ERROR] LogOutputStream:75 - [STDERR_REDIRECT] [Fatal Error] :1:1: Premature end of file.
2026-03-01 01:30:39,786 [ERROR] LogOutputStream:75 - [STDERR_REDIRECT] 
2026-03-01 01:30:40,784 [ERROR] LogOutputStream:75 - [STDERR_REDIRECT] [Fatal Error] :1:1: Premature end of file.
2026-03-01 01:30:40,784 [ERROR] LogOutputStream:75 - [STDERR_REDIRECT] 
2026-03-01 01:30:41,785 [ERROR] LogOutputStream:75 - [STDERR_REDIRECT] [Fatal Error] :1:1: Premature end of file.
2026-03-01 01:30:41,785 [ERROR] LogOutputStream:75 - [STDERR_REDIRECT] 
2026-03-01 01:30:42,805 [ERROR] LogOutputStream:75 - [STDERR_REDIRECT] [Fatal Error] :1:1: Premature end of file.
2026-03-01 01:30:42,805 [ERROR] LogOutputStream:75 - [STDERR_REDIRECT] 
2026-03-01 01:30:43,788 [ERROR] LogOutputStream:75 - [STDERR_REDIRECT] [Fatal Error] :1:1: Premature end of file.
2026-03-01 01:30:43,788 [ERROR] LogOutputStream:75 - [STDERR_REDIRECT] 
2026-03-01 01:30:44,784 [ERROR] LogOutputStream:75 - [STDERR_REDIRECT] [Fatal Error] :1:1: Premature end of file.
2026-03-01 01:30:44,784 [ERROR] LogOutputStream:75 - [STDERR_REDIRECT] 
2026-03-01 01:30:45,784 [ERROR] LogOutputStream:75 - [STDERR_REDIRECT] [Fatal Error] :1:1: Premature end of file.
2026-03-01 01:30:45,784 [ERROR] LogOutputStream:75 - [STDERR_REDIRECT] 
2026-03-01 01:30:46,785 [ERROR] LogOutputStream:75 - [STDERR_REDIRECT] [Fatal Error] :1:1: Premature end of file.
2026-03-01 01:30:46,785 [ERROR] LogOutputStream:75 - [STDERR_REDIRECT] 
2026-03-01 01:30:47,787 [ERROR] LogOutputStream:75 - [STDERR_REDIRECT] [Fatal Error] :1:1: Premature end of file.
2026-03-01 01:30:47,787 [ERROR] LogOutputStream:75 - [STDERR_REDIRECT] 
2026-03-01 01:30:48,783 [ERROR] LogOutputStream:75 - [STDERR_REDIRECT] [Fatal Error] :1:1: Premature end of file.
2026-03-01 01:30:48,784 [ERROR] LogOutputStream:75 - [STDERR_REDIRECT] 
2026-03-01 01:30:49,784 [ERROR] LogOutputStream:75 - [STDERR_REDIRECT] [Fatal Error] :1:1: Premature end of file.
2026-03-01 01:30:49,784 [ERROR] LogOutputStream:75 - [STDERR_REDIRECT] 
2026-03-01 01:30:50,786 [ERROR] LogOutputStream:75 - [STDERR_REDIRECT] [Fatal Error] :1:1: Premature end of file.
2026-03-01 01:30:50,786 [ERROR] LogOutputStream:75 - [STDERR_REDIRECT] 
2026-03-01 01:30:51,785 [ERROR] LogOutputStream:75 - [STDERR_REDIRECT] [Fatal Error] :1:1: Premature end of file.
2026-03-01 01:30:51,785 [ERROR] LogOutputStream:75 - [STDERR_REDIRECT] 
2026-03-01 01:30:52,785 [ERROR] LogOutputStream:75 - [STDERR_REDIRECT] [Fatal Error] :1:1: Premature end of file.
2026-03-01 01:30:52,785 [ERROR] LogOutputStream:75 - [STDERR_REDIRECT] 
2026-03-01 01:30:53,785 [ERROR] LogOutputStream:75 - [STDERR_REDIRECT] [Fatal Error] :1:1: Premature end of file.
2026-03-01 01:30:53,786 [ERROR] LogOutputStream:75 - [STDERR_REDIRECT] 
2026-03-01 01:30:54,784 [ERROR] LogOutputStream:75 - [STDERR_REDIRECT] [Fatal Error] :1:1: Premature end of file.
2026-03-01 01:30:54,784 [ERROR] LogOutputStream:75 - [STDERR_REDIRECT] 
2026-03-01 01:30:55,783 [ERROR] LogOutputStream:75 - [STDERR_REDIRECT] [Fatal Error] :1:1: Premature end of file.
2026-03-01 01:30:55,783 [ERROR] LogOutputStream:75 - [STDERR_REDIRECT] 
2026-03-01 01:30:56,785 [ERROR] LogOutputStream:75 - [STDERR_REDIRECT] [Fatal Error] :1:1: Premature end of file.
2026-03-01 01:30:56,785 [ERROR] LogOutputStream:75 - [STDERR_REDIRECT] 
2026-03-01 01:30:57,784 [ERROR] LogOutputStream:75 - [STDERR_REDIRECT] [Fatal Error] :1:1: Premature end of file.
2026-03-01 01:30:57,784 [ERROR] LogOutputStream:75 - [STDERR_REDIRECT] 
2026-03-01 01:30:58,784 [ERROR] LogOutputStream:75 - [STDERR_REDIRECT] [Fatal Error] :1:1: Premature end of file.
2026-03-01 01:30:58,785 [ERROR] LogOutputStream:75 - [STDERR_REDIRECT] 
2026-03-01 01:30:59,785 [ERROR] LogOutputStream:75 - [STDERR_REDIRECT] [Fatal Error] :1:1: Premature end of file.
2026-03-01 01:30:59,785 [ERROR] LogOutputStream:75 - [STDERR_REDIRECT] 
2026-03-01 01:31:00,785 [ERROR] LogOutputStream:75 - [STDERR_REDIRECT] [Fatal Error] :1:1: Premature end of file.
2026-03-01 01:31:00,785 [ERROR] LogOutputStream:75 - [STDERR_REDIRECT] 
2026-03-01 01:31:01,783 [ERROR] LogOutputStream:75 - [STDERR_REDIRECT] [Fatal Error] :1:1: Premature end of file.
2026-03-01 01:31:01,783 [ERROR] LogOutputStream:75 - [STDERR_REDIRECT] 
2026-03-01 01:31:02,784 [ERROR] LogOutputStream:75 - [STDERR_REDIRECT] [Fatal Error] :1:1: Premature end of file.
2026-03-01 01:31:02,784 [ERROR] LogOutputStream:75 - [STDERR_REDIRECT] 
2026-03-01 01:31:03,782 [ERROR] LogOutputStream:75 - [STDERR_REDIRECT] [Fatal Error] :1:1: Premature end of file.
2026-03-01 01:31:03,782 [ERROR] LogOutputStream:75 - [STDERR_REDIRECT] 
2026-03-01 01:31:04,784 [ERROR] LogOutputStream:75 - [STDERR_REDIRECT] [Fatal Error] :1:1: Premature end of file.
2026-03-01 01:31:04,784 [ERROR] LogOutputStream:75 - [STDERR_REDIRECT] 
2026-03-01 01:31:05,785 [ERROR] LogOutputStream:75 - [STDERR_REDIRECT] [Fatal Error] :1:1: Premature end of file.
2026-03-01 01:31:05,785 [ERROR] LogOutputStream:75 - [STDERR_REDIRECT] 
2026-03-01 01:31:06,783 [ERROR] LogOutputStream:75 - [STDERR_REDIRECT] [Fatal Error] :1:1: Premature end of file.
2026-03-01 01:31:06,783 [ERROR] LogOutputStream:75 - [STDERR_REDIRECT] 
2026-03-01 01:31:07,785 [ERROR] LogOutputStream:75 - [STDERR_REDIRECT] [Fatal Error] :1:1: Premature end of file.
2026-03-01 01:31:07,785 [ERROR] LogOutputStream:75 - [STDERR_REDIRECT] 
2026-03-01 01:31:08,783 [ERROR] LogOutputStream:75 - [STDERR_REDIRECT] [Fatal Error] :1:1: Premature end of file.
2026-03-01 01:31:08,783 [ERROR] LogOutputStream:75 - [STDERR_REDIRECT] 
2026-03-01 01:31:09,785 [ERROR] LogOutputStream:75 - [STDERR_REDIRECT] [Fatal Error] :1:1: Premature end of file.
2026-03-01 01:31:09,785 [ERROR] LogOutputStream:75 - [STDERR_REDIRECT] 
2026-03-01 01:31:10,785 [ERROR] LogOutputStream:75 - [STDERR_REDIRECT] [Fatal Error] :1:1: Premature end of file.
2026-03-01 01:31:10,785 [ERROR] LogOutputStream:75 - [STDERR_REDIRECT] 
2026-03-01 01:31:11,785 [ERROR] LogOutputStream:75 - [STDERR_REDIRECT] [Fatal Error] :1:1: Premature end of file.
2026-03-01 01:31:11,785 [ERROR] LogOutputStream:75 - [STDERR_REDIRECT] 
2026-03-01 01:31:12,785 [ERROR] LogOutputStream:75 - [STDERR_REDIRECT] [Fatal Error] :1:1: Premature end of file.
2026-03-01 01:31:12,785 [ERROR] LogOutputStream:75 - [STDERR_REDIRECT] 
2026-03-01 01:31:13,786 [ERROR] LogOutputStream:75 - [STDERR_REDIRECT] [Fatal Error] :1:1: Premature end of file.
2026-03-01 01:31:13,786 [ERROR] LogOutputStream:75 - [STDERR_REDIRECT] 
2026-03-01 01:31:14,790 [ERROR] LogOutputStream:75 - [STDERR_REDIRECT] [Fatal Error] :1:1: Premature end of file.
2026-03-01 01:31:14,791 [ERROR] LogOutputStream:75 - [STDERR_REDIRECT] 
2026-03-01 01:31:15,786 [ERROR] LogOutputStream:75 - [STDERR_REDIRECT] [Fatal Error] :1:1: Premature end of file.
2026-03-01 01:31:15,786 [ERROR] LogOutputStream:75 - [STDERR_REDIRECT] 
2026-03-01 01:31:16,782 [ERROR] LogOutputStream:75 - [STDERR_REDIRECT] [Fatal Error] :1:1: Premature end of file.
2026-03-01 01:31:16,782 [ERROR] LogOutputStream:75 - [STDERR_REDIRECT] 
2026-03-01 01:31:17,783 [ERROR] LogOutputStream:75 - [STDERR_REDIRECT] [Fatal Error] :1:1: Premature end of file.
2026-03-01 01:31:17,783 [ERROR] LogOutputStream:75 - [STDERR_REDIRECT] 
2026-03-01 01:31:18,786 [ERROR] LogOutputStream:75 - [STDERR_REDIRECT] [Fatal Error] :1:1: Premature end of file.
2026-03-01 01:31:18,786 [ERROR] LogOutputStream:75 - [STDERR_REDIRECT] 
2026-03-01 01:31:19,805 [ERROR] LogOutputStream:75 - [STDERR_REDIRECT] [Fatal Error] :1:1: Premature end of file.
2026-03-01 01:31:19,805 [ERROR] LogOutputStream:75 - [STDERR_REDIRECT] 
2026-03-01 01:31:20,783 [ERROR] LogOutputStream:75 - [STDERR_REDIRECT] [Fatal Error] :1:1: Premature end of file.
2026-03-01 01:31:20,783 [ERROR] LogOutputStream:75 - [STDERR_REDIRECT] 
2026-03-01 01:31:21,782 [ERROR] LogOutputStream:75 - [STDERR_REDIRECT] [Fatal Error] :1:1: Premature end of file.
2026-03-01 01:31:21,783 [ERROR] LogOutputStream:75 - [STDERR_REDIRECT] 
2026-03-01 01:31:22,784 [ERROR] LogOutputStream:75 - [STDERR_REDIRECT] [Fatal Error] :1:1: Premature end of file.
2026-03-01 01:31:22,784 [ERROR] LogOutputStream:75 - [STDERR_REDIRECT] 
2026-03-01 01:31:23,785 [ERROR] LogOutputStream:75 - [STDERR_REDIRECT] [Fatal Error] :1:1: Premature end of file.
2026-03-01 01:31:23,785 [ERROR] LogOutputStream:75 - [STDERR_REDIRECT] 
2026-03-01 01:31:24,786 [ERROR] LogOutputStream:75 - [STDERR_REDIRECT] [Fatal Error] :1:1: Premature end of file.
2026-03-01 01:31:24,786 [ERROR] LogOutputStream:75 - [STDERR_REDIRECT] 
2026-03-01 01:31:25,785 [ERROR] LogOutputStream:75 - [STDERR_REDIRECT] [Fatal Error] :1:1: Premature end of file.
2026-03-01 01:31:25,785 [ERROR] LogOutputStream:75 - [STDERR_REDIRECT] 
2026-03-01 01:31:26,784 [ERROR] LogOutputStream:75 - [STDERR_REDIRECT] [Fatal Error] :1:1: Premature end of file.
2026-03-01 01:31:26,785 [ERROR] LogOutputStream:75 - [STDERR_REDIRECT] 
2026-03-01 01:31:27,785 [ERROR] LogOutputStream:75 - [STDERR_REDIRECT] [Fatal Error] :1:1: Premature end of file.
2026-03-01 01:31:27,786 [ERROR] LogOutputStream:75 - [STDERR_REDIRECT] 
2026-03-01 01:31:28,783 [ERROR] LogOutputStream:75 - [STDERR_REDIRECT] [Fatal Error] :1:1: Premature end of file.
2026-03-01 01:31:28,783 [ERROR] LogOutputStream:75 - [STDERR_REDIRECT] 
2026-03-01 01:31:29,785 [ERROR] LogOutputStream:75 - [STDERR_REDIRECT] [Fatal Error] :1:1: Premature end of file.
2026-03-01 01:31:29,785 [ERROR] LogOutputStream:75 - [STDERR_REDIRECT] 
2026-03-01 01:31:30,784 [ERROR] LogOutputStream:75 - [STDERR_REDIRECT] [Fatal Error] :1:1: Premature end of file.
2026-03-01 01:31:30,784 [ERROR] LogOutputStream:75 - [STDERR_REDIRECT] 
2026-03-01 01:31:31,785 [ERROR] LogOutputStream:75 - [STDERR_REDIRECT] [Fatal Error] :1:1: Premature end of file.
2026-03-01 01:31:31,786 [ERROR] LogOutputStream:75 - [STDERR_REDIRECT] 
2026-03-01 01:31:32,782 [ERROR] LogOutputStream:75 - [STDERR_REDIRECT] [Fatal Error] :1:1: Premature end of file.
2026-03-01 01:31:32,783 [ERROR] LogOutputStream:75 - [STDERR_REDIRECT] 
2026-03-01 01:31:33,782 [ERROR] LogOutputStream:75 - [STDERR_REDIRECT] [Fatal Error] :1:1: Premature end of file.
2026-03-01 01:31:33,782 [ERROR] LogOutputStream:75 - [STDERR_REDIRECT] 
2026-03-01 01:31:34,784 [ERROR] LogOutputStream:75 - [STDERR_REDIRECT] [Fatal Error] :1:1: Premature end of file.
2026-03-01 01:31:34,784 [ERROR] LogOutputStream:75 - [STDERR_REDIRECT] 
2026-03-01 01:31:35,784 [ERROR] LogOutputStream:75 - [STDERR_REDIRECT] [Fatal Error] :1:1: Premature end of file.
2026-03-01 01:31:35,784 [ERROR] LogOutputStream:75 - [STDERR_REDIRECT] 
2026-03-01 01:31:36,784 [ERROR] LogOutputStream:75 - [STDERR_REDIRECT] [Fatal Error] :1:1: Premature end of file.
2026-03-01 01:31:36,784 [ERROR] LogOutputStream:75 - [STDERR_REDIRECT] 
2026-03-01 01:31:37,782 [ERROR] LogOutputStream:75 - [STDERR_REDIRECT] [Fatal Error] :1:1: Premature end of file.
2026-03-01 01:31:37,783 [ERROR] LogOutputStream:75 - [STDERR_REDIRECT] 
2026-03-01 01:31:38,785 [ERROR] LogOutputStream:75 - [STDERR_REDIRECT] [Fatal Error] :1:1: Premature end of file.
2026-03-01 01:31:38,785 [ERROR] LogOutputStream:75 - [STDERR_REDIRECT] 
2026-03-01 01:31:39,784 [ERROR] LogOutputStream:75 - [STDERR_REDIRECT] [Fatal Error] :1:1: Premature end of file.
2026-03-01 01:31:39,785 [ERROR] LogOutputStream:75 - [STDERR_REDIRECT] 
2026-03-01 01:31:40,784 [ERROR] LogOutputStream:75 - [STDERR_REDIRECT] [Fatal Error] :1:1: Premature end of file.
2026-03-01 01:31:40,784 [ERROR] LogOutputStream:75 - [STDERR_REDIRECT] 
2026-03-01 01:31:41,783 [ERROR] LogOutputStream:75 - [STDERR_REDIRECT] [Fatal Error] :1:1: Premature end of file.
2026-03-01 01:31:41,783 [ERROR] LogOutputStream:75 - [STDERR_REDIRECT] 
2026-03-01 01:31:42,785 [ERROR] LogOutputStream:75 - [STDERR_REDIRECT] [Fatal Error] :1:1: Premature end of file.
2026-03-01 01:31:42,785 [ERROR] LogOutputStream:75 - [STDERR_REDIRECT] 
2026-03-01 01:31:43,785 [ERROR] LogOutputStream:75 - [STDERR_REDIRECT] [Fatal Error] :1:1: Premature end of file.
2026-03-01 01:31:43,785 [ERROR] LogOutputStream:75 - [STDERR_REDIRECT] 
2026-03-01 01:31:44,783 [ERROR] LogOutputStream:75 - [STDERR_REDIRECT] [Fatal Error] :1:1: Premature end of file.
2026-03-01 01:31:44,784 [ERROR] LogOutputStream:75 - [STDERR_REDIRECT] 
2026-03-01 01:31:45,784 [ERROR] LogOutputStream:75 - [STDERR_REDIRECT] [Fatal Error] :1:1: Premature end of file.
2026-03-01 01:31:45,784 [ERROR] LogOutputStream:75 - [STDERR_REDIRECT] 
2026-03-01 01:31:46,784 [ERROR] LogOutputStream:75 - [STDERR_REDIRECT] [Fatal Error] :1:1: Premature end of file.
2026-03-01 01:31:46,784 [ERROR] LogOutputStream:75 - [STDERR_REDIRECT] 
2026-03-01 01:31:47,784 [ERROR] LogOutputStream:75 - [STDERR_REDIRECT] [Fatal Error] :1:1: Premature end of file.
2026-03-01 01:31:47,784 [ERROR] LogOutputStream:75 - [STDERR_REDIRECT] 
2026-03-01 01:31:48,785 [ERROR] LogOutputStream:75 - [STDERR_REDIRECT] [Fatal Error] :1:1: Premature end of file.
2026-03-01 01:31:48,785 [ERROR] LogOutputStream:75 - [STDERR_REDIRECT] 
2026-03-01 01:31:49,784 [ERROR] LogOutputStream:75 - [STDERR_REDIRECT] [Fatal Error] :1:1: Premature end of file.
2026-03-01 01:31:49,784 [ERROR] LogOutputStream:75 - [STDERR_REDIRECT] 
2026-03-01 01:31:50,785 [ERROR] LogOutputStream:75 - [STDERR_REDIRECT] [Fatal Error] :1:1: Premature end of file.
2026-03-01 01:31:50,785 [ERROR] LogOutputStream:75 - [STDERR_REDIRECT] 
2026-03-01 01:31:51,791 [ERROR] LogOutputStream:75 - [STDERR_REDIRECT] [Fatal Error] :1:1: Premature end of file.
2026-03-01 01:31:51,791 [ERROR] LogOutputStream:75 - [STDERR_REDIRECT] 
2026-03-01 01:31:52,785 [ERROR] LogOutputStream:75 - [STDERR_REDIRECT] [Fatal Error] :1:1: Premature end of file.
2026-03-01 01:31:52,785 [ERROR] LogOutputStream:75 - [STDERR_REDIRECT] 
2026-03-01 01:31:53,784 [ERROR] LogOutputStream:75 - [STDERR_REDIRECT] [Fatal Error] :1:1: Premature end of file.
2026-03-01 01:31:53,784 [ERROR] LogOutputStream:75 - [STDERR_REDIRECT] 
2026-03-01 01:31:54,785 [ERROR] LogOutputStream:75 - [STDERR_REDIRECT] [Fatal Error] :1:1: Premature end of file.
2026-03-01 01:31:54,785 [ERROR] LogOutputStream:75 - [STDERR_REDIRECT] 
2026-03-01 01:31:55,833 [ERROR] LogOutputStream:75 - [STDERR_REDIRECT] [Fatal Error] :1:1: Premature end of file.
2026-03-01 01:31:55,833 [ERROR] LogOutputStream:75 - [STDERR_REDIRECT] 
2026-03-01 01:31:56,787 [ERROR] LogOutputStream:75 - [STDERR_REDIRECT] [Fatal Error] :1:1: Premature end of file.
2026-03-01 01:31:56,787 [ERROR] LogOutputStream:75 - [STDERR_REDIRECT] 
2026-03-01 01:31:57,783 [ERROR] LogOutputStream:75 - [STDERR_REDIRECT] [Fatal Error] :1:1: Premature end of file.
2026-03-01 01:31:57,784 [ERROR] LogOutputStream:75 - [STDERR_REDIRECT] 
2026-03-01 01:31:58,786 [ERROR] LogOutputStream:75 - [STDERR_REDIRECT] [Fatal Error] :1:1: Premature end of file.
2026-03-01 01:31:58,786 [ERROR] LogOutputStream:75 - [STDERR_REDIRECT] 
2026-03-01 01:31:59,785 [ERROR] LogOutputStream:75 - [STDERR_REDIRECT] [Fatal Error] :1:1: Premature end of file.
2026-03-01 01:31:59,785 [ERROR] LogOutputStream:75 - [STDERR_REDIRECT] 
2026-03-01 01:32:00,783 [ERROR] LogOutputStream:75 - [STDERR_REDIRECT] [Fatal Error] :1:1: Premature end of file.
2026-03-01 01:32:00,783 [ERROR] LogOutputStream:75 - [STDERR_REDIRECT] 
2026-03-01 01:32:01,784 [ERROR] LogOutputStream:75 - [STDERR_REDIRECT] [Fatal Error] :1:1: Premature end of file.
2026-03-01 01:32:01,784 [ERROR] LogOutputStream:75 - [STDERR_REDIRECT] 
2026-03-01 01:32:02,785 [ERROR] LogOutputStream:75 - [STDERR_REDIRECT] [Fatal Error] :1:1: Premature end of file.
2026-03-01 01:32:02,785 [ERROR] LogOutputStream:75 - [STDERR_REDIRECT] 
2026-03-01 01:32:03,786 [ERROR] LogOutputStream:75 - [STDERR_REDIRECT] [Fatal Error] :1:1: Premature end of file.
2026-03-01 01:32:03,786 [ERROR] LogOutputStream:75 - [STDERR_REDIRECT] 
2026-03-01 01:32:04,784 [ERROR] LogOutputStream:75 - [STDERR_REDIRECT] [Fatal Error] :1:1: Premature end of file.
2026-03-01 01:32:04,784 [ERROR] LogOutputStream:75 - [STDERR_REDIRECT] 
2026-03-01 01:32:05,784 [ERROR] LogOutputStream:75 - [STDERR_REDIRECT] [Fatal Error] :1:1: Premature end of file.
2026-03-01 01:32:05,784 [ERROR] LogOutputStream:75 - [STDERR_REDIRECT] 
2026-03-01 01:32:06,783 [ERROR] LogOutputStream:75 - [STDERR_REDIRECT] [Fatal Error] :1:1: Premature end of file.
2026-03-01 01:32:06,783 [ERROR] LogOutputStream:75 - [STDERR_REDIRECT] 
2026-03-01 01:32:07,786 [ERROR] LogOutputStream:75 - [STDERR_REDIRECT] [Fatal Error] :1:1: Premature end of file.
2026-03-01 01:32:07,786 [ERROR] LogOutputStream:75 - [STDERR_REDIRECT] 
2026-03-01 01:32:08,785 [ERROR] LogOutputStream:75 - [STDERR_REDIRECT] [Fatal Error] :1:1: Premature end of file.
2026-03-01 01:32:08,785 [ERROR] LogOutputStream:75 - [STDERR_REDIRECT] 
2026-03-01 01:32:09,785 [ERROR] LogOutputStream:75 - [STDERR_REDIRECT] [Fatal Error] :1:1: Premature end of file.
2026-03-01 01:32:09,785 [ERROR] LogOutputStream:75 - [STDERR_REDIRECT] 
2026-03-01 01:32:10,786 [ERROR] LogOutputStream:75 - [STDERR_REDIRECT] [Fatal Error] :1:1: Premature end of file.
2026-03-01 01:32:10,786 [ERROR] LogOutputStream:75 - [STDERR_REDIRECT] 
2026-03-01 01:32:11,785 [ERROR] LogOutputStream:75 - [STDERR_REDIRECT] [Fatal Error] :1:1: Premature end of file.
2026-03-01 01:32:11,785 [ERROR] LogOutputStream:75 - [STDERR_REDIRECT] 
2026-03-01 01:32:12,785 [ERROR] LogOutputStream:75 - [STDERR_REDIRECT] [Fatal Error] :1:1: Premature end of file.
2026-03-01 01:32:12,785 [ERROR] LogOutputStream:75 - [STDERR_REDIRECT] 
2026-03-01 01:32:13,782 [ERROR] LogOutputStream:75 - [STDERR_REDIRECT] [Fatal Error] :1:1: Premature end of file.
2026-03-01 01:32:13,782 [ERROR] LogOutputStream:75 - [STDERR_REDIRECT] 
2026-03-01 01:32:14,783 [ERROR] LogOutputStream:75 - [STDERR_REDIRECT] [Fatal Error] :1:1: Premature end of file.
2026-03-01 01:32:14,783 [ERROR] LogOutputStream:75 - [STDERR_REDIRECT] 
2026-03-01 01:32:15,783 [ERROR] LogOutputStream:75 - [STDERR_REDIRECT] [Fatal Error] :1:1: Premature end of file.
2026-03-01 01:32:15,783 [ERROR] LogOutputStream:75 - [STDERR_REDIRECT] 
2026-03-01 01:32:16,786 [ERROR] LogOutputStream:75 - [STDERR_REDIRECT] [Fatal Error] :1:1: Premature end of file.
2026-03-01 01:32:16,786 [ERROR] LogOutputStream:75 - [STDERR_REDIRECT] 
2026-03-01 01:32:17,785 [ERROR] LogOutputStream:75 - [STDERR_REDIRECT] [Fatal Error] :1:1: Premature end of file.
2026-03-01 01:32:17,785 [ERROR] LogOutputStream:75 - [STDERR_REDIRECT] 
2026-03-01 01:32:18,785 [ERROR] LogOutputStream:75 - [STDERR_REDIRECT] [Fatal Error] :1:1: Premature end of file.
2026-03-01 01:32:18,785 [ERROR] LogOutputStream:75 - [STDERR_REDIRECT] 
2026-03-01 01:32:19,786 [ERROR] LogOutputStream:75 - [STDERR_REDIRECT] [Fatal Error] :1:1: Premature end of file.
2026-03-01 01:32:19,786 [ERROR] LogOutputStream:75 - [STDERR_REDIRECT] 
2026-03-01 01:32:20,784 [ERROR] LogOutputStream:75 - [STDERR_REDIRECT] [Fatal Error] :1:1: Premature end of file.
2026-03-01 01:32:20,784 [ERROR] LogOutputStream:75 - [STDERR_REDIRECT] 
2026-03-01 01:32:21,786 [ERROR] LogOutputStream:75 - [STDERR_REDIRECT] [Fatal Error] :1:1: Premature end of file.
2026-03-01 01:32:21,786 [ERROR] LogOutputStream:75 - [STDERR_REDIRECT] 
2026-03-01 01:32:22,786 [ERROR] LogOutputStream:75 - [STDERR_REDIRECT] [Fatal Error] :1:1: Premature end of file.
2026-03-01 01:32:22,786 [ERROR] LogOutputStream:75 - [STDERR_REDIRECT] 
2026-03-01 01:32:23,786 [ERROR] LogOutputStream:75 - [STDERR_REDIRECT] [Fatal Error] :1:1: Premature end of file.
2026-03-01 01:32:23,786 [ERROR] LogOutputStream:75 - [STDERR_REDIRECT] 
2026-03-01 01:32:24,784 [ERROR] LogOutputStream:75 - [STDERR_REDIRECT] [Fatal Error] :1:1: Premature end of file.
2026-03-01 01:32:24,784 [ERROR] LogOutputStream:75 - [STDERR_REDIRECT] 
2026-03-01 01:32:25,784 [ERROR] LogOutputStream:75 - [STDERR_REDIRECT] [Fatal Error] :1:1: Premature end of file.
2026-03-01 01:32:25,784 [ERROR] LogOutputStream:75 - [STDERR_REDIRECT] 
2026-03-01 01:32:26,783 [ERROR] LogOutputStream:75 - [STDERR_REDIRECT] [Fatal Error] :1:1: Premature end of file.
2026-03-01 01:32:26,783 [ERROR] LogOutputStream:75 - [STDERR_REDIRECT] 
2026-03-01 01:32:27,785 [ERROR] LogOutputStream:75 - [STDERR_REDIRECT] [Fatal Error] :1:1: Premature end of file.
2026-03-01 01:32:27,785 [ERROR] LogOutputStream:75 - [STDERR_REDIRECT] 
2026-03-01 01:32:28,786 [ERROR] LogOutputStream:75 - [STDERR_REDIRECT] [Fatal Error] :1:1: Premature end of file.
2026-03-01 01:32:28,786 [ERROR] LogOutputStream:75 - [STDERR_REDIRECT] 
2026-03-01 01:32:29,782 [ERROR] LogOutputStream:75 - [STDERR_REDIRECT] [Fatal Error] :1:1: Premature end of file.
2026-03-01 01:32:29,782 [ERROR] LogOutputStream:75 - [STDERR_REDIRECT] 
2026-03-01 01:32:30,785 [ERROR] LogOutputStream:75 - [STDERR_REDIRECT] [Fatal Error] :1:1: Premature end of file.
2026-03-01 01:32:30,785 [ERROR] LogOutputStream:75 - [STDERR_REDIRECT] 
2026-03-01 01:32:31,782 [ERROR] LogOutputStream:75 - [STDERR_REDIRECT] [Fatal Error] :1:1: Premature end of file.
2026-03-01 01:32:31,783 [ERROR] LogOutputStream:75 - [STDERR_REDIRECT] 
2026-03-01 01:32:32,787 [ERROR] LogOutputStream:75 - [STDERR_REDIRECT] [Fatal Error] :1:1: Premature end of file.
2026-03-01 01:32:32,787 [ERROR] LogOutputStream:75 - [STDERR_REDIRECT] 
2026-03-01 01:32:33,784 [ERROR] LogOutputStream:75 - [STDERR_REDIRECT] [Fatal Error] :1:1: Premature end of file.
2026-03-01 01:32:33,784 [ERROR] LogOutputStream:75 - [STDERR_REDIRECT] 
2026-03-01 01:32:34,786 [ERROR] LogOutputStream:75 - [STDERR_REDIRECT] [Fatal Error] :1:1: Premature end of file.
2026-03-01 01:32:34,786 [ERROR] LogOutputStream:75 - [STDERR_REDIRECT] 
2026-03-01 01:32:35,784 [ERROR] LogOutputStream:75 - [STDERR_REDIRECT] [Fatal Error] :1:1: Premature end of file.
2026-03-01 01:32:35,784 [ERROR] LogOutputStream:75 - [STDERR_REDIRECT] 
2026-03-01 01:32:36,785 [ERROR] LogOutputStream:75 - [STDERR_REDIRECT] [Fatal Error] :1:1: Premature end of file.
2026-03-01 01:32:36,785 [ERROR] LogOutputStream:75 - [STDERR_REDIRECT] 
2026-03-01 01:32:37,784 [ERROR] LogOutputStream:75 - [STDERR_REDIRECT] [Fatal Error] :1:1: Premature end of file.
2026-03-01 01:32:37,784 [ERROR] LogOutputStream:75 - [STDERR_REDIRECT] 
2026-03-01 01:32:38,784 [ERROR] LogOutputStream:75 - [STDERR_REDIRECT] [Fatal Error] :1:1: Premature end of file.
2026-03-01 01:32:38,785 [ERROR] LogOutputStream:75 - [STDERR_REDIRECT] 
2026-03-01 01:32:39,784 [ERROR] LogOutputStream:75 - [STDERR_REDIRECT] [Fatal Error] :1:1: Premature end of file.
2026-03-01 01:32:39,784 [ERROR] LogOutputStream:75 - [STDERR_REDIRECT] 
2026-03-01 01:32:40,783 [ERROR] LogOutputStream:75 - [STDERR_REDIRECT] [Fatal Error] :1:1: Premature end of file.
2026-03-01 01:32:40,783 [ERROR] LogOutputStream:75 - [STDERR_REDIRECT] 
2026-03-01 01:32:41,784 [ERROR] LogOutputStream:75 - [STDERR_REDIRECT] [Fatal Error] :1:1: Premature end of file.
2026-03-01 01:32:41,784 [ERROR] LogOutputStream:75 - [STDERR_REDIRECT] 
2026-03-01 01:32:42,783 [ERROR] LogOutputStream:75 - [STDERR_REDIRECT] [Fatal Error] :1:1: Premature end of file.
2026-03-01 01:32:42,783 [ERROR] LogOutputStream:75 - [STDERR_REDIRECT] 
2026-03-01 01:32:43,785 [ERROR] LogOutputStream:75 - [STDERR_REDIRECT] [Fatal Error] :1:1: Premature end of file.
2026-03-01 01:32:43,785 [ERROR] LogOutputStream:75 - [STDERR_REDIRECT] 
2026-03-01 01:32:44,783 [ERROR] LogOutputStream:75 - [STDERR_REDIRECT] [Fatal Error] :1:1: Premature end of file.
2026-03-01 01:32:44,783 [ERROR] LogOutputStream:75 - [STDERR_REDIRECT] 
2026-03-01 01:32:45,785 [ERROR] LogOutputStream:75 - [STDERR_REDIRECT] [Fatal Error] :1:1: Premature end of file.
2026-03-01 01:32:45,785 [ERROR] LogOutputStream:75 - [STDERR_REDIRECT] 
2026-03-01 01:32:46,783 [ERROR] LogOutputStream:75 - [STDERR_REDIRECT] [Fatal Error] :1:1: Premature end of file.
2026-03-01 01:32:46,783 [ERROR] LogOutputStream:75 - [STDERR_REDIRECT] 
2026-03-01 01:32:47,784 [ERROR] LogOutputStream:75 - [STDERR_REDIRECT] [Fatal Error] :1:1: Premature end of file.
2026-03-01 01:32:47,784 [ERROR] LogOutputStream:75 - [STDERR_REDIRECT] 
2026-03-01 01:32:48,785 [ERROR] LogOutputStream:75 - [STDERR_REDIRECT] [Fatal Error] :1:1: Premature end of file.
2026-03-01 01:32:48,785 [ERROR] LogOutputStream:75 - [STDERR_REDIRECT] 
2026-03-01 01:32:49,783 [ERROR] LogOutputStream:75 - [STDERR_REDIRECT] [Fatal Error] :1:1: Premature end of file.
2026-03-01 01:32:49,784 [ERROR] LogOutputStream:75 - [STDERR_REDIRECT] 
2026-03-01 01:32:50,783 [ERROR] LogOutputStream:75 - [STDERR_REDIRECT] [Fatal Error] :1:1: Premature end of file.
2026-03-01 01:32:50,783 [ERROR] LogOutputStream:75 - [STDERR_REDIRECT] 
2026-03-01 01:32:51,786 [ERROR] LogOutputStream:75 - [STDERR_REDIRECT] [Fatal Error] :1:1: Premature end of file.
2026-03-01 01:32:51,786 [ERROR] LogOutputStream:75 - [STDERR_REDIRECT] 
2026-03-01 01:32:52,783 [ERROR] LogOutputStream:75 - [STDERR_REDIRECT] [Fatal Error] :1:1: Premature end of file.
2026-03-01 01:32:52,783 [ERROR] LogOutputStream:75 - [STDERR_REDIRECT] 
2026-03-01 01:32:53,816 [ERROR] LogOutputStream:75 - [STDERR_REDIRECT] [Fatal Error] :1:1: Premature end of file.
2026-03-01 01:32:53,816 [ERROR] LogOutputStream:75 - [STDERR_REDIRECT] 
2026-03-01 01:32:54,784 [ERROR] LogOutputStream:75 - [STDERR_REDIRECT] [Fatal Error] :1:1: Premature end of file.
2026-03-01 01:32:54,784 [ERROR] LogOutputStream:75 - [STDERR_REDIRECT] 
2026-03-01 01:32:55,784 [ERROR] LogOutputStream:75 - [STDERR_REDIRECT] [Fatal Error] :1:1: Premature end of file.
2026-03-01 01:32:55,784 [ERROR] LogOutputStream:75 - [STDERR_REDIRECT] 
2026-03-01 01:32:56,786 [ERROR] LogOutputStream:75 - [STDERR_REDIRECT] [Fatal Error] :1:1: Premature end of file.
2026-03-01 01:32:56,786 [ERROR] LogOutputStream:75 - [STDERR_REDIRECT] 
2026-03-01 01:32:57,785 [ERROR] LogOutputStream:75 - [STDERR_REDIRECT] [Fatal Error] :1:1: Premature end of file.
2026-03-01 01:32:57,785 [ERROR] LogOutputStream:75 - [STDERR_REDIRECT] 
2026-03-01 01:32:58,784 [ERROR] LogOutputStream:75 - [STDERR_REDIRECT] [Fatal Error] :1:1: Premature end of file.
2026-03-01 01:32:58,784 [ERROR] LogOutputStream:75 - [STDERR_REDIRECT] 
2026-03-01 01:32:59,785 [ERROR] LogOutputStream:75 - [STDERR_REDIRECT] [Fatal Error] :1:1: Premature end of file.
2026-03-01 01:32:59,785 [ERROR] LogOutputStream:75 - [STDERR_REDIRECT] 
2026-03-01 01:33:00,784 [ERROR] LogOutputStream:75 - [STDERR_REDIRECT] [Fatal Error] :1:1: Premature end of file.
2026-03-01 01:33:00,784 [ERROR] LogOutputStream:75 - [STDERR_REDIRECT] 
2026-03-01 01:33:01,783 [ERROR] LogOutputStream:75 - [STDERR_REDIRECT] [Fatal Error] :1:1: Premature end of file.
2026-03-01 01:33:01,783 [ERROR] LogOutputStream:75 - [STDERR_REDIRECT] 
2026-03-01 01:33:02,785 [ERROR] LogOutputStream:75 - [STDERR_REDIRECT] [Fatal Error] :1:1: Premature end of file.
2026-03-01 01:33:02,785 [ERROR] LogOutputStream:75 - [STDERR_REDIRECT] 
2026-03-01 01:33:03,790 [ERROR] LogOutputStream:75 - [STDERR_REDIRECT] [Fatal Error] :1:1: Premature end of file.
2026-03-01 01:33:03,790 [ERROR] LogOutputStream:75 - [STDERR_REDIRECT] 
2026-03-01 01:33:04,786 [ERROR] LogOutputStream:75 - [STDERR_REDIRECT] [Fatal Error] :1:1: Premature end of file.
2026-03-01 01:33:04,786 [ERROR] LogOutputStream:75 - [STDERR_REDIRECT] 
2026-03-01 01:33:05,782 [ERROR] LogOutputStream:75 - [STDERR_REDIRECT] [Fatal Error] :1:1: Premature end of file.
2026-03-01 01:33:05,783 [ERROR] LogOutputStream:75 - [STDERR_REDIRECT] 
2026-03-01 01:33:06,783 [ERROR] LogOutputStream:75 - [STDERR_REDIRECT] [Fatal Error] :1:1: Premature end of file.
2026-03-01 01:33:06,783 [ERROR] LogOutputStream:75 - [STDERR_REDIRECT] 
2026-03-01 01:33:07,783 [ERROR] LogOutputStream:75 - [STDERR_REDIRECT] [Fatal Error] :1:1: Premature end of file.
2026-03-01 01:33:07,783 [ERROR] LogOutputStream:75 - [STDERR_REDIRECT] 
2026-03-01 01:33:08,787 [ERROR] LogOutputStream:75 - [STDERR_REDIRECT] [Fatal Error] :1:1: Premature end of file.
2026-03-01 01:33:08,787 [ERROR] LogOutputStream:75 - [STDERR_REDIRECT] 
2026-03-01 01:33:09,784 [ERROR] LogOutputStream:75 - [STDERR_REDIRECT] [Fatal Error] :1:1: Premature end of file.
2026-03-01 01:33:09,784 [ERROR] LogOutputStream:75 - [STDERR_REDIRECT] 
2026-03-01 01:33:10,782 [ERROR] LogOutputStream:75 - [STDERR_REDIRECT] [Fatal Error] :1:1: Premature end of file.
2026-03-01 01:33:10,782 [ERROR] LogOutputStream:75 - [STDERR_REDIRECT] 
2026-03-01 01:33:11,784 [ERROR] LogOutputStream:75 - [STDERR_REDIRECT] [Fatal Error] :1:1: Premature end of file.
2026-03-01 01:33:11,784 [ERROR] LogOutputStream:75 - [STDERR_REDIRECT] 
2026-03-01 01:33:12,785 [ERROR] LogOutputStream:75 - [STDERR_REDIRECT] [Fatal Error] :1:1: Premature end of file.
2026-03-01 01:33:12,785 [ERROR] LogOutputStream:75 - [STDERR_REDIRECT] 
2026-03-01 01:33:13,783 [ERROR] LogOutputStream:75 - [STDERR_REDIRECT] [Fatal Error] :1:1: Premature end of file.
2026-03-01 01:33:13,784 [ERROR] LogOutputStream:75 - [STDERR_REDIRECT] 
2026-03-01 01:33:14,785 [ERROR] LogOutputStream:75 - [STDERR_REDIRECT] [Fatal Error] :1:1: Premature end of file.
2026-03-01 01:33:14,785 [ERROR] LogOutputStream:75 - [STDERR_REDIRECT] 
2026-03-01 01:33:15,785 [ERROR] LogOutputStream:75 - [STDERR_REDIRECT] [Fatal Error] :1:1: Premature end of file.
2026-03-01 01:33:15,785 [ERROR] LogOutputStream:75 - [STDERR_REDIRECT] 
2026-03-01 01:33:16,784 [ERROR] LogOutputStream:75 - [STDERR_REDIRECT] [Fatal Error] :1:1: Premature end of file.
2026-03-01 01:33:16,784 [ERROR] LogOutputStream:75 - [STDERR_REDIRECT] 
2026-03-01 01:33:17,784 [ERROR] LogOutputStream:75 - [STDERR_REDIRECT] [Fatal Error] :1:1: Premature end of file.
2026-03-01 01:33:17,784 [ERROR] LogOutputStream:75 - [STDERR_REDIRECT] 
2026-03-01 01:33:18,783 [ERROR] LogOutputStream:75 - [STDERR_REDIRECT] [Fatal Error] :1:1: Premature end of file.
2026-03-01 01:33:18,783 [ERROR] LogOutputStream:75 - [STDERR_REDIRECT] 
2026-03-01 01:33:19,785 [ERROR] LogOutputStream:75 - [STDERR_REDIRECT] [Fatal Error] :1:1: Premature end of file.
2026-03-01 01:33:19,785 [ERROR] LogOutputStream:75 - [STDERR_REDIRECT] 
2026-03-01 01:33:20,786 [ERROR] LogOutputStream:75 - [STDERR_REDIRECT] [Fatal Error] :1:1: Premature end of file.
2026-03-01 01:33:20,786 [ERROR] LogOutputStream:75 - [STDERR_REDIRECT] 
2026-03-01 01:33:21,784 [ERROR] LogOutputStream:75 - [STDERR_REDIRECT] [Fatal Error] :1:1: Premature end of file.
2026-03-01 01:33:21,784 [ERROR] LogOutputStream:75 - [STDERR_REDIRECT] 
2026-03-01 01:33:22,785 [ERROR] LogOutputStream:75 - [STDERR_REDIRECT] [Fatal Error] :1:1: Premature end of file.
2026-03-01 01:33:22,785 [ERROR] LogOutputStream:75 - [STDERR_REDIRECT] 
2026-03-01 01:33:23,784 [ERROR] LogOutputStream:75 - [STDERR_REDIRECT] [Fatal Error] :1:1: Premature end of file.
2026-03-01 01:33:23,784 [ERROR] LogOutputStream:75 - [STDERR_REDIRECT] 
2026-03-01 01:33:24,786 [ERROR] LogOutputStream:75 - [STDERR_REDIRECT] [Fatal Error] :1:1: Premature end of file.
2026-03-01 01:33:24,786 [ERROR] LogOutputStream:75 - [STDERR_REDIRECT] 
2026-03-01 01:33:25,784 [ERROR] LogOutputStream:75 - [STDERR_REDIRECT] [Fatal Error] :1:1: Premature end of file.
2026-03-01 01:33:25,784 [ERROR] LogOutputStream:75 - [STDERR_REDIRECT] 
2026-03-01 01:33:26,785 [ERROR] LogOutputStream:75 - [STDERR_REDIRECT] [Fatal Error] :1:1: Premature end of file.
2026-03-01 01:33:26,785 [ERROR] LogOutputStream:75 - [STDERR_REDIRECT] 
2026-03-01 01:33:27,786 [ERROR] LogOutputStream:75 - [STDERR_REDIRECT] [Fatal Error] :1:1: Premature end of file.
2026-03-01 01:33:27,786 [ERROR] LogOutputStream:75 - [STDERR_REDIRECT] 
2026-03-01 01:33:28,785 [ERROR] LogOutputStream:75 - [STDERR_REDIRECT] [Fatal Error] :1:1: Premature end of file.
2026-03-01 01:33:28,785 [ERROR] LogOutputStream:75 - [STDERR_REDIRECT] 
2026-03-01 01:33:29,785 [ERROR] LogOutputStream:75 - [STDERR_REDIRECT] [Fatal Error] :1:1: Premature end of file.
2026-03-01 01:33:29,785 [ERROR] LogOutputStream:75 - [STDERR_REDIRECT] 
2026-03-01 01:33:30,823 [ERROR] LogOutputStream:75 - [STDERR_REDIRECT] [Fatal Error] :1:1: Premature end of file.
2026-03-01 01:33:30,823 [ERROR] LogOutputStream:75 - [STDERR_REDIRECT] 
2026-03-01 01:33:31,785 [ERROR] LogOutputStream:75 - [STDERR_REDIRECT] [Fatal Error] :1:1: Premature end of file.
2026-03-01 01:33:31,785 [ERROR] LogOutputStream:75 - [STDERR_REDIRECT] 
2026-03-01 01:33:32,782 [ERROR] LogOutputStream:75 - [STDERR_REDIRECT] [Fatal Error] :1:1: Premature end of file.
2026-03-01 01:33:32,782 [ERROR] LogOutputStream:75 - [STDERR_REDIRECT] 
2026-03-01 01:33:33,785 [ERROR] LogOutputStream:75 - [STDERR_REDIRECT] [Fatal Error] :1:1: Premature end of file.
2026-03-01 01:33:33,785 [ERROR] LogOutputStream:75 - [STDERR_REDIRECT] 
2026-03-01 01:33:34,782 [ERROR] LogOutputStream:75 - [STDERR_REDIRECT] [Fatal Error] :1:1: Premature end of file.
2026-03-01 01:33:34,782 [ERROR] LogOutputStream:75 - [STDERR_REDIRECT] 
2026-03-01 01:33:35,784 [ERROR] LogOutputStream:75 - [STDERR_REDIRECT] [Fatal Error] :1:1: Premature end of file.
2026-03-01 01:33:35,784 [ERROR] LogOutputStream:75 - [STDERR_REDIRECT] 
2026-03-01 01:33:36,784 [ERROR] LogOutputStream:75 - [STDERR_REDIRECT] [Fatal Error] :1:1: Premature end of file.
2026-03-01 01:33:36,784 [ERROR] LogOutputStream:75 - [STDERR_REDIRECT] 
2026-03-01 01:33:37,784 [ERROR] LogOutputStream:75 - [STDERR_REDIRECT] [Fatal Error] :1:1: Premature end of file.
2026-03-01 01:33:37,784 [ERROR] LogOutputStream:75 - [STDERR_REDIRECT] 
2026-03-01 01:33:38,783 [ERROR] LogOutputStream:75 - [STDERR_REDIRECT] [Fatal Error] :1:1: Premature end of file.
2026-03-01 01:33:38,783 [ERROR] LogOutputStream:75 - [STDERR_REDIRECT] 
2026-03-01 01:33:39,783 [ERROR] LogOutputStream:75 - [STDERR_REDIRECT] [Fatal Error] :1:1: Premature end of file.
2026-03-01 01:33:39,783 [ERROR] LogOutputStream:75 - [STDERR_REDIRECT] 
2026-03-01 01:33:40,787 [ERROR] LogOutputStream:75 - [STDERR_REDIRECT] [Fatal Error] :1:1: Premature end of file.
2026-03-01 01:33:40,787 [ERROR] LogOutputStream:75 - [STDERR_REDIRECT] 
2026-03-01 01:33:41,781 [ERROR] LogOutputStream:75 - [STDERR_REDIRECT] [Fatal Error] :1:1: Premature end of file.
2026-03-01 01:33:41,781 [ERROR] LogOutputStream:75 - [STDERR_REDIRECT] 
2026-03-01 01:33:42,783 [ERROR] LogOutputStream:75 - [STDERR_REDIRECT] [Fatal Error] :1:1: Premature end of file.
2026-03-01 01:33:42,783 [ERROR] LogOutputStream:75 - [STDERR_REDIRECT] 
2026-03-01 01:33:43,784 [ERROR] LogOutputStream:75 - [STDERR_REDIRECT] [Fatal Error] :1:1: Premature end of file.
2026-03-01 01:33:43,784 [ERROR] LogOutputStream:75 - [STDERR_REDIRECT] 
2026-03-01 01:33:44,783 [ERROR] LogOutputStream:75 - [STDERR_REDIRECT] [Fatal Error] :1:1: Premature end of file.
2026-03-01 01:33:44,783 [ERROR] LogOutputStream:75 - [STDERR_REDIRECT] 
2026-03-01 01:33:45,786 [ERROR] LogOutputStream:75 - [STDERR_REDIRECT] [Fatal Error] :1:1: Premature end of file.
2026-03-01 01:33:45,786 [ERROR] LogOutputStream:75 - [STDERR_REDIRECT] 
2026-03-01 01:33:46,785 [ERROR] LogOutputStream:75 - [STDERR_REDIRECT] [Fatal Error] :1:1: Premature end of file.
2026-03-01 01:33:46,785 [ERROR] LogOutputStream:75 - [STDERR_REDIRECT] 
2026-03-01 01:33:47,783 [ERROR] LogOutputStream:75 - [STDERR_REDIRECT] [Fatal Error] :1:1: Premature end of file.
2026-03-01 01:33:47,783 [ERROR] LogOutputStream:75 - [STDERR_REDIRECT] 
2026-03-01 01:33:48,785 [ERROR] LogOutputStream:75 - [STDERR_REDIRECT] [Fatal Error] :1:1: Premature end of file.
2026-03-01 01:33:48,785 [ERROR] LogOutputStream:75 - [STDERR_REDIRECT] 
2026-03-01 01:33:49,786 [ERROR] LogOutputStream:75 - [STDERR_REDIRECT] [Fatal Error] :1:1: Premature end of file.
2026-03-01 01:33:49,786 [ERROR] LogOutputStream:75 - [STDERR_REDIRECT] 
2026-03-01 01:33:50,785 [ERROR] LogOutputStream:75 - [STDERR_REDIRECT] [Fatal Error] :1:1: Premature end of file.
2026-03-01 01:33:50,785 [ERROR] LogOutputStream:75 - [STDERR_REDIRECT] 
2026-03-01 01:33:51,783 [ERROR] LogOutputStream:75 - [STDERR_REDIRECT] [Fatal Error] :1:1: Premature end of file.
2026-03-01 01:33:51,783 [ERROR] LogOutputStream:75 - [STDERR_REDIRECT] 
2026-03-01 01:33:52,786 [ERROR] LogOutputStream:75 - [STDERR_REDIRECT] [Fatal Error] :1:1: Premature end of file.
2026-03-01 01:33:52,786 [ERROR] LogOutputStream:75 - [STDERR_REDIRECT] 
2026-03-01 01:33:53,783 [ERROR] LogOutputStream:75 - [STDERR_REDIRECT] [Fatal Error] :1:1: Premature end of file.
2026-03-01 01:33:53,783 [ERROR] LogOutputStream:75 - [STDERR_REDIRECT] 
2026-03-01 01:33:54,783 [ERROR] LogOutputStream:75 - [STDERR_REDIRECT] [Fatal Error] :1:1: Premature end of file.
2026-03-01 01:33:54,784 [ERROR] LogOutputStream:75 - [STDERR_REDIRECT] 
2026-03-01 01:33:55,784 [ERROR] LogOutputStream:75 - [STDERR_REDIRECT] [Fatal Error] :1:1: Premature end of file.
2026-03-01 01:33:55,784 [ERROR] LogOutputStream:75 - [STDERR_REDIRECT] 
2026-03-01 01:33:56,785 [ERROR] LogOutputStream:75 - [STDERR_REDIRECT] [Fatal Error] :1:1: Premature end of file.
2026-03-01 01:33:56,785 [ERROR] LogOutputStream:75 - [STDERR_REDIRECT] 
2026-03-01 01:33:57,785 [ERROR] LogOutputStream:75 - [STDERR_REDIRECT] [Fatal Error] :1:1: Premature end of file.
2026-03-01 01:33:57,786 [ERROR] LogOutputStream:75 - [STDERR_REDIRECT] 
2026-03-01 01:33:58,785 [ERROR] LogOutputStream:75 - [STDERR_REDIRECT] [Fatal Error] :1:1: Premature end of file.
2026-03-01 01:33:58,785 [ERROR] LogOutputStream:75 - [STDERR_REDIRECT] 
2026-03-01 01:33:59,786 [ERROR] LogOutputStream:75 - [STDERR_REDIRECT] [Fatal Error] :1:1: Premature end of file.
2026-03-01 01:33:59,786 [ERROR] LogOutputStream:75 - [STDERR_REDIRECT] 
2026-03-01 01:34:00,785 [ERROR] LogOutputStream:75 - [STDERR_REDIRECT] [Fatal Error] :1:1: Premature end of file.
2026-03-01 01:34:00,785 [ERROR] LogOutputStream:75 - [STDERR_REDIRECT] 
2026-03-01 01:34:01,782 [ERROR] LogOutputStream:75 - [STDERR_REDIRECT] [Fatal Error] :1:1: Premature end of file.
2026-03-01 01:34:01,782 [ERROR] LogOutputStream:75 - [STDERR_REDIRECT] 
2026-03-01 01:34:02,784 [ERROR] LogOutputStream:75 - [STDERR_REDIRECT] [Fatal Error] :1:1: Premature end of file.
2026-03-01 01:34:02,784 [ERROR] LogOutputStream:75 - [STDERR_REDIRECT] 
2026-03-01 01:34:03,785 [ERROR] LogOutputStream:75 - [STDERR_REDIRECT] [Fatal Error] :1:1: Premature end of file.
2026-03-01 01:34:03,786 [ERROR] LogOutputStream:75 - [STDERR_REDIRECT] 
2026-03-01 01:34:04,783 [ERROR] LogOutputStream:75 - [STDERR_REDIRECT] [Fatal Error] :1:1: Premature end of file.
2026-03-01 01:34:04,783 [ERROR] LogOutputStream:75 - [STDERR_REDIRECT] 
2026-03-01 01:34:05,784 [ERROR] LogOutputStream:75 - [STDERR_REDIRECT] [Fatal Error] :1:1: Premature end of file.
2026-03-01 01:34:05,784 [ERROR] LogOutputStream:75 - [STDERR_REDIRECT] 
2026-03-01 01:34:06,784 [ERROR] LogOutputStream:75 - [STDERR_REDIRECT] [Fatal Error] :1:1: Premature end of file.
2026-03-01 01:34:06,784 [ERROR] LogOutputStream:75 - [STDERR_REDIRECT] 
2026-03-01 01:34:07,785 [ERROR] LogOutputStream:75 - [STDERR_REDIRECT] [Fatal Error] :1:1: Premature end of file.
2026-03-01 01:34:07,785 [ERROR] LogOutputStream:75 - [STDERR_REDIRECT] 
2026-03-01 01:34:08,784 [ERROR] LogOutputStream:75 - [STDERR_REDIRECT] [Fatal Error] :1:1: Premature end of file.
2026-03-01 01:34:08,784 [ERROR] LogOutputStream:75 - [STDERR_REDIRECT] 
2026-03-01 01:34:09,786 [ERROR] LogOutputStream:75 - [STDERR_REDIRECT] [Fatal Error] :1:1: Premature end of file.
2026-03-01 01:34:09,786 [ERROR] LogOutputStream:75 - [STDERR_REDIRECT] 
2026-03-01 01:34:10,784 [ERROR] LogOutputStream:75 - [STDERR_REDIRECT] [Fatal Error] :1:1: Premature end of file.
2026-03-01 01:34:10,784 [ERROR] LogOutputStream:75 - [STDERR_REDIRECT] 
2026-03-01 01:34:11,818 [ERROR] LogOutputStream:75 - [STDERR_REDIRECT] [Fatal Error] :1:1: Premature end of file.
2026-03-01 01:34:11,818 [ERROR] LogOutputStream:75 - [STDERR_REDIRECT] 
2026-03-01 01:34:12,784 [ERROR] LogOutputStream:75 - [STDERR_REDIRECT] [Fatal Error] :1:1: Premature end of file.
2026-03-01 01:34:12,784 [ERROR] LogOutputStream:75 - [STDERR_REDIRECT] 
2026-03-01 01:34:13,783 [ERROR] LogOutputStream:75 - [STDERR_REDIRECT] [Fatal Error] :1:1: Premature end of file.
2026-03-01 01:34:13,783 [ERROR] LogOutputStream:75 - [STDERR_REDIRECT] 
2026-03-01 01:34:14,784 [ERROR] LogOutputStream:75 - [STDERR_REDIRECT] [Fatal Error] :1:1: Premature end of file.
2026-03-01 01:34:14,784 [ERROR] LogOutputStream:75 - [STDERR_REDIRECT] 
2026-03-01 01:34:15,785 [ERROR] LogOutputStream:75 - [STDERR_REDIRECT] [Fatal Error] :1:1: Premature end of file.
2026-03-01 01:34:15,785 [ERROR] LogOutputStream:75 - [STDERR_REDIRECT] 
2026-03-01 01:34:16,784 [ERROR] LogOutputStream:75 - [STDERR_REDIRECT] [Fatal Error] :1:1: Premature end of file.
2026-03-01 01:34:16,784 [ERROR] LogOutputStream:75 - [STDERR_REDIRECT] 
2026-03-01 01:34:17,783 [ERROR] LogOutputStream:75 - [STDERR_REDIRECT] [Fatal Error] :1:1: Premature end of file.
2026-03-01 01:34:17,783 [ERROR] LogOutputStream:75 - [STDERR_REDIRECT] 
2026-03-01 01:34:18,782 [ERROR] LogOutputStream:75 - [STDERR_REDIRECT] [Fatal Error] :1:1: Premature end of file.
2026-03-01 01:34:18,783 [ERROR] LogOutputStream:75 - [STDERR_REDIRECT] 
2026-03-01 01:34:19,782 [ERROR] LogOutputStream:75 - [STDERR_REDIRECT] [Fatal Error] :1:1: Premature end of file.
2026-03-01 01:34:19,782 [ERROR] LogOutputStream:75 - [STDERR_REDIRECT] 
2026-03-01 01:34:20,785 [ERROR] LogOutputStream:75 - [STDERR_REDIRECT] [Fatal Error] :1:1: Premature end of file.
2026-03-01 01:34:20,786 [ERROR] LogOutputStream:75 - [STDERR_REDIRECT] 
2026-03-01 01:34:21,784 [ERROR] LogOutputStream:75 - [STDERR_REDIRECT] [Fatal Error] :1:1: Premature end of file.
2026-03-01 01:34:21,784 [ERROR] LogOutputStream:75 - [STDERR_REDIRECT] 
2026-03-01 01:34:22,784 [ERROR] LogOutputStream:75 - [STDERR_REDIRECT] [Fatal Error] :1:1: Premature end of file.
2026-03-01 01:34:22,784 [ERROR] LogOutputStream:75 - [STDERR_REDIRECT] 
2026-03-01 01:34:23,783 [ERROR] LogOutputStream:75 - [STDERR_REDIRECT] [Fatal Error] :1:1: Premature end of file.
2026-03-01 01:34:23,784 [ERROR] LogOutputStream:75 - [STDERR_REDIRECT] 
2026-03-01 01:34:24,784 [ERROR] LogOutputStream:75 - [STDERR_REDIRECT] [Fatal Error] :1:1: Premature end of file.
2026-03-01 01:34:24,784 [ERROR] LogOutputStream:75 - [STDERR_REDIRECT] 
2026-03-01 01:34:25,794 [ERROR] LogOutputStream:75 - [STDERR_REDIRECT] [Fatal Error] :1:1: Premature end of file.
2026-03-01 01:34:25,794 [ERROR] LogOutputStream:75 - [STDERR_REDIRECT] 
2026-03-01 01:34:26,829 [ERROR] LogOutputStream:75 - [STDERR_REDIRECT] [Fatal Error] :1:1: Premature end of file.
2026-03-01 01:34:26,829 [ERROR] LogOutputStream:75 - [STDERR_REDIRECT] 
2026-03-01 01:34:27,782 [ERROR] LogOutputStream:75 - [STDERR_REDIRECT] [Fatal Error] :1:1: Premature end of file.
2026-03-01 01:34:27,782 [ERROR] LogOutputStream:75 - [STDERR_REDIRECT] 
2026-03-01 01:34:28,782 [ERROR] LogOutputStream:75 - [STDERR_REDIRECT] [Fatal Error] :1:1: Premature end of file.
2026-03-01 01:34:28,782 [ERROR] LogOutputStream:75 - [STDERR_REDIRECT] 
2026-03-01 01:34:29,785 [ERROR] LogOutputStream:75 - [STDERR_REDIRECT] [Fatal Error] :1:1: Premature end of file.
2026-03-01 01:34:29,785 [ERROR] LogOutputStream:75 - [STDERR_REDIRECT] 
2026-03-01 01:34:30,782 [ERROR] LogOutputStream:75 - [STDERR_REDIRECT] [Fatal Error] :1:1: Premature end of file.
2026-03-01 01:34:30,782 [ERROR] LogOutputStream:75 - [STDERR_REDIRECT] 
2026-03-01 01:34:31,783 [ERROR] LogOutputStream:75 - [STDERR_REDIRECT] [Fatal Error] :1:1: Premature end of file.
2026-03-01 01:34:31,783 [ERROR] LogOutputStream:75 - [STDERR_REDIRECT] 
2026-03-01 01:34:32,785 [ERROR] LogOutputStream:75 - [STDERR_REDIRECT] [Fatal Error] :1:1: Premature end of file.
2026-03-01 01:34:32,785 [ERROR] LogOutputStream:75 - [STDERR_REDIRECT] 
2026-03-01 01:34:33,783 [ERROR] LogOutputStream:75 - [STDERR_REDIRECT] [Fatal Error] :1:1: Premature end of file.
2026-03-01 01:34:33,783 [ERROR] LogOutputStream:75 - [STDERR_REDIRECT] 
2026-03-01 01:34:34,784 [ERROR] LogOutputStream:75 - [STDERR_REDIRECT] [Fatal Error] :1:1: Premature end of file.
2026-03-01 01:34:34,784 [ERROR] LogOutputStream:75 - [STDERR_REDIRECT] 
2026-03-01 01:34:35,784 [ERROR] LogOutputStream:75 - [STDERR_REDIRECT] [Fatal Error] :1:1: Premature end of file.
2026-03-01 01:34:35,784 [ERROR] LogOutputStream:75 - [STDERR_REDIRECT] 
2026-03-01 01:34:36,783 [ERROR] LogOutputStream:75 - [STDERR_REDIRECT] [Fatal Error] :1:1: Premature end of file.
2026-03-01 01:34:36,783 [ERROR] LogOutputStream:75 - [STDERR_REDIRECT] 
2026-03-01 01:34:37,785 [ERROR] LogOutputStream:75 - [STDERR_REDIRECT] [Fatal Error] :1:1: Premature end of file.
2026-03-01 01:34:37,785 [ERROR] LogOutputStream:75 - [STDERR_REDIRECT] 
2026-03-01 01:34:38,783 [ERROR] LogOutputStream:75 - [STDERR_REDIRECT] [Fatal Error] :1:1: Premature end of file.
2026-03-01 01:34:38,783 [ERROR] LogOutputStream:75 - [STDERR_REDIRECT] 
2026-03-01 01:34:39,785 [ERROR] LogOutputStream:75 - [STDERR_REDIRECT] [Fatal Error] :1:1: Premature end of file.
2026-03-01 01:34:39,785 [ERROR] LogOutputStream:75 - [STDERR_REDIRECT] 
2026-03-01 01:34:40,784 [ERROR] LogOutputStream:75 - [STDERR_REDIRECT] [Fatal Error] :1:1: Premature end of file.
2026-03-01 01:34:40,784 [ERROR] LogOutputStream:75 - [STDERR_REDIRECT] 
2026-03-01 01:34:41,785 [ERROR] LogOutputStream:75 - [STDERR_REDIRECT] [Fatal Error] :1:1: Premature end of file.
2026-03-01 01:34:41,785 [ERROR] LogOutputStream:75 - [STDERR_REDIRECT] 
2026-03-01 01:34:42,785 [ERROR] LogOutputStream:75 - [STDERR_REDIRECT] [Fatal Error] :1:1: Premature end of file.
2026-03-01 01:34:42,785 [ERROR] LogOutputStream:75 - [STDERR_REDIRECT] 
2026-03-01 01:34:43,785 [ERROR] LogOutputStream:75 - [STDERR_REDIRECT] [Fatal Error] :1:1: Premature end of file.
2026-03-01 01:34:43,785 [ERROR] LogOutputStream:75 - [STDERR_REDIRECT] 
2026-03-01 01:34:44,785 [ERROR] LogOutputStream:75 - [STDERR_REDIRECT] [Fatal Error] :1:1: Premature end of file.
2026-03-01 01:34:44,785 [ERROR] LogOutputStream:75 - [STDERR_REDIRECT] 
2026-03-01 01:34:45,785 [ERROR] LogOutputStream:75 - [STDERR_REDIRECT] [Fatal Error] :1:1: Premature end of file.
2026-03-01 01:34:45,785 [ERROR] LogOutputStream:75 - [STDERR_REDIRECT] 
2026-03-01 01:34:46,784 [ERROR] LogOutputStream:75 - [STDERR_REDIRECT] [Fatal Error] :1:1: Premature end of file.
2026-03-01 01:34:46,784 [ERROR] LogOutputStream:75 - [STDERR_REDIRECT] 
2026-03-01 01:34:47,789 [ERROR] LogOutputStream:75 - [STDERR_REDIRECT] [Fatal Error] :1:1: Premature end of file.
2026-03-01 01:34:47,790 [ERROR] LogOutputStream:75 - [STDERR_REDIRECT] 
2026-03-01 01:34:48,784 [ERROR] LogOutputStream:75 - [STDERR_REDIRECT] [Fatal Error] :1:1: Premature end of file.
2026-03-01 01:34:48,784 [ERROR] LogOutputStream:75 - [STDERR_REDIRECT] 
2026-03-01 01:34:49,784 [ERROR] LogOutputStream:75 - [STDERR_REDIRECT] [Fatal Error] :1:1: Premature end of file.
2026-03-01 01:34:49,784 [ERROR] LogOutputStream:75 - [STDERR_REDIRECT] 
2026-03-01 01:34:50,783 [ERROR] LogOutputStream:75 - [STDERR_REDIRECT] [Fatal Error] :1:1: Premature end of file.
2026-03-01 01:34:50,784 [ERROR] LogOutputStream:75 - [STDERR_REDIRECT] 
2026-03-01 01:34:51,785 [ERROR] LogOutputStream:75 - [STDERR_REDIRECT] [Fatal Error] :1:1: Premature end of file.
2026-03-01 01:34:51,785 [ERROR] LogOutputStream:75 - [STDERR_REDIRECT] 
2026-03-01 01:34:52,786 [ERROR] LogOutputStream:75 - [STDERR_REDIRECT] [Fatal Error] :1:1: Premature end of file.
2026-03-01 01:34:52,786 [ERROR] LogOutputStream:75 - [STDERR_REDIRECT] 
2026-03-01 01:34:53,785 [ERROR] LogOutputStream:75 - [STDERR_REDIRECT] [Fatal Error] :1:1: Premature end of file.
2026-03-01 01:34:53,785 [ERROR] LogOutputStream:75 - [STDERR_REDIRECT] 
2026-03-01 01:34:54,785 [ERROR] LogOutputStream:75 - [STDERR_REDIRECT] [Fatal Error] :1:1: Premature end of file.
2026-03-01 01:34:54,785 [ERROR] LogOutputStream:75 - [STDERR_REDIRECT] 
2026-03-01 01:34:55,785 [ERROR] LogOutputStream:75 - [STDERR_REDIRECT] [Fatal Error] :1:1: Premature end of file.
2026-03-01 01:34:55,785 [ERROR] LogOutputStream:75 - [STDERR_REDIRECT] 
2026-03-01 01:34:56,784 [ERROR] LogOutputStream:75 - [STDERR_REDIRECT] [Fatal Error] :1:1: Premature end of file.
2026-03-01 01:34:56,784 [ERROR] LogOutputStream:75 - [STDERR_REDIRECT] 
2026-03-01 01:34:57,784 [ERROR] LogOutputStream:75 - [STDERR_REDIRECT] [Fatal Error] :1:1: Premature end of file.
2026-03-01 01:34:57,784 [ERROR] LogOutputStream:75 - [STDERR_REDIRECT] 
2026-03-01 01:34:58,787 [ERROR] LogOutputStream:75 - [STDERR_REDIRECT] [Fatal Error] :1:1: Premature end of file.
2026-03-01 01:34:58,787 [ERROR] LogOutputStream:75 - [STDERR_REDIRECT] 
2026-03-01 01:34:59,784 [ERROR] LogOutputStream:75 - [STDERR_REDIRECT] [Fatal Error] :1:1: Premature end of file.
2026-03-01 01:34:59,785 [ERROR] LogOutputStream:75 - [STDERR_REDIRECT] 
2026-03-01 01:35:00,783 [ERROR] LogOutputStream:75 - [STDERR_REDIRECT] [Fatal Error] :1:1: Premature end of file.
2026-03-01 01:35:00,783 [ERROR] LogOutputStream:75 - [STDERR_REDIRECT] 
2026-03-01 01:35:01,784 [ERROR] LogOutputStream:75 - [STDERR_REDIRECT] [Fatal Error] :1:1: Premature end of file.
2026-03-01 01:35:01,784 [ERROR] LogOutputStream:75 - [STDERR_REDIRECT] 
2026-03-01 01:35:02,785 [ERROR] LogOutputStream:75 - [STDERR_REDIRECT] [Fatal Error] :1:1: Premature end of file.
2026-03-01 01:35:02,785 [ERROR] LogOutputStream:75 - [STDERR_REDIRECT] 
2026-03-01 01:35:03,786 [ERROR] LogOutputStream:75 - [STDERR_REDIRECT] [Fatal Error] :1:1: Premature end of file.
2026-03-01 01:35:03,786 [ERROR] LogOutputStream:75 - [STDERR_REDIRECT] 
2026-03-01 01:35:04,783 [ERROR] LogOutputStream:75 - [STDERR_REDIRECT] [Fatal Error] :1:1: Premature end of file.
2026-03-01 01:35:04,783 [ERROR] LogOutputStream:75 - [STDERR_REDIRECT] 
2026-03-01 01:35:05,786 [ERROR] LogOutputStream:75 - [STDERR_REDIRECT] [Fatal Error] :1:1: Premature end of file.
2026-03-01 01:35:05,786 [ERROR] LogOutputStream:75 - [STDERR_REDIRECT] 
2026-03-01 01:35:06,785 [ERROR] LogOutputStream:75 - [STDERR_REDIRECT] [Fatal Error] :1:1: Premature end of file.
2026-03-01 01:35:06,785 [ERROR] LogOutputStream:75 - [STDERR_REDIRECT] 
2026-03-01 01:35:07,786 [ERROR] LogOutputStream:75 - [STDERR_REDIRECT] [Fatal Error] :1:1: Premature end of file.
2026-03-01 01:35:07,786 [ERROR] LogOutputStream:75 - [STDERR_REDIRECT] 
2026-03-01 01:35:08,826 [ERROR] LogOutputStream:75 - [STDERR_REDIRECT] [Fatal Error] :1:1: Premature end of file.
2026-03-01 01:35:08,826 [ERROR] LogOutputStream:75 - [STDERR_REDIRECT] 
2026-03-01 01:35:09,788 [ERROR] LogOutputStream:75 - [STDERR_REDIRECT] [Fatal Error] :1:1: Premature end of file.
2026-03-01 01:35:09,788 [ERROR] LogOutputStream:75 - [STDERR_REDIRECT] 
2026-03-01 01:35:10,785 [ERROR] LogOutputStream:75 - [STDERR_REDIRECT] [Fatal Error] :1:1: Premature end of file.
2026-03-01 01:35:10,785 [ERROR] LogOutputStream:75 - [STDERR_REDIRECT] 
2026-03-01 01:35:11,783 [ERROR] LogOutputStream:75 - [STDERR_REDIRECT] [Fatal Error] :1:1: Premature end of file.
2026-03-01 01:35:11,783 [ERROR] LogOutputStream:75 - [STDERR_REDIRECT] 
2026-03-01 01:35:12,784 [ERROR] LogOutputStream:75 - [STDERR_REDIRECT] [Fatal Error] :1:1: Premature end of file.
2026-03-01 01:35:12,784 [ERROR] LogOutputStream:75 - [STDERR_REDIRECT] 
2026-03-01 01:35:13,788 [ERROR] LogOutputStream:75 - [STDERR_REDIRECT] [Fatal Error] :1:1: Premature end of file.
2026-03-01 01:35:13,788 [ERROR] LogOutputStream:75 - [STDERR_REDIRECT] 
2026-03-01 01:35:14,785 [ERROR] LogOutputStream:75 - [STDERR_REDIRECT] [Fatal Error] :1:1: Premature end of file.
2026-03-01 01:35:14,785 [ERROR] LogOutputStream:75 - [STDERR_REDIRECT] 
2026-03-01 01:35:15,785 [ERROR] LogOutputStream:75 - [STDERR_REDIRECT] [Fatal Error] :1:1: Premature end of file.
2026-03-01 01:35:15,785 [ERROR] LogOutputStream:75 - [STDERR_REDIRECT] 
2026-03-01 01:35:16,785 [ERROR] LogOutputStream:75 - [STDERR_REDIRECT] [Fatal Error] :1:1: Premature end of file.
2026-03-01 01:35:16,785 [ERROR] LogOutputStream:75 - [STDERR_REDIRECT] 
2026-03-01 01:35:17,784 [ERROR] LogOutputStream:75 - [STDERR_REDIRECT] [Fatal Error] :1:1: Premature end of file.
2026-03-01 01:35:17,784 [ERROR] LogOutputStream:75 - [STDERR_REDIRECT] 
2026-03-01 01:35:18,783 [ERROR] LogOutputStream:75 - [STDERR_REDIRECT] [Fatal Error] :1:1: Premature end of file.
2026-03-01 01:35:18,783 [ERROR] LogOutputStream:75 - [STDERR_REDIRECT] 
2026-03-01 01:35:19,785 [ERROR] LogOutputStream:75 - [STDERR_REDIRECT] [Fatal Error] :1:1: Premature end of file.
2026-03-01 01:35:19,785 [ERROR] LogOutputStream:75 - [STDERR_REDIRECT] 
2026-03-01 01:35:20,783 [ERROR] LogOutputStream:75 - [STDERR_REDIRECT] [Fatal Error] :1:1: Premature end of file.
2026-03-01 01:35:20,783 [ERROR] LogOutputStream:75 - [STDERR_REDIRECT] 
2026-03-01 01:35:21,785 [ERROR] LogOutputStream:75 - [STDERR_REDIRECT] [Fatal Error] :1:1: Premature end of file.
2026-03-01 01:35:21,785 [ERROR] LogOutputStream:75 - [STDERR_REDIRECT] 
2026-03-01 01:35:22,784 [ERROR] LogOutputStream:75 - [STDERR_REDIRECT] [Fatal Error] :1:1: Premature end of file.
2026-03-01 01:35:22,784 [ERROR] LogOutputStream:75 - [STDERR_REDIRECT] 
2026-03-01 01:35:23,783 [ERROR] LogOutputStream:75 - [STDERR_REDIRECT] [Fatal Error] :1:1: Premature end of file.
2026-03-01 01:35:23,783 [ERROR] LogOutputStream:75 - [STDERR_REDIRECT] 
2026-03-01 01:35:24,784 [ERROR] LogOutputStream:75 - [STDERR_REDIRECT] [Fatal Error] :1:1: Premature end of file.
2026-03-01 01:35:24,784 [ERROR] LogOutputStream:75 - [STDERR_REDIRECT] 
2026-03-01 01:35:25,783 [ERROR] LogOutputStream:75 - [STDERR_REDIRECT] [Fatal Error] :1:1: Premature end of file.
2026-03-01 01:35:25,783 [ERROR] LogOutputStream:75 - [STDERR_REDIRECT] 
2026-03-01 01:35:26,785 [ERROR] LogOutputStream:75 - [STDERR_REDIRECT] [Fatal Error] :1:1: Premature end of file.
2026-03-01 01:35:26,785 [ERROR] LogOutputStream:75 - [STDERR_REDIRECT] 
2026-03-01 01:35:27,784 [ERROR] LogOutputStream:75 - [STDERR_REDIRECT] [Fatal Error] :1:1: Premature end of file.
2026-03-01 01:35:27,784 [ERROR] LogOutputStream:75 - [STDERR_REDIRECT] 
2026-03-01 01:35:28,786 [ERROR] LogOutputStream:75 - [STDERR_REDIRECT] [Fatal Error] :1:1: Premature end of file.
2026-03-01 01:35:28,786 [ERROR] LogOutputStream:75 - [STDERR_REDIRECT] 
2026-03-01 01:35:29,784 [ERROR] LogOutputStream:75 - [STDERR_REDIRECT] [Fatal Error] :1:1: Premature end of file.
2026-03-01 01:35:29,784 [ERROR] LogOutputStream:75 - [STDERR_REDIRECT] 
2026-03-01 01:35:30,785 [ERROR] LogOutputStream:75 - [STDERR_REDIRECT] [Fatal Error] :1:1: Premature end of file.
2026-03-01 01:35:30,785 [ERROR] LogOutputStream:75 - [STDERR_REDIRECT] 
2026-03-01 01:35:31,784 [ERROR] LogOutputStream:75 - [STDERR_REDIRECT] [Fatal Error] :1:1: Premature end of file.
2026-03-01 01:35:31,784 [ERROR] LogOutputStream:75 - [STDERR_REDIRECT] 
2026-03-01 01:35:32,785 [ERROR] LogOutputStream:75 - [STDERR_REDIRECT] [Fatal Error] :1:1: Premature end of file.
2026-03-01 01:35:32,785 [ERROR] LogOutputStream:75 - [STDERR_REDIRECT] 
2026-03-01 01:35:33,782 [ERROR] LogOutputStream:75 - [STDERR_REDIRECT] [Fatal Error] :1:1: Premature end of file.
2026-03-01 01:35:33,783 [ERROR] LogOutputStream:75 - [STDERR_REDIRECT] 
2026-03-01 01:35:34,784 [ERROR] LogOutputStream:75 - [STDERR_REDIRECT] [Fatal Error] :1:1: Premature end of file.
2026-03-01 01:35:34,784 [ERROR] LogOutputStream:75 - [STDERR_REDIRECT] 
2026-03-01 01:35:35,785 [ERROR] LogOutputStream:75 - [STDERR_REDIRECT] [Fatal Error] :1:1: Premature end of file.
2026-03-01 01:35:35,785 [ERROR] LogOutputStream:75 - [STDERR_REDIRECT] 
2026-03-01 01:35:36,782 [ERROR] LogOutputStream:75 - [STDERR_REDIRECT] [Fatal Error] :1:1: Premature end of file.
2026-03-01 01:35:36,782 [ERROR] LogOutputStream:75 - [STDERR_REDIRECT] 
2026-03-01 01:35:37,783 [ERROR] LogOutputStream:75 - [STDERR_REDIRECT] [Fatal Error] :1:1: Premature end of file.
2026-03-01 01:35:37,783 [ERROR] LogOutputStream:75 - [STDERR_REDIRECT] 
2026-03-01 01:35:38,791 [ERROR] LogOutputStream:75 - [STDERR_REDIRECT] [Fatal Error] :1:1: Premature end of file.
2026-03-01 01:35:38,791 [ERROR] LogOutputStream:75 - [STDERR_REDIRECT] 
2026-03-01 01:35:39,786 [ERROR] LogOutputStream:75 - [STDERR_REDIRECT] [Fatal Error] :1:1: Premature end of file.
2026-03-01 01:35:39,786 [ERROR] LogOutputStream:75 - [STDERR_REDIRECT] 
2026-03-01 01:35:40,784 [ERROR] LogOutputStream:75 - [STDERR_REDIRECT] [Fatal Error] :1:1: Premature end of file.
2026-03-01 01:35:40,784 [ERROR] LogOutputStream:75 - [STDERR_REDIRECT] 
2026-03-01 01:35:41,782 [ERROR] LogOutputStream:75 - [STDERR_REDIRECT] [Fatal Error] :1:1: Premature end of file.
2026-03-01 01:35:41,782 [ERROR] LogOutputStream:75 - [STDERR_REDIRECT] 
2026-03-01 01:35:42,785 [ERROR] LogOutputStream:75 - [STDERR_REDIRECT] [Fatal Error] :1:1: Premature end of file.
2026-03-01 01:35:42,785 [ERROR] LogOutputStream:75 - [STDERR_REDIRECT] 
2026-03-01 01:35:43,783 [ERROR] LogOutputStream:75 - [STDERR_REDIRECT] [Fatal Error] :1:1: Premature end of file.
2026-03-01 01:35:43,783 [ERROR] LogOutputStream:75 - [STDERR_REDIRECT] 
2026-03-01 01:35:44,784 [ERROR] LogOutputStream:75 - [STDERR_REDIRECT] [Fatal Error] :1:1: Premature end of file.
2026-03-01 01:35:44,784 [ERROR] LogOutputStream:75 - [STDERR_REDIRECT] 
2026-03-01 01:35:45,785 [ERROR] LogOutputStream:75 - [STDERR_REDIRECT] [Fatal Error] :1:1: Premature end of file.
2026-03-01 01:35:45,785 [ERROR] LogOutputStream:75 - [STDERR_REDIRECT] 
2026-03-01 01:35:46,784 [ERROR] LogOutputStream:75 - [STDERR_REDIRECT] [Fatal Error] :1:1: Premature end of file.
2026-03-01 01:35:46,784 [ERROR] LogOutputStream:75 - [STDERR_REDIRECT] 
2026-03-01 01:35:47,791 [ERROR] LogOutputStream:75 - [STDERR_REDIRECT] [Fatal Error] :1:1: Premature end of file.
2026-03-01 01:35:47,791 [ERROR] LogOutputStream:75 - [STDERR_REDIRECT] 
2026-03-01 01:35:48,785 [ERROR] LogOutputStream:75 - [STDERR_REDIRECT] [Fatal Error] :1:1: Premature end of file.
2026-03-01 01:35:48,785 [ERROR] LogOutputStream:75 - [STDERR_REDIRECT] 
2026-03-01 01:35:49,781 [ERROR] LogOutputStream:75 - [STDERR_REDIRECT] [Fatal Error] :1:1: Premature end of file.
2026-03-01 01:35:49,781 [ERROR] LogOutputStream:75 - [STDERR_REDIRECT] 
2026-03-01 01:35:50,785 [ERROR] LogOutputStream:75 - [STDERR_REDIRECT] [Fatal Error] :1:1: Premature end of file.
2026-03-01 01:35:50,785 [ERROR] LogOutputStream:75 - [STDERR_REDIRECT] 
2026-03-01 01:35:51,788 [ERROR] LogOutputStream:75 - [STDERR_REDIRECT] [Fatal Error] :1:1: Premature end of file.
2026-03-01 01:35:51,788 [ERROR] LogOutputStream:75 - [STDERR_REDIRECT] 
2026-03-01 01:35:52,783 [ERROR] LogOutputStream:75 - [STDERR_REDIRECT] [Fatal Error] :1:1: Premature end of file.
2026-03-01 01:35:52,783 [ERROR] LogOutputStream:75 - [STDERR_REDIRECT] 
2026-03-01 01:35:53,784 [ERROR] LogOutputStream:75 - [STDERR_REDIRECT] [Fatal Error] :1:1: Premature end of file.
2026-03-01 01:35:53,784 [ERROR] LogOutputStream:75 - [STDERR_REDIRECT] 
2026-03-01 01:35:54,782 [ERROR] LogOutputStream:75 - [STDERR_REDIRECT] [Fatal Error] :1:1: Premature end of file.
2026-03-01 01:35:54,782 [ERROR] LogOutputStream:75 - [STDERR_REDIRECT] 
2026-03-01 01:35:55,785 [ERROR] LogOutputStream:75 - [STDERR_REDIRECT] [Fatal Error] :1:1: Premature end of file.
2026-03-01 01:35:55,785 [ERROR] LogOutputStream:75 - [STDERR_REDIRECT] 
2026-03-01 01:35:56,783 [ERROR] LogOutputStream:75 - [STDERR_REDIRECT] [Fatal Error] :1:1: Premature end of file.
2026-03-01 01:35:56,783 [ERROR] LogOutputStream:75 - [STDERR_REDIRECT] 
2026-03-01 01:35:57,785 [ERROR] LogOutputStream:75 - [STDERR_REDIRECT] [Fatal Error] :1:1: Premature end of file.
2026-03-01 01:35:57,786 [ERROR] LogOutputStream:75 - [STDERR_REDIRECT] 
2026-03-01 01:35:58,785 [ERROR] LogOutputStream:75 - [STDERR_REDIRECT] [Fatal Error] :1:1: Premature end of file.
2026-03-01 01:35:58,785 [ERROR] LogOutputStream:75 - [STDERR_REDIRECT] 
2026-03-01 01:35:59,783 [ERROR] LogOutputStream:75 - [STDERR_REDIRECT] [Fatal Error] :1:1: Premature end of file.
2026-03-01 01:35:59,783 [ERROR] LogOutputStream:75 - [STDERR_REDIRECT] 
2026-03-01 01:36:00,785 [ERROR] LogOutputStream:75 - [STDERR_REDIRECT] [Fatal Error] :1:1: Premature end of file.
2026-03-01 01:36:00,785 [ERROR] LogOutputStream:75 - [STDERR_REDIRECT] 
2026-03-01 01:36:01,785 [ERROR] LogOutputStream:75 - [STDERR_REDIRECT] [Fatal Error] :1:1: Premature end of file.
2026-03-01 01:36:01,785 [ERROR] LogOutputStream:75 - [STDERR_REDIRECT] 
2026-03-01 01:36:02,783 [ERROR] LogOutputStream:75 - [STDERR_REDIRECT] [Fatal Error] :1:1: Premature end of file.
2026-03-01 01:36:02,783 [ERROR] LogOutputStream:75 - [STDERR_REDIRECT] 
2026-03-01 01:36:03,785 [ERROR] LogOutputStream:75 - [STDERR_REDIRECT] [Fatal Error] :1:1: Premature end of file.
2026-03-01 01:36:03,785 [ERROR] LogOutputStream:75 - [STDERR_REDIRECT] 
2026-03-01 01:36:04,785 [ERROR] LogOutputStream:75 - [STDERR_REDIRECT] [Fatal Error] :1:1: Premature end of file.
2026-03-01 01:36:04,785 [ERROR] LogOutputStream:75 - [STDERR_REDIRECT] 
2026-03-01 01:36:05,784 [ERROR] LogOutputStream:75 - [STDERR_REDIRECT] [Fatal Error] :1:1: Premature end of file.
2026-03-01 01:36:05,784 [ERROR] LogOutputStream:75 - [STDERR_REDIRECT] 
2026-03-01 01:36:06,783 [ERROR] LogOutputStream:75 - [STDERR_REDIRECT] [Fatal Error] :1:1: Premature end of file.
2026-03-01 01:36:06,783 [ERROR] LogOutputStream:75 - [STDERR_REDIRECT] 
2026-03-01 01:36:07,783 [ERROR] LogOutputStream:75 - [STDERR_REDIRECT] [Fatal Error] :1:1: Premature end of file.
2026-03-01 01:36:07,783 [ERROR] LogOutputStream:75 - [STDERR_REDIRECT] 
2026-03-01 01:36:08,784 [ERROR] LogOutputStream:75 - [STDERR_REDIRECT] [Fatal Error] :1:1: Premature end of file.
2026-03-01 01:36:08,784 [ERROR] LogOutputStream:75 - [STDERR_REDIRECT] 
2026-03-01 01:36:09,784 [ERROR] LogOutputStream:75 - [STDERR_REDIRECT] [Fatal Error] :1:1: Premature end of file.
2026-03-01 01:36:09,784 [ERROR] LogOutputStream:75 - [STDERR_REDIRECT] 
2026-03-01 01:36:10,785 [ERROR] LogOutputStream:75 - [STDERR_REDIRECT] [Fatal Error] :1:1: Premature end of file.
2026-03-01 01:36:10,785 [ERROR] LogOutputStream:75 - [STDERR_REDIRECT] 
2026-03-01 01:36:11,784 [ERROR] LogOutputStream:75 - [STDERR_REDIRECT] [Fatal Error] :1:1: Premature end of file.
2026-03-01 01:36:11,784 [ERROR] LogOutputStream:75 - [STDERR_REDIRECT] 
2026-03-01 01:36:12,786 [ERROR] LogOutputStream:75 - [STDERR_REDIRECT] [Fatal Error] :1:1: Premature end of file.
2026-03-01 01:36:12,786 [ERROR] LogOutputStream:75 - [STDERR_REDIRECT] 
2026-03-01 01:36:13,792 [ERROR] LogOutputStream:75 - [STDERR_REDIRECT] [Fatal Error] :1:1: Premature end of file.
2026-03-01 01:36:13,792 [ERROR] LogOutputStream:75 - [STDERR_REDIRECT] 
2026-03-01 01:36:14,782 [ERROR] LogOutputStream:75 - [STDERR_REDIRECT] [Fatal Error] :1:1: Premature end of file.
2026-03-01 01:36:14,782 [ERROR] LogOutputStream:75 - [STDERR_REDIRECT] 
2026-03-01 01:36:15,783 [ERROR] LogOutputStream:75 - [STDERR_REDIRECT] [Fatal Error] :1:1: Premature end of file.
2026-03-01 01:36:15,783 [ERROR] LogOutputStream:75 - [STDERR_REDIRECT] 
2026-03-01 01:36:16,785 [ERROR] LogOutputStream:75 - [STDERR_REDIRECT] [Fatal Error] :1:1: Premature end of file.
2026-03-01 01:36:16,785 [ERROR] LogOutputStream:75 - [STDERR_REDIRECT] 
2026-03-01 01:36:17,791 [ERROR] LogOutputStream:75 - [STDERR_REDIRECT] [Fatal Error] :1:1: Premature end of file.
2026-03-01 01:36:17,791 [ERROR] LogOutputStream:75 - [STDERR_REDIRECT] 
2026-03-01 01:36:18,784 [ERROR] LogOutputStream:75 - [STDERR_REDIRECT] [Fatal Error] :1:1: Premature end of file.
2026-03-01 01:36:18,784 [ERROR] LogOutputStream:75 - [STDERR_REDIRECT] 
2026-03-01 01:36:19,784 [ERROR] LogOutputStream:75 - [STDERR_REDIRECT] [Fatal Error] :1:1: Premature end of file.
2026-03-01 01:36:19,784 [ERROR] LogOutputStream:75 - [STDERR_REDIRECT] 
2026-03-01 01:36:20,785 [ERROR] LogOutputStream:75 - [STDERR_REDIRECT] [Fatal Error] :1:1: Premature end of file.
2026-03-01 01:36:20,785 [ERROR] LogOutputStream:75 - [STDERR_REDIRECT] 
2026-03-01 01:36:21,786 [ERROR] LogOutputStream:75 - [STDERR_REDIRECT] [Fatal Error] :1:1: Premature end of file.
2026-03-01 01:36:21,786 [ERROR] LogOutputStream:75 - [STDERR_REDIRECT] 
2026-03-01 01:36:22,784 [ERROR] LogOutputStream:75 - [STDERR_REDIRECT] [Fatal Error] :1:1: Premature end of file.
2026-03-01 01:36:22,784 [ERROR] LogOutputStream:75 - [STDERR_REDIRECT] 
2026-03-01 01:36:23,786 [ERROR] LogOutputStream:75 - [STDERR_REDIRECT] [Fatal Error] :1:1: Premature end of file.
2026-03-01 01:36:23,786 [ERROR] LogOutputStream:75 - [STDERR_REDIRECT] 
2026-03-01 01:36:24,783 [ERROR] LogOutputStream:75 - [STDERR_REDIRECT] [Fatal Error] :1:1: Premature end of file.
2026-03-01 01:36:24,783 [ERROR] LogOutputStream:75 - [STDERR_REDIRECT] 
2026-03-01 01:36:25,785 [ERROR] LogOutputStream:75 - [STDERR_REDIRECT] [Fatal Error] :1:1: Premature end of file.
2026-03-01 01:36:25,785 [ERROR] LogOutputStream:75 - [STDERR_REDIRECT] 
2026-03-01 01:36:26,800 [ERROR] LogOutputStream:75 - [STDERR_REDIRECT] [Fatal Error] :1:1: Premature end of file.
2026-03-01 01:36:26,801 [ERROR] LogOutputStream:75 - [STDERR_REDIRECT] 
2026-03-01 01:36:27,784 [ERROR] LogOutputStream:75 - [STDERR_REDIRECT] [Fatal Error] :1:1: Premature end of file.
2026-03-01 01:36:27,784 [ERROR] LogOutputStream:75 - [STDERR_REDIRECT] 
2026-03-01 01:36:28,791 [ERROR] LogOutputStream:75 - [STDERR_REDIRECT] [Fatal Error] :1:1: Premature end of file.
2026-03-01 01:36:28,791 [ERROR] LogOutputStream:75 - [STDERR_REDIRECT] 
2026-03-01 01:36:29,785 [ERROR] LogOutputStream:75 - [STDERR_REDIRECT] [Fatal Error] :1:1: Premature end of file.
2026-03-01 01:36:29,785 [ERROR] LogOutputStream:75 - [STDERR_REDIRECT] 
2026-03-01 01:36:30,783 [ERROR] LogOutputStream:75 - [STDERR_REDIRECT] [Fatal Error] :1:1: Premature end of file.
2026-03-01 01:36:30,783 [ERROR] LogOutputStream:75 - [STDERR_REDIRECT] 
2026-03-01 01:36:31,784 [ERROR] LogOutputStream:75 - [STDERR_REDIRECT] [Fatal Error] :1:1: Premature end of file.
2026-03-01 01:36:31,784 [ERROR] LogOutputStream:75 - [STDERR_REDIRECT] 
2026-03-01 01:36:32,785 [ERROR] LogOutputStream:75 - [STDERR_REDIRECT] [Fatal Error] :1:1: Premature end of file.
2026-03-01 01:36:32,785 [ERROR] LogOutputStream:75 - [STDERR_REDIRECT] 
2026-03-01 01:36:33,784 [ERROR] LogOutputStream:75 - [STDERR_REDIRECT] [Fatal Error] :1:1: Premature end of file.
2026-03-01 01:36:33,784 [ERROR] LogOutputStream:75 - [STDERR_REDIRECT] 
2026-03-01 01:36:34,785 [ERROR] LogOutputStream:75 - [STDERR_REDIRECT] [Fatal Error] :1:1: Premature end of file.
2026-03-01 01:36:34,785 [ERROR] LogOutputStream:75 - [STDERR_REDIRECT] 
2026-03-01 01:36:35,783 [ERROR] LogOutputStream:75 - [STDERR_REDIRECT] [Fatal Error] :1:1: Premature end of file.
2026-03-01 01:36:35,783 [ERROR] LogOutputStream:75 - [STDERR_REDIRECT] 
2026-03-01 01:36:36,785 [ERROR] LogOutputStream:75 - [STDERR_REDIRECT] [Fatal Error] :1:1: Premature end of file.
2026-03-01 01:36:36,785 [ERROR] LogOutputStream:75 - [STDERR_REDIRECT] 
2026-03-01 01:36:37,785 [ERROR] LogOutputStream:75 - [STDERR_REDIRECT] [Fatal Error] :1:1: Premature end of file.
2026-03-01 01:36:37,785 [ERROR] LogOutputStream:75 - [STDERR_REDIRECT] 
2026-03-01 01:36:38,787 [ERROR] LogOutputStream:75 - [STDERR_REDIRECT] [Fatal Error] :1:1: Premature end of file.
2026-03-01 01:36:38,787 [ERROR] LogOutputStream:75 - [STDERR_REDIRECT] 
2026-03-01 01:36:39,785 [ERROR] LogOutputStream:75 - [STDERR_REDIRECT] [Fatal Error] :1:1: Premature end of file.
2026-03-01 01:36:39,785 [ERROR] LogOutputStream:75 - [STDERR_REDIRECT] 
2026-03-01 01:36:40,782 [ERROR] LogOutputStream:75 - [STDERR_REDIRECT] [Fatal Error] :1:1: Premature end of file.
2026-03-01 01:36:40,783 [ERROR] LogOutputStream:75 - [STDERR_REDIRECT] 
2026-03-01 01:36:41,783 [ERROR] LogOutputStream:75 - [STDERR_REDIRECT] [Fatal Error] :1:1: Premature end of file.
2026-03-01 01:36:41,783 [ERROR] LogOutputStream:75 - [STDERR_REDIRECT] 
2026-03-01 01:36:42,784 [ERROR] LogOutputStream:75 - [STDERR_REDIRECT] [Fatal Error] :1:1: Premature end of file.
2026-03-01 01:36:42,784 [ERROR] LogOutputStream:75 - [STDERR_REDIRECT] 
2026-03-01 01:36:43,784 [ERROR] LogOutputStream:75 - [STDERR_REDIRECT] [Fatal Error] :1:1: Premature end of file.
2026-03-01 01:36:43,785 [ERROR] LogOutputStream:75 - [STDERR_REDIRECT] 
2026-03-01 01:36:44,785 [ERROR] LogOutputStream:75 - [STDERR_REDIRECT] [Fatal Error] :1:1: Premature end of file.
2026-03-01 01:36:44,785 [ERROR] LogOutputStream:75 - [STDERR_REDIRECT] 
2026-03-01 01:36:45,785 [ERROR] LogOutputStream:75 - [STDERR_REDIRECT] [Fatal Error] :1:1: Premature end of file.
2026-03-01 01:36:45,785 [ERROR] LogOutputStream:75 - [STDERR_REDIRECT] 
2026-03-01 01:36:46,783 [ERROR] LogOutputStream:75 - [STDERR_REDIRECT] [Fatal Error] :1:1: Premature end of file.
2026-03-01 01:36:46,784 [ERROR] LogOutputStream:75 - [STDERR_REDIRECT] 
2026-03-01 01:36:47,785 [ERROR] LogOutputStream:75 - [STDERR_REDIRECT] [Fatal Error] :1:1: Premature end of file.
2026-03-01 01:36:47,785 [ERROR] LogOutputStream:75 - [STDERR_REDIRECT] 
2026-03-01 01:36:48,819 [ERROR] LogOutputStream:75 - [STDERR_REDIRECT] [Fatal Error] :1:1: Premature end of file.
2026-03-01 01:36:48,819 [ERROR] LogOutputStream:75 - [STDERR_REDIRECT] 
2026-03-01 01:36:49,782 [ERROR] LogOutputStream:75 - [STDERR_REDIRECT] [Fatal Error] :1:1: Premature end of file.
2026-03-01 01:36:49,782 [ERROR] LogOutputStream:75 - [STDERR_REDIRECT] 
2026-03-01 01:36:50,782 [ERROR] LogOutputStream:75 - [STDERR_REDIRECT] [Fatal Error] :1:1: Premature end of file.
2026-03-01 01:36:50,782 [ERROR] LogOutputStream:75 - [STDERR_REDIRECT] 
2026-03-01 01:36:51,785 [ERROR] LogOutputStream:75 - [STDERR_REDIRECT] [Fatal Error] :1:1: Premature end of file.
2026-03-01 01:36:51,785 [ERROR] LogOutputStream:75 - [STDERR_REDIRECT] 
2026-03-01 01:36:52,784 [ERROR] LogOutputStream:75 - [STDERR_REDIRECT] [Fatal Error] :1:1: Premature end of file.
2026-03-01 01:36:52,784 [ERROR] LogOutputStream:75 - [STDERR_REDIRECT] 
2026-03-01 01:36:53,785 [ERROR] LogOutputStream:75 - [STDERR_REDIRECT] [Fatal Error] :1:1: Premature end of file.
2026-03-01 01:36:53,785 [ERROR] LogOutputStream:75 - [STDERR_REDIRECT] 
2026-03-01 01:36:54,785 [ERROR] LogOutputStream:75 - [STDERR_REDIRECT] [Fatal Error] :1:1: Premature end of file.
2026-03-01 01:36:54,785 [ERROR] LogOutputStream:75 - [STDERR_REDIRECT] 
2026-03-01 01:36:55,782 [ERROR] LogOutputStream:75 - [STDERR_REDIRECT] [Fatal Error] :1:1: Premature end of file.
2026-03-01 01:36:55,783 [ERROR] LogOutputStream:75 - [STDERR_REDIRECT] 
2026-03-01 01:36:56,784 [ERROR] LogOutputStream:75 - [STDERR_REDIRECT] [Fatal Error] :1:1: Premature end of file.
2026-03-01 01:36:56,784 [ERROR] LogOutputStream:75 - [STDERR_REDIRECT] 
2026-03-01 01:36:57,784 [ERROR] LogOutputStream:75 - [STDERR_REDIRECT] [Fatal Error] :1:1: Premature end of file.
2026-03-01 01:36:57,785 [ERROR] LogOutputStream:75 - [STDERR_REDIRECT] 
2026-03-01 01:36:58,818 [ERROR] LogOutputStream:75 - [STDERR_REDIRECT] [Fatal Error] :1:1: Premature end of file.
2026-03-01 01:36:58,818 [ERROR] LogOutputStream:75 - [STDERR_REDIRECT] 
2026-03-01 01:36:59,785 [ERROR] LogOutputStream:75 - [STDERR_REDIRECT] [Fatal Error] :1:1: Premature end of file.
2026-03-01 01:36:59,785 [ERROR] LogOutputStream:75 - [STDERR_REDIRECT] 
2026-03-01 01:37:00,782 [ERROR] LogOutputStream:75 - [STDERR_REDIRECT] [Fatal Error] :1:1: Premature end of file.
2026-03-01 01:37:00,782 [ERROR] LogOutputStream:75 - [STDERR_REDIRECT] 
2026-03-01 01:37:01,783 [ERROR] LogOutputStream:75 - [STDERR_REDIRECT] [Fatal Error] :1:1: Premature end of file.
2026-03-01 01:37:01,783 [ERROR] LogOutputStream:75 - [STDERR_REDIRECT] 
2026-03-01 01:37:02,785 [ERROR] LogOutputStream:75 - [STDERR_REDIRECT] [Fatal Error] :1:1: Premature end of file.
2026-03-01 01:37:02,785 [ERROR] LogOutputStream:75 - [STDERR_REDIRECT] 
2026-03-01 01:37:03,785 [ERROR] LogOutputStream:75 - [STDERR_REDIRECT] [Fatal Error] :1:1: Premature end of file.
2026-03-01 01:37:03,785 [ERROR] LogOutputStream:75 - [STDERR_REDIRECT] 
2026-03-01 01:37:04,786 [ERROR] LogOutputStream:75 - [STDERR_REDIRECT] [Fatal Error] :1:1: Premature end of file.
2026-03-01 01:37:04,786 [ERROR] LogOutputStream:75 - [STDERR_REDIRECT] 
2026-03-01 01:37:05,785 [ERROR] LogOutputStream:75 - [STDERR_REDIRECT] [Fatal Error] :1:1: Premature end of file.
2026-03-01 01:37:05,785 [ERROR] LogOutputStream:75 - [STDERR_REDIRECT] 
2026-03-01 01:37:06,784 [ERROR] LogOutputStream:75 - [STDERR_REDIRECT] [Fatal Error] :1:1: Premature end of file.
2026-03-01 01:37:06,784 [ERROR] LogOutputStream:75 - [STDERR_REDIRECT] 
2026-03-01 01:37:07,783 [ERROR] LogOutputStream:75 - [STDERR_REDIRECT] [Fatal Error] :1:1: Premature end of file.
2026-03-01 01:37:07,783 [ERROR] LogOutputStream:75 - [STDERR_REDIRECT] 
2026-03-01 01:37:08,786 [ERROR] LogOutputStream:75 - [STDERR_REDIRECT] [Fatal Error] :1:1: Premature end of file.
2026-03-01 01:37:08,786 [ERROR] LogOutputStream:75 - [STDERR_REDIRECT] 
2026-03-01 01:37:09,785 [ERROR] LogOutputStream:75 - [STDERR_REDIRECT] [Fatal Error] :1:1: Premature end of file.
2026-03-01 01:37:09,785 [ERROR] LogOutputStream:75 - [STDERR_REDIRECT] 
2026-03-01 01:37:10,784 [ERROR] LogOutputStream:75 - [STDERR_REDIRECT] [Fatal Error] :1:1: Premature end of file.
2026-03-01 01:37:10,784 [ERROR] LogOutputStream:75 - [STDERR_REDIRECT] 
2026-03-01 01:37:11,785 [ERROR] LogOutputStream:75 - [STDERR_REDIRECT] [Fatal Error] :1:1: Premature end of file.
2026-03-01 01:37:11,785 [ERROR] LogOutputStream:75 - [STDERR_REDIRECT] 
2026-03-01 01:37:12,825 [ERROR] LogOutputStream:75 - [STDERR_REDIRECT] [Fatal Error] :1:1: Premature end of file.
2026-03-01 01:37:12,825 [ERROR] LogOutputStream:75 - [STDERR_REDIRECT] 
2026-03-01 01:37:13,784 [ERROR] LogOutputStream:75 - [STDERR_REDIRECT] [Fatal Error] :1:1: Premature end of file.
2026-03-01 01:37:13,784 [ERROR] LogOutputStream:75 - [STDERR_REDIRECT] 
2026-03-01 01:37:14,783 [ERROR] LogOutputStream:75 - [STDERR_REDIRECT] [Fatal Error] :1:1: Premature end of file.
2026-03-01 01:37:14,783 [ERROR] LogOutputStream:75 - [STDERR_REDIRECT] 
2026-03-01 01:37:15,785 [ERROR] LogOutputStream:75 - [STDERR_REDIRECT] [Fatal Error] :1:1: Premature end of file.
2026-03-01 01:37:15,785 [ERROR] LogOutputStream:75 - [STDERR_REDIRECT] 
2026-03-01 01:37:16,784 [ERROR] LogOutputStream:75 - [STDERR_REDIRECT] [Fatal Error] :1:1: Premature end of file.
2026-03-01 01:37:16,784 [ERROR] LogOutputStream:75 - [STDERR_REDIRECT] 
2026-03-01 01:37:17,784 [ERROR] LogOutputStream:75 - [STDERR_REDIRECT] [Fatal Error] :1:1: Premature end of file.
2026-03-01 01:37:17,785 [ERROR] LogOutputStream:75 - [STDERR_REDIRECT] 
2026-03-01 01:37:18,785 [ERROR] LogOutputStream:75 - [STDERR_REDIRECT] [Fatal Error] :1:1: Premature end of file.
2026-03-01 01:37:18,785 [ERROR] LogOutputStream:75 - [STDERR_REDIRECT] 
2026-03-01 01:37:19,781 [ERROR] LogOutputStream:75 - [STDERR_REDIRECT] [Fatal Error] :1:1: Premature end of file.
2026-03-01 01:37:19,781 [ERROR] LogOutputStream:75 - [STDERR_REDIRECT] 
2026-03-01 01:37:20,784 [ERROR] LogOutputStream:75 - [STDERR_REDIRECT] [Fatal Error] :1:1: Premature end of file.
2026-03-01 01:37:20,784 [ERROR] LogOutputStream:75 - [STDERR_REDIRECT] 
2026-03-01 01:37:21,785 [ERROR] LogOutputStream:75 - [STDERR_REDIRECT] [Fatal Error] :1:1: Premature end of file.
2026-03-01 01:37:21,785 [ERROR] LogOutputStream:75 - [STDERR_REDIRECT] 
2026-03-01 01:37:22,783 [ERROR] LogOutputStream:75 - [STDERR_REDIRECT] [Fatal Error] :1:1: Premature end of file.
2026-03-01 01:37:22,783 [ERROR] LogOutputStream:75 - [STDERR_REDIRECT] 
2026-03-01 01:37:23,784 [ERROR] LogOutputStream:75 - [STDERR_REDIRECT] [Fatal Error] :1:1: Premature end of file.
2026-03-01 01:37:23,784 [ERROR] LogOutputStream:75 - [STDERR_REDIRECT] 
2026-03-01 01:37:24,788 [ERROR] LogOutputStream:75 - [STDERR_REDIRECT] [Fatal Error] :1:1: Premature end of file.
2026-03-01 01:37:24,788 [ERROR] LogOutputStream:75 - [STDERR_REDIRECT] 
2026-03-01 01:37:25,785 [ERROR] LogOutputStream:75 - [STDERR_REDIRECT] [Fatal Error] :1:1: Premature end of file.
2026-03-01 01:37:25,785 [ERROR] LogOutputStream:75 - [STDERR_REDIRECT] 
2026-03-01 01:37:26,783 [ERROR] LogOutputStream:75 - [STDERR_REDIRECT] [Fatal Error] :1:1: Premature end of file.
2026-03-01 01:37:26,783 [ERROR] LogOutputStream:75 - [STDERR_REDIRECT] 
2026-03-01 01:37:27,782 [ERROR] LogOutputStream:75 - [STDERR_REDIRECT] [Fatal Error] :1:1: Premature end of file.
2026-03-01 01:37:27,782 [ERROR] LogOutputStream:75 - [STDERR_REDIRECT] 
2026-03-01 01:37:28,786 [ERROR] LogOutputStream:75 - [STDERR_REDIRECT] [Fatal Error] :1:1: Premature end of file.
2026-03-01 01:37:28,786 [ERROR] LogOutputStream:75 - [STDERR_REDIRECT] 
2026-03-01 01:37:29,785 [ERROR] LogOutputStream:75 - [STDERR_REDIRECT] [Fatal Error] :1:1: Premature end of file.
2026-03-01 01:37:29,785 [ERROR] LogOutputStream:75 - [STDERR_REDIRECT] 
2026-03-01 01:37:30,784 [ERROR] LogOutputStream:75 - [STDERR_REDIRECT] [Fatal Error] :1:1: Premature end of file.
2026-03-01 01:37:30,784 [ERROR] LogOutputStream:75 - [STDERR_REDIRECT] 
2026-03-01 01:37:31,783 [ERROR] LogOutputStream:75 - [STDERR_REDIRECT] [Fatal Error] :1:1: Premature end of file.
2026-03-01 01:37:31,783 [ERROR] LogOutputStream:75 - [STDERR_REDIRECT] 
2026-03-01 01:37:32,784 [ERROR] LogOutputStream:75 - [STDERR_REDIRECT] [Fatal Error] :1:1: Premature end of file.
2026-03-01 01:37:32,784 [ERROR] LogOutputStream:75 - [STDERR_REDIRECT] 
2026-03-01 01:37:33,783 [ERROR] LogOutputStream:75 - [STDERR_REDIRECT] [Fatal Error] :1:1: Premature end of file.
2026-03-01 01:37:33,783 [ERROR] LogOutputStream:75 - [STDERR_REDIRECT] 
2026-03-01 01:37:34,786 [ERROR] LogOutputStream:75 - [STDERR_REDIRECT] [Fatal Error] :1:1: Premature end of file.
2026-03-01 01:37:34,786 [ERROR] LogOutputStream:75 - [STDERR_REDIRECT] 
2026-03-01 01:37:35,785 [ERROR] LogOutputStream:75 - [STDERR_REDIRECT] [Fatal Error] :1:1: Premature end of file.
2026-03-01 01:37:35,785 [ERROR] LogOutputStream:75 - [STDERR_REDIRECT] 
2026-03-01 01:37:36,784 [ERROR] LogOutputStream:75 - [STDERR_REDIRECT] [Fatal Error] :1:1: Premature end of file.
2026-03-01 01:37:36,784 [ERROR] LogOutputStream:75 - [STDERR_REDIRECT] 
2026-03-01 01:37:37,783 [ERROR] LogOutputStream:75 - [STDERR_REDIRECT] [Fatal Error] :1:1: Premature end of file.
2026-03-01 01:37:37,783 [ERROR] LogOutputStream:75 - [STDERR_REDIRECT] 
2026-03-01 01:37:38,783 [ERROR] LogOutputStream:75 - [STDERR_REDIRECT] [Fatal Error] :1:1: Premature end of file.
2026-03-01 01:37:38,783 [ERROR] LogOutputStream:75 - [STDERR_REDIRECT] 
2026-03-01 01:37:39,783 [ERROR] LogOutputStream:75 - [STDERR_REDIRECT] [Fatal Error] :1:1: Premature end of file.
2026-03-01 01:37:39,783 [ERROR] LogOutputStream:75 - [STDERR_REDIRECT] 
2026-03-01 01:37:40,783 [ERROR] LogOutputStream:75 - [STDERR_REDIRECT] [Fatal Error] :1:1: Premature end of file.
2026-03-01 01:37:40,783 [ERROR] LogOutputStream:75 - [STDERR_REDIRECT] 
2026-03-01 01:37:41,784 [ERROR] LogOutputStream:75 - [STDERR_REDIRECT] [Fatal Error] :1:1: Premature end of file.
2026-03-01 01:37:41,785 [ERROR] LogOutputStream:75 - [STDERR_REDIRECT] 
2026-03-01 01:37:42,785 [ERROR] LogOutputStream:75 - [STDERR_REDIRECT] [Fatal Error] :1:1: Premature end of file.
2026-03-01 01:37:42,785 [ERROR] LogOutputStream:75 - [STDERR_REDIRECT] 
2026-03-01 01:37:43,784 [ERROR] LogOutputStream:75 - [STDERR_REDIRECT] [Fatal Error] :1:1: Premature end of file.
2026-03-01 01:37:43,784 [ERROR] LogOutputStream:75 - [STDERR_REDIRECT] 
2026-03-01 01:37:44,784 [ERROR] LogOutputStream:75 - [STDERR_REDIRECT] [Fatal Error] :1:1: Premature end of file.
2026-03-01 01:37:44,784 [ERROR] LogOutputStream:75 - [STDERR_REDIRECT] 
2026-03-01 01:37:45,785 [ERROR] LogOutputStream:75 - [STDERR_REDIRECT] [Fatal Error] :1:1: Premature end of file.
2026-03-01 01:37:45,785 [ERROR] LogOutputStream:75 - [STDERR_REDIRECT] 
2026-03-01 01:37:46,784 [ERROR] LogOutputStream:75 - [STDERR_REDIRECT] [Fatal Error] :1:1: Premature end of file.
2026-03-01 01:37:46,784 [ERROR] LogOutputStream:75 - [STDERR_REDIRECT] 
2026-03-01 01:37:47,785 [ERROR] LogOutputStream:75 - [STDERR_REDIRECT] [Fatal Error] :1:1: Premature end of file.
2026-03-01 01:37:47,785 [ERROR] LogOutputStream:75 - [STDERR_REDIRECT] 
2026-03-01 01:37:48,785 [ERROR] LogOutputStream:75 - [STDERR_REDIRECT] [Fatal Error] :1:1: Premature end of file.
2026-03-01 01:37:48,786 [ERROR] LogOutputStream:75 - [STDERR_REDIRECT] 
2026-03-01 01:37:49,783 [ERROR] LogOutputStream:75 - [STDERR_REDIRECT] [Fatal Error] :1:1: Premature end of file.
2026-03-01 01:37:49,783 [ERROR] LogOutputStream:75 - [STDERR_REDIRECT] 
2026-03-01 01:37:50,786 [ERROR] LogOutputStream:75 - [STDERR_REDIRECT] [Fatal Error] :1:1: Premature end of file.
2026-03-01 01:37:50,786 [ERROR] LogOutputStream:75 - [STDERR_REDIRECT] 
2026-03-01 01:37:51,786 [ERROR] LogOutputStream:75 - [STDERR_REDIRECT] [Fatal Error] :1:1: Premature end of file.
2026-03-01 01:37:51,786 [ERROR] LogOutputStream:75 - [STDERR_REDIRECT] 
2026-03-01 01:37:52,784 [ERROR] LogOutputStream:75 - [STDERR_REDIRECT] [Fatal Error] :1:1: Premature end of file.
2026-03-01 01:37:52,784 [ERROR] LogOutputStream:75 - [STDERR_REDIRECT] 
2026-03-01 01:37:53,784 [ERROR] LogOutputStream:75 - [STDERR_REDIRECT] [Fatal Error] :1:1: Premature end of file.
2026-03-01 01:37:53,784 [ERROR] LogOutputStream:75 - [STDERR_REDIRECT] 
2026-03-01 01:37:54,782 [ERROR] LogOutputStream:75 - [STDERR_REDIRECT] [Fatal Error] :1:1: Premature end of file.
2026-03-01 01:37:54,782 [ERROR] LogOutputStream:75 - [STDERR_REDIRECT] 
2026-03-01 01:37:55,786 [ERROR] LogOutputStream:75 - [STDERR_REDIRECT] [Fatal Error] :1:1: Premature end of file.
2026-03-01 01:37:55,786 [ERROR] LogOutputStream:75 - [STDERR_REDIRECT] 
2026-03-01 01:37:56,784 [ERROR] LogOutputStream:75 - [STDERR_REDIRECT] [Fatal Error] :1:1: Premature end of file.
2026-03-01 01:37:56,784 [ERROR] LogOutputStream:75 - [STDERR_REDIRECT] 
2026-03-01 01:37:57,820 [ERROR] LogOutputStream:75 - [STDERR_REDIRECT] [Fatal Error] :1:1: Premature end of file.
2026-03-01 01:37:57,821 [ERROR] LogOutputStream:75 - [STDERR_REDIRECT] 
2026-03-01 01:37:58,782 [ERROR] LogOutputStream:75 - [STDERR_REDIRECT] [Fatal Error] :1:1: Premature end of file.
2026-03-01 01:37:58,782 [ERROR] LogOutputStream:75 - [STDERR_REDIRECT] 
2026-03-01 01:37:59,783 [ERROR] LogOutputStream:75 - [STDERR_REDIRECT] [Fatal Error] :1:1: Premature end of file.
2026-03-01 01:37:59,783 [ERROR] LogOutputStream:75 - [STDERR_REDIRECT] 
2026-03-01 01:38:00,782 [ERROR] LogOutputStream:75 - [STDERR_REDIRECT] [Fatal Error] :1:1: Premature end of file.
2026-03-01 01:38:00,783 [ERROR] LogOutputStream:75 - [STDERR_REDIRECT] 
2026-03-01 01:38:01,783 [ERROR] LogOutputStream:75 - [STDERR_REDIRECT] [Fatal Error] :1:1: Premature end of file.
2026-03-01 01:38:01,783 [ERROR] LogOutputStream:75 - [STDERR_REDIRECT] 
2026-03-01 01:38:02,785 [ERROR] LogOutputStream:75 - [STDERR_REDIRECT] [Fatal Error] :1:1: Premature end of file.
2026-03-01 01:38:02,786 [ERROR] LogOutputStream:75 - [STDERR_REDIRECT] 
2026-03-01 01:38:03,786 [ERROR] LogOutputStream:75 - [STDERR_REDIRECT] [Fatal Error] :1:1: Premature end of file.
2026-03-01 01:38:03,786 [ERROR] LogOutputStream:75 - [STDERR_REDIRECT] 
2026-03-01 01:38:04,782 [ERROR] LogOutputStream:75 - [STDERR_REDIRECT] [Fatal Error] :1:1: Premature end of file.
2026-03-01 01:38:04,782 [ERROR] LogOutputStream:75 - [STDERR_REDIRECT] 
2026-03-01 01:38:05,785 [ERROR] LogOutputStream:75 - [STDERR_REDIRECT] [Fatal Error] :1:1: Premature end of file.
2026-03-01 01:38:05,785 [ERROR] LogOutputStream:75 - [STDERR_REDIRECT] 
2026-03-01 01:38:06,785 [ERROR] LogOutputStream:75 - [STDERR_REDIRECT] [Fatal Error] :1:1: Premature end of file.
2026-03-01 01:38:06,785 [ERROR] LogOutputStream:75 - [STDERR_REDIRECT] 
2026-03-01 01:38:07,785 [ERROR] LogOutputStream:75 - [STDERR_REDIRECT] [Fatal Error] :1:1: Premature end of file.
2026-03-01 01:38:07,785 [ERROR] LogOutputStream:75 - [STDERR_REDIRECT] 
2026-03-01 01:38:08,784 [ERROR] LogOutputStream:75 - [STDERR_REDIRECT] [Fatal Error] :1:1: Premature end of file.
2026-03-01 01:38:08,784 [ERROR] LogOutputStream:75 - [STDERR_REDIRECT] 
2026-03-01 01:38:09,783 [ERROR] LogOutputStream:75 - [STDERR_REDIRECT] [Fatal Error] :1:1: Premature end of file.
2026-03-01 01:38:09,784 [ERROR] LogOutputStream:75 - [STDERR_REDIRECT] 
2026-03-01 01:38:10,782 [ERROR] LogOutputStream:75 - [STDERR_REDIRECT] [Fatal Error] :1:1: Premature end of file.
2026-03-01 01:38:10,783 [ERROR] LogOutputStream:75 - [STDERR_REDIRECT] 
2026-03-01 01:38:11,783 [ERROR] LogOutputStream:75 - [STDERR_REDIRECT] [Fatal Error] :1:1: Premature end of file.
2026-03-01 01:38:11,783 [ERROR] LogOutputStream:75 - [STDERR_REDIRECT] 
2026-03-01 01:38:12,786 [ERROR] LogOutputStream:75 - [STDERR_REDIRECT] [Fatal Error] :1:1: Premature end of file.
2026-03-01 01:38:12,786 [ERROR] LogOutputStream:75 - [STDERR_REDIRECT] 
2026-03-01 01:38:13,785 [ERROR] LogOutputStream:75 - [STDERR_REDIRECT] [Fatal Error] :1:1: Premature end of file.
2026-03-01 01:38:13,785 [ERROR] LogOutputStream:75 - [STDERR_REDIRECT] 
2026-03-01 01:38:14,786 [ERROR] LogOutputStream:75 - [STDERR_REDIRECT] [Fatal Error] :1:1: Premature end of file.
2026-03-01 01:38:14,786 [ERROR] LogOutputStream:75 - [STDERR_REDIRECT] 
2026-03-01 01:38:15,786 [ERROR] LogOutputStream:75 - [STDERR_REDIRECT] [Fatal Error] :1:1: Premature end of file.
2026-03-01 01:38:15,786 [ERROR] LogOutputStream:75 - [STDERR_REDIRECT] 
2026-03-01 01:38:16,787 [ERROR] LogOutputStream:75 - [STDERR_REDIRECT] [Fatal Error] :1:1: Premature end of file.
2026-03-01 01:38:16,787 [ERROR] LogOutputStream:75 - [STDERR_REDIRECT] 
2026-03-01 01:38:17,783 [ERROR] LogOutputStream:75 - [STDERR_REDIRECT] [Fatal Error] :1:1: Premature end of file.
2026-03-01 01:38:17,784 [ERROR] LogOutputStream:75 - [STDERR_REDIRECT] 
2026-03-01 01:38:18,783 [ERROR] LogOutputStream:75 - [STDERR_REDIRECT] [Fatal Error] :1:1: Premature end of file.
2026-03-01 01:38:18,783 [ERROR] LogOutputStream:75 - [STDERR_REDIRECT] 
2026-03-01 01:38:19,784 [ERROR] LogOutputStream:75 - [STDERR_REDIRECT] [Fatal Error] :1:1: Premature end of file.
2026-03-01 01:38:19,784 [ERROR] LogOutputStream:75 - [STDERR_REDIRECT] 
2026-03-01 01:38:20,783 [ERROR] LogOutputStream:75 - [STDERR_REDIRECT] [Fatal Error] :1:1: Premature end of file.
2026-03-01 01:38:20,783 [ERROR] LogOutputStream:75 - [STDERR_REDIRECT] 
2026-03-01 01:38:21,786 [ERROR] LogOutputStream:75 - [STDERR_REDIRECT] [Fatal Error] :1:1: Premature end of file.
2026-03-01 01:38:21,786 [ERROR] LogOutputStream:75 - [STDERR_REDIRECT] 
2026-03-01 01:38:22,785 [ERROR] LogOutputStream:75 - [STDERR_REDIRECT] [Fatal Error] :1:1: Premature end of file.
2026-03-01 01:38:22,785 [ERROR] LogOutputStream:75 - [STDERR_REDIRECT] 
2026-03-01 01:38:23,785 [ERROR] LogOutputStream:75 - [STDERR_REDIRECT] [Fatal Error] :1:1: Premature end of file.
2026-03-01 01:38:23,785 [ERROR] LogOutputStream:75 - [STDERR_REDIRECT] 
2026-03-01 01:38:24,784 [ERROR] LogOutputStream:75 - [STDERR_REDIRECT] [Fatal Error] :1:1: Premature end of file.
2026-03-01 01:38:24,784 [ERROR] LogOutputStream:75 - [STDERR_REDIRECT] 
2026-03-01 01:38:25,784 [ERROR] LogOutputStream:75 - [STDERR_REDIRECT] [Fatal Error] :1:1: Premature end of file.
2026-03-01 01:38:25,784 [ERROR] LogOutputStream:75 - [STDERR_REDIRECT] 
2026-03-01 01:38:26,783 [ERROR] LogOutputStream:75 - [STDERR_REDIRECT] [Fatal Error] :1:1: Premature end of file.
2026-03-01 01:38:26,783 [ERROR] LogOutputStream:75 - [STDERR_REDIRECT] 
2026-03-01 01:38:27,786 [ERROR] LogOutputStream:75 - [STDERR_REDIRECT] [Fatal Error] :1:1: Premature end of file.
2026-03-01 01:38:27,786 [ERROR] LogOutputStream:75 - [STDERR_REDIRECT] 
2026-03-01 01:38:28,782 [ERROR] LogOutputStream:75 - [STDERR_REDIRECT] [Fatal Error] :1:1: Premature end of file.
2026-03-01 01:38:28,782 [ERROR] LogOutputStream:75 - [STDERR_REDIRECT] 
2026-03-01 01:38:29,788 [ERROR] LogOutputStream:75 - [STDERR_REDIRECT] [Fatal Error] :1:1: Premature end of file.
2026-03-01 01:38:29,788 [ERROR] LogOutputStream:75 - [STDERR_REDIRECT] 
2026-03-01 01:38:30,786 [ERROR] LogOutputStream:75 - [STDERR_REDIRECT] [Fatal Error] :1:1: Premature end of file.
2026-03-01 01:38:30,786 [ERROR] LogOutputStream:75 - [STDERR_REDIRECT] 
2026-03-01 01:38:31,790 [ERROR] LogOutputStream:75 - [STDERR_REDIRECT] [Fatal Error] :1:1: Premature end of file.
2026-03-01 01:38:31,790 [ERROR] LogOutputStream:75 - [STDERR_REDIRECT] 
2026-03-01 01:38:32,790 [ERROR] LogOutputStream:75 - [STDERR_REDIRECT] [Fatal Error] :1:1: Premature end of file.
2026-03-01 01:38:32,790 [ERROR] LogOutputStream:75 - [STDERR_REDIRECT] 
2026-03-01 01:38:33,787 [ERROR] LogOutputStream:75 - [STDERR_REDIRECT] [Fatal Error] :1:1: Premature end of file.
2026-03-01 01:38:33,787 [ERROR] LogOutputStream:75 - [STDERR_REDIRECT] 
2026-03-01 01:38:34,783 [ERROR] LogOutputStream:75 - [STDERR_REDIRECT] [Fatal Error] :1:1: Premature end of file.
2026-03-01 01:38:34,783 [ERROR] LogOutputStream:75 - [STDERR_REDIRECT] 
2026-03-01 01:38:35,782 [ERROR] LogOutputStream:75 - [STDERR_REDIRECT] [Fatal Error] :1:1: Premature end of file.
2026-03-01 01:38:35,782 [ERROR] LogOutputStream:75 - [STDERR_REDIRECT] 
2026-03-01 01:38:36,784 [ERROR] LogOutputStream:75 - [STDERR_REDIRECT] [Fatal Error] :1:1: Premature end of file.
2026-03-01 01:38:36,784 [ERROR] LogOutputStream:75 - [STDERR_REDIRECT] 
2026-03-01 01:38:37,782 [ERROR] LogOutputStream:75 - [STDERR_REDIRECT] [Fatal Error] :1:1: Premature end of file.
2026-03-01 01:38:37,782 [ERROR] LogOutputStream:75 - [STDERR_REDIRECT] 
2026-03-01 01:38:38,787 [ERROR] LogOutputStream:75 - [STDERR_REDIRECT] [Fatal Error] :1:1: Premature end of file.
2026-03-01 01:38:38,787 [ERROR] LogOutputStream:75 - [STDERR_REDIRECT] 
2026-03-01 01:38:39,783 [ERROR] LogOutputStream:75 - [STDERR_REDIRECT] [Fatal Error] :1:1: Premature end of file.
2026-03-01 01:38:39,783 [ERROR] LogOutputStream:75 - [STDERR_REDIRECT] 
2026-03-01 01:38:40,785 [ERROR] LogOutputStream:75 - [STDERR_REDIRECT] [Fatal Error] :1:1: Premature end of file.
2026-03-01 01:38:40,785 [ERROR] LogOutputStream:75 - [STDERR_REDIRECT] 
2026-03-01 01:38:41,784 [ERROR] LogOutputStream:75 - [STDERR_REDIRECT] [Fatal Error] :1:1: Premature end of file.
2026-03-01 01:38:41,784 [ERROR] LogOutputStream:75 - [STDERR_REDIRECT] 
2026-03-01 01:38:42,783 [ERROR] LogOutputStream:75 - [STDERR_REDIRECT] [Fatal Error] :1:1: Premature end of file.
2026-03-01 01:38:42,783 [ERROR] LogOutputStream:75 - [STDERR_REDIRECT] 
2026-03-01 01:38:43,784 [ERROR] LogOutputStream:75 - [STDERR_REDIRECT] [Fatal Error] :1:1: Premature end of file.
2026-03-01 01:38:43,784 [ERROR] LogOutputStream:75 - [STDERR_REDIRECT] 
2026-03-01 01:38:44,786 [ERROR] LogOutputStream:75 - [STDERR_REDIRECT] [Fatal Error] :1:1: Premature end of file.
2026-03-01 01:38:44,786 [ERROR] LogOutputStream:75 - [STDERR_REDIRECT] 
2026-03-01 01:38:45,786 [ERROR] LogOutputStream:75 - [STDERR_REDIRECT] [Fatal Error] :1:1: Premature end of file.
2026-03-01 01:38:45,786 [ERROR] LogOutputStream:75 - [STDERR_REDIRECT] 
2026-03-01 01:38:46,786 [ERROR] LogOutputStream:75 - [STDERR_REDIRECT] [Fatal Error] :1:1: Premature end of file.
2026-03-01 01:38:46,786 [ERROR] LogOutputStream:75 - [STDERR_REDIRECT] 
2026-03-01 01:38:47,787 [ERROR] LogOutputStream:75 - [STDERR_REDIRECT] [Fatal Error] :1:1: Premature end of file.
2026-03-01 01:38:47,787 [ERROR] LogOutputStream:75 - [STDERR_REDIRECT] 
2026-03-01 01:38:48,787 [ERROR] LogOutputStream:75 - [STDERR_REDIRECT] [Fatal Error] :1:1: Premature end of file.
2026-03-01 01:38:48,787 [ERROR] LogOutputStream:75 - [STDERR_REDIRECT] 
2026-03-01 01:38:49,819 [ERROR] LogOutputStream:75 - [STDERR_REDIRECT] [Fatal Error] :1:1: Premature end of file.
2026-03-01 01:38:49,819 [ERROR] LogOutputStream:75 - [STDERR_REDIRECT] 
2026-03-01 01:38:50,782 [ERROR] LogOutputStream:75 - [STDERR_REDIRECT] [Fatal Error] :1:1: Premature end of file.
2026-03-01 01:38:50,782 [ERROR] LogOutputStream:75 - [STDERR_REDIRECT] 
2026-03-01 01:38:51,782 [ERROR] LogOutputStream:75 - [STDERR_REDIRECT] [Fatal Error] :1:1: Premature end of file.
2026-03-01 01:38:51,782 [ERROR] LogOutputStream:75 - [STDERR_REDIRECT] 
2026-03-01 01:38:52,786 [ERROR] LogOutputStream:75 - [STDERR_REDIRECT] [Fatal Error] :1:1: Premature end of file.
2026-03-01 01:38:52,786 [ERROR] LogOutputStream:75 - [STDERR_REDIRECT] 
2026-03-01 01:38:53,782 [ERROR] LogOutputStream:75 - [STDERR_REDIRECT] [Fatal Error] :1:1: Premature end of file.
2026-03-01 01:38:53,783 [ERROR] LogOutputStream:75 - [STDERR_REDIRECT] 
2026-03-01 01:38:54,785 [ERROR] LogOutputStream:75 - [STDERR_REDIRECT] [Fatal Error] :1:1: Premature end of file.
2026-03-01 01:38:54,785 [ERROR] LogOutputStream:75 - [STDERR_REDIRECT] 
2026-03-01 01:38:55,784 [ERROR] LogOutputStream:75 - [STDERR_REDIRECT] [Fatal Error] :1:1: Premature end of file.
2026-03-01 01:38:55,784 [ERROR] LogOutputStream:75 - [STDERR_REDIRECT] 
2026-03-01 01:38:56,785 [ERROR] LogOutputStream:75 - [STDERR_REDIRECT] [Fatal Error] :1:1: Premature end of file.
2026-03-01 01:38:56,785 [ERROR] LogOutputStream:75 - [STDERR_REDIRECT] 
2026-03-01 01:38:57,785 [ERROR] LogOutputStream:75 - [STDERR_REDIRECT] [Fatal Error] :1:1: Premature end of file.
2026-03-01 01:38:57,785 [ERROR] LogOutputStream:75 - [STDERR_REDIRECT] 
2026-03-01 01:38:58,784 [ERROR] LogOutputStream:75 - [STDERR_REDIRECT] [Fatal Error] :1:1: Premature end of file.
2026-03-01 01:38:58,784 [ERROR] LogOutputStream:75 - [STDERR_REDIRECT] 
2026-03-01 01:38:59,786 [ERROR] LogOutputStream:75 - [STDERR_REDIRECT] [Fatal Error] :1:1: Premature end of file.
2026-03-01 01:38:59,786 [ERROR] LogOutputStream:75 - [STDERR_REDIRECT] 
2026-03-01 01:39:00,784 [ERROR] LogOutputStream:75 - [STDERR_REDIRECT] [Fatal Error] :1:1: Premature end of file.
2026-03-01 01:39:00,784 [ERROR] LogOutputStream:75 - [STDERR_REDIRECT] 
2026-03-01 01:39:01,782 [ERROR] LogOutputStream:75 - [STDERR_REDIRECT] [Fatal Error] :1:1: Premature end of file.
2026-03-01 01:39:01,782 [ERROR] LogOutputStream:75 - [STDERR_REDIRECT] 
2026-03-01 01:39:02,785 [ERROR] LogOutputStream:75 - [STDERR_REDIRECT] [Fatal Error] :1:1: Premature end of file.
2026-03-01 01:39:02,786 [ERROR] LogOutputStream:75 - [STDERR_REDIRECT] 
2026-03-01 01:39:03,783 [ERROR] LogOutputStream:75 - [STDERR_REDIRECT] [Fatal Error] :1:1: Premature end of file.
2026-03-01 01:39:03,783 [ERROR] LogOutputStream:75 - [STDERR_REDIRECT] 
2026-03-01 01:39:04,786 [ERROR] LogOutputStream:75 - [STDERR_REDIRECT] [Fatal Error] :1:1: Premature end of file.
2026-03-01 01:39:04,786 [ERROR] LogOutputStream:75 - [STDERR_REDIRECT] 
2026-03-01 01:39:05,807 [ERROR] LogOutputStream:75 - [STDERR_REDIRECT] [Fatal Error] :1:1: Premature end of file.
2026-03-01 01:39:05,807 [ERROR] LogOutputStream:75 - [STDERR_REDIRECT] 
2026-03-01 01:39:06,782 [ERROR] LogOutputStream:75 - [STDERR_REDIRECT] [Fatal Error] :1:1: Premature end of file.
2026-03-01 01:39:06,782 [ERROR] LogOutputStream:75 - [STDERR_REDIRECT] 
2026-03-01 01:39:07,783 [ERROR] LogOutputStream:75 - [STDERR_REDIRECT] [Fatal Error] :1:1: Premature end of file.
2026-03-01 01:39:07,783 [ERROR] LogOutputStream:75 - [STDERR_REDIRECT] 
2026-03-01 01:39:08,783 [ERROR] LogOutputStream:75 - [STDERR_REDIRECT] [Fatal Error] :1:1: Premature end of file.
2026-03-01 01:39:08,783 [ERROR] LogOutputStream:75 - [STDERR_REDIRECT] 
2026-03-01 01:39:09,786 [ERROR] LogOutputStream:75 - [STDERR_REDIRECT] [Fatal Error] :1:1: Premature end of file.
2026-03-01 01:39:09,786 [ERROR] LogOutputStream:75 - [STDERR_REDIRECT] 
2026-03-01 01:39:10,787 [ERROR] LogOutputStream:75 - [STDERR_REDIRECT] [Fatal Error] :1:1: Premature end of file.
2026-03-01 01:39:10,787 [ERROR] LogOutputStream:75 - [STDERR_REDIRECT] 
2026-03-01 01:39:11,783 [ERROR] LogOutputStream:75 - [STDERR_REDIRECT] [Fatal Error] :1:1: Premature end of file.
2026-03-01 01:39:11,784 [ERROR] LogOutputStream:75 - [STDERR_REDIRECT] 
2026-03-01 01:39:12,784 [ERROR] LogOutputStream:75 - [STDERR_REDIRECT] [Fatal Error] :1:1: Premature end of file.
2026-03-01 01:39:12,785 [ERROR] LogOutputStream:75 - [STDERR_REDIRECT] 
2026-03-01 01:39:13,784 [ERROR] LogOutputStream:75 - [STDERR_REDIRECT] [Fatal Error] :1:1: Premature end of file.
2026-03-01 01:39:13,784 [ERROR] LogOutputStream:75 - [STDERR_REDIRECT] 
2026-03-01 01:39:14,785 [ERROR] LogOutputStream:75 - [STDERR_REDIRECT] [Fatal Error] :1:1: Premature end of file.
2026-03-01 01:39:14,785 [ERROR] LogOutputStream:75 - [STDERR_REDIRECT] 
2026-03-01 01:39:15,784 [ERROR] LogOutputStream:75 - [STDERR_REDIRECT] [Fatal Error] :1:1: Premature end of file.
2026-03-01 01:39:15,784 [ERROR] LogOutputStream:75 - [STDERR_REDIRECT] 
2026-03-01 01:39:16,792 [ERROR] LogOutputStream:75 - [STDERR_REDIRECT] [Fatal Error] :1:1: Premature end of file.
2026-03-01 01:39:16,793 [ERROR] LogOutputStream:75 - [STDERR_REDIRECT] 
2026-03-01 01:39:17,785 [ERROR] LogOutputStream:75 - [STDERR_REDIRECT] [Fatal Error] :1:1: Premature end of file.
2026-03-01 01:39:17,785 [ERROR] LogOutputStream:75 - [STDERR_REDIRECT] 
2026-03-01 01:39:18,786 [ERROR] LogOutputStream:75 - [STDERR_REDIRECT] [Fatal Error] :1:1: Premature end of file.
2026-03-01 01:39:18,786 [ERROR] LogOutputStream:75 - [STDERR_REDIRECT] 
2026-03-01 01:39:19,785 [ERROR] LogOutputStream:75 - [STDERR_REDIRECT] [Fatal Error] :1:1: Premature end of file.
2026-03-01 01:39:19,785 [ERROR] LogOutputStream:75 - [STDERR_REDIRECT] 
2026-03-01 01:39:20,784 [ERROR] LogOutputStream:75 - [STDERR_REDIRECT] [Fatal Error] :1:1: Premature end of file.
2026-03-01 01:39:20,784 [ERROR] LogOutputStream:75 - [STDERR_REDIRECT] 
2026-03-01 01:39:21,783 [ERROR] LogOutputStream:75 - [STDERR_REDIRECT] [Fatal Error] :1:1: Premature end of file.
2026-03-01 01:39:21,783 [ERROR] LogOutputStream:75 - [STDERR_REDIRECT] 
2026-03-01 01:39:22,786 [ERROR] LogOutputStream:75 - [STDERR_REDIRECT] [Fatal Error] :1:1: Premature end of file.
2026-03-01 01:39:22,786 [ERROR] LogOutputStream:75 - [STDERR_REDIRECT] 
2026-03-01 01:39:23,801 [ERROR] LogOutputStream:75 - [STDERR_REDIRECT] [Fatal Error] :1:1: Premature end of file.
2026-03-01 01:39:23,801 [ERROR] LogOutputStream:75 - [STDERR_REDIRECT] 
2026-03-01 01:39:24,783 [ERROR] LogOutputStream:75 - [STDERR_REDIRECT] [Fatal Error] :1:1: Premature end of file.
2026-03-01 01:39:24,783 [ERROR] LogOutputStream:75 - [STDERR_REDIRECT] 
2026-03-01 01:39:25,783 [ERROR] LogOutputStream:75 - [STDERR_REDIRECT] [Fatal Error] :1:1: Premature end of file.
2026-03-01 01:39:25,783 [ERROR] LogOutputStream:75 - [STDERR_REDIRECT] 
2026-03-01 01:39:26,814 [ERROR] LogOutputStream:75 - [STDERR_REDIRECT] [Fatal Error] :1:1: Premature end of file.
2026-03-01 01:39:26,814 [ERROR] LogOutputStream:75 - [STDERR_REDIRECT] 
2026-03-01 01:39:27,787 [ERROR] LogOutputStream:75 - [STDERR_REDIRECT] [Fatal Error] :1:1: Premature end of file.
2026-03-01 01:39:27,787 [ERROR] LogOutputStream:75 - [STDERR_REDIRECT] 
2026-03-01 01:39:28,781 [ERROR] LogOutputStream:75 - [STDERR_REDIRECT] [Fatal Error] :1:1: Premature end of file.
2026-03-01 01:39:28,781 [ERROR] LogOutputStream:75 - [STDERR_REDIRECT] 
2026-03-01 01:39:29,788 [ERROR] LogOutputStream:75 - [STDERR_REDIRECT] [Fatal Error] :1:1: Premature end of file.
2026-03-01 01:39:29,788 [ERROR] LogOutputStream:75 - [STDERR_REDIRECT] 
2026-03-01 01:39:30,784 [ERROR] LogOutputStream:75 - [STDERR_REDIRECT] [Fatal Error] :1:1: Premature end of file.
2026-03-01 01:39:30,784 [ERROR] LogOutputStream:75 - [STDERR_REDIRECT] 
2026-03-01 01:39:31,787 [ERROR] LogOutputStream:75 - [STDERR_REDIRECT] [Fatal Error] :1:1: Premature end of file.
2026-03-01 01:39:31,787 [ERROR] LogOutputStream:75 - [STDERR_REDIRECT] 
2026-03-01 01:39:32,792 [ERROR] LogOutputStream:75 - [STDERR_REDIRECT] [Fatal Error] :1:1: Premature end of file.
2026-03-01 01:39:32,792 [ERROR] LogOutputStream:75 - [STDERR_REDIRECT] 
2026-03-01 01:39:33,785 [ERROR] LogOutputStream:75 - [STDERR_REDIRECT] [Fatal Error] :1:1: Premature end of file.
2026-03-01 01:39:33,785 [ERROR] LogOutputStream:75 - [STDERR_REDIRECT] 
2026-03-01 01:39:34,788 [ERROR] LogOutputStream:75 - [STDERR_REDIRECT] [Fatal Error] :1:1: Premature end of file.
2026-03-01 01:39:34,789 [ERROR] LogOutputStream:75 - [STDERR_REDIRECT] 
2026-03-01 01:39:35,784 [ERROR] LogOutputStream:75 - [STDERR_REDIRECT] [Fatal Error] :1:1: Premature end of file.
2026-03-01 01:39:35,784 [ERROR] LogOutputStream:75 - [STDERR_REDIRECT] 
2026-03-01 01:39:36,783 [ERROR] LogOutputStream:75 - [STDERR_REDIRECT] [Fatal Error] :1:1: Premature end of file.
2026-03-01 01:39:36,783 [ERROR] LogOutputStream:75 - [STDERR_REDIRECT] 
2026-03-01 01:39:37,784 [ERROR] LogOutputStream:75 - [STDERR_REDIRECT] [Fatal Error] :1:1: Premature end of file.
2026-03-01 01:39:37,785 [ERROR] LogOutputStream:75 - [STDERR_REDIRECT] 
2026-03-01 01:39:38,783 [ERROR] LogOutputStream:75 - [STDERR_REDIRECT] [Fatal Error] :1:1: Premature end of file.
2026-03-01 01:39:38,783 [ERROR] LogOutputStream:75 - [STDERR_REDIRECT] 
2026-03-01 01:39:39,785 [ERROR] LogOutputStream:75 - [STDERR_REDIRECT] [Fatal Error] :1:1: Premature end of file.
2026-03-01 01:39:39,785 [ERROR] LogOutputStream:75 - [STDERR_REDIRECT] 
2026-03-01 01:39:40,783 [ERROR] LogOutputStream:75 - [STDERR_REDIRECT] [Fatal Error] :1:1: Premature end of file.
2026-03-01 01:39:40,783 [ERROR] LogOutputStream:75 - [STDERR_REDIRECT] 
2026-03-01 01:39:41,784 [ERROR] LogOutputStream:75 - [STDERR_REDIRECT] [Fatal Error] :1:1: Premature end of file.
2026-03-01 01:39:41,785 [ERROR] LogOutputStream:75 - [STDERR_REDIRECT] 
2026-03-01 01:39:42,783 [ERROR] LogOutputStream:75 - [STDERR_REDIRECT] [Fatal Error] :1:1: Premature end of file.
2026-03-01 01:39:42,783 [ERROR] LogOutputStream:75 - [STDERR_REDIRECT] 
2026-03-01 01:39:43,785 [ERROR] LogOutputStream:75 - [STDERR_REDIRECT] [Fatal Error] :1:1: Premature end of file.
2026-03-01 01:39:43,785 [ERROR] LogOutputStream:75 - [STDERR_REDIRECT] 
2026-03-01 01:39:44,785 [ERROR] LogOutputStream:75 - [STDERR_REDIRECT] [Fatal Error] :1:1: Premature end of file.
2026-03-01 01:39:44,785 [ERROR] LogOutputStream:75 - [STDERR_REDIRECT] 
2026-03-01 01:39:45,807 [ERROR] LogOutputStream:75 - [STDERR_REDIRECT] [Fatal Error] :1:1: Premature end of file.
2026-03-01 01:39:45,807 [ERROR] LogOutputStream:75 - [STDERR_REDIRECT] 
2026-03-01 01:39:46,783 [ERROR] LogOutputStream:75 - [STDERR_REDIRECT] [Fatal Error] :1:1: Premature end of file.
2026-03-01 01:39:46,783 [ERROR] LogOutputStream:75 - [STDERR_REDIRECT] 
2026-03-01 01:39:47,781 [ERROR] LogOutputStream:75 - [STDERR_REDIRECT] [Fatal Error] :1:1: Premature end of file.
2026-03-01 01:39:47,781 [ERROR] LogOutputStream:75 - [STDERR_REDIRECT] 
2026-03-01 01:39:48,784 [ERROR] LogOutputStream:75 - [STDERR_REDIRECT] [Fatal Error] :1:1: Premature end of file.
2026-03-01 01:39:48,784 [ERROR] LogOutputStream:75 - [STDERR_REDIRECT] 
2026-03-01 01:39:49,787 [ERROR] LogOutputStream:75 - [STDERR_REDIRECT] [Fatal Error] :1:1: Premature end of file.
2026-03-01 01:39:49,788 [ERROR] LogOutputStream:75 - [STDERR_REDIRECT] 
2026-03-01 01:39:50,828 [ERROR] LogOutputStream:75 - [STDERR_REDIRECT] [Fatal Error] :1:1: Premature end of file.
2026-03-01 01:39:50,828 [ERROR] LogOutputStream:75 - [STDERR_REDIRECT] 
2026-03-01 01:39:51,782 [ERROR] LogOutputStream:75 - [STDERR_REDIRECT] [Fatal Error] :1:1: Premature end of file.
2026-03-01 01:39:51,782 [ERROR] LogOutputStream:75 - [STDERR_REDIRECT] 
2026-03-01 01:39:52,785 [ERROR] LogOutputStream:75 - [STDERR_REDIRECT] [Fatal Error] :1:1: Premature end of file.
2026-03-01 01:39:52,785 [ERROR] LogOutputStream:75 - [STDERR_REDIRECT] 
2026-03-01 01:39:53,785 [ERROR] LogOutputStream:75 - [STDERR_REDIRECT] [Fatal Error] :1:1: Premature end of file.
2026-03-01 01:39:53,785 [ERROR] LogOutputStream:75 - [STDERR_REDIRECT] 
2026-03-01 01:39:54,785 [ERROR] LogOutputStream:75 - [STDERR_REDIRECT] [Fatal Error] :1:1: Premature end of file.
2026-03-01 01:39:54,785 [ERROR] LogOutputStream:75 - [STDERR_REDIRECT] 
2026-03-01 01:39:55,785 [ERROR] LogOutputStream:75 - [STDERR_REDIRECT] [Fatal Error] :1:1: Premature end of file.
2026-03-01 01:39:55,785 [ERROR] LogOutputStream:75 - [STDERR_REDIRECT] 
2026-03-01 01:39:56,783 [ERROR] LogOutputStream:75 - [STDERR_REDIRECT] [Fatal Error] :1:1: Premature end of file.
2026-03-01 01:39:56,783 [ERROR] LogOutputStream:75 - [STDERR_REDIRECT] 
2026-03-01 01:39:57,785 [ERROR] LogOutputStream:75 - [STDERR_REDIRECT] [Fatal Error] :1:1: Premature end of file.
2026-03-01 01:39:57,785 [ERROR] LogOutputStream:75 - [STDERR_REDIRECT] 
2026-03-01 01:39:58,785 [ERROR] LogOutputStream:75 - [STDERR_REDIRECT] [Fatal Error] :1:1: Premature end of file.
2026-03-01 01:39:58,786 [ERROR] LogOutputStream:75 - [STDERR_REDIRECT] 
2026-03-01 01:39:59,788 [ERROR] LogOutputStream:75 - [STDERR_REDIRECT] [Fatal Error] :1:1: Premature end of file.
2026-03-01 01:39:59,788 [ERROR] LogOutputStream:75 - [STDERR_REDIRECT] 
2026-03-01 01:40:00,797 [ERROR] LogOutputStream:75 - [STDERR_REDIRECT] [Fatal Error] :1:1: Premature end of file.
2026-03-01 01:40:00,798 [ERROR] LogOutputStream:75 - [STDERR_REDIRECT] 
2026-03-01 01:40:01,783 [ERROR] LogOutputStream:75 - [STDERR_REDIRECT] [Fatal Error] :1:1: Premature end of file.
2026-03-01 01:40:01,783 [ERROR] LogOutputStream:75 - [STDERR_REDIRECT] 
2026-03-01 01:40:02,782 [ERROR] LogOutputStream:75 - [STDERR_REDIRECT] [Fatal Error] :1:1: Premature end of file.
2026-03-01 01:40:02,782 [ERROR] LogOutputStream:75 - [STDERR_REDIRECT] 
2026-03-01 01:40:03,783 [ERROR] LogOutputStream:75 - [STDERR_REDIRECT] [Fatal Error] :1:1: Premature end of file.
2026-03-01 01:40:03,783 [ERROR] LogOutputStream:75 - [STDERR_REDIRECT] 
2026-03-01 01:40:04,786 [ERROR] LogOutputStream:75 - [STDERR_REDIRECT] [Fatal Error] :1:1: Premature end of file.
2026-03-01 01:40:04,786 [ERROR] LogOutputStream:75 - [STDERR_REDIRECT] 
2026-03-01 01:40:05,783 [ERROR] LogOutputStream:75 - [STDERR_REDIRECT] [Fatal Error] :1:1: Premature end of file.
2026-03-01 01:40:05,783 [ERROR] LogOutputStream:75 - [STDERR_REDIRECT] 
2026-03-01 01:40:06,784 [ERROR] LogOutputStream:75 - [STDERR_REDIRECT] [Fatal Error] :1:1: Premature end of file.
2026-03-01 01:40:06,784 [ERROR] LogOutputStream:75 - [STDERR_REDIRECT] 
2026-03-01 01:40:07,785 [ERROR] LogOutputStream:75 - [STDERR_REDIRECT] [Fatal Error] :1:1: Premature end of file.
2026-03-01 01:40:07,785 [ERROR] LogOutputStream:75 - [STDERR_REDIRECT] 
2026-03-01 01:40:08,782 [ERROR] LogOutputStream:75 - [STDERR_REDIRECT] [Fatal Error] :1:1: Premature end of file.
2026-03-01 01:40:08,783 [ERROR] LogOutputStream:75 - [STDERR_REDIRECT] 
2026-03-01 01:40:09,785 [ERROR] LogOutputStream:75 - [STDERR_REDIRECT] [Fatal Error] :1:1: Premature end of file.
2026-03-01 01:40:09,785 [ERROR] LogOutputStream:75 - [STDERR_REDIRECT] 
2026-03-01 01:40:10,785 [ERROR] LogOutputStream:75 - [STDERR_REDIRECT] [Fatal Error] :1:1: Premature end of file.
2026-03-01 01:40:10,785 [ERROR] LogOutputStream:75 - [STDERR_REDIRECT] 
2026-03-01 01:40:11,784 [ERROR] LogOutputStream:75 - [STDERR_REDIRECT] [Fatal Error] :1:1: Premature end of file.
2026-03-01 01:40:11,784 [ERROR] LogOutputStream:75 - [STDERR_REDIRECT] 
2026-03-01 01:40:12,785 [ERROR] LogOutputStream:75 - [STDERR_REDIRECT] [Fatal Error] :1:1: Premature end of file.
2026-03-01 01:40:12,785 [ERROR] LogOutputStream:75 - [STDERR_REDIRECT] 
2026-03-01 01:40:13,784 [ERROR] LogOutputStream:75 - [STDERR_REDIRECT] [Fatal Error] :1:1: Premature end of file.
2026-03-01 01:40:13,784 [ERROR] LogOutputStream:75 - [STDERR_REDIRECT] 
2026-03-01 01:40:14,786 [ERROR] LogOutputStream:75 - [STDERR_REDIRECT] [Fatal Error] :1:1: Premature end of file.
2026-03-01 01:40:14,786 [ERROR] LogOutputStream:75 - [STDERR_REDIRECT] 
2026-03-01 01:40:15,783 [ERROR] LogOutputStream:75 - [STDERR_REDIRECT] [Fatal Error] :1:1: Premature end of file.
2026-03-01 01:40:15,783 [ERROR] LogOutputStream:75 - [STDERR_REDIRECT] 
2026-03-01 01:40:16,785 [ERROR] LogOutputStream:75 - [STDERR_REDIRECT] [Fatal Error] :1:1: Premature end of file.
2026-03-01 01:40:16,785 [ERROR] LogOutputStream:75 - [STDERR_REDIRECT] 
2026-03-01 01:40:17,783 [ERROR] LogOutputStream:75 - [STDERR_REDIRECT] [Fatal Error] :1:1: Premature end of file.
2026-03-01 01:40:17,784 [ERROR] LogOutputStream:75 - [STDERR_REDIRECT] 
2026-03-01 01:40:18,784 [ERROR] LogOutputStream:75 - [STDERR_REDIRECT] [Fatal Error] :1:1: Premature end of file.
2026-03-01 01:40:18,784 [ERROR] LogOutputStream:75 - [STDERR_REDIRECT] 
2026-03-01 01:40:19,786 [ERROR] LogOutputStream:75 - [STDERR_REDIRECT] [Fatal Error] :1:1: Premature end of file.
2026-03-01 01:40:19,786 [ERROR] LogOutputStream:75 - [STDERR_REDIRECT] 
2026-03-01 01:40:20,784 [ERROR] LogOutputStream:75 - [STDERR_REDIRECT] [Fatal Error] :1:1: Premature end of file.
2026-03-01 01:40:20,784 [ERROR] LogOutputStream:75 - [STDERR_REDIRECT] 
2026-03-01 01:40:21,788 [ERROR] LogOutputStream:75 - [STDERR_REDIRECT] [Fatal Error] :1:1: Premature end of file.
2026-03-01 01:40:21,788 [ERROR] LogOutputStream:75 - [STDERR_REDIRECT] 
2026-03-01 01:40:22,786 [ERROR] LogOutputStream:75 - [STDERR_REDIRECT] [Fatal Error] :1:1: Premature end of file.
2026-03-01 01:40:22,786 [ERROR] LogOutputStream:75 - [STDERR_REDIRECT] 
2026-03-01 01:40:23,785 [ERROR] LogOutputStream:75 - [STDERR_REDIRECT] [Fatal Error] :1:1: Premature end of file.
2026-03-01 01:40:23,785 [ERROR] LogOutputStream:75 - [STDERR_REDIRECT] 
2026-03-01 01:40:24,784 [ERROR] LogOutputStream:75 - [STDERR_REDIRECT] [Fatal Error] :1:1: Premature end of file.
2026-03-01 01:40:24,784 [ERROR] LogOutputStream:75 - [STDERR_REDIRECT] 
2026-03-01 01:40:25,818 [ERROR] LogOutputStream:75 - [STDERR_REDIRECT] [Fatal Error] :1:1: Premature end of file.
2026-03-01 01:40:25,818 [ERROR] LogOutputStream:75 - [STDERR_REDIRECT] 
2026-03-01 01:40:26,784 [ERROR] LogOutputStream:75 - [STDERR_REDIRECT] [Fatal Error] :1:1: Premature end of file.
2026-03-01 01:40:26,784 [ERROR] LogOutputStream:75 - [STDERR_REDIRECT] 
2026-03-01 01:40:27,782 [ERROR] LogOutputStream:75 - [STDERR_REDIRECT] [Fatal Error] :1:1: Premature end of file.
2026-03-01 01:40:27,782 [ERROR] LogOutputStream:75 - [STDERR_REDIRECT] 
2026-03-01 01:40:28,787 [ERROR] LogOutputStream:75 - [STDERR_REDIRECT] [Fatal Error] :1:1: Premature end of file.
2026-03-01 01:40:28,787 [ERROR] LogOutputStream:75 - [STDERR_REDIRECT] 
2026-03-01 01:40:29,785 [ERROR] LogOutputStream:75 - [STDERR_REDIRECT] [Fatal Error] :1:1: Premature end of file.
2026-03-01 01:40:29,785 [ERROR] LogOutputStream:75 - [STDERR_REDIRECT] 
2026-03-01 01:40:30,783 [ERROR] LogOutputStream:75 - [STDERR_REDIRECT] [Fatal Error] :1:1: Premature end of file.
2026-03-01 01:40:30,783 [ERROR] LogOutputStream:75 - [STDERR_REDIRECT] 
2026-03-01 01:40:31,788 [ERROR] LogOutputStream:75 - [STDERR_REDIRECT] [Fatal Error] :1:1: Premature end of file.
2026-03-01 01:40:31,788 [ERROR] LogOutputStream:75 - [STDERR_REDIRECT] 
2026-03-01 01:40:32,785 [ERROR] LogOutputStream:75 - [STDERR_REDIRECT] [Fatal Error] :1:1: Premature end of file.
2026-03-01 01:40:32,785 [ERROR] LogOutputStream:75 - [STDERR_REDIRECT] 
2026-03-01 01:40:33,785 [ERROR] LogOutputStream:75 - [STDERR_REDIRECT] [Fatal Error] :1:1: Premature end of file.
2026-03-01 01:40:33,785 [ERROR] LogOutputStream:75 - [STDERR_REDIRECT] 
2026-03-01 01:40:34,784 [ERROR] LogOutputStream:75 - [STDERR_REDIRECT] [Fatal Error] :1:1: Premature end of file.
2026-03-01 01:40:34,784 [ERROR] LogOutputStream:75 - [STDERR_REDIRECT] 
2026-03-01 01:40:35,784 [ERROR] LogOutputStream:75 - [STDERR_REDIRECT] [Fatal Error] :1:1: Premature end of file.
2026-03-01 01:40:35,784 [ERROR] LogOutputStream:75 - [STDERR_REDIRECT] 
2026-03-01 01:40:36,786 [ERROR] LogOutputStream:75 - [STDERR_REDIRECT] [Fatal Error] :1:1: Premature end of file.
2026-03-01 01:40:36,786 [ERROR] LogOutputStream:75 - [STDERR_REDIRECT] 
2026-03-01 01:40:37,784 [ERROR] LogOutputStream:75 - [STDERR_REDIRECT] [Fatal Error] :1:1: Premature end of file.
2026-03-01 01:40:37,784 [ERROR] LogOutputStream:75 - [STDERR_REDIRECT] 
2026-03-01 01:40:38,784 [ERROR] LogOutputStream:75 - [STDERR_REDIRECT] [Fatal Error] :1:1: Premature end of file.
2026-03-01 01:40:38,784 [ERROR] LogOutputStream:75 - [STDERR_REDIRECT] 
2026-03-01 01:40:39,785 [ERROR] LogOutputStream:75 - [STDERR_REDIRECT] [Fatal Error] :1:1: Premature end of file.
2026-03-01 01:40:39,785 [ERROR] LogOutputStream:75 - [STDERR_REDIRECT] 
2026-03-01 01:40:40,785 [ERROR] LogOutputStream:75 - [STDERR_REDIRECT] [Fatal Error] :1:1: Premature end of file.
2026-03-01 01:40:40,785 [ERROR] LogOutputStream:75 - [STDERR_REDIRECT] 
2026-03-01 01:40:41,785 [ERROR] LogOutputStream:75 - [STDERR_REDIRECT] [Fatal Error] :1:1: Premature end of file.
2026-03-01 01:40:41,786 [ERROR] LogOutputStream:75 - [STDERR_REDIRECT] 
2026-03-01 01:40:42,790 [ERROR] LogOutputStream:75 - [STDERR_REDIRECT] [Fatal Error] :1:1: Premature end of file.
2026-03-01 01:40:42,791 [ERROR] LogOutputStream:75 - [STDERR_REDIRECT] 
2026-03-01 01:40:43,787 [ERROR] LogOutputStream:75 - [STDERR_REDIRECT] [Fatal Error] :1:1: Premature end of file.
2026-03-01 01:40:43,787 [ERROR] LogOutputStream:75 - [STDERR_REDIRECT] 
2026-03-01 01:40:44,785 [ERROR] LogOutputStream:75 - [STDERR_REDIRECT] [Fatal Error] :1:1: Premature end of file.
2026-03-01 01:40:44,785 [ERROR] LogOutputStream:75 - [STDERR_REDIRECT] 
2026-03-01 01:40:45,784 [ERROR] LogOutputStream:75 - [STDERR_REDIRECT] [Fatal Error] :1:1: Premature end of file.
2026-03-01 01:40:45,785 [ERROR] LogOutputStream:75 - [STDERR_REDIRECT] 
2026-03-01 01:40:46,786 [ERROR] LogOutputStream:75 - [STDERR_REDIRECT] [Fatal Error] :1:1: Premature end of file.
2026-03-01 01:40:46,787 [ERROR] LogOutputStream:75 - [STDERR_REDIRECT] 
2026-03-01 01:40:47,786 [ERROR] LogOutputStream:75 - [STDERR_REDIRECT] [Fatal Error] :1:1: Premature end of file.
2026-03-01 01:40:47,786 [ERROR] LogOutputStream:75 - [STDERR_REDIRECT] 
2026-03-01 01:40:48,785 [ERROR] LogOutputStream:75 - [STDERR_REDIRECT] [Fatal Error] :1:1: Premature end of file.
2026-03-01 01:40:48,785 [ERROR] LogOutputStream:75 - [STDERR_REDIRECT] 
2026-03-01 01:40:49,785 [ERROR] LogOutputStream:75 - [STDERR_REDIRECT] [Fatal Error] :1:1: Premature end of file.
2026-03-01 01:40:49,785 [ERROR] LogOutputStream:75 - [STDERR_REDIRECT] 
2026-03-01 01:40:50,785 [ERROR] LogOutputStream:75 - [STDERR_REDIRECT] [Fatal Error] :1:1: Premature end of file.
2026-03-01 01:40:50,785 [ERROR] LogOutputStream:75 - [STDERR_REDIRECT] 
2026-03-01 01:40:51,785 [ERROR] LogOutputStream:75 - [STDERR_REDIRECT] [Fatal Error] :1:1: Premature end of file.
2026-03-01 01:40:51,785 [ERROR] LogOutputStream:75 - [STDERR_REDIRECT] 
2026-03-01 01:40:52,782 [ERROR] LogOutputStream:75 - [STDERR_REDIRECT] [Fatal Error] :1:1: Premature end of file.
2026-03-01 01:40:52,782 [ERROR] LogOutputStream:75 - [STDERR_REDIRECT] 
2026-03-01 01:40:53,785 [ERROR] LogOutputStream:75 - [STDERR_REDIRECT] [Fatal Error] :1:1: Premature end of file.
2026-03-01 01:40:53,785 [ERROR] LogOutputStream:75 - [STDERR_REDIRECT] 
2026-03-01 01:40:54,782 [ERROR] LogOutputStream:75 - [STDERR_REDIRECT] [Fatal Error] :1:1: Premature end of file.
2026-03-01 01:40:54,782 [ERROR] LogOutputStream:75 - [STDERR_REDIRECT] 
2026-03-01 01:40:55,786 [ERROR] LogOutputStream:75 - [STDERR_REDIRECT] [Fatal Error] :1:1: Premature end of file.
2026-03-01 01:40:55,786 [ERROR] LogOutputStream:75 - [STDERR_REDIRECT] 
2026-03-01 01:40:56,783 [ERROR] LogOutputStream:75 - [STDERR_REDIRECT] [Fatal Error] :1:1: Premature end of file.
2026-03-01 01:40:56,783 [ERROR] LogOutputStream:75 - [STDERR_REDIRECT] 
2026-03-01 01:40:57,785 [ERROR] LogOutputStream:75 - [STDERR_REDIRECT] [Fatal Error] :1:1: Premature end of file.
2026-03-01 01:40:57,785 [ERROR] LogOutputStream:75 - [STDERR_REDIRECT] 
2026-03-01 01:40:58,786 [ERROR] LogOutputStream:75 - [STDERR_REDIRECT] [Fatal Error] :1:1: Premature end of file.
2026-03-01 01:40:58,786 [ERROR] LogOutputStream:75 - [STDERR_REDIRECT] 
2026-03-01 01:40:59,785 [ERROR] LogOutputStream:75 - [STDERR_REDIRECT] [Fatal Error] :1:1: Premature end of file.
2026-03-01 01:40:59,785 [ERROR] LogOutputStream:75 - [STDERR_REDIRECT] 
2026-03-01 01:41:00,785 [ERROR] LogOutputStream:75 - [STDERR_REDIRECT] [Fatal Error] :1:1: Premature end of file.
2026-03-01 01:41:00,785 [ERROR] LogOutputStream:75 - [STDERR_REDIRECT] 
2026-03-01 01:41:01,783 [ERROR] LogOutputStream:75 - [STDERR_REDIRECT] [Fatal Error] :1:1: Premature end of file.
2026-03-01 01:41:01,783 [ERROR] LogOutputStream:75 - [STDERR_REDIRECT] 
2026-03-01 01:41:02,785 [ERROR] LogOutputStream:75 - [STDERR_REDIRECT] [Fatal Error] :1:1: Premature end of file.
2026-03-01 01:41:02,785 [ERROR] LogOutputStream:75 - [STDERR_REDIRECT] 
2026-03-01 01:41:03,784 [ERROR] LogOutputStream:75 - [STDERR_REDIRECT] [Fatal Error] :1:1: Premature end of file.
2026-03-01 01:41:03,784 [ERROR] LogOutputStream:75 - [STDERR_REDIRECT] 
2026-03-01 01:41:04,783 [ERROR] LogOutputStream:75 - [STDERR_REDIRECT] [Fatal Error] :1:1: Premature end of file.
2026-03-01 01:41:04,783 [ERROR] LogOutputStream:75 - [STDERR_REDIRECT] 
2026-03-01 01:41:05,784 [ERROR] LogOutputStream:75 - [STDERR_REDIRECT] [Fatal Error] :1:1: Premature end of file.
2026-03-01 01:41:05,784 [ERROR] LogOutputStream:75 - [STDERR_REDIRECT] 
2026-03-01 01:41:06,786 [ERROR] LogOutputStream:75 - [STDERR_REDIRECT] [Fatal Error] :1:1: Premature end of file.
2026-03-01 01:41:06,786 [ERROR] LogOutputStream:75 - [STDERR_REDIRECT] 
2026-03-01 01:41:07,784 [ERROR] LogOutputStream:75 - [STDERR_REDIRECT] [Fatal Error] :1:1: Premature end of file.
2026-03-01 01:41:07,784 [ERROR] LogOutputStream:75 - [STDERR_REDIRECT] 
2026-03-01 01:41:08,784 [ERROR] LogOutputStream:75 - [STDERR_REDIRECT] [Fatal Error] :1:1: Premature end of file.
2026-03-01 01:41:08,784 [ERROR] LogOutputStream:75 - [STDERR_REDIRECT] 
2026-03-01 01:41:09,787 [ERROR] LogOutputStream:75 - [STDERR_REDIRECT] [Fatal Error] :1:1: Premature end of file.
2026-03-01 01:41:09,788 [ERROR] LogOutputStream:75 - [STDERR_REDIRECT] 
2026-03-01 01:41:10,784 [ERROR] LogOutputStream:75 - [STDERR_REDIRECT] [Fatal Error] :1:1: Premature end of file.
2026-03-01 01:41:10,784 [ERROR] LogOutputStream:75 - [STDERR_REDIRECT] 
2026-03-01 01:41:11,786 [ERROR] LogOutputStream:75 - [STDERR_REDIRECT] [Fatal Error] :1:1: Premature end of file.
2026-03-01 01:41:11,786 [ERROR] LogOutputStream:75 - [STDERR_REDIRECT] 
2026-03-01 01:41:12,785 [ERROR] LogOutputStream:75 - [STDERR_REDIRECT] [Fatal Error] :1:1: Premature end of file.
2026-03-01 01:41:12,785 [ERROR] LogOutputStream:75 - [STDERR_REDIRECT] 
2026-03-01 01:41:13,785 [ERROR] LogOutputStream:75 - [STDERR_REDIRECT] [Fatal Error] :1:1: Premature end of file.
2026-03-01 01:41:13,785 [ERROR] LogOutputStream:75 - [STDERR_REDIRECT] 
2026-03-01 01:41:14,785 [ERROR] LogOutputStream:75 - [STDERR_REDIRECT] [Fatal Error] :1:1: Premature end of file.
2026-03-01 01:41:14,785 [ERROR] LogOutputStream:75 - [STDERR_REDIRECT] 
2026-03-01 01:41:15,782 [ERROR] LogOutputStream:75 - [STDERR_REDIRECT] [Fatal Error] :1:1: Premature end of file.
2026-03-01 01:41:15,782 [ERROR] LogOutputStream:75 - [STDERR_REDIRECT] 
2026-03-01 01:41:16,783 [ERROR] LogOutputStream:75 - [STDERR_REDIRECT] [Fatal Error] :1:1: Premature end of file.
2026-03-01 01:41:16,784 [ERROR] LogOutputStream:75 - [STDERR_REDIRECT] 
2026-03-01 01:41:17,787 [ERROR] LogOutputStream:75 - [STDERR_REDIRECT] [Fatal Error] :1:1: Premature end of file.
2026-03-01 01:41:17,787 [ERROR] LogOutputStream:75 - [STDERR_REDIRECT] 
2026-03-01 01:41:18,786 [ERROR] LogOutputStream:75 - [STDERR_REDIRECT] [Fatal Error] :1:1: Premature end of file.
2026-03-01 01:41:18,786 [ERROR] LogOutputStream:75 - [STDERR_REDIRECT] 
2026-03-01 01:41:19,785 [ERROR] LogOutputStream:75 - [STDERR_REDIRECT] [Fatal Error] :1:1: Premature end of file.
2026-03-01 01:41:19,785 [ERROR] LogOutputStream:75 - [STDERR_REDIRECT] 
2026-03-01 01:41:20,784 [ERROR] LogOutputStream:75 - [STDERR_REDIRECT] [Fatal Error] :1:1: Premature end of file.
2026-03-01 01:41:20,784 [ERROR] LogOutputStream:75 - [STDERR_REDIRECT] 
2026-03-01 01:41:21,786 [ERROR] LogOutputStream:75 - [STDERR_REDIRECT] [Fatal Error] :1:1: Premature end of file.
2026-03-01 01:41:21,786 [ERROR] LogOutputStream:75 - [STDERR_REDIRECT] 
2026-03-01 01:41:22,785 [ERROR] LogOutputStream:75 - [STDERR_REDIRECT] [Fatal Error] :1:1: Premature end of file.
2026-03-01 01:41:22,785 [ERROR] LogOutputStream:75 - [STDERR_REDIRECT] 
2026-03-01 01:41:23,783 [ERROR] LogOutputStream:75 - [STDERR_REDIRECT] [Fatal Error] :1:1: Premature end of file.
2026-03-01 01:41:23,783 [ERROR] LogOutputStream:75 - [STDERR_REDIRECT] 
2026-03-01 01:41:24,786 [ERROR] LogOutputStream:75 - [STDERR_REDIRECT] [Fatal Error] :1:1: Premature end of file.
2026-03-01 01:41:24,786 [ERROR] LogOutputStream:75 - [STDERR_REDIRECT] 
2026-03-01 01:41:25,793 [ERROR] LogOutputStream:75 - [STDERR_REDIRECT] [Fatal Error] :1:1: Premature end of file.
2026-03-01 01:41:25,794 [ERROR] LogOutputStream:75 - [STDERR_REDIRECT] 
2026-03-01 01:41:26,783 [ERROR] LogOutputStream:75 - [STDERR_REDIRECT] [Fatal Error] :1:1: Premature end of file.
2026-03-01 01:41:26,783 [ERROR] LogOutputStream:75 - [STDERR_REDIRECT] 
2026-03-01 01:41:27,784 [ERROR] LogOutputStream:75 - [STDERR_REDIRECT] [Fatal Error] :1:1: Premature end of file.
2026-03-01 01:41:27,784 [ERROR] LogOutputStream:75 - [STDERR_REDIRECT] 
2026-03-01 01:41:28,786 [ERROR] LogOutputStream:75 - [STDERR_REDIRECT] [Fatal Error] :1:1: Premature end of file.
2026-03-01 01:41:28,786 [ERROR] LogOutputStream:75 - [STDERR_REDIRECT] 
2026-03-01 01:41:29,783 [ERROR] LogOutputStream:75 - [STDERR_REDIRECT] [Fatal Error] :1:1: Premature end of file.
2026-03-01 01:41:29,783 [ERROR] LogOutputStream:75 - [STDERR_REDIRECT] 
2026-03-01 01:41:30,783 [ERROR] LogOutputStream:75 - [STDERR_REDIRECT] [Fatal Error] :1:1: Premature end of file.
2026-03-01 01:41:30,783 [ERROR] LogOutputStream:75 - [STDERR_REDIRECT] 
2026-03-01 01:41:31,788 [ERROR] LogOutputStream:75 - [STDERR_REDIRECT] [Fatal Error] :1:1: Premature end of file.
2026-03-01 01:41:31,789 [ERROR] LogOutputStream:75 - [STDERR_REDIRECT] 
2026-03-01 01:41:32,784 [ERROR] LogOutputStream:75 - [STDERR_REDIRECT] [Fatal Error] :1:1: Premature end of file.
2026-03-01 01:41:32,784 [ERROR] LogOutputStream:75 - [STDERR_REDIRECT] 
2026-03-01 01:41:33,784 [ERROR] LogOutputStream:75 - [STDERR_REDIRECT] [Fatal Error] :1:1: Premature end of file.
2026-03-01 01:41:33,784 [ERROR] LogOutputStream:75 - [STDERR_REDIRECT] 
2026-03-01 01:41:34,784 [ERROR] LogOutputStream:75 - [STDERR_REDIRECT] [Fatal Error] :1:1: Premature end of file.
2026-03-01 01:41:34,784 [ERROR] LogOutputStream:75 - [STDERR_REDIRECT] 
2026-03-01 01:41:35,786 [ERROR] LogOutputStream:75 - [STDERR_REDIRECT] [Fatal Error] :1:1: Premature end of file.
2026-03-01 01:41:35,787 [ERROR] LogOutputStream:75 - [STDERR_REDIRECT] 
2026-03-01 01:41:36,783 [ERROR] LogOutputStream:75 - [STDERR_REDIRECT] [Fatal Error] :1:1: Premature end of file.
2026-03-01 01:41:36,783 [ERROR] LogOutputStream:75 - [STDERR_REDIRECT] 
2026-03-01 01:41:37,786 [ERROR] LogOutputStream:75 - [STDERR_REDIRECT] [Fatal Error] :1:1: Premature end of file.
2026-03-01 01:41:37,786 [ERROR] LogOutputStream:75 - [STDERR_REDIRECT] 
2026-03-01 01:41:38,783 [ERROR] LogOutputStream:75 - [STDERR_REDIRECT] [Fatal Error] :1:1: Premature end of file.
2026-03-01 01:41:38,783 [ERROR] LogOutputStream:75 - [STDERR_REDIRECT] 
2026-03-01 01:41:39,786 [ERROR] LogOutputStream:75 - [STDERR_REDIRECT] [Fatal Error] :1:1: Premature end of file.
2026-03-01 01:41:39,786 [ERROR] LogOutputStream:75 - [STDERR_REDIRECT] 
2026-03-01 01:41:40,785 [ERROR] LogOutputStream:75 - [STDERR_REDIRECT] [Fatal Error] :1:1: Premature end of file.
2026-03-01 01:41:40,785 [ERROR] LogOutputStream:75 - [STDERR_REDIRECT] 
2026-03-01 01:41:41,784 [ERROR] LogOutputStream:75 - [STDERR_REDIRECT] [Fatal Error] :1:1: Premature end of file.
2026-03-01 01:41:41,784 [ERROR] LogOutputStream:75 - [STDERR_REDIRECT] 
2026-03-01 01:41:42,785 [ERROR] LogOutputStream:75 - [STDERR_REDIRECT] [Fatal Error] :1:1: Premature end of file.
2026-03-01 01:41:42,785 [ERROR] LogOutputStream:75 - [STDERR_REDIRECT] 
2026-03-01 01:41:43,786 [ERROR] LogOutputStream:75 - [STDERR_REDIRECT] [Fatal Error] :1:1: Premature end of file.
2026-03-01 01:41:43,786 [ERROR] LogOutputStream:75 - [STDERR_REDIRECT] 
2026-03-01 01:41:44,784 [ERROR] LogOutputStream:75 - [STDERR_REDIRECT] [Fatal Error] :1:1: Premature end of file.
2026-03-01 01:41:44,784 [ERROR] LogOutputStream:75 - [STDERR_REDIRECT] 
2026-03-01 01:41:45,785 [ERROR] LogOutputStream:75 - [STDERR_REDIRECT] [Fatal Error] :1:1: Premature end of file.
2026-03-01 01:41:45,785 [ERROR] LogOutputStream:75 - [STDERR_REDIRECT] 
2026-03-01 01:41:46,782 [ERROR] LogOutputStream:75 - [STDERR_REDIRECT] [Fatal Error] :1:1: Premature end of file.
2026-03-01 01:41:46,782 [ERROR] LogOutputStream:75 - [STDERR_REDIRECT] 
2026-03-01 01:41:47,784 [ERROR] LogOutputStream:75 - [STDERR_REDIRECT] [Fatal Error] :1:1: Premature end of file.
2026-03-01 01:41:47,784 [ERROR] LogOutputStream:75 - [STDERR_REDIRECT] 
2026-03-01 01:41:48,785 [ERROR] LogOutputStream:75 - [STDERR_REDIRECT] [Fatal Error] :1:1: Premature end of file.
2026-03-01 01:41:48,785 [ERROR] LogOutputStream:75 - [STDERR_REDIRECT] 
2026-03-01 01:41:49,784 [ERROR] LogOutputStream:75 - [STDERR_REDIRECT] [Fatal Error] :1:1: Premature end of file.
2026-03-01 01:41:49,784 [ERROR] LogOutputStream:75 - [STDERR_REDIRECT] 
2026-03-01 01:41:50,785 [ERROR] LogOutputStream:75 - [STDERR_REDIRECT] [Fatal Error] :1:1: Premature end of file.
2026-03-01 01:41:50,785 [ERROR] LogOutputStream:75 - [STDERR_REDIRECT] 
2026-03-01 01:41:51,785 [ERROR] LogOutputStream:75 - [STDERR_REDIRECT] [Fatal Error] :1:1: Premature end of file.
2026-03-01 01:41:51,785 [ERROR] LogOutputStream:75 - [STDERR_REDIRECT] 
2026-03-01 01:41:52,783 [ERROR] LogOutputStream:75 - [STDERR_REDIRECT] [Fatal Error] :1:1: Premature end of file.
2026-03-01 01:41:52,783 [ERROR] LogOutputStream:75 - [STDERR_REDIRECT] 
2026-03-01 01:41:53,798 [ERROR] LogOutputStream:75 - [STDERR_REDIRECT] [Fatal Error] :1:1: Premature end of file.
2026-03-01 01:41:53,798 [ERROR] LogOutputStream:75 - [STDERR_REDIRECT] 
2026-03-01 01:41:54,787 [ERROR] LogOutputStream:75 - [STDERR_REDIRECT] [Fatal Error] :1:1: Premature end of file.
2026-03-01 01:41:54,787 [ERROR] LogOutputStream:75 - [STDERR_REDIRECT] 
2026-03-01 01:41:55,784 [ERROR] LogOutputStream:75 - [STDERR_REDIRECT] [Fatal Error] :1:1: Premature end of file.
2026-03-01 01:41:55,785 [ERROR] LogOutputStream:75 - [STDERR_REDIRECT] 
2026-03-01 01:41:56,785 [ERROR] LogOutputStream:75 - [STDERR_REDIRECT] [Fatal Error] :1:1: Premature end of file.
2026-03-01 01:41:56,786 [ERROR] LogOutputStream:75 - [STDERR_REDIRECT] 
2026-03-01 01:41:57,784 [ERROR] LogOutputStream:75 - [STDERR_REDIRECT] [Fatal Error] :1:1: Premature end of file.
2026-03-01 01:41:57,784 [ERROR] LogOutputStream:75 - [STDERR_REDIRECT] 
2026-03-01 01:41:58,786 [ERROR] LogOutputStream:75 - [STDERR_REDIRECT] [Fatal Error] :1:1: Premature end of file.
2026-03-01 01:41:58,786 [ERROR] LogOutputStream:75 - [STDERR_REDIRECT] 
2026-03-01 01:41:59,784 [ERROR] LogOutputStream:75 - [STDERR_REDIRECT] [Fatal Error] :1:1: Premature end of file.
2026-03-01 01:41:59,784 [ERROR] LogOutputStream:75 - [STDERR_REDIRECT] 
2026-03-01 01:42:00,785 [ERROR] LogOutputStream:75 - [STDERR_REDIRECT] [Fatal Error] :1:1: Premature end of file.
2026-03-01 01:42:00,785 [ERROR] LogOutputStream:75 - [STDERR_REDIRECT] 
2026-03-01 01:42:01,783 [ERROR] LogOutputStream:75 - [STDERR_REDIRECT] [Fatal Error] :1:1: Premature end of file.
2026-03-01 01:42:01,784 [ERROR] LogOutputStream:75 - [STDERR_REDIRECT] 
2026-03-01 01:42:02,782 [ERROR] LogOutputStream:75 - [STDERR_REDIRECT] [Fatal Error] :1:1: Premature end of file.
2026-03-01 01:42:02,782 [ERROR] LogOutputStream:75 - [STDERR_REDIRECT] 
2026-03-01 01:42:03,785 [ERROR] LogOutputStream:75 - [STDERR_REDIRECT] [Fatal Error] :1:1: Premature end of file.
2026-03-01 01:42:03,785 [ERROR] LogOutputStream:75 - [STDERR_REDIRECT] 
2026-03-01 01:42:04,784 [ERROR] LogOutputStream:75 - [STDERR_REDIRECT] [Fatal Error] :1:1: Premature end of file.
2026-03-01 01:42:04,784 [ERROR] LogOutputStream:75 - [STDERR_REDIRECT] 
2026-03-01 01:42:05,783 [ERROR] LogOutputStream:75 - [STDERR_REDIRECT] [Fatal Error] :1:1: Premature end of file.
2026-03-01 01:42:05,783 [ERROR] LogOutputStream:75 - [STDERR_REDIRECT] 
2026-03-01 01:42:06,785 [ERROR] LogOutputStream:75 - [STDERR_REDIRECT] [Fatal Error] :1:1: Premature end of file.
2026-03-01 01:42:06,785 [ERROR] LogOutputStream:75 - [STDERR_REDIRECT] 
2026-03-01 01:42:07,784 [ERROR] LogOutputStream:75 - [STDERR_REDIRECT] [Fatal Error] :1:1: Premature end of file.
2026-03-01 01:42:07,784 [ERROR] LogOutputStream:75 - [STDERR_REDIRECT] 
2026-03-01 01:42:08,782 [ERROR] LogOutputStream:75 - [STDERR_REDIRECT] [Fatal Error] :1:1: Premature end of file.
2026-03-01 01:42:08,782 [ERROR] LogOutputStream:75 - [STDERR_REDIRECT] 
2026-03-01 01:42:09,784 [ERROR] LogOutputStream:75 - [STDERR_REDIRECT] [Fatal Error] :1:1: Premature end of file.
2026-03-01 01:42:09,784 [ERROR] LogOutputStream:75 - [STDERR_REDIRECT] 
2026-03-01 01:42:10,785 [ERROR] LogOutputStream:75 - [STDERR_REDIRECT] [Fatal Error] :1:1: Premature end of file.
2026-03-01 01:42:10,785 [ERROR] LogOutputStream:75 - [STDERR_REDIRECT] 
2026-03-01 01:42:11,783 [ERROR] LogOutputStream:75 - [STDERR_REDIRECT] [Fatal Error] :1:1: Premature end of file.
2026-03-01 01:42:11,783 [ERROR] LogOutputStream:75 - [STDERR_REDIRECT] 
2026-03-01 01:42:12,787 [ERROR] LogOutputStream:75 - [STDERR_REDIRECT] [Fatal Error] :1:1: Premature end of file.
2026-03-01 01:42:12,787 [ERROR] LogOutputStream:75 - [STDERR_REDIRECT] 
2026-03-01 01:42:13,783 [ERROR] LogOutputStream:75 - [STDERR_REDIRECT] [Fatal Error] :1:1: Premature end of file.
2026-03-01 01:42:13,783 [ERROR] LogOutputStream:75 - [STDERR_REDIRECT] 
2026-03-01 01:42:14,783 [ERROR] LogOutputStream:75 - [STDERR_REDIRECT] [Fatal Error] :1:1: Premature end of file.
2026-03-01 01:42:14,783 [ERROR] LogOutputStream:75 - [STDERR_REDIRECT] 
2026-03-01 01:42:15,784 [ERROR] LogOutputStream:75 - [STDERR_REDIRECT] [Fatal Error] :1:1: Premature end of file.
2026-03-01 01:42:15,784 [ERROR] LogOutputStream:75 - [STDERR_REDIRECT] 
2026-03-01 01:42:16,783 [ERROR] LogOutputStream:75 - [STDERR_REDIRECT] [Fatal Error] :1:1: Premature end of file.
2026-03-01 01:42:16,783 [ERROR] LogOutputStream:75 - [STDERR_REDIRECT] 
2026-03-01 01:42:17,784 [ERROR] LogOutputStream:75 - [STDERR_REDIRECT] [Fatal Error] :1:1: Premature end of file.
2026-03-01 01:42:17,785 [ERROR] LogOutputStream:75 - [STDERR_REDIRECT] 
2026-03-01 01:42:18,786 [ERROR] LogOutputStream:75 - [STDERR_REDIRECT] [Fatal Error] :1:1: Premature end of file.
2026-03-01 01:42:18,786 [ERROR] LogOutputStream:75 - [STDERR_REDIRECT] 
2026-03-01 01:42:19,785 [ERROR] LogOutputStream:75 - [STDERR_REDIRECT] [Fatal Error] :1:1: Premature end of file.
2026-03-01 01:42:19,785 [ERROR] LogOutputStream:75 - [STDERR_REDIRECT] 
2026-03-01 01:42:20,783 [ERROR] LogOutputStream:75 - [STDERR_REDIRECT] [Fatal Error] :1:1: Premature end of file.
2026-03-01 01:42:20,783 [ERROR] LogOutputStream:75 - [STDERR_REDIRECT] 
2026-03-01 01:42:21,822 [ERROR] LogOutputStream:75 - [STDERR_REDIRECT] [Fatal Error] :1:1: Premature end of file.
2026-03-01 01:42:21,822 [ERROR] LogOutputStream:75 - [STDERR_REDIRECT] 
2026-03-01 01:42:22,784 [ERROR] LogOutputStream:75 - [STDERR_REDIRECT] [Fatal Error] :1:1: Premature end of file.
2026-03-01 01:42:22,784 [ERROR] LogOutputStream:75 - [STDERR_REDIRECT] 
2026-03-01 01:42:23,783 [ERROR] LogOutputStream:75 - [STDERR_REDIRECT] [Fatal Error] :1:1: Premature end of file.
2026-03-01 01:42:23,783 [ERROR] LogOutputStream:75 - [STDERR_REDIRECT] 
2026-03-01 01:42:24,785 [ERROR] LogOutputStream:75 - [STDERR_REDIRECT] [Fatal Error] :1:1: Premature end of file.
2026-03-01 01:42:24,785 [ERROR] LogOutputStream:75 - [STDERR_REDIRECT] 
2026-03-01 01:42:25,784 [ERROR] LogOutputStream:75 - [STDERR_REDIRECT] [Fatal Error] :1:1: Premature end of file.
2026-03-01 01:42:25,784 [ERROR] LogOutputStream:75 - [STDERR_REDIRECT] 
2026-03-01 01:42:26,784 [ERROR] LogOutputStream:75 - [STDERR_REDIRECT] [Fatal Error] :1:1: Premature end of file.
2026-03-01 01:42:26,784 [ERROR] LogOutputStream:75 - [STDERR_REDIRECT] 
2026-03-01 01:42:27,785 [ERROR] LogOutputStream:75 - [STDERR_REDIRECT] [Fatal Error] :1:1: Premature end of file.
2026-03-01 01:42:27,785 [ERROR] LogOutputStream:75 - [STDERR_REDIRECT] 
2026-03-01 01:42:28,786 [ERROR] LogOutputStream:75 - [STDERR_REDIRECT] [Fatal Error] :1:1: Premature end of file.
2026-03-01 01:42:28,786 [ERROR] LogOutputStream:75 - [STDERR_REDIRECT] 
2026-03-01 01:42:29,784 [ERROR] LogOutputStream:75 - [STDERR_REDIRECT] [Fatal Error] :1:1: Premature end of file.
2026-03-01 01:42:29,784 [ERROR] LogOutputStream:75 - [STDERR_REDIRECT] 
2026-03-01 01:42:30,785 [ERROR] LogOutputStream:75 - [STDERR_REDIRECT] [Fatal Error] :1:1: Premature end of file.
2026-03-01 01:42:30,785 [ERROR] LogOutputStream:75 - [STDERR_REDIRECT] 
2026-03-01 01:42:31,783 [ERROR] LogOutputStream:75 - [STDERR_REDIRECT] [Fatal Error] :1:1: Premature end of file.
2026-03-01 01:42:31,783 [ERROR] LogOutputStream:75 - [STDERR_REDIRECT] 
2026-03-01 01:42:32,787 [ERROR] LogOutputStream:75 - [STDERR_REDIRECT] [Fatal Error] :1:1: Premature end of file.
2026-03-01 01:42:32,787 [ERROR] LogOutputStream:75 - [STDERR_REDIRECT] 
2026-03-01 01:42:33,786 [ERROR] LogOutputStream:75 - [STDERR_REDIRECT] [Fatal Error] :1:1: Premature end of file.
2026-03-01 01:42:33,786 [ERROR] LogOutputStream:75 - [STDERR_REDIRECT] 
2026-03-01 01:42:34,786 [ERROR] LogOutputStream:75 - [STDERR_REDIRECT] [Fatal Error] :1:1: Premature end of file.
2026-03-01 01:42:34,786 [ERROR] LogOutputStream:75 - [STDERR_REDIRECT] 
2026-03-01 01:42:35,785 [ERROR] LogOutputStream:75 - [STDERR_REDIRECT] [Fatal Error] :1:1: Premature end of file.
2026-03-01 01:42:35,785 [ERROR] LogOutputStream:75 - [STDERR_REDIRECT] 
2026-03-01 01:42:36,784 [ERROR] LogOutputStream:75 - [STDERR_REDIRECT] [Fatal Error] :1:1: Premature end of file.
2026-03-01 01:42:36,784 [ERROR] LogOutputStream:75 - [STDERR_REDIRECT] 
2026-03-01 01:42:37,784 [ERROR] LogOutputStream:75 - [STDERR_REDIRECT] [Fatal Error] :1:1: Premature end of file.
2026-03-01 01:42:37,784 [ERROR] LogOutputStream:75 - [STDERR_REDIRECT] 
2026-03-01 01:42:38,788 [ERROR] LogOutputStream:75 - [STDERR_REDIRECT] [Fatal Error] :1:1: Premature end of file.
2026-03-01 01:42:38,788 [ERROR] LogOutputStream:75 - [STDERR_REDIRECT] 
2026-03-01 01:42:39,786 [ERROR] LogOutputStream:75 - [STDERR_REDIRECT] [Fatal Error] :1:1: Premature end of file.
2026-03-01 01:42:39,786 [ERROR] LogOutputStream:75 - [STDERR_REDIRECT] 
2026-03-01 01:42:40,786 [ERROR] LogOutputStream:75 - [STDERR_REDIRECT] [Fatal Error] :1:1: Premature end of file.
2026-03-01 01:42:40,786 [ERROR] LogOutputStream:75 - [STDERR_REDIRECT] 
2026-03-01 01:42:41,785 [ERROR] LogOutputStream:75 - [STDERR_REDIRECT] [Fatal Error] :1:1: Premature end of file.
2026-03-01 01:42:41,786 [ERROR] LogOutputStream:75 - [STDERR_REDIRECT] 
2026-03-01 01:42:42,786 [ERROR] LogOutputStream:75 - [STDERR_REDIRECT] [Fatal Error] :1:1: Premature end of file.
2026-03-01 01:42:42,786 [ERROR] LogOutputStream:75 - [STDERR_REDIRECT] 
2026-03-01 01:42:43,786 [ERROR] LogOutputStream:75 - [STDERR_REDIRECT] [Fatal Error] :1:1: Premature end of file.
2026-03-01 01:42:43,786 [ERROR] LogOutputStream:75 - [STDERR_REDIRECT] 
2026-03-01 01:42:44,784 [ERROR] LogOutputStream:75 - [STDERR_REDIRECT] [Fatal Error] :1:1: Premature end of file.
2026-03-01 01:42:44,785 [ERROR] LogOutputStream:75 - [STDERR_REDIRECT] 
2026-03-01 01:42:45,784 [ERROR] LogOutputStream:75 - [STDERR_REDIRECT] [Fatal Error] :1:1: Premature end of file.
2026-03-01 01:42:45,784 [ERROR] LogOutputStream:75 - [STDERR_REDIRECT] 
2026-03-01 01:42:46,785 [ERROR] LogOutputStream:75 - [STDERR_REDIRECT] [Fatal Error] :1:1: Premature end of file.
2026-03-01 01:42:46,785 [ERROR] LogOutputStream:75 - [STDERR_REDIRECT] 
2026-03-01 01:42:47,784 [ERROR] LogOutputStream:75 - [STDERR_REDIRECT] [Fatal Error] :1:1: Premature end of file.
2026-03-01 01:42:47,785 [ERROR] LogOutputStream:75 - [STDERR_REDIRECT] 
2026-03-01 01:42:48,790 [ERROR] LogOutputStream:75 - [STDERR_REDIRECT] [Fatal Error] :1:1: Premature end of file.
2026-03-01 01:42:48,790 [ERROR] LogOutputStream:75 - [STDERR_REDIRECT] 
2026-03-01 01:42:49,786 [ERROR] LogOutputStream:75 - [STDERR_REDIRECT] [Fatal Error] :1:1: Premature end of file.
2026-03-01 01:42:49,786 [ERROR] LogOutputStream:75 - [STDERR_REDIRECT] 
2026-03-01 01:42:50,785 [ERROR] LogOutputStream:75 - [STDERR_REDIRECT] [Fatal Error] :1:1: Premature end of file.
2026-03-01 01:42:50,785 [ERROR] LogOutputStream:75 - [STDERR_REDIRECT] 
2026-03-01 01:42:51,783 [ERROR] LogOutputStream:75 - [STDERR_REDIRECT] [Fatal Error] :1:1: Premature end of file.
2026-03-01 01:42:51,783 [ERROR] LogOutputStream:75 - [STDERR_REDIRECT] 
2026-03-01 01:42:52,786 [ERROR] LogOutputStream:75 - [STDERR_REDIRECT] [Fatal Error] :1:1: Premature end of file.
2026-03-01 01:42:52,786 [ERROR] LogOutputStream:75 - [STDERR_REDIRECT] 
2026-03-01 01:42:53,784 [ERROR] LogOutputStream:75 - [STDERR_REDIRECT] [Fatal Error] :1:1: Premature end of file.
2026-03-01 01:42:53,784 [ERROR] LogOutputStream:75 - [STDERR_REDIRECT] 
2026-03-01 01:42:54,786 [ERROR] LogOutputStream:75 - [STDERR_REDIRECT] [Fatal Error] :1:1: Premature end of file.
2026-03-01 01:42:54,786 [ERROR] LogOutputStream:75 - [STDERR_REDIRECT] 
2026-03-01 01:42:55,784 [ERROR] LogOutputStream:75 - [STDERR_REDIRECT] [Fatal Error] :1:1: Premature end of file.
2026-03-01 01:42:55,784 [ERROR] LogOutputStream:75 - [STDERR_REDIRECT] 
2026-03-01 01:42:56,788 [ERROR] LogOutputStream:75 - [STDERR_REDIRECT] [Fatal Error] :1:1: Premature end of file.
2026-03-01 01:42:56,788 [ERROR] LogOutputStream:75 - [STDERR_REDIRECT] 
2026-03-01 01:42:57,785 [ERROR] LogOutputStream:75 - [STDERR_REDIRECT] [Fatal Error] :1:1: Premature end of file.
2026-03-01 01:42:57,785 [ERROR] LogOutputStream:75 - [STDERR_REDIRECT] 
2026-03-01 01:42:58,784 [ERROR] LogOutputStream:75 - [STDERR_REDIRECT] [Fatal Error] :1:1: Premature end of file.
2026-03-01 01:42:58,785 [ERROR] LogOutputStream:75 - [STDERR_REDIRECT] 
2026-03-01 01:42:59,783 [ERROR] LogOutputStream:75 - [STDERR_REDIRECT] [Fatal Error] :1:1: Premature end of file.
2026-03-01 01:42:59,783 [ERROR] LogOutputStream:75 - [STDERR_REDIRECT] 
2026-03-01 01:43:00,785 [ERROR] LogOutputStream:75 - [STDERR_REDIRECT] [Fatal Error] :1:1: Premature end of file.
2026-03-01 01:43:00,785 [ERROR] LogOutputStream:75 - [STDERR_REDIRECT] 
2026-03-01 01:43:01,784 [ERROR] LogOutputStream:75 - [STDERR_REDIRECT] [Fatal Error] :1:1: Premature end of file.
2026-03-01 01:43:01,784 [ERROR] LogOutputStream:75 - [STDERR_REDIRECT] 
2026-03-01 01:43:02,784 [ERROR] LogOutputStream:75 - [STDERR_REDIRECT] [Fatal Error] :1:1: Premature end of file.
2026-03-01 01:43:02,784 [ERROR] LogOutputStream:75 - [STDERR_REDIRECT] 
2026-03-01 01:43:03,786 [ERROR] LogOutputStream:75 - [STDERR_REDIRECT] [Fatal Error] :1:1: Premature end of file.
2026-03-01 01:43:03,786 [ERROR] LogOutputStream:75 - [STDERR_REDIRECT] 
2026-03-01 01:43:04,785 [ERROR] LogOutputStream:75 - [STDERR_REDIRECT] [Fatal Error] :1:1: Premature end of file.
2026-03-01 01:43:04,785 [ERROR] LogOutputStream:75 - [STDERR_REDIRECT] 
2026-03-01 01:43:05,784 [ERROR] LogOutputStream:75 - [STDERR_REDIRECT] [Fatal Error] :1:1: Premature end of file.
2026-03-01 01:43:05,784 [ERROR] LogOutputStream:75 - [STDERR_REDIRECT] 
2026-03-01 01:43:06,783 [ERROR] LogOutputStream:75 - [STDERR_REDIRECT] [Fatal Error] :1:1: Premature end of file.
2026-03-01 01:43:06,783 [ERROR] LogOutputStream:75 - [STDERR_REDIRECT] 
2026-03-01 01:43:07,784 [ERROR] LogOutputStream:75 - [STDERR_REDIRECT] [Fatal Error] :1:1: Premature end of file.
2026-03-01 01:43:07,784 [ERROR] LogOutputStream:75 - [STDERR_REDIRECT] 
2026-03-01 01:43:08,785 [ERROR] LogOutputStream:75 - [STDERR_REDIRECT] [Fatal Error] :1:1: Premature end of file.
2026-03-01 01:43:08,785 [ERROR] LogOutputStream:75 - [STDERR_REDIRECT] 
2026-03-01 01:43:09,785 [ERROR] LogOutputStream:75 - [STDERR_REDIRECT] [Fatal Error] :1:1: Premature end of file.
2026-03-01 01:43:09,785 [ERROR] LogOutputStream:75 - [STDERR_REDIRECT] 
2026-03-01 01:43:10,783 [ERROR] LogOutputStream:75 - [STDERR_REDIRECT] [Fatal Error] :1:1: Premature end of file.
2026-03-01 01:43:10,783 [ERROR] LogOutputStream:75 - [STDERR_REDIRECT] 
2026-03-01 01:43:11,786 [ERROR] LogOutputStream:75 - [STDERR_REDIRECT] [Fatal Error] :1:1: Premature end of file.
2026-03-01 01:43:11,786 [ERROR] LogOutputStream:75 - [STDERR_REDIRECT] 
2026-03-01 01:43:12,785 [ERROR] LogOutputStream:75 - [STDERR_REDIRECT] [Fatal Error] :1:1: Premature end of file.
2026-03-01 01:43:12,785 [ERROR] LogOutputStream:75 - [STDERR_REDIRECT] 
2026-03-01 01:43:13,787 [ERROR] LogOutputStream:75 - [STDERR_REDIRECT] [Fatal Error] :1:1: Premature end of file.
2026-03-01 01:43:13,787 [ERROR] LogOutputStream:75 - [STDERR_REDIRECT] 
2026-03-01 01:43:14,784 [ERROR] LogOutputStream:75 - [STDERR_REDIRECT] [Fatal Error] :1:1: Premature end of file.
2026-03-01 01:43:14,784 [ERROR] LogOutputStream:75 - [STDERR_REDIRECT] 
2026-03-01 01:43:15,783 [ERROR] LogOutputStream:75 - [STDERR_REDIRECT] [Fatal Error] :1:1: Premature end of file.
2026-03-01 01:43:15,784 [ERROR] LogOutputStream:75 - [STDERR_REDIRECT] 
2026-03-01 01:43:16,786 [ERROR] LogOutputStream:75 - [STDERR_REDIRECT] [Fatal Error] :1:1: Premature end of file.
2026-03-01 01:43:16,786 [ERROR] LogOutputStream:75 - [STDERR_REDIRECT] 
2026-03-01 01:43:17,785 [ERROR] LogOutputStream:75 - [STDERR_REDIRECT] [Fatal Error] :1:1: Premature end of file.
2026-03-01 01:43:17,785 [ERROR] LogOutputStream:75 - [STDERR_REDIRECT] 
2026-03-01 01:43:18,785 [ERROR] LogOutputStream:75 - [STDERR_REDIRECT] [Fatal Error] :1:1: Premature end of file.
2026-03-01 01:43:18,785 [ERROR] LogOutputStream:75 - [STDERR_REDIRECT] 
2026-03-01 01:43:19,819 [ERROR] LogOutputStream:75 - [STDERR_REDIRECT] [Fatal Error] :1:1: Premature end of file.
2026-03-01 01:43:19,819 [ERROR] LogOutputStream:75 - [STDERR_REDIRECT] 
2026-03-01 01:43:20,782 [ERROR] LogOutputStream:75 - [STDERR_REDIRECT] [Fatal Error] :1:1: Premature end of file.
2026-03-01 01:43:20,782 [ERROR] LogOutputStream:75 - [STDERR_REDIRECT] 
2026-03-01 01:43:21,782 [ERROR] LogOutputStream:75 - [STDERR_REDIRECT] [Fatal Error] :1:1: Premature end of file.
2026-03-01 01:43:21,782 [ERROR] LogOutputStream:75 - [STDERR_REDIRECT] 
2026-03-01 01:43:22,782 [ERROR] LogOutputStream:75 - [STDERR_REDIRECT] [Fatal Error] :1:1: Premature end of file.
2026-03-01 01:43:22,783 [ERROR] LogOutputStream:75 - [STDERR_REDIRECT] 
2026-03-01 01:43:23,786 [ERROR] LogOutputStream:75 - [STDERR_REDIRECT] [Fatal Error] :1:1: Premature end of file.
2026-03-01 01:43:23,786 [ERROR] LogOutputStream:75 - [STDERR_REDIRECT] 
2026-03-01 01:43:24,785 [ERROR] LogOutputStream:75 - [STDERR_REDIRECT] [Fatal Error] :1:1: Premature end of file.
2026-03-01 01:43:24,785 [ERROR] LogOutputStream:75 - [STDERR_REDIRECT] 
2026-03-01 01:43:25,785 [ERROR] LogOutputStream:75 - [STDERR_REDIRECT] [Fatal Error] :1:1: Premature end of file.
2026-03-01 01:43:25,785 [ERROR] LogOutputStream:75 - [STDERR_REDIRECT] 
2026-03-01 01:43:26,787 [ERROR] LogOutputStream:75 - [STDERR_REDIRECT] [Fatal Error] :1:1: Premature end of file.
2026-03-01 01:43:26,787 [ERROR] LogOutputStream:75 - [STDERR_REDIRECT] 
2026-03-01 01:43:27,786 [ERROR] LogOutputStream:75 - [STDERR_REDIRECT] [Fatal Error] :1:1: Premature end of file.
2026-03-01 01:43:27,786 [ERROR] LogOutputStream:75 - [STDERR_REDIRECT] 
2026-03-01 01:43:28,784 [ERROR] LogOutputStream:75 - [STDERR_REDIRECT] [Fatal Error] :1:1: Premature end of file.
2026-03-01 01:43:28,784 [ERROR] LogOutputStream:75 - [STDERR_REDIRECT] 
2026-03-01 01:43:29,783 [ERROR] LogOutputStream:75 - [STDERR_REDIRECT] [Fatal Error] :1:1: Premature end of file.
2026-03-01 01:43:29,783 [ERROR] LogOutputStream:75 - [STDERR_REDIRECT] 
2026-03-01 01:43:30,784 [ERROR] LogOutputStream:75 - [STDERR_REDIRECT] [Fatal Error] :1:1: Premature end of file.
2026-03-01 01:43:30,784 [ERROR] LogOutputStream:75 - [STDERR_REDIRECT] 
2026-03-01 01:43:31,785 [ERROR] LogOutputStream:75 - [STDERR_REDIRECT] [Fatal Error] :1:1: Premature end of file.
2026-03-01 01:43:31,785 [ERROR] LogOutputStream:75 - [STDERR_REDIRECT] 
2026-03-01 01:43:32,786 [ERROR] LogOutputStream:75 - [STDERR_REDIRECT] [Fatal Error] :1:1: Premature end of file.
2026-03-01 01:43:32,786 [ERROR] LogOutputStream:75 - [STDERR_REDIRECT] 
2026-03-01 01:43:33,783 [ERROR] LogOutputStream:75 - [STDERR_REDIRECT] [Fatal Error] :1:1: Premature end of file.
2026-03-01 01:43:33,783 [ERROR] LogOutputStream:75 - [STDERR_REDIRECT] 
2026-03-01 01:43:34,783 [ERROR] LogOutputStream:75 - [STDERR_REDIRECT] [Fatal Error] :1:1: Premature end of file.
2026-03-01 01:43:34,783 [ERROR] LogOutputStream:75 - [STDERR_REDIRECT] 
2026-03-01 01:43:35,785 [ERROR] LogOutputStream:75 - [STDERR_REDIRECT] [Fatal Error] :1:1: Premature end of file.
2026-03-01 01:43:35,785 [ERROR] LogOutputStream:75 - [STDERR_REDIRECT] 
2026-03-01 01:43:36,783 [ERROR] LogOutputStream:75 - [STDERR_REDIRECT] [Fatal Error] :1:1: Premature end of file.
2026-03-01 01:43:36,783 [ERROR] LogOutputStream:75 - [STDERR_REDIRECT] 
2026-03-01 01:43:37,784 [ERROR] LogOutputStream:75 - [STDERR_REDIRECT] [Fatal Error] :1:1: Premature end of file.
2026-03-01 01:43:37,784 [ERROR] LogOutputStream:75 - [STDERR_REDIRECT] 
2026-03-01 01:43:38,788 [ERROR] LogOutputStream:75 - [STDERR_REDIRECT] [Fatal Error] :1:1: Premature end of file.
2026-03-01 01:43:38,788 [ERROR] LogOutputStream:75 - [STDERR_REDIRECT] 
2026-03-01 01:43:39,785 [ERROR] LogOutputStream:75 - [STDERR_REDIRECT] [Fatal Error] :1:1: Premature end of file.
2026-03-01 01:43:39,785 [ERROR] LogOutputStream:75 - [STDERR_REDIRECT] 
2026-03-01 01:43:40,785 [ERROR] LogOutputStream:75 - [STDERR_REDIRECT] [Fatal Error] :1:1: Premature end of file.
2026-03-01 01:43:40,785 [ERROR] LogOutputStream:75 - [STDERR_REDIRECT] 
2026-03-01 01:43:41,791 [ERROR] LogOutputStream:75 - [STDERR_REDIRECT] [Fatal Error] :1:1: Premature end of file.
2026-03-01 01:43:41,791 [ERROR] LogOutputStream:75 - [STDERR_REDIRECT] 
2026-03-01 01:43:42,784 [ERROR] LogOutputStream:75 - [STDERR_REDIRECT] [Fatal Error] :1:1: Premature end of file.
2026-03-01 01:43:42,784 [ERROR] LogOutputStream:75 - [STDERR_REDIRECT] 
2026-03-01 01:43:43,784 [ERROR] LogOutputStream:75 - [STDERR_REDIRECT] [Fatal Error] :1:1: Premature end of file.
2026-03-01 01:43:43,784 [ERROR] LogOutputStream:75 - [STDERR_REDIRECT] 
2026-03-01 01:43:44,785 [ERROR] LogOutputStream:75 - [STDERR_REDIRECT] [Fatal Error] :1:1: Premature end of file.
2026-03-01 01:43:44,785 [ERROR] LogOutputStream:75 - [STDERR_REDIRECT] 
2026-03-01 01:43:45,787 [ERROR] LogOutputStream:75 - [STDERR_REDIRECT] [Fatal Error] :1:1: Premature end of file.
2026-03-01 01:43:45,787 [ERROR] LogOutputStream:75 - [STDERR_REDIRECT] 
2026-03-01 01:43:46,784 [ERROR] LogOutputStream:75 - [STDERR_REDIRECT] [Fatal Error] :1:1: Premature end of file.
2026-03-01 01:43:46,785 [ERROR] LogOutputStream:75 - [STDERR_REDIRECT] 
2026-03-01 01:43:47,784 [ERROR] LogOutputStream:75 - [STDERR_REDIRECT] [Fatal Error] :1:1: Premature end of file.
2026-03-01 01:43:47,785 [ERROR] LogOutputStream:75 - [STDERR_REDIRECT] 
2026-03-01 01:43:48,784 [ERROR] LogOutputStream:75 - [STDERR_REDIRECT] [Fatal Error] :1:1: Premature end of file.
2026-03-01 01:43:48,784 [ERROR] LogOutputStream:75 - [STDERR_REDIRECT] 
2026-03-01 01:43:49,785 [ERROR] LogOutputStream:75 - [STDERR_REDIRECT] [Fatal Error] :1:1: Premature end of file.
2026-03-01 01:43:49,785 [ERROR] LogOutputStream:75 - [STDERR_REDIRECT] 
2026-03-01 01:43:50,784 [ERROR] LogOutputStream:75 - [STDERR_REDIRECT] [Fatal Error] :1:1: Premature end of file.
2026-03-01 01:43:50,784 [ERROR] LogOutputStream:75 - [STDERR_REDIRECT] 
2026-03-01 01:43:51,786 [ERROR] LogOutputStream:75 - [STDERR_REDIRECT] [Fatal Error] :1:1: Premature end of file.
2026-03-01 01:43:51,787 [ERROR] LogOutputStream:75 - [STDERR_REDIRECT] 
2026-03-01 01:43:52,783 [ERROR] LogOutputStream:75 - [STDERR_REDIRECT] [Fatal Error] :1:1: Premature end of file.
2026-03-01 01:43:52,783 [ERROR] LogOutputStream:75 - [STDERR_REDIRECT] 
2026-03-01 01:43:53,784 [ERROR] LogOutputStream:75 - [STDERR_REDIRECT] [Fatal Error] :1:1: Premature end of file.
2026-03-01 01:43:53,784 [ERROR] LogOutputStream:75 - [STDERR_REDIRECT] 
2026-03-01 01:43:54,785 [ERROR] LogOutputStream:75 - [STDERR_REDIRECT] [Fatal Error] :1:1: Premature end of file.
2026-03-01 01:43:54,785 [ERROR] LogOutputStream:75 - [STDERR_REDIRECT] 
2026-03-01 01:43:55,786 [ERROR] LogOutputStream:75 - [STDERR_REDIRECT] [Fatal Error] :1:1: Premature end of file.
2026-03-01 01:43:55,786 [ERROR] LogOutputStream:75 - [STDERR_REDIRECT] 
2026-03-01 01:43:56,784 [ERROR] LogOutputStream:75 - [STDERR_REDIRECT] [Fatal Error] :1:1: Premature end of file.
2026-03-01 01:43:56,784 [ERROR] LogOutputStream:75 - [STDERR_REDIRECT] 
2026-03-01 01:43:57,785 [ERROR] LogOutputStream:75 - [STDERR_REDIRECT] [Fatal Error] :1:1: Premature end of file.
2026-03-01 01:43:57,785 [ERROR] LogOutputStream:75 - [STDERR_REDIRECT] 
2026-03-01 01:43:58,784 [ERROR] LogOutputStream:75 - [STDERR_REDIRECT] [Fatal Error] :1:1: Premature end of file.
2026-03-01 01:43:58,784 [ERROR] LogOutputStream:75 - [STDERR_REDIRECT] 
2026-03-01 01:43:59,785 [ERROR] LogOutputStream:75 - [STDERR_REDIRECT] [Fatal Error] :1:1: Premature end of file.
2026-03-01 01:43:59,785 [ERROR] LogOutputStream:75 - [STDERR_REDIRECT] 
2026-03-01 01:44:00,785 [ERROR] LogOutputStream:75 - [STDERR_REDIRECT] [Fatal Error] :1:1: Premature end of file.
2026-03-01 01:44:00,785 [ERROR] LogOutputStream:75 - [STDERR_REDIRECT] 
2026-03-01 01:44:01,784 [ERROR] LogOutputStream:75 - [STDERR_REDIRECT] [Fatal Error] :1:1: Premature end of file.
2026-03-01 01:44:01,784 [ERROR] LogOutputStream:75 - [STDERR_REDIRECT] 
2026-03-01 01:44:02,784 [ERROR] LogOutputStream:75 - [STDERR_REDIRECT] [Fatal Error] :1:1: Premature end of file.
2026-03-01 01:44:02,784 [ERROR] LogOutputStream:75 - [STDERR_REDIRECT] 
2026-03-01 01:44:03,785 [ERROR] LogOutputStream:75 - [STDERR_REDIRECT] [Fatal Error] :1:1: Premature end of file.
2026-03-01 01:44:03,785 [ERROR] LogOutputStream:75 - [STDERR_REDIRECT] 
2026-03-01 01:44:04,784 [ERROR] LogOutputStream:75 - [STDERR_REDIRECT] [Fatal Error] :1:1: Premature end of file.
2026-03-01 01:44:04,784 [ERROR] LogOutputStream:75 - [STDERR_REDIRECT] 
2026-03-01 01:44:05,785 [ERROR] LogOutputStream:75 - [STDERR_REDIRECT] [Fatal Error] :1:1: Premature end of file.
2026-03-01 01:44:05,785 [ERROR] LogOutputStream:75 - [STDERR_REDIRECT] 
2026-03-01 01:44:06,785 [ERROR] LogOutputStream:75 - [STDERR_REDIRECT] [Fatal Error] :1:1: Premature end of file.
2026-03-01 01:44:06,785 [ERROR] LogOutputStream:75 - [STDERR_REDIRECT] 
2026-03-01 01:44:07,783 [ERROR] LogOutputStream:75 - [STDERR_REDIRECT] [Fatal Error] :1:1: Premature end of file.
2026-03-01 01:44:07,783 [ERROR] LogOutputStream:75 - [STDERR_REDIRECT] 
2026-03-01 01:44:08,784 [ERROR] LogOutputStream:75 - [STDERR_REDIRECT] [Fatal Error] :1:1: Premature end of file.
2026-03-01 01:44:08,784 [ERROR] LogOutputStream:75 - [STDERR_REDIRECT] 
2026-03-01 01:44:09,783 [ERROR] LogOutputStream:75 - [STDERR_REDIRECT] [Fatal Error] :1:1: Premature end of file.
2026-03-01 01:44:09,784 [ERROR] LogOutputStream:75 - [STDERR_REDIRECT] 
2026-03-01 01:44:10,784 [ERROR] LogOutputStream:75 - [STDERR_REDIRECT] [Fatal Error] :1:1: Premature end of file.
2026-03-01 01:44:10,784 [ERROR] LogOutputStream:75 - [STDERR_REDIRECT] 
2026-03-01 01:44:11,784 [ERROR] LogOutputStream:75 - [STDERR_REDIRECT] [Fatal Error] :1:1: Premature end of file.
2026-03-01 01:44:11,784 [ERROR] LogOutputStream:75 - [STDERR_REDIRECT] 
2026-03-01 01:44:12,786 [ERROR] LogOutputStream:75 - [STDERR_REDIRECT] [Fatal Error] :1:1: Premature end of file.
2026-03-01 01:44:12,786 [ERROR] LogOutputStream:75 - [STDERR_REDIRECT] 
2026-03-01 01:44:13,784 [ERROR] LogOutputStream:75 - [STDERR_REDIRECT] [Fatal Error] :1:1: Premature end of file.
2026-03-01 01:44:13,784 [ERROR] LogOutputStream:75 - [STDERR_REDIRECT] 
2026-03-01 01:44:14,785 [ERROR] LogOutputStream:75 - [STDERR_REDIRECT] [Fatal Error] :1:1: Premature end of file.
2026-03-01 01:44:14,785 [ERROR] LogOutputStream:75 - [STDERR_REDIRECT] 
2026-03-01 01:44:15,784 [ERROR] LogOutputStream:75 - [STDERR_REDIRECT] [Fatal Error] :1:1: Premature end of file.
2026-03-01 01:44:15,784 [ERROR] LogOutputStream:75 - [STDERR_REDIRECT] 
2026-03-01 01:44:16,783 [ERROR] LogOutputStream:75 - [STDERR_REDIRECT] [Fatal Error] :1:1: Premature end of file.
2026-03-01 01:44:16,783 [ERROR] LogOutputStream:75 - [STDERR_REDIRECT] 
2026-03-01 01:44:17,784 [ERROR] LogOutputStream:75 - [STDERR_REDIRECT] [Fatal Error] :1:1: Premature end of file.
2026-03-01 01:44:17,784 [ERROR] LogOutputStream:75 - [STDERR_REDIRECT] 
2026-03-01 01:44:18,785 [ERROR] LogOutputStream:75 - [STDERR_REDIRECT] [Fatal Error] :1:1: Premature end of file.
2026-03-01 01:44:18,785 [ERROR] LogOutputStream:75 - [STDERR_REDIRECT] 
2026-03-01 01:44:19,785 [ERROR] LogOutputStream:75 - [STDERR_REDIRECT] [Fatal Error] :1:1: Premature end of file.
2026-03-01 01:44:19,785 [ERROR] LogOutputStream:75 - [STDERR_REDIRECT] 
2026-03-01 01:44:20,783 [ERROR] LogOutputStream:75 - [STDERR_REDIRECT] [Fatal Error] :1:1: Premature end of file.
2026-03-01 01:44:20,783 [ERROR] LogOutputStream:75 - [STDERR_REDIRECT] 
2026-03-01 01:44:21,785 [ERROR] LogOutputStream:75 - [STDERR_REDIRECT] [Fatal Error] :1:1: Premature end of file.
2026-03-01 01:44:21,785 [ERROR] LogOutputStream:75 - [STDERR_REDIRECT] 
2026-03-01 01:44:22,786 [ERROR] LogOutputStream:75 - [STDERR_REDIRECT] [Fatal Error] :1:1: Premature end of file.
2026-03-01 01:44:22,786 [ERROR] LogOutputStream:75 - [STDERR_REDIRECT] 
2026-03-01 01:44:23,784 [ERROR] LogOutputStream:75 - [STDERR_REDIRECT] [Fatal Error] :1:1: Premature end of file.
2026-03-01 01:44:23,784 [ERROR] LogOutputStream:75 - [STDERR_REDIRECT] 
2026-03-01 01:44:24,785 [ERROR] LogOutputStream:75 - [STDERR_REDIRECT] [Fatal Error] :1:1: Premature end of file.
2026-03-01 01:44:24,785 [ERROR] LogOutputStream:75 - [STDERR_REDIRECT] 
2026-03-01 01:44:25,784 [ERROR] LogOutputStream:75 - [STDERR_REDIRECT] [Fatal Error] :1:1: Premature end of file.
2026-03-01 01:44:25,784 [ERROR] LogOutputStream:75 - [STDERR_REDIRECT] 
2026-03-01 01:44:26,784 [ERROR] LogOutputStream:75 - [STDERR_REDIRECT] [Fatal Error] :1:1: Premature end of file.
2026-03-01 01:44:26,784 [ERROR] LogOutputStream:75 - [STDERR_REDIRECT] 
2026-03-01 01:44:27,785 [ERROR] LogOutputStream:75 - [STDERR_REDIRECT] [Fatal Error] :1:1: Premature end of file.
2026-03-01 01:44:27,785 [ERROR] LogOutputStream:75 - [STDERR_REDIRECT] 
2026-03-01 01:44:28,784 [ERROR] LogOutputStream:75 - [STDERR_REDIRECT] [Fatal Error] :1:1: Premature end of file.
2026-03-01 01:44:28,784 [ERROR] LogOutputStream:75 - [STDERR_REDIRECT] 
2026-03-01 01:44:29,785 [ERROR] LogOutputStream:75 - [STDERR_REDIRECT] [Fatal Error] :1:1: Premature end of file.
2026-03-01 01:44:29,785 [ERROR] LogOutputStream:75 - [STDERR_REDIRECT] 
2026-03-01 01:44:30,784 [ERROR] LogOutputStream:75 - [STDERR_REDIRECT] [Fatal Error] :1:1: Premature end of file.
2026-03-01 01:44:30,784 [ERROR] LogOutputStream:75 - [STDERR_REDIRECT] 
2026-03-01 01:44:31,785 [ERROR] LogOutputStream:75 - [STDERR_REDIRECT] [Fatal Error] :1:1: Premature end of file.
2026-03-01 01:44:31,785 [ERROR] LogOutputStream:75 - [STDERR_REDIRECT] 
2026-03-01 01:44:32,784 [ERROR] LogOutputStream:75 - [STDERR_REDIRECT] [Fatal Error] :1:1: Premature end of file.
2026-03-01 01:44:32,784 [ERROR] LogOutputStream:75 - [STDERR_REDIRECT] 
2026-03-01 01:44:33,788 [ERROR] LogOutputStream:75 - [STDERR_REDIRECT] [Fatal Error] :1:1: Premature end of file.
2026-03-01 01:44:33,788 [ERROR] LogOutputStream:75 - [STDERR_REDIRECT] 
2026-03-01 01:44:34,786 [ERROR] LogOutputStream:75 - [STDERR_REDIRECT] [Fatal Error] :1:1: Premature end of file.
2026-03-01 01:44:34,786 [ERROR] LogOutputStream:75 - [STDERR_REDIRECT] 
2026-03-01 01:44:35,783 [ERROR] LogOutputStream:75 - [STDERR_REDIRECT] [Fatal Error] :1:1: Premature end of file.
2026-03-01 01:44:35,783 [ERROR] LogOutputStream:75 - [STDERR_REDIRECT] 
2026-03-01 01:44:36,786 [ERROR] LogOutputStream:75 - [STDERR_REDIRECT] [Fatal Error] :1:1: Premature end of file.
2026-03-01 01:44:36,786 [ERROR] LogOutputStream:75 - [STDERR_REDIRECT] 
2026-03-01 01:44:37,786 [ERROR] LogOutputStream:75 - [STDERR_REDIRECT] [Fatal Error] :1:1: Premature end of file.
2026-03-01 01:44:37,786 [ERROR] LogOutputStream:75 - [STDERR_REDIRECT] 
2026-03-01 01:44:38,787 [ERROR] LogOutputStream:75 - [STDERR_REDIRECT] [Fatal Error] :1:1: Premature end of file.
2026-03-01 01:44:38,787 [ERROR] LogOutputStream:75 - [STDERR_REDIRECT] 
2026-03-01 01:44:39,786 [ERROR] LogOutputStream:75 - [STDERR_REDIRECT] [Fatal Error] :1:1: Premature end of file.
2026-03-01 01:44:39,786 [ERROR] LogOutputStream:75 - [STDERR_REDIRECT] 
2026-03-01 01:44:40,786 [ERROR] LogOutputStream:75 - [STDERR_REDIRECT] [Fatal Error] :1:1: Premature end of file.
2026-03-01 01:44:40,786 [ERROR] LogOutputStream:75 - [STDERR_REDIRECT] 
2026-03-01 01:44:41,786 [ERROR] LogOutputStream:75 - [STDERR_REDIRECT] [Fatal Error] :1:1: Premature end of file.
2026-03-01 01:44:41,786 [ERROR] LogOutputStream:75 - [STDERR_REDIRECT] 
2026-03-01 01:44:42,784 [ERROR] LogOutputStream:75 - [STDERR_REDIRECT] [Fatal Error] :1:1: Premature end of file.
2026-03-01 01:44:42,784 [ERROR] LogOutputStream:75 - [STDERR_REDIRECT] 
2026-03-01 01:44:43,785 [ERROR] LogOutputStream:75 - [STDERR_REDIRECT] [Fatal Error] :1:1: Premature end of file.
2026-03-01 01:44:43,785 [ERROR] LogOutputStream:75 - [STDERR_REDIRECT] 
2026-03-01 01:44:44,786 [ERROR] LogOutputStream:75 - [STDERR_REDIRECT] [Fatal Error] :1:1: Premature end of file.
2026-03-01 01:44:44,786 [ERROR] LogOutputStream:75 - [STDERR_REDIRECT] 
2026-03-01 01:44:45,784 [ERROR] LogOutputStream:75 - [STDERR_REDIRECT] [Fatal Error] :1:1: Premature end of file.
2026-03-01 01:44:45,784 [ERROR] LogOutputStream:75 - [STDERR_REDIRECT] 
2026-03-01 01:44:46,785 [ERROR] LogOutputStream:75 - [STDERR_REDIRECT] [Fatal Error] :1:1: Premature end of file.
2026-03-01 01:44:46,785 [ERROR] LogOutputStream:75 - [STDERR_REDIRECT] 
2026-03-01 01:44:47,785 [ERROR] LogOutputStream:75 - [STDERR_REDIRECT] [Fatal Error] :1:1: Premature end of file.
2026-03-01 01:44:47,785 [ERROR] LogOutputStream:75 - [STDERR_REDIRECT] 
2026-03-01 01:44:48,784 [ERROR] LogOutputStream:75 - [STDERR_REDIRECT] [Fatal Error] :1:1: Premature end of file.
2026-03-01 01:44:48,784 [ERROR] LogOutputStream:75 - [STDERR_REDIRECT] 
2026-03-01 01:44:49,782 [ERROR] LogOutputStream:75 - [STDERR_REDIRECT] [Fatal Error] :1:1: Premature end of file.
2026-03-01 01:44:49,782 [ERROR] LogOutputStream:75 - [STDERR_REDIRECT] 
2026-03-01 01:44:50,784 [ERROR] LogOutputStream:75 - [STDERR_REDIRECT] [Fatal Error] :1:1: Premature end of file.
2026-03-01 01:44:50,784 [ERROR] LogOutputStream:75 - [STDERR_REDIRECT] 
2026-03-01 01:44:51,785 [ERROR] LogOutputStream:75 - [STDERR_REDIRECT] [Fatal Error] :1:1: Premature end of file.
2026-03-01 01:44:51,786 [ERROR] LogOutputStream:75 - [STDERR_REDIRECT] 
2026-03-01 01:44:52,785 [ERROR] LogOutputStream:75 - [STDERR_REDIRECT] [Fatal Error] :1:1: Premature end of file.
2026-03-01 01:44:52,785 [ERROR] LogOutputStream:75 - [STDERR_REDIRECT] 
2026-03-01 01:44:53,785 [ERROR] LogOutputStream:75 - [STDERR_REDIRECT] [Fatal Error] :1:1: Premature end of file.
2026-03-01 01:44:53,785 [ERROR] LogOutputStream:75 - [STDERR_REDIRECT] 
2026-03-01 01:44:54,785 [ERROR] LogOutputStream:75 - [STDERR_REDIRECT] [Fatal Error] :1:1: Premature end of file.
2026-03-01 01:44:54,786 [ERROR] LogOutputStream:75 - [STDERR_REDIRECT] 
2026-03-01 01:44:55,783 [ERROR] LogOutputStream:75 - [STDERR_REDIRECT] [Fatal Error] :1:1: Premature end of file.
2026-03-01 01:44:55,783 [ERROR] LogOutputStream:75 - [STDERR_REDIRECT] 
2026-03-01 01:44:56,785 [ERROR] LogOutputStream:75 - [STDERR_REDIRECT] [Fatal Error] :1:1: Premature end of file.
2026-03-01 01:44:56,785 [ERROR] LogOutputStream:75 - [STDERR_REDIRECT] 
2026-03-01 01:44:57,783 [ERROR] LogOutputStream:75 - [STDERR_REDIRECT] [Fatal Error] :1:1: Premature end of file.
2026-03-01 01:44:57,783 [ERROR] LogOutputStream:75 - [STDERR_REDIRECT] 
2026-03-01 01:44:58,784 [ERROR] LogOutputStream:75 - [STDERR_REDIRECT] [Fatal Error] :1:1: Premature end of file.
2026-03-01 01:44:58,784 [ERROR] LogOutputStream:75 - [STDERR_REDIRECT] 
2026-03-01 01:44:59,785 [ERROR] LogOutputStream:75 - [STDERR_REDIRECT] [Fatal Error] :1:1: Premature end of file.
2026-03-01 01:44:59,785 [ERROR] LogOutputStream:75 - [STDERR_REDIRECT] 
2026-03-01 01:45:00,785 [ERROR] LogOutputStream:75 - [STDERR_REDIRECT] [Fatal Error] :1:1: Premature end of file.
2026-03-01 01:45:00,785 [ERROR] LogOutputStream:75 - [STDERR_REDIRECT] 
2026-03-01 01:45:01,786 [ERROR] LogOutputStream:75 - [STDERR_REDIRECT] [Fatal Error] :1:1: Premature end of file.
2026-03-01 01:45:01,786 [ERROR] LogOutputStream:75 - [STDERR_REDIRECT] 
2026-03-01 01:45:02,784 [ERROR] LogOutputStream:75 - [STDERR_REDIRECT] [Fatal Error] :1:1: Premature end of file.
2026-03-01 01:45:02,784 [ERROR] LogOutputStream:75 - [STDERR_REDIRECT] 
2026-03-01 01:45:03,783 [ERROR] LogOutputStream:75 - [STDERR_REDIRECT] [Fatal Error] :1:1: Premature end of file.
2026-03-01 01:45:03,783 [ERROR] LogOutputStream:75 - [STDERR_REDIRECT] 
2026-03-01 01:45:04,784 [ERROR] LogOutputStream:75 - [STDERR_REDIRECT] [Fatal Error] :1:1: Premature end of file.
2026-03-01 01:45:04,784 [ERROR] LogOutputStream:75 - [STDERR_REDIRECT] 
2026-03-01 01:45:05,784 [ERROR] LogOutputStream:75 - [STDERR_REDIRECT] [Fatal Error] :1:1: Premature end of file.
2026-03-01 01:45:05,785 [ERROR] LogOutputStream:75 - [STDERR_REDIRECT] 
2026-03-01 01:45:06,786 [ERROR] LogOutputStream:75 - [STDERR_REDIRECT] [Fatal Error] :1:1: Premature end of file.
2026-03-01 01:45:06,786 [ERROR] LogOutputStream:75 - [STDERR_REDIRECT] 
2026-03-01 01:45:07,789 [ERROR] LogOutputStream:75 - [STDERR_REDIRECT] [Fatal Error] :1:1: Premature end of file.
2026-03-01 01:45:07,789 [ERROR] LogOutputStream:75 - [STDERR_REDIRECT] 
2026-03-01 01:45:08,784 [ERROR] LogOutputStream:75 - [STDERR_REDIRECT] [Fatal Error] :1:1: Premature end of file.
2026-03-01 01:45:08,784 [ERROR] LogOutputStream:75 - [STDERR_REDIRECT] 
2026-03-01 01:45:09,787 [ERROR] LogOutputStream:75 - [STDERR_REDIRECT] [Fatal Error] :1:1: Premature end of file.
2026-03-01 01:45:09,787 [ERROR] LogOutputStream:75 - [STDERR_REDIRECT] 
2026-03-01 01:45:10,783 [ERROR] LogOutputStream:75 - [STDERR_REDIRECT] [Fatal Error] :1:1: Premature end of file.
2026-03-01 01:45:10,783 [ERROR] LogOutputStream:75 - [STDERR_REDIRECT] 
2026-03-01 01:45:11,787 [ERROR] LogOutputStream:75 - [STDERR_REDIRECT] [Fatal Error] :1:1: Premature end of file.
2026-03-01 01:45:11,787 [ERROR] LogOutputStream:75 - [STDERR_REDIRECT] 
2026-03-01 01:45:12,783 [ERROR] LogOutputStream:75 - [STDERR_REDIRECT] [Fatal Error] :1:1: Premature end of file.
2026-03-01 01:45:12,783 [ERROR] LogOutputStream:75 - [STDERR_REDIRECT] 
2026-03-01 01:45:13,783 [ERROR] LogOutputStream:75 - [STDERR_REDIRECT] [Fatal Error] :1:1: Premature end of file.
2026-03-01 01:45:13,783 [ERROR] LogOutputStream:75 - [STDERR_REDIRECT] 
2026-03-01 01:45:14,786 [ERROR] LogOutputStream:75 - [STDERR_REDIRECT] [Fatal Error] :1:1: Premature end of file.
2026-03-01 01:45:14,786 [ERROR] LogOutputStream:75 - [STDERR_REDIRECT] 
2026-03-01 01:45:15,807 [ERROR] LogOutputStream:75 - [STDERR_REDIRECT] [Fatal Error] :1:1: Premature end of file.
2026-03-01 01:45:15,807 [ERROR] LogOutputStream:75 - [STDERR_REDIRECT] 
2026-03-01 01:45:16,784 [ERROR] LogOutputStream:75 - [STDERR_REDIRECT] [Fatal Error] :1:1: Premature end of file.
2026-03-01 01:45:16,784 [ERROR] LogOutputStream:75 - [STDERR_REDIRECT] 
2026-03-01 01:45:17,783 [ERROR] LogOutputStream:75 - [STDERR_REDIRECT] [Fatal Error] :1:1: Premature end of file.
2026-03-01 01:45:17,783 [ERROR] LogOutputStream:75 - [STDERR_REDIRECT] 
2026-03-01 01:45:18,784 [ERROR] LogOutputStream:75 - [STDERR_REDIRECT] [Fatal Error] :1:1: Premature end of file.
2026-03-01 01:45:18,785 [ERROR] LogOutputStream:75 - [STDERR_REDIRECT] 
2026-03-01 01:45:19,784 [ERROR] LogOutputStream:75 - [STDERR_REDIRECT] [Fatal Error] :1:1: Premature end of file.
2026-03-01 01:45:19,784 [ERROR] LogOutputStream:75 - [STDERR_REDIRECT] 
2026-03-01 01:45:20,786 [ERROR] LogOutputStream:75 - [STDERR_REDIRECT] [Fatal Error] :1:1: Premature end of file.
2026-03-01 01:45:20,786 [ERROR] LogOutputStream:75 - [STDERR_REDIRECT] 
2026-03-01 01:45:21,807 [ERROR] LogOutputStream:75 - [STDERR_REDIRECT] [Fatal Error] :1:1: Premature end of file.
2026-03-01 01:45:21,808 [ERROR] LogOutputStream:75 - [STDERR_REDIRECT] 
2026-03-01 01:45:22,784 [ERROR] LogOutputStream:75 - [STDERR_REDIRECT] [Fatal Error] :1:1: Premature end of file.
2026-03-01 01:45:22,784 [ERROR] LogOutputStream:75 - [STDERR_REDIRECT] 
2026-03-01 01:45:23,785 [ERROR] LogOutputStream:75 - [STDERR_REDIRECT] [Fatal Error] :1:1: Premature end of file.
2026-03-01 01:45:23,785 [ERROR] LogOutputStream:75 - [STDERR_REDIRECT] 
2026-03-01 01:45:24,786 [ERROR] LogOutputStream:75 - [STDERR_REDIRECT] [Fatal Error] :1:1: Premature end of file.
2026-03-01 01:45:24,786 [ERROR] LogOutputStream:75 - [STDERR_REDIRECT] 
2026-03-01 01:45:25,783 [ERROR] LogOutputStream:75 - [STDERR_REDIRECT] [Fatal Error] :1:1: Premature end of file.
2026-03-01 01:45:25,784 [ERROR] LogOutputStream:75 - [STDERR_REDIRECT] 
2026-03-01 01:45:26,782 [ERROR] LogOutputStream:75 - [STDERR_REDIRECT] [Fatal Error] :1:1: Premature end of file.
2026-03-01 01:45:26,783 [ERROR] LogOutputStream:75 - [STDERR_REDIRECT] 
2026-03-01 01:45:27,792 [ERROR] LogOutputStream:75 - [STDERR_REDIRECT] [Fatal Error] :1:1: Premature end of file.
2026-03-01 01:45:27,793 [ERROR] LogOutputStream:75 - [STDERR_REDIRECT] 
2026-03-01 01:45:28,782 [ERROR] LogOutputStream:75 - [STDERR_REDIRECT] [Fatal Error] :1:1: Premature end of file.
2026-03-01 01:45:28,782 [ERROR] LogOutputStream:75 - [STDERR_REDIRECT] 
2026-03-01 01:45:29,785 [ERROR] LogOutputStream:75 - [STDERR_REDIRECT] [Fatal Error] :1:1: Premature end of file.
2026-03-01 01:45:29,785 [ERROR] LogOutputStream:75 - [STDERR_REDIRECT] 
2026-03-01 01:45:30,785 [ERROR] LogOutputStream:75 - [STDERR_REDIRECT] [Fatal Error] :1:1: Premature end of file.
2026-03-01 01:45:30,785 [ERROR] LogOutputStream:75 - [STDERR_REDIRECT] 
2026-03-01 01:45:31,798 [ERROR] LogOutputStream:75 - [STDERR_REDIRECT] [Fatal Error] :1:1: Premature end of file.
2026-03-01 01:45:31,798 [ERROR] LogOutputStream:75 - [STDERR_REDIRECT] 
2026-03-01 01:45:32,784 [ERROR] LogOutputStream:75 - [STDERR_REDIRECT] [Fatal Error] :1:1: Premature end of file.
2026-03-01 01:45:32,784 [ERROR] LogOutputStream:75 - [STDERR_REDIRECT] 
2026-03-01 01:45:33,783 [ERROR] LogOutputStream:75 - [STDERR_REDIRECT] [Fatal Error] :1:1: Premature end of file.
2026-03-01 01:45:33,783 [ERROR] LogOutputStream:75 - [STDERR_REDIRECT] 
2026-03-01 01:45:34,784 [ERROR] LogOutputStream:75 - [STDERR_REDIRECT] [Fatal Error] :1:1: Premature end of file.
2026-03-01 01:45:34,784 [ERROR] LogOutputStream:75 - [STDERR_REDIRECT] 
2026-03-01 01:45:35,783 [ERROR] LogOutputStream:75 - [STDERR_REDIRECT] [Fatal Error] :1:1: Premature end of file.
2026-03-01 01:45:35,783 [ERROR] LogOutputStream:75 - [STDERR_REDIRECT] 
2026-03-01 01:45:36,786 [ERROR] LogOutputStream:75 - [STDERR_REDIRECT] [Fatal Error] :1:1: Premature end of file.
2026-03-01 01:45:36,786 [ERROR] LogOutputStream:75 - [STDERR_REDIRECT] 
2026-03-01 01:45:37,783 [ERROR] LogOutputStream:75 - [STDERR_REDIRECT] [Fatal Error] :1:1: Premature end of file.
2026-03-01 01:45:37,783 [ERROR] LogOutputStream:75 - [STDERR_REDIRECT] 
2026-03-01 01:45:38,785 [ERROR] LogOutputStream:75 - [STDERR_REDIRECT] [Fatal Error] :1:1: Premature end of file.
2026-03-01 01:45:38,785 [ERROR] LogOutputStream:75 - [STDERR_REDIRECT] 
2026-03-01 01:45:39,785 [ERROR] LogOutputStream:75 - [STDERR_REDIRECT] [Fatal Error] :1:1: Premature end of file.
2026-03-01 01:45:39,785 [ERROR] LogOutputStream:75 - [STDERR_REDIRECT] 
2026-03-01 01:45:40,785 [ERROR] LogOutputStream:75 - [STDERR_REDIRECT] [Fatal Error] :1:1: Premature end of file.
2026-03-01 01:45:40,785 [ERROR] LogOutputStream:75 - [STDERR_REDIRECT] 
2026-03-01 01:45:41,785 [ERROR] LogOutputStream:75 - [STDERR_REDIRECT] [Fatal Error] :1:1: Premature end of file.
2026-03-01 01:45:41,786 [ERROR] LogOutputStream:75 - [STDERR_REDIRECT] 
2026-03-01 01:45:42,808 [ERROR] LogOutputStream:75 - [STDERR_REDIRECT] [Fatal Error] :1:1: Premature end of file.
2026-03-01 01:45:42,808 [ERROR] LogOutputStream:75 - [STDERR_REDIRECT] 
2026-03-01 01:45:43,782 [ERROR] LogOutputStream:75 - [STDERR_REDIRECT] [Fatal Error] :1:1: Premature end of file.
2026-03-01 01:45:43,782 [ERROR] LogOutputStream:75 - [STDERR_REDIRECT] 
2026-03-01 01:45:44,785 [ERROR] LogOutputStream:75 - [STDERR_REDIRECT] [Fatal Error] :1:1: Premature end of file.
2026-03-01 01:45:44,785 [ERROR] LogOutputStream:75 - [STDERR_REDIRECT] 
2026-03-01 01:45:45,786 [ERROR] LogOutputStream:75 - [STDERR_REDIRECT] [Fatal Error] :1:1: Premature end of file.
2026-03-01 01:45:45,786 [ERROR] LogOutputStream:75 - [STDERR_REDIRECT] 
2026-03-01 01:45:46,782 [ERROR] LogOutputStream:75 - [STDERR_REDIRECT] [Fatal Error] :1:1: Premature end of file.
2026-03-01 01:45:46,783 [ERROR] LogOutputStream:75 - [STDERR_REDIRECT] 
2026-03-01 01:45:47,786 [ERROR] LogOutputStream:75 - [STDERR_REDIRECT] [Fatal Error] :1:1: Premature end of file.
2026-03-01 01:45:47,786 [ERROR] LogOutputStream:75 - [STDERR_REDIRECT] 
2026-03-01 01:45:48,784 [ERROR] LogOutputStream:75 - [STDERR_REDIRECT] [Fatal Error] :1:1: Premature end of file.
2026-03-01 01:45:48,784 [ERROR] LogOutputStream:75 - [STDERR_REDIRECT] 
2026-03-01 01:45:49,785 [ERROR] LogOutputStream:75 - [STDERR_REDIRECT] [Fatal Error] :1:1: Premature end of file.
2026-03-01 01:45:49,785 [ERROR] LogOutputStream:75 - [STDERR_REDIRECT] 
2026-03-01 01:45:50,783 [ERROR] LogOutputStream:75 - [STDERR_REDIRECT] [Fatal Error] :1:1: Premature end of file.
2026-03-01 01:45:50,783 [ERROR] LogOutputStream:75 - [STDERR_REDIRECT] 
2026-03-01 01:45:51,783 [ERROR] LogOutputStream:75 - [STDERR_REDIRECT] [Fatal Error] :1:1: Premature end of file.
2026-03-01 01:45:51,783 [ERROR] LogOutputStream:75 - [STDERR_REDIRECT] 
2026-03-01 01:45:52,785 [ERROR] LogOutputStream:75 - [STDERR_REDIRECT] [Fatal Error] :1:1: Premature end of file.
2026-03-01 01:45:52,785 [ERROR] LogOutputStream:75 - [STDERR_REDIRECT] 
2026-03-01 01:45:53,783 [ERROR] LogOutputStream:75 - [STDERR_REDIRECT] [Fatal Error] :1:1: Premature end of file.
2026-03-01 01:45:53,783 [ERROR] LogOutputStream:75 - [STDERR_REDIRECT] 
2026-03-01 01:45:54,782 [ERROR] LogOutputStream:75 - [STDERR_REDIRECT] [Fatal Error] :1:1: Premature end of file.
2026-03-01 01:45:54,782 [ERROR] LogOutputStream:75 - [STDERR_REDIRECT] 
2026-03-01 01:45:55,785 [ERROR] LogOutputStream:75 - [STDERR_REDIRECT] [Fatal Error] :1:1: Premature end of file.
2026-03-01 01:45:55,785 [ERROR] LogOutputStream:75 - [STDERR_REDIRECT] 
2026-03-01 01:45:56,785 [ERROR] LogOutputStream:75 - [STDERR_REDIRECT] [Fatal Error] :1:1: Premature end of file.
2026-03-01 01:45:56,785 [ERROR] LogOutputStream:75 - [STDERR_REDIRECT] 
2026-03-01 01:45:57,785 [ERROR] LogOutputStream:75 - [STDERR_REDIRECT] [Fatal Error] :1:1: Premature end of file.
2026-03-01 01:45:57,785 [ERROR] LogOutputStream:75 - [STDERR_REDIRECT] 
2026-03-01 01:45:58,784 [ERROR] LogOutputStream:75 - [STDERR_REDIRECT] [Fatal Error] :1:1: Premature end of file.
2026-03-01 01:45:58,784 [ERROR] LogOutputStream:75 - [STDERR_REDIRECT] 
2026-03-01 01:45:59,785 [ERROR] LogOutputStream:75 - [STDERR_REDIRECT] [Fatal Error] :1:1: Premature end of file.
2026-03-01 01:45:59,785 [ERROR] LogOutputStream:75 - [STDERR_REDIRECT] 
2026-03-01 01:46:00,784 [ERROR] LogOutputStream:75 - [STDERR_REDIRECT] [Fatal Error] :1:1: Premature end of file.
2026-03-01 01:46:00,784 [ERROR] LogOutputStream:75 - [STDERR_REDIRECT] 
2026-03-01 01:46:01,784 [ERROR] LogOutputStream:75 - [STDERR_REDIRECT] [Fatal Error] :1:1: Premature end of file.
2026-03-01 01:46:01,784 [ERROR] LogOutputStream:75 - [STDERR_REDIRECT] 
2026-03-01 01:46:02,783 [ERROR] LogOutputStream:75 - [STDERR_REDIRECT] [Fatal Error] :1:1: Premature end of file.
2026-03-01 01:46:02,784 [ERROR] LogOutputStream:75 - [STDERR_REDIRECT] 
2026-03-01 01:46:03,786 [ERROR] LogOutputStream:75 - [STDERR_REDIRECT] [Fatal Error] :1:1: Premature end of file.
2026-03-01 01:46:03,786 [ERROR] LogOutputStream:75 - [STDERR_REDIRECT] 
2026-03-01 01:46:04,790 [ERROR] LogOutputStream:75 - [STDERR_REDIRECT] [Fatal Error] :1:1: Premature end of file.
2026-03-01 01:46:04,790 [ERROR] LogOutputStream:75 - [STDERR_REDIRECT] 
2026-03-01 01:46:05,787 [ERROR] LogOutputStream:75 - [STDERR_REDIRECT] [Fatal Error] :1:1: Premature end of file.
2026-03-01 01:46:05,788 [ERROR] LogOutputStream:75 - [STDERR_REDIRECT] 
2026-03-01 01:46:06,784 [ERROR] LogOutputStream:75 - [STDERR_REDIRECT] [Fatal Error] :1:1: Premature end of file.
2026-03-01 01:46:06,784 [ERROR] LogOutputStream:75 - [STDERR_REDIRECT] 
2026-03-01 01:46:07,793 [ERROR] LogOutputStream:75 - [STDERR_REDIRECT] [Fatal Error] :1:1: Premature end of file.
2026-03-01 01:46:07,793 [ERROR] LogOutputStream:75 - [STDERR_REDIRECT] 
2026-03-01 01:46:08,785 [ERROR] LogOutputStream:75 - [STDERR_REDIRECT] [Fatal Error] :1:1: Premature end of file.
2026-03-01 01:46:08,785 [ERROR] LogOutputStream:75 - [STDERR_REDIRECT] 
2026-03-01 01:46:09,793 [ERROR] LogOutputStream:75 - [STDERR_REDIRECT] [Fatal Error] :1:1: Premature end of file.
2026-03-01 01:46:09,793 [ERROR] LogOutputStream:75 - [STDERR_REDIRECT] 
2026-03-01 01:46:10,783 [ERROR] LogOutputStream:75 - [STDERR_REDIRECT] [Fatal Error] :1:1: Premature end of file.
2026-03-01 01:46:10,783 [ERROR] LogOutputStream:75 - [STDERR_REDIRECT] 
2026-03-01 01:46:11,789 [ERROR] LogOutputStream:75 - [STDERR_REDIRECT] [Fatal Error] :1:1: Premature end of file.
2026-03-01 01:46:11,790 [ERROR] LogOutputStream:75 - [STDERR_REDIRECT] 
2026-03-01 01:46:12,785 [ERROR] LogOutputStream:75 - [STDERR_REDIRECT] [Fatal Error] :1:1: Premature end of file.
2026-03-01 01:46:12,785 [ERROR] LogOutputStream:75 - [STDERR_REDIRECT] 
2026-03-01 01:46:13,785 [ERROR] LogOutputStream:75 - [STDERR_REDIRECT] [Fatal Error] :1:1: Premature end of file.
2026-03-01 01:46:13,785 [ERROR] LogOutputStream:75 - [STDERR_REDIRECT] 
2026-03-01 01:46:14,789 [ERROR] LogOutputStream:75 - [STDERR_REDIRECT] [Fatal Error] :1:1: Premature end of file.
2026-03-01 01:46:14,789 [ERROR] LogOutputStream:75 - [STDERR_REDIRECT] 
2026-03-01 01:46:15,785 [ERROR] LogOutputStream:75 - [STDERR_REDIRECT] [Fatal Error] :1:1: Premature end of file.
2026-03-01 01:46:15,785 [ERROR] LogOutputStream:75 - [STDERR_REDIRECT] 
2026-03-01 01:46:16,785 [ERROR] LogOutputStream:75 - [STDERR_REDIRECT] [Fatal Error] :1:1: Premature end of file.
2026-03-01 01:46:16,785 [ERROR] LogOutputStream:75 - [STDERR_REDIRECT] 
2026-03-01 01:46:17,782 [ERROR] LogOutputStream:75 - [STDERR_REDIRECT] [Fatal Error] :1:1: Premature end of file.
2026-03-01 01:46:17,782 [ERROR] LogOutputStream:75 - [STDERR_REDIRECT] 
2026-03-01 01:46:18,781 [ERROR] LogOutputStream:75 - [STDERR_REDIRECT] [Fatal Error] :1:1: Premature end of file.
2026-03-01 01:46:18,781 [ERROR] LogOutputStream:75 - [STDERR_REDIRECT] 
2026-03-01 01:46:19,784 [ERROR] LogOutputStream:75 - [STDERR_REDIRECT] [Fatal Error] :1:1: Premature end of file.
2026-03-01 01:46:19,784 [ERROR] LogOutputStream:75 - [STDERR_REDIRECT] 
2026-03-01 01:46:20,784 [ERROR] LogOutputStream:75 - [STDERR_REDIRECT] [Fatal Error] :1:1: Premature end of file.
2026-03-01 01:46:20,784 [ERROR] LogOutputStream:75 - [STDERR_REDIRECT] 
2026-03-01 01:46:21,792 [ERROR] LogOutputStream:75 - [STDERR_REDIRECT] [Fatal Error] :1:1: Premature end of file.
2026-03-01 01:46:21,792 [ERROR] LogOutputStream:75 - [STDERR_REDIRECT] 
2026-03-01 01:46:22,786 [ERROR] LogOutputStream:75 - [STDERR_REDIRECT] [Fatal Error] :1:1: Premature end of file.
2026-03-01 01:46:22,786 [ERROR] LogOutputStream:75 - [STDERR_REDIRECT] 
2026-03-01 01:46:23,784 [ERROR] LogOutputStream:75 - [STDERR_REDIRECT] [Fatal Error] :1:1: Premature end of file.
2026-03-01 01:46:23,784 [ERROR] LogOutputStream:75 - [STDERR_REDIRECT] 
2026-03-01 01:46:24,794 [ERROR] LogOutputStream:75 - [STDERR_REDIRECT] [Fatal Error] :1:1: Premature end of file.
2026-03-01 01:46:24,794 [ERROR] LogOutputStream:75 - [STDERR_REDIRECT] 
2026-03-01 01:46:25,791 [ERROR] LogOutputStream:75 - [STDERR_REDIRECT] [Fatal Error] :1:1: Premature end of file.
2026-03-01 01:46:25,791 [ERROR] LogOutputStream:75 - [STDERR_REDIRECT] 
2026-03-01 01:46:26,784 [ERROR] LogOutputStream:75 - [STDERR_REDIRECT] [Fatal Error] :1:1: Premature end of file.
2026-03-01 01:46:26,784 [ERROR] LogOutputStream:75 - [STDERR_REDIRECT] 
2026-03-01 01:46:27,785 [ERROR] LogOutputStream:75 - [STDERR_REDIRECT] [Fatal Error] :1:1: Premature end of file.
2026-03-01 01:46:27,785 [ERROR] LogOutputStream:75 - [STDERR_REDIRECT] 
2026-03-01 01:46:28,784 [ERROR] LogOutputStream:75 - [STDERR_REDIRECT] [Fatal Error] :1:1: Premature end of file.
2026-03-01 01:46:28,784 [ERROR] LogOutputStream:75 - [STDERR_REDIRECT] 
2026-03-01 01:46:29,787 [ERROR] LogOutputStream:75 - [STDERR_REDIRECT] [Fatal Error] :1:1: Premature end of file.
2026-03-01 01:46:29,787 [ERROR] LogOutputStream:75 - [STDERR_REDIRECT] 
2026-03-01 01:46:30,786 [ERROR] LogOutputStream:75 - [STDERR_REDIRECT] [Fatal Error] :1:1: Premature end of file.
2026-03-01 01:46:30,786 [ERROR] LogOutputStream:75 - [STDERR_REDIRECT] 
2026-03-01 01:46:31,783 [ERROR] LogOutputStream:75 - [STDERR_REDIRECT] [Fatal Error] :1:1: Premature end of file.
2026-03-01 01:46:31,783 [ERROR] LogOutputStream:75 - [STDERR_REDIRECT] 
2026-03-01 01:46:32,786 [ERROR] LogOutputStream:75 - [STDERR_REDIRECT] [Fatal Error] :1:1: Premature end of file.
2026-03-01 01:46:32,786 [ERROR] LogOutputStream:75 - [STDERR_REDIRECT] 
2026-03-01 01:46:33,784 [ERROR] LogOutputStream:75 - [STDERR_REDIRECT] [Fatal Error] :1:1: Premature end of file.
2026-03-01 01:46:33,784 [ERROR] LogOutputStream:75 - [STDERR_REDIRECT] 
2026-03-01 01:46:34,797 [ERROR] LogOutputStream:75 - [STDERR_REDIRECT] [Fatal Error] :1:1: Premature end of file.
2026-03-01 01:46:34,797 [ERROR] LogOutputStream:75 - [STDERR_REDIRECT] 
2026-03-01 01:46:35,784 [ERROR] LogOutputStream:75 - [STDERR_REDIRECT] [Fatal Error] :1:1: Premature end of file.
2026-03-01 01:46:35,785 [ERROR] LogOutputStream:75 - [STDERR_REDIRECT] 
2026-03-01 01:46:36,787 [ERROR] LogOutputStream:75 - [STDERR_REDIRECT] [Fatal Error] :1:1: Premature end of file.
2026-03-01 01:46:36,787 [ERROR] LogOutputStream:75 - [STDERR_REDIRECT] 
2026-03-01 01:46:37,785 [ERROR] LogOutputStream:75 - [STDERR_REDIRECT] [Fatal Error] :1:1: Premature end of file.
2026-03-01 01:46:37,785 [ERROR] LogOutputStream:75 - [STDERR_REDIRECT] 
2026-03-01 01:46:38,798 [ERROR] LogOutputStream:75 - [STDERR_REDIRECT] [Fatal Error] :1:1: Premature end of file.
2026-03-01 01:46:38,798 [ERROR] LogOutputStream:75 - [STDERR_REDIRECT] 
2026-03-01 01:46:39,785 [ERROR] LogOutputStream:75 - [STDERR_REDIRECT] [Fatal Error] :1:1: Premature end of file.
2026-03-01 01:46:39,785 [ERROR] LogOutputStream:75 - [STDERR_REDIRECT] 
2026-03-01 01:46:40,785 [ERROR] LogOutputStream:75 - [STDERR_REDIRECT] [Fatal Error] :1:1: Premature end of file.
2026-03-01 01:46:40,785 [ERROR] LogOutputStream:75 - [STDERR_REDIRECT] 
2026-03-01 01:46:41,784 [ERROR] LogOutputStream:75 - [STDERR_REDIRECT] [Fatal Error] :1:1: Premature end of file.
2026-03-01 01:46:41,784 [ERROR] LogOutputStream:75 - [STDERR_REDIRECT] 
2026-03-01 01:46:42,795 [ERROR] LogOutputStream:75 - [STDERR_REDIRECT] [Fatal Error] :1:1: Premature end of file.
2026-03-01 01:46:42,795 [ERROR] LogOutputStream:75 - [STDERR_REDIRECT] 
2026-03-01 01:46:43,784 [ERROR] LogOutputStream:75 - [STDERR_REDIRECT] [Fatal Error] :1:1: Premature end of file.
2026-03-01 01:46:43,784 [ERROR] LogOutputStream:75 - [STDERR_REDIRECT] 
2026-03-01 01:46:44,795 [ERROR] LogOutputStream:75 - [STDERR_REDIRECT] [Fatal Error] :1:1: Premature end of file.
2026-03-01 01:46:44,795 [ERROR] LogOutputStream:75 - [STDERR_REDIRECT] 
2026-03-01 01:46:45,802 [ERROR] LogOutputStream:75 - [STDERR_REDIRECT] [Fatal Error] :1:1: Premature end of file.
2026-03-01 01:46:45,802 [ERROR] LogOutputStream:75 - [STDERR_REDIRECT] 
2026-03-01 01:46:46,786 [ERROR] LogOutputStream:75 - [STDERR_REDIRECT] [Fatal Error] :1:1: Premature end of file.
2026-03-01 01:46:46,786 [ERROR] LogOutputStream:75 - [STDERR_REDIRECT] 
2026-03-01 01:46:47,782 [ERROR] LogOutputStream:75 - [STDERR_REDIRECT] [Fatal Error] :1:1: Premature end of file.
2026-03-01 01:46:47,782 [ERROR] LogOutputStream:75 - [STDERR_REDIRECT] 
2026-03-01 01:46:48,785 [ERROR] LogOutputStream:75 - [STDERR_REDIRECT] [Fatal Error] :1:1: Premature end of file.
2026-03-01 01:46:48,786 [ERROR] LogOutputStream:75 - [STDERR_REDIRECT] 
2026-03-01 01:46:49,785 [ERROR] LogOutputStream:75 - [STDERR_REDIRECT] [Fatal Error] :1:1: Premature end of file.
2026-03-01 01:46:49,785 [ERROR] LogOutputStream:75 - [STDERR_REDIRECT] 
2026-03-01 01:46:50,785 [ERROR] LogOutputStream:75 - [STDERR_REDIRECT] [Fatal Error] :1:1: Premature end of file.
2026-03-01 01:46:50,785 [ERROR] LogOutputStream:75 - [STDERR_REDIRECT] 
2026-03-01 01:46:51,785 [ERROR] LogOutputStream:75 - [STDERR_REDIRECT] [Fatal Error] :1:1: Premature end of file.
2026-03-01 01:46:51,785 [ERROR] LogOutputStream:75 - [STDERR_REDIRECT] 
2026-03-01 01:46:52,784 [ERROR] LogOutputStream:75 - [STDERR_REDIRECT] [Fatal Error] :1:1: Premature end of file.
2026-03-01 01:46:52,784 [ERROR] LogOutputStream:75 - [STDERR_REDIRECT] 
2026-03-01 01:46:53,786 [ERROR] LogOutputStream:75 - [STDERR_REDIRECT] [Fatal Error] :1:1: Premature end of file.
2026-03-01 01:46:53,786 [ERROR] LogOutputStream:75 - [STDERR_REDIRECT] 
2026-03-01 01:46:54,786 [ERROR] LogOutputStream:75 - [STDERR_REDIRECT] [Fatal Error] :1:1: Premature end of file.
2026-03-01 01:46:54,786 [ERROR] LogOutputStream:75 - [STDERR_REDIRECT] 
2026-03-01 01:46:55,785 [ERROR] LogOutputStream:75 - [STDERR_REDIRECT] [Fatal Error] :1:1: Premature end of file.
2026-03-01 01:46:55,785 [ERROR] LogOutputStream:75 - [STDERR_REDIRECT] 
2026-03-01 01:46:56,784 [ERROR] LogOutputStream:75 - [STDERR_REDIRECT] [Fatal Error] :1:1: Premature end of file.
2026-03-01 01:46:56,784 [ERROR] LogOutputStream:75 - [STDERR_REDIRECT] 
2026-03-01 01:46:57,790 [ERROR] LogOutputStream:75 - [STDERR_REDIRECT] [Fatal Error] :1:1: Premature end of file.
2026-03-01 01:46:57,790 [ERROR] LogOutputStream:75 - [STDERR_REDIRECT] 
2026-03-01 01:46:58,785 [ERROR] LogOutputStream:75 - [STDERR_REDIRECT] [Fatal Error] :1:1: Premature end of file.
2026-03-01 01:46:58,785 [ERROR] LogOutputStream:75 - [STDERR_REDIRECT] 
2026-03-01 01:46:59,828 [ERROR] LogOutputStream:75 - [STDERR_REDIRECT] [Fatal Error] :1:1: Premature end of file.
2026-03-01 01:46:59,828 [ERROR] LogOutputStream:75 - [STDERR_REDIRECT] 
2026-03-01 01:47:00,782 [ERROR] LogOutputStream:75 - [STDERR_REDIRECT] [Fatal Error] :1:1: Premature end of file.
2026-03-01 01:47:00,782 [ERROR] LogOutputStream:75 - [STDERR_REDIRECT] 
2026-03-01 01:47:01,782 [ERROR] LogOutputStream:75 - [STDERR_REDIRECT] [Fatal Error] :1:1: Premature end of file.
2026-03-01 01:47:01,782 [ERROR] LogOutputStream:75 - [STDERR_REDIRECT] 
2026-03-01 01:47:02,784 [ERROR] LogOutputStream:75 - [STDERR_REDIRECT] [Fatal Error] :1:1: Premature end of file.
2026-03-01 01:47:02,784 [ERROR] LogOutputStream:75 - [STDERR_REDIRECT] 
2026-03-01 01:47:03,785 [ERROR] LogOutputStream:75 - [STDERR_REDIRECT] [Fatal Error] :1:1: Premature end of file.
2026-03-01 01:47:03,785 [ERROR] LogOutputStream:75 - [STDERR_REDIRECT] 
2026-03-01 01:47:04,783 [ERROR] LogOutputStream:75 - [STDERR_REDIRECT] [Fatal Error] :1:1: Premature end of file.
2026-03-01 01:47:04,784 [ERROR] LogOutputStream:75 - [STDERR_REDIRECT] 
2026-03-01 01:47:05,785 [ERROR] LogOutputStream:75 - [STDERR_REDIRECT] [Fatal Error] :1:1: Premature end of file.
2026-03-01 01:47:05,785 [ERROR] LogOutputStream:75 - [STDERR_REDIRECT] 
2026-03-01 01:47:06,802 [ERROR] LogOutputStream:75 - [STDERR_REDIRECT] [Fatal Error] :1:1: Premature end of file.
2026-03-01 01:47:06,802 [ERROR] LogOutputStream:75 - [STDERR_REDIRECT] 
2026-03-01 01:47:07,784 [ERROR] LogOutputStream:75 - [STDERR_REDIRECT] [Fatal Error] :1:1: Premature end of file.
2026-03-01 01:47:07,784 [ERROR] LogOutputStream:75 - [STDERR_REDIRECT] 
2026-03-01 01:47:08,784 [ERROR] LogOutputStream:75 - [STDERR_REDIRECT] [Fatal Error] :1:1: Premature end of file.
2026-03-01 01:47:08,785 [ERROR] LogOutputStream:75 - [STDERR_REDIRECT] 
2026-03-01 01:47:09,799 [ERROR] LogOutputStream:75 - [STDERR_REDIRECT] [Fatal Error] :1:1: Premature end of file.
2026-03-01 01:47:09,799 [ERROR] LogOutputStream:75 - [STDERR_REDIRECT] 
2026-03-01 01:47:10,784 [ERROR] LogOutputStream:75 - [STDERR_REDIRECT] [Fatal Error] :1:1: Premature end of file.
2026-03-01 01:47:10,784 [ERROR] LogOutputStream:75 - [STDERR_REDIRECT] 
2026-03-01 01:47:11,783 [ERROR] LogOutputStream:75 - [STDERR_REDIRECT] [Fatal Error] :1:1: Premature end of file.
2026-03-01 01:47:11,783 [ERROR] LogOutputStream:75 - [STDERR_REDIRECT] 
2026-03-01 01:47:12,784 [ERROR] LogOutputStream:75 - [STDERR_REDIRECT] [Fatal Error] :1:1: Premature end of file.
2026-03-01 01:47:12,784 [ERROR] LogOutputStream:75 - [STDERR_REDIRECT] 
2026-03-01 01:47:13,799 [ERROR] LogOutputStream:75 - [STDERR_REDIRECT] [Fatal Error] :1:1: Premature end of file.
2026-03-01 01:47:13,799 [ERROR] LogOutputStream:75 - [STDERR_REDIRECT] 
2026-03-01 01:47:14,785 [ERROR] LogOutputStream:75 - [STDERR_REDIRECT] [Fatal Error] :1:1: Premature end of file.
2026-03-01 01:47:14,785 [ERROR] LogOutputStream:75 - [STDERR_REDIRECT] 
2026-03-01 01:47:15,783 [ERROR] LogOutputStream:75 - [STDERR_REDIRECT] [Fatal Error] :1:1: Premature end of file.
2026-03-01 01:47:15,783 [ERROR] LogOutputStream:75 - [STDERR_REDIRECT] 
2026-03-01 01:47:16,781 [ERROR] LogOutputStream:75 - [STDERR_REDIRECT] [Fatal Error] :1:1: Premature end of file.
2026-03-01 01:47:16,781 [ERROR] LogOutputStream:75 - [STDERR_REDIRECT] 
2026-03-01 01:47:17,785 [ERROR] LogOutputStream:75 - [STDERR_REDIRECT] [Fatal Error] :1:1: Premature end of file.
2026-03-01 01:47:17,785 [ERROR] LogOutputStream:75 - [STDERR_REDIRECT] 
2026-03-01 01:47:18,799 [ERROR] LogOutputStream:75 - [STDERR_REDIRECT] [Fatal Error] :1:1: Premature end of file.
2026-03-01 01:47:18,799 [ERROR] LogOutputStream:75 - [STDERR_REDIRECT] 
2026-03-01 01:47:19,784 [ERROR] LogOutputStream:75 - [STDERR_REDIRECT] [Fatal Error] :1:1: Premature end of file.
2026-03-01 01:47:19,784 [ERROR] LogOutputStream:75 - [STDERR_REDIRECT] 
2026-03-01 01:47:20,792 [ERROR] LogOutputStream:75 - [STDERR_REDIRECT] [Fatal Error] :1:1: Premature end of file.
2026-03-01 01:47:20,792 [ERROR] LogOutputStream:75 - [STDERR_REDIRECT] 
2026-03-01 01:47:21,784 [ERROR] LogOutputStream:75 - [STDERR_REDIRECT] [Fatal Error] :1:1: Premature end of file.
2026-03-01 01:47:21,784 [ERROR] LogOutputStream:75 - [STDERR_REDIRECT] 
2026-03-01 01:47:22,785 [ERROR] LogOutputStream:75 - [STDERR_REDIRECT] [Fatal Error] :1:1: Premature end of file.
2026-03-01 01:47:22,785 [ERROR] LogOutputStream:75 - [STDERR_REDIRECT] 
2026-03-01 01:47:23,792 [ERROR] LogOutputStream:75 - [STDERR_REDIRECT] [Fatal Error] :1:1: Premature end of file.
2026-03-01 01:47:23,792 [ERROR] LogOutputStream:75 - [STDERR_REDIRECT] 
2026-03-01 01:47:24,837 [ERROR] LogOutputStream:75 - [STDERR_REDIRECT] [Fatal Error] :1:1: Premature end of file.
2026-03-01 01:47:24,837 [ERROR] LogOutputStream:75 - [STDERR_REDIRECT] 
2026-03-01 01:47:25,787 [ERROR] LogOutputStream:75 - [STDERR_REDIRECT] [Fatal Error] :1:1: Premature end of file.
2026-03-01 01:47:25,788 [ERROR] LogOutputStream:75 - [STDERR_REDIRECT] 
2026-03-01 01:47:26,784 [ERROR] LogOutputStream:75 - [STDERR_REDIRECT] [Fatal Error] :1:1: Premature end of file.
2026-03-01 01:47:26,784 [ERROR] LogOutputStream:75 - [STDERR_REDIRECT] 
2026-03-01 01:47:27,826 [ERROR] LogOutputStream:75 - [STDERR_REDIRECT] [Fatal Error] :1:1: Premature end of file.
2026-03-01 01:47:27,826 [ERROR] LogOutputStream:75 - [STDERR_REDIRECT] 
2026-03-01 01:47:28,782 [ERROR] LogOutputStream:75 - [STDERR_REDIRECT] [Fatal Error] :1:1: Premature end of file.
2026-03-01 01:47:28,783 [ERROR] LogOutputStream:75 - [STDERR_REDIRECT] 
2026-03-01 01:47:29,781 [ERROR] LogOutputStream:75 - [STDERR_REDIRECT] [Fatal Error] :1:1: Premature end of file.
2026-03-01 01:47:29,781 [ERROR] LogOutputStream:75 - [STDERR_REDIRECT] 
2026-03-01 01:47:30,785 [ERROR] LogOutputStream:75 - [STDERR_REDIRECT] [Fatal Error] :1:1: Premature end of file.
2026-03-01 01:47:30,786 [ERROR] LogOutputStream:75 - [STDERR_REDIRECT] 
2026-03-01 01:47:31,782 [ERROR] LogOutputStream:75 - [STDERR_REDIRECT] [Fatal Error] :1:1: Premature end of file.
2026-03-01 01:47:31,782 [ERROR] LogOutputStream:75 - [STDERR_REDIRECT] 
2026-03-01 01:47:32,783 [ERROR] LogOutputStream:75 - [STDERR_REDIRECT] [Fatal Error] :1:1: Premature end of file.
2026-03-01 01:47:32,783 [ERROR] LogOutputStream:75 - [STDERR_REDIRECT] 
2026-03-01 01:47:33,785 [ERROR] LogOutputStream:75 - [STDERR_REDIRECT] [Fatal Error] :1:1: Premature end of file.
2026-03-01 01:47:33,785 [ERROR] LogOutputStream:75 - [STDERR_REDIRECT] 
2026-03-01 01:47:34,784 [ERROR] LogOutputStream:75 - [STDERR_REDIRECT] [Fatal Error] :1:1: Premature end of file.
2026-03-01 01:47:34,784 [ERROR] LogOutputStream:75 - [STDERR_REDIRECT] 
2026-03-01 01:47:35,800 [ERROR] LogOutputStream:75 - [STDERR_REDIRECT] [Fatal Error] :1:1: Premature end of file.
2026-03-01 01:47:35,800 [ERROR] LogOutputStream:75 - [STDERR_REDIRECT] 
2026-03-01 01:47:36,783 [ERROR] LogOutputStream:75 - [STDERR_REDIRECT] [Fatal Error] :1:1: Premature end of file.
2026-03-01 01:47:36,784 [ERROR] LogOutputStream:75 - [STDERR_REDIRECT] 
2026-03-01 01:47:37,782 [ERROR] LogOutputStream:75 - [STDERR_REDIRECT] [Fatal Error] :1:1: Premature end of file.
2026-03-01 01:47:37,782 [ERROR] LogOutputStream:75 - [STDERR_REDIRECT] 
2026-03-01 01:47:38,785 [ERROR] LogOutputStream:75 - [STDERR_REDIRECT] [Fatal Error] :1:1: Premature end of file.
2026-03-01 01:47:38,785 [ERROR] LogOutputStream:75 - [STDERR_REDIRECT] 
2026-03-01 01:47:39,793 [ERROR] LogOutputStream:75 - [STDERR_REDIRECT] [Fatal Error] :1:1: Premature end of file.
2026-03-01 01:47:39,793 [ERROR] LogOutputStream:75 - [STDERR_REDIRECT] 
2026-03-01 01:47:40,784 [ERROR] LogOutputStream:75 - [STDERR_REDIRECT] [Fatal Error] :1:1: Premature end of file.
2026-03-01 01:47:40,784 [ERROR] LogOutputStream:75 - [STDERR_REDIRECT] 
2026-03-01 01:47:41,790 [ERROR] LogOutputStream:75 - [STDERR_REDIRECT] [Fatal Error] :1:1: Premature end of file.
2026-03-01 01:47:41,790 [ERROR] LogOutputStream:75 - [STDERR_REDIRECT] 
2026-03-01 01:47:42,790 [ERROR] LogOutputStream:75 - [STDERR_REDIRECT] [Fatal Error] :1:1: Premature end of file.
2026-03-01 01:47:42,790 [ERROR] LogOutputStream:75 - [STDERR_REDIRECT] 
2026-03-01 01:47:43,784 [ERROR] LogOutputStream:75 - [STDERR_REDIRECT] [Fatal Error] :1:1: Premature end of file.
2026-03-01 01:47:43,784 [ERROR] LogOutputStream:75 - [STDERR_REDIRECT] 
2026-03-01 01:47:44,785 [ERROR] LogOutputStream:75 - [STDERR_REDIRECT] [Fatal Error] :1:1: Premature end of file.
2026-03-01 01:47:44,785 [ERROR] LogOutputStream:75 - [STDERR_REDIRECT] 
2026-03-01 01:47:45,785 [ERROR] LogOutputStream:75 - [STDERR_REDIRECT] [Fatal Error] :1:1: Premature end of file.
2026-03-01 01:47:45,785 [ERROR] LogOutputStream:75 - [STDERR_REDIRECT] 
2026-03-01 01:47:47,128 [ERROR] LogOutputStream:75 - [STDERR_REDIRECT] [Fatal Error] :1:1: Premature end of file.
2026-03-01 01:47:47,128 [ERROR] LogOutputStream:75 - [STDERR_REDIRECT] 
2026-03-01 01:47:47,784 [ERROR] LogOutputStream:75 - [STDERR_REDIRECT] [Fatal Error] :1:1: Premature end of file.
2026-03-01 01:47:47,784 [ERROR] LogOutputStream:75 - [STDERR_REDIRECT] 
2026-03-01 01:47:48,799 [ERROR] LogOutputStream:75 - [STDERR_REDIRECT] [Fatal Error] :1:1: Premature end of file.
2026-03-01 01:47:48,799 [ERROR] LogOutputStream:75 - [STDERR_REDIRECT] 
2026-03-01 01:47:49,784 [ERROR] LogOutputStream:75 - [STDERR_REDIRECT] [Fatal Error] :1:1: Premature end of file.
2026-03-01 01:47:49,784 [ERROR] LogOutputStream:75 - [STDERR_REDIRECT] 
2026-03-01 01:47:50,788 [ERROR] LogOutputStream:75 - [STDERR_REDIRECT] [Fatal Error] :1:1: Premature end of file.
2026-03-01 01:47:50,788 [ERROR] LogOutputStream:75 - [STDERR_REDIRECT] 
2026-03-01 01:47:51,785 [ERROR] LogOutputStream:75 - [STDERR_REDIRECT] [Fatal Error] :1:1: Premature end of file.
2026-03-01 01:47:51,785 [ERROR] LogOutputStream:75 - [STDERR_REDIRECT] 
2026-03-01 01:47:52,799 [ERROR] LogOutputStream:75 - [STDERR_REDIRECT] [Fatal Error] :1:1: Premature end of file.
2026-03-01 01:47:52,799 [ERROR] LogOutputStream:75 - [STDERR_REDIRECT] 
2026-03-01 01:47:53,785 [ERROR] LogOutputStream:75 - [STDERR_REDIRECT] [Fatal Error] :1:1: Premature end of file.
2026-03-01 01:47:53,785 [ERROR] LogOutputStream:75 - [STDERR_REDIRECT] 
2026-03-01 01:47:54,785 [ERROR] LogOutputStream:75 - [STDERR_REDIRECT] [Fatal Error] :1:1: Premature end of file.
2026-03-01 01:47:54,785 [ERROR] LogOutputStream:75 - [STDERR_REDIRECT] 
2026-03-01 01:47:55,800 [ERROR] LogOutputStream:75 - [STDERR_REDIRECT] [Fatal Error] :1:1: Premature end of file.
2026-03-01 01:47:55,800 [ERROR] LogOutputStream:75 - [STDERR_REDIRECT] 
2026-03-01 01:47:56,784 [ERROR] LogOutputStream:75 - [STDERR_REDIRECT] [Fatal Error] :1:1: Premature end of file.
2026-03-01 01:47:56,784 [ERROR] LogOutputStream:75 - [STDERR_REDIRECT] 
2026-03-01 01:47:57,783 [ERROR] LogOutputStream:75 - [STDERR_REDIRECT] [Fatal Error] :1:1: Premature end of file.
2026-03-01 01:47:57,783 [ERROR] LogOutputStream:75 - [STDERR_REDIRECT] 
2026-03-01 01:47:58,784 [ERROR] LogOutputStream:75 - [STDERR_REDIRECT] [Fatal Error] :1:1: Premature end of file.
2026-03-01 01:47:58,784 [ERROR] LogOutputStream:75 - [STDERR_REDIRECT] 
2026-03-01 01:47:59,798 [ERROR] LogOutputStream:75 - [STDERR_REDIRECT] [Fatal Error] :1:1: Premature end of file.
2026-03-01 01:47:59,798 [ERROR] LogOutputStream:75 - [STDERR_REDIRECT] 
2026-03-01 01:48:00,785 [ERROR] LogOutputStream:75 - [STDERR_REDIRECT] [Fatal Error] :1:1: Premature end of file.
2026-03-01 01:48:00,785 [ERROR] LogOutputStream:75 - [STDERR_REDIRECT] 
2026-03-01 01:48:01,795 [ERROR] LogOutputStream:75 - [STDERR_REDIRECT] [Fatal Error] :1:1: Premature end of file.
2026-03-01 01:48:01,795 [ERROR] LogOutputStream:75 - [STDERR_REDIRECT] 
2026-03-01 01:48:02,791 [ERROR] LogOutputStream:75 - [STDERR_REDIRECT] [Fatal Error] :1:1: Premature end of file.
2026-03-01 01:48:02,791 [ERROR] LogOutputStream:75 - [STDERR_REDIRECT] 
2026-03-01 01:48:03,784 [ERROR] LogOutputStream:75 - [STDERR_REDIRECT] [Fatal Error] :1:1: Premature end of file.
2026-03-01 01:48:03,784 [ERROR] LogOutputStream:75 - [STDERR_REDIRECT] 
2026-03-01 01:48:04,782 [ERROR] LogOutputStream:75 - [STDERR_REDIRECT] [Fatal Error] :1:1: Premature end of file.
2026-03-01 01:48:04,783 [ERROR] LogOutputStream:75 - [STDERR_REDIRECT] 
2026-03-01 01:48:05,783 [ERROR] LogOutputStream:75 - [STDERR_REDIRECT] [Fatal Error] :1:1: Premature end of file.
2026-03-01 01:48:05,783 [ERROR] LogOutputStream:75 - [STDERR_REDIRECT] 
2026-03-01 01:48:06,784 [ERROR] LogOutputStream:75 - [STDERR_REDIRECT] [Fatal Error] :1:1: Premature end of file.
2026-03-01 01:48:06,784 [ERROR] LogOutputStream:75 - [STDERR_REDIRECT] 
2026-03-01 01:48:07,794 [ERROR] LogOutputStream:75 - [STDERR_REDIRECT] [Fatal Error] :1:1: Premature end of file.
2026-03-01 01:48:07,794 [ERROR] LogOutputStream:75 - [STDERR_REDIRECT] 
2026-03-01 01:48:08,785 [ERROR] LogOutputStream:75 - [STDERR_REDIRECT] [Fatal Error] :1:1: Premature end of file.
2026-03-01 01:48:08,785 [ERROR] LogOutputStream:75 - [STDERR_REDIRECT] 
2026-03-01 01:48:09,785 [ERROR] LogOutputStream:75 - [STDERR_REDIRECT] [Fatal Error] :1:1: Premature end of file.
2026-03-01 01:48:09,785 [ERROR] LogOutputStream:75 - [STDERR_REDIRECT] 
2026-03-01 01:48:10,785 [ERROR] LogOutputStream:75 - [STDERR_REDIRECT] [Fatal Error] :1:1: Premature end of file.
2026-03-01 01:48:10,785 [ERROR] LogOutputStream:75 - [STDERR_REDIRECT] 
2026-03-01 01:48:11,785 [ERROR] LogOutputStream:75 - [STDERR_REDIRECT] [Fatal Error] :1:1: Premature end of file.
2026-03-01 01:48:11,785 [ERROR] LogOutputStream:75 - [STDERR_REDIRECT] 
2026-03-01 01:48:12,784 [ERROR] LogOutputStream:75 - [STDERR_REDIRECT] [Fatal Error] :1:1: Premature end of file.
2026-03-01 01:48:12,784 [ERROR] LogOutputStream:75 - [STDERR_REDIRECT] 
2026-03-01 01:48:13,786 [ERROR] LogOutputStream:75 - [STDERR_REDIRECT] [Fatal Error] :1:1: Premature end of file.
2026-03-01 01:48:13,786 [ERROR] LogOutputStream:75 - [STDERR_REDIRECT] 
2026-03-01 01:48:14,784 [ERROR] LogOutputStream:75 - [STDERR_REDIRECT] [Fatal Error] :1:1: Premature end of file.
2026-03-01 01:48:14,784 [ERROR] LogOutputStream:75 - [STDERR_REDIRECT] 
2026-03-01 01:48:15,785 [ERROR] LogOutputStream:75 - [STDERR_REDIRECT] [Fatal Error] :1:1: Premature end of file.
2026-03-01 01:48:15,785 [ERROR] LogOutputStream:75 - [STDERR_REDIRECT] 
2026-03-01 01:48:16,788 [ERROR] LogOutputStream:75 - [STDERR_REDIRECT] [Fatal Error] :1:1: Premature end of file.
2026-03-01 01:48:16,788 [ERROR] LogOutputStream:75 - [STDERR_REDIRECT] 
2026-03-01 01:48:17,784 [ERROR] LogOutputStream:75 - [STDERR_REDIRECT] [Fatal Error] :1:1: Premature end of file.
2026-03-01 01:48:17,784 [ERROR] LogOutputStream:75 - [STDERR_REDIRECT] 
2026-03-01 01:48:18,792 [ERROR] LogOutputStream:75 - [STDERR_REDIRECT] [Fatal Error] :1:1: Premature end of file.
2026-03-01 01:48:18,792 [ERROR] LogOutputStream:75 - [STDERR_REDIRECT] 
2026-03-01 01:48:19,785 [ERROR] LogOutputStream:75 - [STDERR_REDIRECT] [Fatal Error] :1:1: Premature end of file.
2026-03-01 01:48:19,785 [ERROR] LogOutputStream:75 - [STDERR_REDIRECT] 
2026-03-01 01:48:20,785 [ERROR] LogOutputStream:75 - [STDERR_REDIRECT] [Fatal Error] :1:1: Premature end of file.
2026-03-01 01:48:20,785 [ERROR] LogOutputStream:75 - [STDERR_REDIRECT] 
2026-03-01 01:48:21,785 [ERROR] LogOutputStream:75 - [STDERR_REDIRECT] [Fatal Error] :1:1: Premature end of file.
2026-03-01 01:48:21,785 [ERROR] LogOutputStream:75 - [STDERR_REDIRECT] 
2026-03-01 01:48:22,784 [ERROR] LogOutputStream:75 - [STDERR_REDIRECT] [Fatal Error] :1:1: Premature end of file.
2026-03-01 01:48:22,784 [ERROR] LogOutputStream:75 - [STDERR_REDIRECT] 
2026-03-01 01:48:23,784 [ERROR] LogOutputStream:75 - [STDERR_REDIRECT] [Fatal Error] :1:1: Premature end of file.
2026-03-01 01:48:23,784 [ERROR] LogOutputStream:75 - [STDERR_REDIRECT] 
2026-03-01 01:48:24,785 [ERROR] LogOutputStream:75 - [STDERR_REDIRECT] [Fatal Error] :1:1: Premature end of file.
2026-03-01 01:48:24,785 [ERROR] LogOutputStream:75 - [STDERR_REDIRECT] 
2026-03-01 01:48:25,787 [ERROR] LogOutputStream:75 - [STDERR_REDIRECT] [Fatal Error] :1:1: Premature end of file.
2026-03-01 01:48:25,787 [ERROR] LogOutputStream:75 - [STDERR_REDIRECT] 
2026-03-01 01:48:26,783 [ERROR] LogOutputStream:75 - [STDERR_REDIRECT] [Fatal Error] :1:1: Premature end of file.
2026-03-01 01:48:26,784 [ERROR] LogOutputStream:75 - [STDERR_REDIRECT] 
2026-03-01 01:48:27,790 [ERROR] LogOutputStream:75 - [STDERR_REDIRECT] [Fatal Error] :1:1: Premature end of file.
2026-03-01 01:48:27,790 [ERROR] LogOutputStream:75 - [STDERR_REDIRECT] 
2026-03-01 01:48:28,786 [ERROR] LogOutputStream:75 - [STDERR_REDIRECT] [Fatal Error] :1:1: Premature end of file.
2026-03-01 01:48:28,786 [ERROR] LogOutputStream:75 - [STDERR_REDIRECT] 
2026-03-01 01:48:29,786 [ERROR] LogOutputStream:75 - [STDERR_REDIRECT] [Fatal Error] :1:1: Premature end of file.
2026-03-01 01:48:29,786 [ERROR] LogOutputStream:75 - [STDERR_REDIRECT] 
2026-03-01 01:48:30,785 [ERROR] LogOutputStream:75 - [STDERR_REDIRECT] [Fatal Error] :1:1: Premature end of file.
2026-03-01 01:48:30,785 [ERROR] LogOutputStream:75 - [STDERR_REDIRECT] 
2026-03-01 01:48:31,783 [ERROR] LogOutputStream:75 - [STDERR_REDIRECT] [Fatal Error] :1:1: Premature end of file.
2026-03-01 01:48:31,783 [ERROR] LogOutputStream:75 - [STDERR_REDIRECT] 
2026-03-01 01:48:32,784 [ERROR] LogOutputStream:75 - [STDERR_REDIRECT] [Fatal Error] :1:1: Premature end of file.
2026-03-01 01:48:32,784 [ERROR] LogOutputStream:75 - [STDERR_REDIRECT] 
2026-03-01 01:48:33,785 [ERROR] LogOutputStream:75 - [STDERR_REDIRECT] [Fatal Error] :1:1: Premature end of file.
2026-03-01 01:48:33,785 [ERROR] LogOutputStream:75 - [STDERR_REDIRECT] 
2026-03-01 01:48:34,784 [ERROR] LogOutputStream:75 - [STDERR_REDIRECT] [Fatal Error] :1:1: Premature end of file.
2026-03-01 01:48:34,784 [ERROR] LogOutputStream:75 - [STDERR_REDIRECT] 
2026-03-01 01:48:35,785 [ERROR] LogOutputStream:75 - [STDERR_REDIRECT] [Fatal Error] :1:1: Premature end of file.
2026-03-01 01:48:35,785 [ERROR] LogOutputStream:75 - [STDERR_REDIRECT] 
2026-03-01 01:48:36,783 [ERROR] LogOutputStream:75 - [STDERR_REDIRECT] [Fatal Error] :1:1: Premature end of file.
2026-03-01 01:48:36,783 [ERROR] LogOutputStream:75 - [STDERR_REDIRECT] 
2026-03-01 01:48:37,782 [ERROR] LogOutputStream:75 - [STDERR_REDIRECT] [Fatal Error] :1:1: Premature end of file.
2026-03-01 01:48:37,782 [ERROR] LogOutputStream:75 - [STDERR_REDIRECT] 
2026-03-01 01:48:38,785 [ERROR] LogOutputStream:75 - [STDERR_REDIRECT] [Fatal Error] :1:1: Premature end of file.
2026-03-01 01:48:38,785 [ERROR] LogOutputStream:75 - [STDERR_REDIRECT] 
2026-03-01 01:48:39,783 [ERROR] LogOutputStream:75 - [STDERR_REDIRECT] [Fatal Error] :1:1: Premature end of file.
2026-03-01 01:48:39,783 [ERROR] LogOutputStream:75 - [STDERR_REDIRECT] 
2026-03-01 01:48:40,784 [ERROR] LogOutputStream:75 - [STDERR_REDIRECT] [Fatal Error] :1:1: Premature end of file.
2026-03-01 01:48:40,784 [ERROR] LogOutputStream:75 - [STDERR_REDIRECT] 
2026-03-01 01:48:41,785 [ERROR] LogOutputStream:75 - [STDERR_REDIRECT] [Fatal Error] :1:1: Premature end of file.
2026-03-01 01:48:41,785 [ERROR] LogOutputStream:75 - [STDERR_REDIRECT] 
2026-03-01 01:48:42,784 [ERROR] LogOutputStream:75 - [STDERR_REDIRECT] [Fatal Error] :1:1: Premature end of file.
2026-03-01 01:48:42,784 [ERROR] LogOutputStream:75 - [STDERR_REDIRECT] 
2026-03-01 01:48:43,784 [ERROR] LogOutputStream:75 - [STDERR_REDIRECT] [Fatal Error] :1:1: Premature end of file.
2026-03-01 01:48:43,784 [ERROR] LogOutputStream:75 - [STDERR_REDIRECT] 
2026-03-01 01:48:44,786 [ERROR] LogOutputStream:75 - [STDERR_REDIRECT] [Fatal Error] :1:1: Premature end of file.
2026-03-01 01:48:44,786 [ERROR] LogOutputStream:75 - [STDERR_REDIRECT] 
2026-03-01 01:48:45,784 [ERROR] LogOutputStream:75 - [STDERR_REDIRECT] [Fatal Error] :1:1: Premature end of file.
2026-03-01 01:48:45,785 [ERROR] LogOutputStream:75 - [STDERR_REDIRECT] 
2026-03-01 01:48:46,784 [ERROR] LogOutputStream:75 - [STDERR_REDIRECT] [Fatal Error] :1:1: Premature end of file.
2026-03-01 01:48:46,784 [ERROR] LogOutputStream:75 - [STDERR_REDIRECT] 
2026-03-01 01:48:47,785 [ERROR] LogOutputStream:75 - [STDERR_REDIRECT] [Fatal Error] :1:1: Premature end of file.
2026-03-01 01:48:47,785 [ERROR] LogOutputStream:75 - [STDERR_REDIRECT] 
2026-03-01 01:48:48,785 [ERROR] LogOutputStream:75 - [STDERR_REDIRECT] [Fatal Error] :1:1: Premature end of file.
2026-03-01 01:48:48,785 [ERROR] LogOutputStream:75 - [STDERR_REDIRECT] 
2026-03-01 01:48:49,787 [ERROR] LogOutputStream:75 - [STDERR_REDIRECT] [Fatal Error] :1:1: Premature end of file.
2026-03-01 01:48:49,787 [ERROR] LogOutputStream:75 - [STDERR_REDIRECT] 
2026-03-01 01:48:50,782 [ERROR] LogOutputStream:75 - [STDERR_REDIRECT] [Fatal Error] :1:1: Premature end of file.
2026-03-01 01:48:50,782 [ERROR] LogOutputStream:75 - [STDERR_REDIRECT] 
2026-03-01 01:48:51,786 [ERROR] LogOutputStream:75 - [STDERR_REDIRECT] [Fatal Error] :1:1: Premature end of file.
2026-03-01 01:48:51,786 [ERROR] LogOutputStream:75 - [STDERR_REDIRECT] 
2026-03-01 01:48:52,783 [ERROR] LogOutputStream:75 - [STDERR_REDIRECT] [Fatal Error] :1:1: Premature end of file.
2026-03-01 01:48:52,783 [ERROR] LogOutputStream:75 - [STDERR_REDIRECT] 
2026-03-01 01:48:53,786 [ERROR] LogOutputStream:75 - [STDERR_REDIRECT] [Fatal Error] :1:1: Premature end of file.
2026-03-01 01:48:53,786 [ERROR] LogOutputStream:75 - [STDERR_REDIRECT] 
2026-03-01 01:48:54,782 [ERROR] LogOutputStream:75 - [STDERR_REDIRECT] [Fatal Error] :1:1: Premature end of file.
2026-03-01 01:48:54,782 [ERROR] LogOutputStream:75 - [STDERR_REDIRECT] 
2026-03-01 01:48:55,784 [ERROR] LogOutputStream:75 - [STDERR_REDIRECT] [Fatal Error] :1:1: Premature end of file.
2026-03-01 01:48:55,784 [ERROR] LogOutputStream:75 - [STDERR_REDIRECT] 
2026-03-01 01:48:56,783 [ERROR] LogOutputStream:75 - [STDERR_REDIRECT] [Fatal Error] :1:1: Premature end of file.
2026-03-01 01:48:56,783 [ERROR] LogOutputStream:75 - [STDERR_REDIRECT] 
2026-03-01 01:48:57,787 [ERROR] LogOutputStream:75 - [STDERR_REDIRECT] [Fatal Error] :1:1: Premature end of file.
2026-03-01 01:48:57,787 [ERROR] LogOutputStream:75 - [STDERR_REDIRECT] 
2026-03-01 01:48:58,784 [ERROR] LogOutputStream:75 - [STDERR_REDIRECT] [Fatal Error] :1:1: Premature end of file.
2026-03-01 01:48:58,784 [ERROR] LogOutputStream:75 - [STDERR_REDIRECT] 
2026-03-01 01:48:59,785 [ERROR] LogOutputStream:75 - [STDERR_REDIRECT] [Fatal Error] :1:1: Premature end of file.
2026-03-01 01:48:59,785 [ERROR] LogOutputStream:75 - [STDERR_REDIRECT] 
2026-03-01 01:49:00,785 [ERROR] LogOutputStream:75 - [STDERR_REDIRECT] [Fatal Error] :1:1: Premature end of file.
2026-03-01 01:49:00,786 [ERROR] LogOutputStream:75 - [STDERR_REDIRECT] 
2026-03-01 01:49:01,785 [ERROR] LogOutputStream:75 - [STDERR_REDIRECT] [Fatal Error] :1:1: Premature end of file.
2026-03-01 01:49:01,785 [ERROR] LogOutputStream:75 - [STDERR_REDIRECT] 
2026-03-01 01:49:02,784 [ERROR] LogOutputStream:75 - [STDERR_REDIRECT] [Fatal Error] :1:1: Premature end of file.
2026-03-01 01:49:02,784 [ERROR] LogOutputStream:75 - [STDERR_REDIRECT] 
2026-03-01 01:49:03,785 [ERROR] LogOutputStream:75 - [STDERR_REDIRECT] [Fatal Error] :1:1: Premature end of file.
2026-03-01 01:49:03,785 [ERROR] LogOutputStream:75 - [STDERR_REDIRECT] 
2026-03-01 01:49:04,784 [ERROR] LogOutputStream:75 - [STDERR_REDIRECT] [Fatal Error] :1:1: Premature end of file.
2026-03-01 01:49:04,785 [ERROR] LogOutputStream:75 - [STDERR_REDIRECT] 
2026-03-01 01:49:05,781 [ERROR] LogOutputStream:75 - [STDERR_REDIRECT] [Fatal Error] :1:1: Premature end of file.
2026-03-01 01:49:05,781 [ERROR] LogOutputStream:75 - [STDERR_REDIRECT] 
2026-03-01 01:49:06,787 [ERROR] LogOutputStream:75 - [STDERR_REDIRECT] [Fatal Error] :1:1: Premature end of file.
2026-03-01 01:49:06,787 [ERROR] LogOutputStream:75 - [STDERR_REDIRECT] 
2026-03-01 01:49:07,784 [ERROR] LogOutputStream:75 - [STDERR_REDIRECT] [Fatal Error] :1:1: Premature end of file.
2026-03-01 01:49:07,784 [ERROR] LogOutputStream:75 - [STDERR_REDIRECT] 
2026-03-01 01:49:08,783 [ERROR] LogOutputStream:75 - [STDERR_REDIRECT] [Fatal Error] :1:1: Premature end of file.
2026-03-01 01:49:08,783 [ERROR] LogOutputStream:75 - [STDERR_REDIRECT] 
2026-03-01 01:49:09,782 [ERROR] LogOutputStream:75 - [STDERR_REDIRECT] [Fatal Error] :1:1: Premature end of file.
2026-03-01 01:49:09,782 [ERROR] LogOutputStream:75 - [STDERR_REDIRECT] 
2026-03-01 01:49:10,785 [ERROR] LogOutputStream:75 - [STDERR_REDIRECT] [Fatal Error] :1:1: Premature end of file.
2026-03-01 01:49:10,785 [ERROR] LogOutputStream:75 - [STDERR_REDIRECT] 
2026-03-01 01:49:11,787 [ERROR] LogOutputStream:75 - [STDERR_REDIRECT] [Fatal Error] :1:1: Premature end of file.
2026-03-01 01:49:11,787 [ERROR] LogOutputStream:75 - [STDERR_REDIRECT] 
2026-03-01 01:49:12,785 [ERROR] LogOutputStream:75 - [STDERR_REDIRECT] [Fatal Error] :1:1: Premature end of file.
2026-03-01 01:49:12,785 [ERROR] LogOutputStream:75 - [STDERR_REDIRECT] 
2026-03-01 01:49:13,786 [ERROR] LogOutputStream:75 - [STDERR_REDIRECT] [Fatal Error] :1:1: Premature end of file.
2026-03-01 01:49:13,786 [ERROR] LogOutputStream:75 - [STDERR_REDIRECT] 
2026-03-01 01:49:14,785 [ERROR] LogOutputStream:75 - [STDERR_REDIRECT] [Fatal Error] :1:1: Premature end of file.
2026-03-01 01:49:14,785 [ERROR] LogOutputStream:75 - [STDERR_REDIRECT] 
2026-03-01 01:49:15,786 [ERROR] LogOutputStream:75 - [STDERR_REDIRECT] [Fatal Error] :1:1: Premature end of file.
2026-03-01 01:49:15,786 [ERROR] LogOutputStream:75 - [STDERR_REDIRECT] 
2026-03-01 01:49:16,787 [ERROR] LogOutputStream:75 - [STDERR_REDIRECT] [Fatal Error] :1:1: Premature end of file.
2026-03-01 01:49:16,787 [ERROR] LogOutputStream:75 - [STDERR_REDIRECT] 
2026-03-01 01:49:17,802 [ERROR] LogOutputStream:75 - [STDERR_REDIRECT] [Fatal Error] :1:1: Premature end of file.
2026-03-01 01:49:17,802 [ERROR] LogOutputStream:75 - [STDERR_REDIRECT] 
2026-03-01 01:49:18,786 [ERROR] LogOutputStream:75 - [STDERR_REDIRECT] [Fatal Error] :1:1: Premature end of file.
2026-03-01 01:49:18,786 [ERROR] LogOutputStream:75 - [STDERR_REDIRECT] 
2026-03-01 01:49:19,784 [ERROR] LogOutputStream:75 - [STDERR_REDIRECT] [Fatal Error] :1:1: Premature end of file.
2026-03-01 01:49:19,784 [ERROR] LogOutputStream:75 - [STDERR_REDIRECT] 
2026-03-01 01:49:20,790 [ERROR] LogOutputStream:75 - [STDERR_REDIRECT] [Fatal Error] :1:1: Premature end of file.
2026-03-01 01:49:20,790 [ERROR] LogOutputStream:75 - [STDERR_REDIRECT] 
2026-03-01 01:49:21,784 [ERROR] LogOutputStream:75 - [STDERR_REDIRECT] [Fatal Error] :1:1: Premature end of file.
2026-03-01 01:49:21,784 [ERROR] LogOutputStream:75 - [STDERR_REDIRECT] 
2026-03-01 01:49:22,787 [ERROR] LogOutputStream:75 - [STDERR_REDIRECT] [Fatal Error] :1:1: Premature end of file.
2026-03-01 01:49:22,787 [ERROR] LogOutputStream:75 - [STDERR_REDIRECT] 
2026-03-01 01:49:23,785 [ERROR] LogOutputStream:75 - [STDERR_REDIRECT] [Fatal Error] :1:1: Premature end of file.
2026-03-01 01:49:23,785 [ERROR] LogOutputStream:75 - [STDERR_REDIRECT] 
2026-03-01 01:49:24,785 [ERROR] LogOutputStream:75 - [STDERR_REDIRECT] [Fatal Error] :1:1: Premature end of file.
2026-03-01 01:49:24,785 [ERROR] LogOutputStream:75 - [STDERR_REDIRECT] 
2026-03-01 01:49:25,799 [ERROR] LogOutputStream:75 - [STDERR_REDIRECT] [Fatal Error] :1:1: Premature end of file.
2026-03-01 01:49:25,799 [ERROR] LogOutputStream:75 - [STDERR_REDIRECT] 
2026-03-01 01:49:26,784 [ERROR] LogOutputStream:75 - [STDERR_REDIRECT] [Fatal Error] :1:1: Premature end of file.
2026-03-01 01:49:26,784 [ERROR] LogOutputStream:75 - [STDERR_REDIRECT] 
2026-03-01 01:49:27,789 [ERROR] LogOutputStream:75 - [STDERR_REDIRECT] [Fatal Error] :1:1: Premature end of file.
2026-03-01 01:49:27,789 [ERROR] LogOutputStream:75 - [STDERR_REDIRECT] 
2026-03-01 01:49:28,782 [ERROR] LogOutputStream:75 - [STDERR_REDIRECT] [Fatal Error] :1:1: Premature end of file.
2026-03-01 01:49:28,782 [ERROR] LogOutputStream:75 - [STDERR_REDIRECT] 
2026-03-01 01:49:29,785 [ERROR] LogOutputStream:75 - [STDERR_REDIRECT] [Fatal Error] :1:1: Premature end of file.
2026-03-01 01:49:29,785 [ERROR] LogOutputStream:75 - [STDERR_REDIRECT] 
2026-03-01 01:49:30,798 [ERROR] LogOutputStream:75 - [STDERR_REDIRECT] [Fatal Error] :1:1: Premature end of file.
2026-03-01 01:49:30,798 [ERROR] LogOutputStream:75 - [STDERR_REDIRECT] 
2026-03-01 01:49:31,782 [ERROR] LogOutputStream:75 - [STDERR_REDIRECT] [Fatal Error] :1:1: Premature end of file.
2026-03-01 01:49:31,782 [ERROR] LogOutputStream:75 - [STDERR_REDIRECT] 
2026-03-01 01:49:32,784 [ERROR] LogOutputStream:75 - [STDERR_REDIRECT] [Fatal Error] :1:1: Premature end of file.
2026-03-01 01:49:32,784 [ERROR] LogOutputStream:75 - [STDERR_REDIRECT] 
2026-03-01 01:49:33,787 [ERROR] LogOutputStream:75 - [STDERR_REDIRECT] [Fatal Error] :1:1: Premature end of file.
2026-03-01 01:49:33,787 [ERROR] LogOutputStream:75 - [STDERR_REDIRECT] 
2026-03-01 01:49:34,791 [ERROR] LogOutputStream:75 - [STDERR_REDIRECT] [Fatal Error] :1:1: Premature end of file.
2026-03-01 01:49:34,791 [ERROR] LogOutputStream:75 - [STDERR_REDIRECT] 
2026-03-01 01:49:35,815 [ERROR] LogOutputStream:75 - [STDERR_REDIRECT] [Fatal Error] :1:1: Premature end of file.
2026-03-01 01:49:35,815 [ERROR] LogOutputStream:75 - [STDERR_REDIRECT] 
2026-03-01 01:49:36,796 [ERROR] LogOutputStream:75 - [STDERR_REDIRECT] [Fatal Error] :1:1: Premature end of file.
2026-03-01 01:49:36,796 [ERROR] LogOutputStream:75 - [STDERR_REDIRECT] 
2026-03-01 01:49:37,790 [ERROR] LogOutputStream:75 - [STDERR_REDIRECT] [Fatal Error] :1:1: Premature end of file.
2026-03-01 01:49:37,790 [ERROR] LogOutputStream:75 - [STDERR_REDIRECT] 
2026-03-01 01:49:38,782 [ERROR] LogOutputStream:75 - [STDERR_REDIRECT] [Fatal Error] :1:1: Premature end of file.
2026-03-01 01:49:38,782 [ERROR] LogOutputStream:75 - [STDERR_REDIRECT] 
2026-03-01 01:49:39,792 [ERROR] LogOutputStream:75 - [STDERR_REDIRECT] [Fatal Error] :1:1: Premature end of file.
2026-03-01 01:49:39,793 [ERROR] LogOutputStream:75 - [STDERR_REDIRECT] 
2026-03-01 01:49:40,786 [ERROR] LogOutputStream:75 - [STDERR_REDIRECT] [Fatal Error] :1:1: Premature end of file.
2026-03-01 01:49:40,786 [ERROR] LogOutputStream:75 - [STDERR_REDIRECT] 
2026-03-01 01:49:41,786 [ERROR] LogOutputStream:75 - [STDERR_REDIRECT] [Fatal Error] :1:1: Premature end of file.
2026-03-01 01:49:41,786 [ERROR] LogOutputStream:75 - [STDERR_REDIRECT] 
2026-03-01 01:49:42,785 [ERROR] LogOutputStream:75 - [STDERR_REDIRECT] [Fatal Error] :1:1: Premature end of file.
2026-03-01 01:49:42,785 [ERROR] LogOutputStream:75 - [STDERR_REDIRECT] 
2026-03-01 01:49:43,793 [ERROR] LogOutputStream:75 - [STDERR_REDIRECT] [Fatal Error] :1:1: Premature end of file.
2026-03-01 01:49:43,793 [ERROR] LogOutputStream:75 - [STDERR_REDIRECT] 
2026-03-01 01:49:44,785 [ERROR] LogOutputStream:75 - [STDERR_REDIRECT] [Fatal Error] :1:1: Premature end of file.
2026-03-01 01:49:44,785 [ERROR] LogOutputStream:75 - [STDERR_REDIRECT] 
2026-03-01 01:49:45,792 [ERROR] LogOutputStream:75 - [STDERR_REDIRECT] [Fatal Error] :1:1: Premature end of file.
2026-03-01 01:49:45,792 [ERROR] LogOutputStream:75 - [STDERR_REDIRECT] 
2026-03-01 01:49:46,783 [ERROR] LogOutputStream:75 - [STDERR_REDIRECT] [Fatal Error] :1:1: Premature end of file.
2026-03-01 01:49:46,783 [ERROR] LogOutputStream:75 - [STDERR_REDIRECT] 
2026-03-01 01:49:47,785 [ERROR] LogOutputStream:75 - [STDERR_REDIRECT] [Fatal Error] :1:1: Premature end of file.
2026-03-01 01:49:47,786 [ERROR] LogOutputStream:75 - [STDERR_REDIRECT] 
2026-03-01 01:49:48,786 [ERROR] LogOutputStream:75 - [STDERR_REDIRECT] [Fatal Error] :1:1: Premature end of file.
2026-03-01 01:49:48,786 [ERROR] LogOutputStream:75 - [STDERR_REDIRECT] 
2026-03-01 01:49:49,783 [ERROR] LogOutputStream:75 - [STDERR_REDIRECT] [Fatal Error] :1:1: Premature end of file.
2026-03-01 01:49:49,783 [ERROR] LogOutputStream:75 - [STDERR_REDIRECT] 
2026-03-01 01:49:50,784 [ERROR] LogOutputStream:75 - [STDERR_REDIRECT] [Fatal Error] :1:1: Premature end of file.
2026-03-01 01:49:50,785 [ERROR] LogOutputStream:75 - [STDERR_REDIRECT] 
2026-03-01 01:49:51,790 [ERROR] LogOutputStream:75 - [STDERR_REDIRECT] [Fatal Error] :1:1: Premature end of file.
2026-03-01 01:49:51,790 [ERROR] LogOutputStream:75 - [STDERR_REDIRECT] 
2026-03-01 01:49:52,784 [ERROR] LogOutputStream:75 - [STDERR_REDIRECT] [Fatal Error] :1:1: Premature end of file.
2026-03-01 01:49:52,784 [ERROR] LogOutputStream:75 - [STDERR_REDIRECT] 
2026-03-01 01:49:53,807 [ERROR] LogOutputStream:75 - [STDERR_REDIRECT] [Fatal Error] :1:1: Premature end of file.
2026-03-01 01:49:53,807 [ERROR] LogOutputStream:75 - [STDERR_REDIRECT] 
2026-03-01 01:49:54,782 [ERROR] LogOutputStream:75 - [STDERR_REDIRECT] [Fatal Error] :1:1: Premature end of file.
2026-03-01 01:49:54,782 [ERROR] LogOutputStream:75 - [STDERR_REDIRECT] 
2026-03-01 01:49:55,783 [ERROR] LogOutputStream:75 - [STDERR_REDIRECT] [Fatal Error] :1:1: Premature end of file.
2026-03-01 01:49:55,783 [ERROR] LogOutputStream:75 - [STDERR_REDIRECT] 
2026-03-01 01:49:56,785 [ERROR] LogOutputStream:75 - [STDERR_REDIRECT] [Fatal Error] :1:1: Premature end of file.
2026-03-01 01:49:56,785 [ERROR] LogOutputStream:75 - [STDERR_REDIRECT] 
2026-03-01 01:49:57,785 [ERROR] LogOutputStream:75 - [STDERR_REDIRECT] [Fatal Error] :1:1: Premature end of file.
2026-03-01 01:49:57,785 [ERROR] LogOutputStream:75 - [STDERR_REDIRECT] 
2026-03-01 01:49:58,784 [ERROR] LogOutputStream:75 - [STDERR_REDIRECT] [Fatal Error] :1:1: Premature end of file.
2026-03-01 01:49:58,784 [ERROR] LogOutputStream:75 - [STDERR_REDIRECT] 
2026-03-01 01:49:59,798 [ERROR] LogOutputStream:75 - [STDERR_REDIRECT] [Fatal Error] :1:1: Premature end of file.
2026-03-01 01:49:59,799 [ERROR] LogOutputStream:75 - [STDERR_REDIRECT] 
2026-03-01 01:50:00,783 [ERROR] LogOutputStream:75 - [STDERR_REDIRECT] [Fatal Error] :1:1: Premature end of file.
2026-03-01 01:50:00,784 [ERROR] LogOutputStream:75 - [STDERR_REDIRECT] 
2026-03-01 01:50:01,782 [ERROR] LogOutputStream:75 - [STDERR_REDIRECT] [Fatal Error] :1:1: Premature end of file.
2026-03-01 01:50:01,782 [ERROR] LogOutputStream:75 - [STDERR_REDIRECT] 
2026-03-01 01:50:02,784 [ERROR] LogOutputStream:75 - [STDERR_REDIRECT] [Fatal Error] :1:1: Premature end of file.
2026-03-01 01:50:02,784 [ERROR] LogOutputStream:75 - [STDERR_REDIRECT] 
2026-03-01 01:50:03,796 [ERROR] LogOutputStream:75 - [STDERR_REDIRECT] [Fatal Error] :1:1: Premature end of file.
2026-03-01 01:50:03,796 [ERROR] LogOutputStream:75 - [STDERR_REDIRECT] 
2026-03-01 01:50:04,785 [ERROR] LogOutputStream:75 - [STDERR_REDIRECT] [Fatal Error] :1:1: Premature end of file.
2026-03-01 01:50:04,785 [ERROR] LogOutputStream:75 - [STDERR_REDIRECT] 
2026-03-01 01:50:05,794 [ERROR] LogOutputStream:75 - [STDERR_REDIRECT] [Fatal Error] :1:1: Premature end of file.
2026-03-01 01:50:05,794 [ERROR] LogOutputStream:75 - [STDERR_REDIRECT] 
2026-03-01 01:50:06,794 [ERROR] LogOutputStream:75 - [STDERR_REDIRECT] [Fatal Error] :1:1: Premature end of file.
2026-03-01 01:50:06,794 [ERROR] LogOutputStream:75 - [STDERR_REDIRECT] 
2026-03-01 01:50:07,798 [ERROR] LogOutputStream:75 - [STDERR_REDIRECT] [Fatal Error] :1:1: Premature end of file.
2026-03-01 01:50:07,798 [ERROR] LogOutputStream:75 - [STDERR_REDIRECT] 
2026-03-01 01:50:08,785 [ERROR] LogOutputStream:75 - [STDERR_REDIRECT] [Fatal Error] :1:1: Premature end of file.
2026-03-01 01:50:08,785 [ERROR] LogOutputStream:75 - [STDERR_REDIRECT] 
2026-03-01 01:50:09,784 [ERROR] LogOutputStream:75 - [STDERR_REDIRECT] [Fatal Error] :1:1: Premature end of file.
2026-03-01 01:50:09,784 [ERROR] LogOutputStream:75 - [STDERR_REDIRECT] 
2026-03-01 01:50:10,791 [ERROR] LogOutputStream:75 - [STDERR_REDIRECT] [Fatal Error] :1:1: Premature end of file.
2026-03-01 01:50:10,791 [ERROR] LogOutputStream:75 - [STDERR_REDIRECT] 
2026-03-01 01:50:11,785 [ERROR] LogOutputStream:75 - [STDERR_REDIRECT] [Fatal Error] :1:1: Premature end of file.
2026-03-01 01:50:11,785 [ERROR] LogOutputStream:75 - [STDERR_REDIRECT] 
2026-03-01 01:50:12,785 [ERROR] LogOutputStream:75 - [STDERR_REDIRECT] [Fatal Error] :1:1: Premature end of file.
2026-03-01 01:50:12,785 [ERROR] LogOutputStream:75 - [STDERR_REDIRECT] 
2026-03-01 01:50:13,785 [ERROR] LogOutputStream:75 - [STDERR_REDIRECT] [Fatal Error] :1:1: Premature end of file.
2026-03-01 01:50:13,785 [ERROR] LogOutputStream:75 - [STDERR_REDIRECT] 
2026-03-01 01:50:14,785 [ERROR] LogOutputStream:75 - [STDERR_REDIRECT] [Fatal Error] :1:1: Premature end of file.
2026-03-01 01:50:14,785 [ERROR] LogOutputStream:75 - [STDERR_REDIRECT] 
2026-03-01 01:50:15,785 [ERROR] LogOutputStream:75 - [STDERR_REDIRECT] [Fatal Error] :1:1: Premature end of file.
2026-03-01 01:50:15,785 [ERROR] LogOutputStream:75 - [STDERR_REDIRECT] 
2026-03-01 01:50:16,784 [ERROR] LogOutputStream:75 - [STDERR_REDIRECT] [Fatal Error] :1:1: Premature end of file.
2026-03-01 01:50:16,784 [ERROR] LogOutputStream:75 - [STDERR_REDIRECT] 
2026-03-01 01:50:17,787 [ERROR] LogOutputStream:75 - [STDERR_REDIRECT] [Fatal Error] :1:1: Premature end of file.
2026-03-01 01:50:17,788 [ERROR] LogOutputStream:75 - [STDERR_REDIRECT] 
2026-03-01 01:50:18,783 [ERROR] LogOutputStream:75 - [STDERR_REDIRECT] [Fatal Error] :1:1: Premature end of file.
2026-03-01 01:50:18,784 [ERROR] LogOutputStream:75 - [STDERR_REDIRECT] 
2026-03-01 01:50:19,785 [ERROR] LogOutputStream:75 - [STDERR_REDIRECT] [Fatal Error] :1:1: Premature end of file.
2026-03-01 01:50:19,785 [ERROR] LogOutputStream:75 - [STDERR_REDIRECT] 
2026-03-01 01:50:20,792 [ERROR] LogOutputStream:75 - [STDERR_REDIRECT] [Fatal Error] :1:1: Premature end of file.
2026-03-01 01:50:20,792 [ERROR] LogOutputStream:75 - [STDERR_REDIRECT] 
2026-03-01 01:50:21,786 [ERROR] LogOutputStream:75 - [STDERR_REDIRECT] [Fatal Error] :1:1: Premature end of file.
2026-03-01 01:50:21,786 [ERROR] LogOutputStream:75 - [STDERR_REDIRECT] 
2026-03-01 01:50:22,784 [ERROR] LogOutputStream:75 - [STDERR_REDIRECT] [Fatal Error] :1:1: Premature end of file.
2026-03-01 01:50:22,784 [ERROR] LogOutputStream:75 - [STDERR_REDIRECT] 
2026-03-01 01:50:23,785 [ERROR] LogOutputStream:75 - [STDERR_REDIRECT] [Fatal Error] :1:1: Premature end of file.
2026-03-01 01:50:23,785 [ERROR] LogOutputStream:75 - [STDERR_REDIRECT] 
2026-03-01 01:50:24,782 [ERROR] LogOutputStream:75 - [STDERR_REDIRECT] [Fatal Error] :1:1: Premature end of file.
2026-03-01 01:50:24,782 [ERROR] LogOutputStream:75 - [STDERR_REDIRECT] 
2026-03-01 01:50:25,783 [ERROR] LogOutputStream:75 - [STDERR_REDIRECT] [Fatal Error] :1:1: Premature end of file.
2026-03-01 01:50:25,783 [ERROR] LogOutputStream:75 - [STDERR_REDIRECT] 
2026-03-01 01:50:26,790 [ERROR] LogOutputStream:75 - [STDERR_REDIRECT] [Fatal Error] :1:1: Premature end of file.
2026-03-01 01:50:26,791 [ERROR] LogOutputStream:75 - [STDERR_REDIRECT] 
2026-03-01 01:50:27,784 [ERROR] LogOutputStream:75 - [STDERR_REDIRECT] [Fatal Error] :1:1: Premature end of file.
2026-03-01 01:50:27,785 [ERROR] LogOutputStream:75 - [STDERR_REDIRECT] 
2026-03-01 01:50:28,794 [ERROR] LogOutputStream:75 - [STDERR_REDIRECT] [Fatal Error] :1:1: Premature end of file.
2026-03-01 01:50:28,795 [ERROR] LogOutputStream:75 - [STDERR_REDIRECT] 
2026-03-01 01:50:29,791 [ERROR] LogOutputStream:75 - [STDERR_REDIRECT] [Fatal Error] :1:1: Premature end of file.
2026-03-01 01:50:29,792 [ERROR] LogOutputStream:75 - [STDERR_REDIRECT] 
2026-03-01 01:50:30,785 [ERROR] LogOutputStream:75 - [STDERR_REDIRECT] [Fatal Error] :1:1: Premature end of file.
2026-03-01 01:50:30,785 [ERROR] LogOutputStream:75 - [STDERR_REDIRECT] 
2026-03-01 01:50:31,783 [ERROR] LogOutputStream:75 - [STDERR_REDIRECT] [Fatal Error] :1:1: Premature end of file.
2026-03-01 01:50:31,783 [ERROR] LogOutputStream:75 - [STDERR_REDIRECT] 
2026-03-01 01:50:32,785 [ERROR] LogOutputStream:75 - [STDERR_REDIRECT] [Fatal Error] :1:1: Premature end of file.
2026-03-01 01:50:32,785 [ERROR] LogOutputStream:75 - [STDERR_REDIRECT] 
2026-03-01 01:50:33,783 [ERROR] LogOutputStream:75 - [STDERR_REDIRECT] [Fatal Error] :1:1: Premature end of file.
2026-03-01 01:50:33,783 [ERROR] LogOutputStream:75 - [STDERR_REDIRECT] 
2026-03-01 01:50:34,785 [ERROR] LogOutputStream:75 - [STDERR_REDIRECT] [Fatal Error] :1:1: Premature end of file.
2026-03-01 01:50:34,785 [ERROR] LogOutputStream:75 - [STDERR_REDIRECT] 
2026-03-01 01:50:35,792 [ERROR] LogOutputStream:75 - [STDERR_REDIRECT] [Fatal Error] :1:1: Premature end of file.
2026-03-01 01:50:35,792 [ERROR] LogOutputStream:75 - [STDERR_REDIRECT] 
2026-03-01 01:50:36,786 [ERROR] LogOutputStream:75 - [STDERR_REDIRECT] [Fatal Error] :1:1: Premature end of file.
2026-03-01 01:50:36,786 [ERROR] LogOutputStream:75 - [STDERR_REDIRECT] 
2026-03-01 01:50:37,783 [ERROR] LogOutputStream:75 - [STDERR_REDIRECT] [Fatal Error] :1:1: Premature end of file.
2026-03-01 01:50:37,783 [ERROR] LogOutputStream:75 - [STDERR_REDIRECT] 
2026-03-01 01:50:38,784 [ERROR] LogOutputStream:75 - [STDERR_REDIRECT] [Fatal Error] :1:1: Premature end of file.
2026-03-01 01:50:38,784 [ERROR] LogOutputStream:75 - [STDERR_REDIRECT] 
2026-03-01 01:50:39,797 [ERROR] LogOutputStream:75 - [STDERR_REDIRECT] [Fatal Error] :1:1: Premature end of file.
2026-03-01 01:50:39,797 [ERROR] LogOutputStream:75 - [STDERR_REDIRECT] 
2026-03-01 01:50:40,787 [ERROR] LogOutputStream:75 - [STDERR_REDIRECT] [Fatal Error] :1:1: Premature end of file.
2026-03-01 01:50:40,787 [ERROR] LogOutputStream:75 - [STDERR_REDIRECT] 
2026-03-01 01:50:41,785 [ERROR] LogOutputStream:75 - [STDERR_REDIRECT] [Fatal Error] :1:1: Premature end of file.
2026-03-01 01:50:41,785 [ERROR] LogOutputStream:75 - [STDERR_REDIRECT] 
2026-03-01 01:50:42,783 [ERROR] LogOutputStream:75 - [STDERR_REDIRECT] [Fatal Error] :1:1: Premature end of file.
2026-03-01 01:50:42,783 [ERROR] LogOutputStream:75 - [STDERR_REDIRECT] 
2026-03-01 01:50:43,787 [ERROR] LogOutputStream:75 - [STDERR_REDIRECT] [Fatal Error] :1:1: Premature end of file.
2026-03-01 01:50:43,787 [ERROR] LogOutputStream:75 - [STDERR_REDIRECT] 
2026-03-01 01:50:44,785 [ERROR] LogOutputStream:75 - [STDERR_REDIRECT] [Fatal Error] :1:1: Premature end of file.
2026-03-01 01:50:44,785 [ERROR] LogOutputStream:75 - [STDERR_REDIRECT] 
2026-03-01 01:50:45,797 [ERROR] LogOutputStream:75 - [STDERR_REDIRECT] [Fatal Error] :1:1: Premature end of file.
2026-03-01 01:50:45,797 [ERROR] LogOutputStream:75 - [STDERR_REDIRECT] 
2026-03-01 01:50:46,783 [ERROR] LogOutputStream:75 - [STDERR_REDIRECT] [Fatal Error] :1:1: Premature end of file.
2026-03-01 01:50:46,783 [ERROR] LogOutputStream:75 - [STDERR_REDIRECT] 
2026-03-01 01:50:47,787 [ERROR] LogOutputStream:75 - [STDERR_REDIRECT] [Fatal Error] :1:1: Premature end of file.
2026-03-01 01:50:47,787 [ERROR] LogOutputStream:75 - [STDERR_REDIRECT] 
2026-03-01 01:50:48,784 [ERROR] LogOutputStream:75 - [STDERR_REDIRECT] [Fatal Error] :1:1: Premature end of file.
2026-03-01 01:50:48,784 [ERROR] LogOutputStream:75 - [STDERR_REDIRECT] 
2026-03-01 01:50:49,786 [ERROR] LogOutputStream:75 - [STDERR_REDIRECT] [Fatal Error] :1:1: Premature end of file.
2026-03-01 01:50:49,787 [ERROR] LogOutputStream:75 - [STDERR_REDIRECT] 
2026-03-01 01:50:50,785 [ERROR] LogOutputStream:75 - [STDERR_REDIRECT] [Fatal Error] :1:1: Premature end of file.
2026-03-01 01:50:50,785 [ERROR] LogOutputStream:75 - [STDERR_REDIRECT] 
2026-03-01 01:50:51,787 [ERROR] LogOutputStream:75 - [STDERR_REDIRECT] [Fatal Error] :1:1: Premature end of file.
2026-03-01 01:50:51,787 [ERROR] LogOutputStream:75 - [STDERR_REDIRECT] 
2026-03-01 01:50:52,784 [ERROR] LogOutputStream:75 - [STDERR_REDIRECT] [Fatal Error] :1:1: Premature end of file.
2026-03-01 01:50:52,784 [ERROR] LogOutputStream:75 - [STDERR_REDIRECT] 
2026-03-01 01:50:53,785 [ERROR] LogOutputStream:75 - [STDERR_REDIRECT] [Fatal Error] :1:1: Premature end of file.
2026-03-01 01:50:53,785 [ERROR] LogOutputStream:75 - [STDERR_REDIRECT] 
2026-03-01 01:50:54,783 [ERROR] LogOutputStream:75 - [STDERR_REDIRECT] [Fatal Error] :1:1: Premature end of file.
2026-03-01 01:50:54,784 [ERROR] LogOutputStream:75 - [STDERR_REDIRECT] 
2026-03-01 01:50:55,785 [ERROR] LogOutputStream:75 - [STDERR_REDIRECT] [Fatal Error] :1:1: Premature end of file.
2026-03-01 01:50:55,785 [ERROR] LogOutputStream:75 - [STDERR_REDIRECT] 
2026-03-01 01:50:56,786 [ERROR] LogOutputStream:75 - [STDERR_REDIRECT] [Fatal Error] :1:1: Premature end of file.
2026-03-01 01:50:56,786 [ERROR] LogOutputStream:75 - [STDERR_REDIRECT] 
2026-03-01 01:50:57,784 [ERROR] LogOutputStream:75 - [STDERR_REDIRECT] [Fatal Error] :1:1: Premature end of file.
2026-03-01 01:50:57,784 [ERROR] LogOutputStream:75 - [STDERR_REDIRECT] 
2026-03-01 01:50:58,784 [ERROR] LogOutputStream:75 - [STDERR_REDIRECT] [Fatal Error] :1:1: Premature end of file.
2026-03-01 01:50:58,785 [ERROR] LogOutputStream:75 - [STDERR_REDIRECT] 
2026-03-01 01:50:59,788 [ERROR] LogOutputStream:75 - [STDERR_REDIRECT] [Fatal Error] :1:1: Premature end of file.
2026-03-01 01:50:59,788 [ERROR] LogOutputStream:75 - [STDERR_REDIRECT] 
2026-03-01 01:51:00,781 [ERROR] LogOutputStream:75 - [STDERR_REDIRECT] [Fatal Error] :1:1: Premature end of file.
2026-03-01 01:51:00,781 [ERROR] LogOutputStream:75 - [STDERR_REDIRECT] 
2026-03-01 01:51:01,783 [ERROR] LogOutputStream:75 - [STDERR_REDIRECT] [Fatal Error] :1:1: Premature end of file.
2026-03-01 01:51:01,783 [ERROR] LogOutputStream:75 - [STDERR_REDIRECT] 
2026-03-01 01:51:02,782 [ERROR] LogOutputStream:75 - [STDERR_REDIRECT] [Fatal Error] :1:1: Premature end of file.
2026-03-01 01:51:02,782 [ERROR] LogOutputStream:75 - [STDERR_REDIRECT] 
2026-03-01 01:51:03,783 [ERROR] LogOutputStream:75 - [STDERR_REDIRECT] [Fatal Error] :1:1: Premature end of file.
2026-03-01 01:51:03,783 [ERROR] LogOutputStream:75 - [STDERR_REDIRECT] 
2026-03-01 01:51:04,785 [ERROR] LogOutputStream:75 - [STDERR_REDIRECT] [Fatal Error] :1:1: Premature end of file.
2026-03-01 01:51:04,785 [ERROR] LogOutputStream:75 - [STDERR_REDIRECT] 
2026-03-01 01:51:05,784 [ERROR] LogOutputStream:75 - [STDERR_REDIRECT] [Fatal Error] :1:1: Premature end of file.
2026-03-01 01:51:05,784 [ERROR] LogOutputStream:75 - [STDERR_REDIRECT] 
2026-03-01 01:51:06,784 [ERROR] LogOutputStream:75 - [STDERR_REDIRECT] [Fatal Error] :1:1: Premature end of file.
2026-03-01 01:51:06,784 [ERROR] LogOutputStream:75 - [STDERR_REDIRECT] 
2026-03-01 01:51:07,795 [ERROR] LogOutputStream:75 - [STDERR_REDIRECT] [Fatal Error] :1:1: Premature end of file.
2026-03-01 01:51:07,795 [ERROR] LogOutputStream:75 - [STDERR_REDIRECT] 
2026-03-01 01:51:08,785 [ERROR] LogOutputStream:75 - [STDERR_REDIRECT] [Fatal Error] :1:1: Premature end of file.
2026-03-01 01:51:08,785 [ERROR] LogOutputStream:75 - [STDERR_REDIRECT] 
2026-03-01 01:51:09,796 [ERROR] LogOutputStream:75 - [STDERR_REDIRECT] [Fatal Error] :1:1: Premature end of file.
2026-03-01 01:51:09,796 [ERROR] LogOutputStream:75 - [STDERR_REDIRECT] 
2026-03-01 01:51:10,786 [ERROR] LogOutputStream:75 - [STDERR_REDIRECT] [Fatal Error] :1:1: Premature end of file.
2026-03-01 01:51:10,786 [ERROR] LogOutputStream:75 - [STDERR_REDIRECT] 
2026-03-01 01:51:11,784 [ERROR] LogOutputStream:75 - [STDERR_REDIRECT] [Fatal Error] :1:1: Premature end of file.
2026-03-01 01:51:11,784 [ERROR] LogOutputStream:75 - [STDERR_REDIRECT] 
2026-03-01 01:51:12,783 [ERROR] LogOutputStream:75 - [STDERR_REDIRECT] [Fatal Error] :1:1: Premature end of file.
2026-03-01 01:51:12,783 [ERROR] LogOutputStream:75 - [STDERR_REDIRECT] 
2026-03-01 01:51:13,810 [ERROR] LogOutputStream:75 - [STDERR_REDIRECT] [Fatal Error] :1:1: Premature end of file.
2026-03-01 01:51:13,810 [ERROR] LogOutputStream:75 - [STDERR_REDIRECT] 
2026-03-01 01:51:14,782 [ERROR] LogOutputStream:75 - [STDERR_REDIRECT] [Fatal Error] :1:1: Premature end of file.
2026-03-01 01:51:14,782 [ERROR] LogOutputStream:75 - [STDERR_REDIRECT] 
2026-03-01 01:51:15,785 [ERROR] LogOutputStream:75 - [STDERR_REDIRECT] [Fatal Error] :1:1: Premature end of file.
2026-03-01 01:51:15,785 [ERROR] LogOutputStream:75 - [STDERR_REDIRECT] 
2026-03-01 01:51:16,785 [ERROR] LogOutputStream:75 - [STDERR_REDIRECT] [Fatal Error] :1:1: Premature end of file.
2026-03-01 01:51:16,785 [ERROR] LogOutputStream:75 - [STDERR_REDIRECT] 
2026-03-01 01:51:17,784 [ERROR] LogOutputStream:75 - [STDERR_REDIRECT] [Fatal Error] :1:1: Premature end of file.
2026-03-01 01:51:17,784 [ERROR] LogOutputStream:75 - [STDERR_REDIRECT] 
2026-03-01 01:51:18,784 [ERROR] LogOutputStream:75 - [STDERR_REDIRECT] [Fatal Error] :1:1: Premature end of file.
2026-03-01 01:51:18,784 [ERROR] LogOutputStream:75 - [STDERR_REDIRECT] 
2026-03-01 01:51:19,786 [ERROR] LogOutputStream:75 - [STDERR_REDIRECT] [Fatal Error] :1:1: Premature end of file.
2026-03-01 01:51:19,786 [ERROR] LogOutputStream:75 - [STDERR_REDIRECT] 
2026-03-01 01:51:20,784 [ERROR] LogOutputStream:75 - [STDERR_REDIRECT] [Fatal Error] :1:1: Premature end of file.
2026-03-01 01:51:20,784 [ERROR] LogOutputStream:75 - [STDERR_REDIRECT] 
2026-03-01 01:51:21,788 [ERROR] LogOutputStream:75 - [STDERR_REDIRECT] [Fatal Error] :1:1: Premature end of file.
2026-03-01 01:51:21,788 [ERROR] LogOutputStream:75 - [STDERR_REDIRECT] 
2026-03-01 01:51:22,784 [ERROR] LogOutputStream:75 - [STDERR_REDIRECT] [Fatal Error] :1:1: Premature end of file.
2026-03-01 01:51:22,784 [ERROR] LogOutputStream:75 - [STDERR_REDIRECT] 
2026-03-01 01:51:23,789 [ERROR] LogOutputStream:75 - [STDERR_REDIRECT] [Fatal Error] :1:1: Premature end of file.
2026-03-01 01:51:23,789 [ERROR] LogOutputStream:75 - [STDERR_REDIRECT] 
2026-03-01 01:51:24,785 [ERROR] LogOutputStream:75 - [STDERR_REDIRECT] [Fatal Error] :1:1: Premature end of file.
2026-03-01 01:51:24,785 [ERROR] LogOutputStream:75 - [STDERR_REDIRECT] 
2026-03-01 01:51:25,786 [ERROR] LogOutputStream:75 - [STDERR_REDIRECT] [Fatal Error] :1:1: Premature end of file.
2026-03-01 01:51:25,786 [ERROR] LogOutputStream:75 - [STDERR_REDIRECT] 
2026-03-01 01:51:26,783 [ERROR] LogOutputStream:75 - [STDERR_REDIRECT] [Fatal Error] :1:1: Premature end of file.
2026-03-01 01:51:26,783 [ERROR] LogOutputStream:75 - [STDERR_REDIRECT] 
2026-03-01 01:51:27,785 [ERROR] LogOutputStream:75 - [STDERR_REDIRECT] [Fatal Error] :1:1: Premature end of file.
2026-03-01 01:51:27,785 [ERROR] LogOutputStream:75 - [STDERR_REDIRECT] 
2026-03-01 01:51:28,785 [ERROR] LogOutputStream:75 - [STDERR_REDIRECT] [Fatal Error] :1:1: Premature end of file.
2026-03-01 01:51:28,785 [ERROR] LogOutputStream:75 - [STDERR_REDIRECT] 
2026-03-01 01:51:29,786 [ERROR] LogOutputStream:75 - [STDERR_REDIRECT] [Fatal Error] :1:1: Premature end of file.
2026-03-01 01:51:29,786 [ERROR] LogOutputStream:75 - [STDERR_REDIRECT] 
2026-03-01 01:51:30,784 [ERROR] LogOutputStream:75 - [STDERR_REDIRECT] [Fatal Error] :1:1: Premature end of file.
2026-03-01 01:51:30,784 [ERROR] LogOutputStream:75 - [STDERR_REDIRECT] 
2026-03-01 01:51:31,797 [ERROR] LogOutputStream:75 - [STDERR_REDIRECT] [Fatal Error] :1:1: Premature end of file.
2026-03-01 01:51:31,798 [ERROR] LogOutputStream:75 - [STDERR_REDIRECT] 
2026-03-01 01:51:32,786 [ERROR] LogOutputStream:75 - [STDERR_REDIRECT] [Fatal Error] :1:1: Premature end of file.
2026-03-01 01:51:32,786 [ERROR] LogOutputStream:75 - [STDERR_REDIRECT] 
2026-03-01 01:51:33,782 [ERROR] LogOutputStream:75 - [STDERR_REDIRECT] [Fatal Error] :1:1: Premature end of file.
2026-03-01 01:51:33,783 [ERROR] LogOutputStream:75 - [STDERR_REDIRECT] 
2026-03-01 01:51:34,783 [ERROR] LogOutputStream:75 - [STDERR_REDIRECT] [Fatal Error] :1:1: Premature end of file.
2026-03-01 01:51:34,783 [ERROR] LogOutputStream:75 - [STDERR_REDIRECT] 
2026-03-01 01:51:35,783 [ERROR] LogOutputStream:75 - [STDERR_REDIRECT] [Fatal Error] :1:1: Premature end of file.
2026-03-01 01:51:35,783 [ERROR] LogOutputStream:75 - [STDERR_REDIRECT] 
2026-03-01 01:51:36,782 [ERROR] LogOutputStream:75 - [STDERR_REDIRECT] [Fatal Error] :1:1: Premature end of file.
2026-03-01 01:51:36,783 [ERROR] LogOutputStream:75 - [STDERR_REDIRECT] 
2026-03-01 01:51:37,785 [ERROR] LogOutputStream:75 - [STDERR_REDIRECT] [Fatal Error] :1:1: Premature end of file.
2026-03-01 01:51:37,785 [ERROR] LogOutputStream:75 - [STDERR_REDIRECT] 
2026-03-01 01:51:38,782 [ERROR] LogOutputStream:75 - [STDERR_REDIRECT] [Fatal Error] :1:1: Premature end of file.
2026-03-01 01:51:38,782 [ERROR] LogOutputStream:75 - [STDERR_REDIRECT] 
2026-03-01 01:51:39,784 [ERROR] LogOutputStream:75 - [STDERR_REDIRECT] [Fatal Error] :1:1: Premature end of file.
2026-03-01 01:51:39,784 [ERROR] LogOutputStream:75 - [STDERR_REDIRECT] 
2026-03-01 01:51:40,785 [ERROR] LogOutputStream:75 - [STDERR_REDIRECT] [Fatal Error] :1:1: Premature end of file.
2026-03-01 01:51:40,785 [ERROR] LogOutputStream:75 - [STDERR_REDIRECT] 
2026-03-01 01:51:41,785 [ERROR] LogOutputStream:75 - [STDERR_REDIRECT] [Fatal Error] :1:1: Premature end of file.
2026-03-01 01:51:41,785 [ERROR] LogOutputStream:75 - [STDERR_REDIRECT] 
2026-03-01 01:51:42,799 [ERROR] LogOutputStream:75 - [STDERR_REDIRECT] [Fatal Error] :1:1: Premature end of file.
2026-03-01 01:51:42,799 [ERROR] LogOutputStream:75 - [STDERR_REDIRECT] 
2026-03-01 01:51:43,785 [ERROR] LogOutputStream:75 - [STDERR_REDIRECT] [Fatal Error] :1:1: Premature end of file.
2026-03-01 01:51:43,785 [ERROR] LogOutputStream:75 - [STDERR_REDIRECT] 
2026-03-01 01:51:44,792 [ERROR] LogOutputStream:75 - [STDERR_REDIRECT] [Fatal Error] :1:1: Premature end of file.
2026-03-01 01:51:44,792 [ERROR] LogOutputStream:75 - [STDERR_REDIRECT] 
2026-03-01 01:51:45,786 [ERROR] LogOutputStream:75 - [STDERR_REDIRECT] [Fatal Error] :1:1: Premature end of file.
2026-03-01 01:51:45,786 [ERROR] LogOutputStream:75 - [STDERR_REDIRECT] 
2026-03-01 01:51:46,784 [ERROR] LogOutputStream:75 - [STDERR_REDIRECT] [Fatal Error] :1:1: Premature end of file.
2026-03-01 01:51:46,784 [ERROR] LogOutputStream:75 - [STDERR_REDIRECT] 
2026-03-01 01:51:47,783 [ERROR] LogOutputStream:75 - [STDERR_REDIRECT] [Fatal Error] :1:1: Premature end of file.
2026-03-01 01:51:47,783 [ERROR] LogOutputStream:75 - [STDERR_REDIRECT] 
2026-03-01 01:51:48,783 [ERROR] LogOutputStream:75 - [STDERR_REDIRECT] [Fatal Error] :1:1: Premature end of file.
2026-03-01 01:51:48,783 [ERROR] LogOutputStream:75 - [STDERR_REDIRECT] 
2026-03-01 01:51:49,785 [ERROR] LogOutputStream:75 - [STDERR_REDIRECT] [Fatal Error] :1:1: Premature end of file.
2026-03-01 01:51:49,785 [ERROR] LogOutputStream:75 - [STDERR_REDIRECT] 
2026-03-01 01:51:50,786 [ERROR] LogOutputStream:75 - [STDERR_REDIRECT] [Fatal Error] :1:1: Premature end of file.
2026-03-01 01:51:50,786 [ERROR] LogOutputStream:75 - [STDERR_REDIRECT] 
2026-03-01 01:51:51,785 [ERROR] LogOutputStream:75 - [STDERR_REDIRECT] [Fatal Error] :1:1: Premature end of file.
2026-03-01 01:51:51,785 [ERROR] LogOutputStream:75 - [STDERR_REDIRECT] 
2026-03-01 01:51:52,785 [ERROR] LogOutputStream:75 - [STDERR_REDIRECT] [Fatal Error] :1:1: Premature end of file.
2026-03-01 01:51:52,785 [ERROR] LogOutputStream:75 - [STDERR_REDIRECT] 
2026-03-01 01:51:53,789 [ERROR] LogOutputStream:75 - [STDERR_REDIRECT] [Fatal Error] :1:1: Premature end of file.
2026-03-01 01:51:53,790 [ERROR] LogOutputStream:75 - [STDERR_REDIRECT] 
2026-03-01 01:51:54,788 [ERROR] LogOutputStream:75 - [STDERR_REDIRECT] [Fatal Error] :1:1: Premature end of file.
2026-03-01 01:51:54,788 [ERROR] LogOutputStream:75 - [STDERR_REDIRECT] 
2026-03-01 01:51:55,783 [ERROR] LogOutputStream:75 - [STDERR_REDIRECT] [Fatal Error] :1:1: Premature end of file.
2026-03-01 01:51:55,783 [ERROR] LogOutputStream:75 - [STDERR_REDIRECT] 
2026-03-01 01:51:56,784 [ERROR] LogOutputStream:75 - [STDERR_REDIRECT] [Fatal Error] :1:1: Premature end of file.
2026-03-01 01:51:56,784 [ERROR] LogOutputStream:75 - [STDERR_REDIRECT] 
2026-03-01 01:51:57,803 [ERROR] LogOutputStream:75 - [STDERR_REDIRECT] [Fatal Error] :1:1: Premature end of file.
2026-03-01 01:51:57,803 [ERROR] LogOutputStream:75 - [STDERR_REDIRECT] 
2026-03-01 01:51:58,782 [ERROR] LogOutputStream:75 - [STDERR_REDIRECT] [Fatal Error] :1:1: Premature end of file.
2026-03-01 01:51:58,782 [ERROR] LogOutputStream:75 - [STDERR_REDIRECT] 
2026-03-01 01:51:59,785 [ERROR] LogOutputStream:75 - [STDERR_REDIRECT] [Fatal Error] :1:1: Premature end of file.
2026-03-01 01:51:59,785 [ERROR] LogOutputStream:75 - [STDERR_REDIRECT] 
2026-03-01 01:52:00,785 [ERROR] LogOutputStream:75 - [STDERR_REDIRECT] [Fatal Error] :1:1: Premature end of file.
2026-03-01 01:52:00,785 [ERROR] LogOutputStream:75 - [STDERR_REDIRECT] 
2026-03-01 01:52:01,786 [ERROR] LogOutputStream:75 - [STDERR_REDIRECT] [Fatal Error] :1:1: Premature end of file.
2026-03-01 01:52:01,787 [ERROR] LogOutputStream:75 - [STDERR_REDIRECT] 
2026-03-01 01:52:02,785 [ERROR] LogOutputStream:75 - [STDERR_REDIRECT] [Fatal Error] :1:1: Premature end of file.
2026-03-01 01:52:02,785 [ERROR] LogOutputStream:75 - [STDERR_REDIRECT] 
2026-03-01 01:52:03,785 [ERROR] LogOutputStream:75 - [STDERR_REDIRECT] [Fatal Error] :1:1: Premature end of file.
2026-03-01 01:52:03,785 [ERROR] LogOutputStream:75 - [STDERR_REDIRECT] 
2026-03-01 01:52:04,790 [ERROR] LogOutputStream:75 - [STDERR_REDIRECT] [Fatal Error] :1:1: Premature end of file.
2026-03-01 01:52:04,790 [ERROR] LogOutputStream:75 - [STDERR_REDIRECT] 
2026-03-01 01:52:05,783 [ERROR] LogOutputStream:75 - [STDERR_REDIRECT] [Fatal Error] :1:1: Premature end of file.
2026-03-01 01:52:05,783 [ERROR] LogOutputStream:75 - [STDERR_REDIRECT] 
2026-03-01 01:52:06,785 [ERROR] LogOutputStream:75 - [STDERR_REDIRECT] [Fatal Error] :1:1: Premature end of file.
2026-03-01 01:52:06,785 [ERROR] LogOutputStream:75 - [STDERR_REDIRECT] 
2026-03-01 01:52:07,785 [ERROR] LogOutputStream:75 - [STDERR_REDIRECT] [Fatal Error] :1:1: Premature end of file.
2026-03-01 01:52:07,786 [ERROR] LogOutputStream:75 - [STDERR_REDIRECT] 
2026-03-01 01:52:08,784 [ERROR] LogOutputStream:75 - [STDERR_REDIRECT] [Fatal Error] :1:1: Premature end of file.
2026-03-01 01:52:08,784 [ERROR] LogOutputStream:75 - [STDERR_REDIRECT] 
2026-03-01 01:52:09,782 [ERROR] LogOutputStream:75 - [STDERR_REDIRECT] [Fatal Error] :1:1: Premature end of file.
2026-03-01 01:52:09,782 [ERROR] LogOutputStream:75 - [STDERR_REDIRECT] 
2026-03-01 01:52:10,785 [ERROR] LogOutputStream:75 - [STDERR_REDIRECT] [Fatal Error] :1:1: Premature end of file.
2026-03-01 01:52:10,785 [ERROR] LogOutputStream:75 - [STDERR_REDIRECT] 
2026-03-01 01:52:11,783 [ERROR] LogOutputStream:75 - [STDERR_REDIRECT] [Fatal Error] :1:1: Premature end of file.
2026-03-01 01:52:11,784 [ERROR] LogOutputStream:75 - [STDERR_REDIRECT] 
2026-03-01 01:52:12,786 [ERROR] LogOutputStream:75 - [STDERR_REDIRECT] [Fatal Error] :1:1: Premature end of file.
2026-03-01 01:52:12,786 [ERROR] LogOutputStream:75 - [STDERR_REDIRECT] 
2026-03-01 01:52:13,785 [ERROR] LogOutputStream:75 - [STDERR_REDIRECT] [Fatal Error] :1:1: Premature end of file.
2026-03-01 01:52:13,785 [ERROR] LogOutputStream:75 - [STDERR_REDIRECT] 
2026-03-01 01:52:14,824 [ERROR] LogOutputStream:75 - [STDERR_REDIRECT] [Fatal Error] :1:1: Premature end of file.
2026-03-01 01:52:14,825 [ERROR] LogOutputStream:75 - [STDERR_REDIRECT] 
2026-03-01 01:52:15,799 [ERROR] LogOutputStream:75 - [STDERR_REDIRECT] [Fatal Error] :1:1: Premature end of file.
2026-03-01 01:52:15,799 [ERROR] LogOutputStream:75 - [STDERR_REDIRECT] 
2026-03-01 01:52:16,785 [ERROR] LogOutputStream:75 - [STDERR_REDIRECT] [Fatal Error] :1:1: Premature end of file.
2026-03-01 01:52:16,785 [ERROR] LogOutputStream:75 - [STDERR_REDIRECT] 
2026-03-01 01:52:17,798 [ERROR] LogOutputStream:75 - [STDERR_REDIRECT] [Fatal Error] :1:1: Premature end of file.
2026-03-01 01:52:17,798 [ERROR] LogOutputStream:75 - [STDERR_REDIRECT] 
2026-03-01 01:52:18,785 [ERROR] LogOutputStream:75 - [STDERR_REDIRECT] [Fatal Error] :1:1: Premature end of file.
2026-03-01 01:52:18,786 [ERROR] LogOutputStream:75 - [STDERR_REDIRECT] 
2026-03-01 01:52:19,784 [ERROR] LogOutputStream:75 - [STDERR_REDIRECT] [Fatal Error] :1:1: Premature end of file.
2026-03-01 01:52:19,784 [ERROR] LogOutputStream:75 - [STDERR_REDIRECT] 
2026-03-01 01:52:20,788 [ERROR] LogOutputStream:75 - [STDERR_REDIRECT] [Fatal Error] :1:1: Premature end of file.
2026-03-01 01:52:20,788 [ERROR] LogOutputStream:75 - [STDERR_REDIRECT] 
2026-03-01 01:52:21,784 [ERROR] LogOutputStream:75 - [STDERR_REDIRECT] [Fatal Error] :1:1: Premature end of file.
2026-03-01 01:52:21,784 [ERROR] LogOutputStream:75 - [STDERR_REDIRECT] 
2026-03-01 01:52:22,796 [ERROR] LogOutputStream:75 - [STDERR_REDIRECT] [Fatal Error] :1:1: Premature end of file.
2026-03-01 01:52:22,796 [ERROR] LogOutputStream:75 - [STDERR_REDIRECT] 
2026-03-01 01:52:23,783 [ERROR] LogOutputStream:75 - [STDERR_REDIRECT] [Fatal Error] :1:1: Premature end of file.
2026-03-01 01:52:23,783 [ERROR] LogOutputStream:75 - [STDERR_REDIRECT] 
2026-03-01 01:52:24,785 [ERROR] LogOutputStream:75 - [STDERR_REDIRECT] [Fatal Error] :1:1: Premature end of file.
2026-03-01 01:52:24,785 [ERROR] LogOutputStream:75 - [STDERR_REDIRECT] 
2026-03-01 01:52:25,784 [ERROR] LogOutputStream:75 - [STDERR_REDIRECT] [Fatal Error] :1:1: Premature end of file.
2026-03-01 01:52:25,784 [ERROR] LogOutputStream:75 - [STDERR_REDIRECT] 
2026-03-01 01:52:26,791 [ERROR] LogOutputStream:75 - [STDERR_REDIRECT] [Fatal Error] :1:1: Premature end of file.
2026-03-01 01:52:26,791 [ERROR] LogOutputStream:75 - [STDERR_REDIRECT] 
2026-03-01 01:52:27,786 [ERROR] LogOutputStream:75 - [STDERR_REDIRECT] [Fatal Error] :1:1: Premature end of file.
2026-03-01 01:52:27,786 [ERROR] LogOutputStream:75 - [STDERR_REDIRECT] 
2026-03-01 01:52:28,785 [ERROR] LogOutputStream:75 - [STDERR_REDIRECT] [Fatal Error] :1:1: Premature end of file.
2026-03-01 01:52:28,785 [ERROR] LogOutputStream:75 - [STDERR_REDIRECT] 
2026-03-01 01:52:29,793 [ERROR] LogOutputStream:75 - [STDERR_REDIRECT] [Fatal Error] :1:1: Premature end of file.
2026-03-01 01:52:29,793 [ERROR] LogOutputStream:75 - [STDERR_REDIRECT] 
2026-03-01 01:52:30,785 [ERROR] LogOutputStream:75 - [STDERR_REDIRECT] [Fatal Error] :1:1: Premature end of file.
2026-03-01 01:52:30,785 [ERROR] LogOutputStream:75 - [STDERR_REDIRECT] 
2026-03-01 01:52:31,783 [ERROR] LogOutputStream:75 - [STDERR_REDIRECT] [Fatal Error] :1:1: Premature end of file.
2026-03-01 01:52:31,783 [ERROR] LogOutputStream:75 - [STDERR_REDIRECT] 
2026-03-01 01:52:32,785 [ERROR] LogOutputStream:75 - [STDERR_REDIRECT] [Fatal Error] :1:1: Premature end of file.
2026-03-01 01:52:32,785 [ERROR] LogOutputStream:75 - [STDERR_REDIRECT] 
2026-03-01 01:52:33,785 [ERROR] LogOutputStream:75 - [STDERR_REDIRECT] [Fatal Error] :1:1: Premature end of file.
2026-03-01 01:52:33,785 [ERROR] LogOutputStream:75 - [STDERR_REDIRECT] 
2026-03-01 01:52:34,793 [ERROR] LogOutputStream:75 - [STDERR_REDIRECT] [Fatal Error] :1:1: Premature end of file.
2026-03-01 01:52:34,793 [ERROR] LogOutputStream:75 - [STDERR_REDIRECT] 
2026-03-01 01:52:35,786 [ERROR] LogOutputStream:75 - [STDERR_REDIRECT] [Fatal Error] :1:1: Premature end of file.
2026-03-01 01:52:35,786 [ERROR] LogOutputStream:75 - [STDERR_REDIRECT] 
2026-03-01 01:52:36,783 [ERROR] LogOutputStream:75 - [STDERR_REDIRECT] [Fatal Error] :1:1: Premature end of file.
2026-03-01 01:52:36,783 [ERROR] LogOutputStream:75 - [STDERR_REDIRECT] 
2026-03-01 01:52:37,782 [ERROR] LogOutputStream:75 - [STDERR_REDIRECT] [Fatal Error] :1:1: Premature end of file.
2026-03-01 01:52:37,782 [ERROR] LogOutputStream:75 - [STDERR_REDIRECT] 
2026-03-01 01:52:38,782 [ERROR] LogOutputStream:75 - [STDERR_REDIRECT] [Fatal Error] :1:1: Premature end of file.
2026-03-01 01:52:38,782 [ERROR] LogOutputStream:75 - [STDERR_REDIRECT] 
2026-03-01 01:52:39,786 [ERROR] LogOutputStream:75 - [STDERR_REDIRECT] [Fatal Error] :1:1: Premature end of file.
2026-03-01 01:52:39,786 [ERROR] LogOutputStream:75 - [STDERR_REDIRECT] 
2026-03-01 01:52:40,785 [ERROR] LogOutputStream:75 - [STDERR_REDIRECT] [Fatal Error] :1:1: Premature end of file.
2026-03-01 01:52:40,785 [ERROR] LogOutputStream:75 - [STDERR_REDIRECT] 
2026-03-01 01:52:41,783 [ERROR] LogOutputStream:75 - [STDERR_REDIRECT] [Fatal Error] :1:1: Premature end of file.
2026-03-01 01:52:41,783 [ERROR] LogOutputStream:75 - [STDERR_REDIRECT] 
2026-03-01 01:52:42,787 [ERROR] LogOutputStream:75 - [STDERR_REDIRECT] [Fatal Error] :1:1: Premature end of file.
2026-03-01 01:52:42,787 [ERROR] LogOutputStream:75 - [STDERR_REDIRECT] 
2026-03-01 01:52:43,787 [ERROR] LogOutputStream:75 - [STDERR_REDIRECT] [Fatal Error] :1:1: Premature end of file.
2026-03-01 01:52:43,787 [ERROR] LogOutputStream:75 - [STDERR_REDIRECT] 
2026-03-01 01:52:44,783 [ERROR] LogOutputStream:75 - [STDERR_REDIRECT] [Fatal Error] :1:1: Premature end of file.
2026-03-01 01:52:44,784 [ERROR] LogOutputStream:75 - [STDERR_REDIRECT] 
2026-03-01 01:52:45,786 [ERROR] LogOutputStream:75 - [STDERR_REDIRECT] [Fatal Error] :1:1: Premature end of file.
2026-03-01 01:52:45,786 [ERROR] LogOutputStream:75 - [STDERR_REDIRECT] 
2026-03-01 01:52:46,784 [ERROR] LogOutputStream:75 - [STDERR_REDIRECT] [Fatal Error] :1:1: Premature end of file.
2026-03-01 01:52:46,784 [ERROR] LogOutputStream:75 - [STDERR_REDIRECT] 
2026-03-01 01:52:47,794 [ERROR] LogOutputStream:75 - [STDERR_REDIRECT] [Fatal Error] :1:1: Premature end of file.
2026-03-01 01:52:47,794 [ERROR] LogOutputStream:75 - [STDERR_REDIRECT] 
2026-03-01 01:52:48,790 [ERROR] LogOutputStream:75 - [STDERR_REDIRECT] [Fatal Error] :1:1: Premature end of file.
2026-03-01 01:52:48,790 [ERROR] LogOutputStream:75 - [STDERR_REDIRECT] 
2026-03-01 01:52:49,790 [ERROR] LogOutputStream:75 - [STDERR_REDIRECT] [Fatal Error] :1:1: Premature end of file.
2026-03-01 01:52:49,790 [ERROR] LogOutputStream:75 - [STDERR_REDIRECT] 
2026-03-01 01:52:50,816 [ERROR] LogOutputStream:75 - [STDERR_REDIRECT] [Fatal Error] :1:1: Premature end of file.
2026-03-01 01:52:50,816 [ERROR] LogOutputStream:75 - [STDERR_REDIRECT] 
2026-03-01 01:52:51,784 [ERROR] LogOutputStream:75 - [STDERR_REDIRECT] [Fatal Error] :1:1: Premature end of file.
2026-03-01 01:52:51,784 [ERROR] LogOutputStream:75 - [STDERR_REDIRECT] 
2026-03-01 01:52:52,791 [ERROR] LogOutputStream:75 - [STDERR_REDIRECT] [Fatal Error] :1:1: Premature end of file.
2026-03-01 01:52:52,791 [ERROR] LogOutputStream:75 - [STDERR_REDIRECT] 
2026-03-01 01:52:53,785 [ERROR] LogOutputStream:75 - [STDERR_REDIRECT] [Fatal Error] :1:1: Premature end of file.
2026-03-01 01:52:53,785 [ERROR] LogOutputStream:75 - [STDERR_REDIRECT] 
2026-03-01 01:52:54,784 [ERROR] LogOutputStream:75 - [STDERR_REDIRECT] [Fatal Error] :1:1: Premature end of file.
2026-03-01 01:52:54,784 [ERROR] LogOutputStream:75 - [STDERR_REDIRECT] 
2026-03-01 01:52:55,787 [ERROR] LogOutputStream:75 - [STDERR_REDIRECT] [Fatal Error] :1:1: Premature end of file.
2026-03-01 01:52:55,787 [ERROR] LogOutputStream:75 - [STDERR_REDIRECT] 
2026-03-01 01:52:56,787 [ERROR] LogOutputStream:75 - [STDERR_REDIRECT] [Fatal Error] :1:1: Premature end of file.
2026-03-01 01:52:56,787 [ERROR] LogOutputStream:75 - [STDERR_REDIRECT] 
2026-03-01 01:52:57,784 [ERROR] LogOutputStream:75 - [STDERR_REDIRECT] [Fatal Error] :1:1: Premature end of file.
2026-03-01 01:52:57,784 [ERROR] LogOutputStream:75 - [STDERR_REDIRECT] 
2026-03-01 01:52:58,792 [ERROR] LogOutputStream:75 - [STDERR_REDIRECT] [Fatal Error] :1:1: Premature end of file.
2026-03-01 01:52:58,792 [ERROR] LogOutputStream:75 - [STDERR_REDIRECT] 
2026-03-01 01:52:59,785 [ERROR] LogOutputStream:75 - [STDERR_REDIRECT] [Fatal Error] :1:1: Premature end of file.
2026-03-01 01:52:59,785 [ERROR] LogOutputStream:75 - [STDERR_REDIRECT] 
2026-03-01 01:53:00,796 [ERROR] LogOutputStream:75 - [STDERR_REDIRECT] [Fatal Error] :1:1: Premature end of file.
2026-03-01 01:53:00,796 [ERROR] LogOutputStream:75 - [STDERR_REDIRECT] 
2026-03-01 01:53:01,785 [ERROR] LogOutputStream:75 - [STDERR_REDIRECT] [Fatal Error] :1:1: Premature end of file.
2026-03-01 01:53:01,785 [ERROR] LogOutputStream:75 - [STDERR_REDIRECT] 
2026-03-01 01:53:02,795 [ERROR] LogOutputStream:75 - [STDERR_REDIRECT] [Fatal Error] :1:1: Premature end of file.
2026-03-01 01:53:02,795 [ERROR] LogOutputStream:75 - [STDERR_REDIRECT] 
2026-03-01 01:53:03,781 [ERROR] LogOutputStream:75 - [STDERR_REDIRECT] [Fatal Error] :1:1: Premature end of file.
2026-03-01 01:53:03,781 [ERROR] LogOutputStream:75 - [STDERR_REDIRECT] 
2026-03-01 01:53:04,785 [ERROR] LogOutputStream:75 - [STDERR_REDIRECT] [Fatal Error] :1:1: Premature end of file.
2026-03-01 01:53:04,785 [ERROR] LogOutputStream:75 - [STDERR_REDIRECT] 
2026-03-01 01:53:05,792 [ERROR] LogOutputStream:75 - [STDERR_REDIRECT] [Fatal Error] :1:1: Premature end of file.
2026-03-01 01:53:05,793 [ERROR] LogOutputStream:75 - [STDERR_REDIRECT] 
2026-03-01 01:53:06,784 [ERROR] LogOutputStream:75 - [STDERR_REDIRECT] [Fatal Error] :1:1: Premature end of file.
2026-03-01 01:53:06,784 [ERROR] LogOutputStream:75 - [STDERR_REDIRECT] 
2026-03-01 01:53:07,785 [ERROR] LogOutputStream:75 - [STDERR_REDIRECT] [Fatal Error] :1:1: Premature end of file.
2026-03-01 01:53:07,785 [ERROR] LogOutputStream:75 - [STDERR_REDIRECT] 
2026-03-01 01:53:08,787 [ERROR] LogOutputStream:75 - [STDERR_REDIRECT] [Fatal Error] :1:1: Premature end of file.
2026-03-01 01:53:08,787 [ERROR] LogOutputStream:75 - [STDERR_REDIRECT] 
2026-03-01 01:53:09,786 [ERROR] LogOutputStream:75 - [STDERR_REDIRECT] [Fatal Error] :1:1: Premature end of file.
2026-03-01 01:53:09,786 [ERROR] LogOutputStream:75 - [STDERR_REDIRECT] 
2026-03-01 01:53:10,785 [ERROR] LogOutputStream:75 - [STDERR_REDIRECT] [Fatal Error] :1:1: Premature end of file.
2026-03-01 01:53:10,785 [ERROR] LogOutputStream:75 - [STDERR_REDIRECT] 
2026-03-01 01:53:11,797 [ERROR] LogOutputStream:75 - [STDERR_REDIRECT] [Fatal Error] :1:1: Premature end of file.
2026-03-01 01:53:11,797 [ERROR] LogOutputStream:75 - [STDERR_REDIRECT] 
2026-03-01 01:53:12,801 [ERROR] LogOutputStream:75 - [STDERR_REDIRECT] [Fatal Error] :1:1: Premature end of file.
2026-03-01 01:53:12,801 [ERROR] LogOutputStream:75 - [STDERR_REDIRECT] 
2026-03-01 01:53:13,786 [ERROR] LogOutputStream:75 - [STDERR_REDIRECT] [Fatal Error] :1:1: Premature end of file.
2026-03-01 01:53:13,786 [ERROR] LogOutputStream:75 - [STDERR_REDIRECT] 
2026-03-01 01:53:14,784 [ERROR] LogOutputStream:75 - [STDERR_REDIRECT] [Fatal Error] :1:1: Premature end of file.
2026-03-01 01:53:14,784 [ERROR] LogOutputStream:75 - [STDERR_REDIRECT] 
2026-03-01 01:53:15,787 [ERROR] LogOutputStream:75 - [STDERR_REDIRECT] [Fatal Error] :1:1: Premature end of file.
2026-03-01 01:53:15,787 [ERROR] LogOutputStream:75 - [STDERR_REDIRECT] 
2026-03-01 01:53:16,784 [ERROR] LogOutputStream:75 - [STDERR_REDIRECT] [Fatal Error] :1:1: Premature end of file.
2026-03-01 01:53:16,785 [ERROR] LogOutputStream:75 - [STDERR_REDIRECT] 
2026-03-01 01:53:17,799 [ERROR] LogOutputStream:75 - [STDERR_REDIRECT] [Fatal Error] :1:1: Premature end of file.
2026-03-01 01:53:17,799 [ERROR] LogOutputStream:75 - [STDERR_REDIRECT] 
2026-03-01 01:53:18,783 [ERROR] LogOutputStream:75 - [STDERR_REDIRECT] [Fatal Error] :1:1: Premature end of file.
2026-03-01 01:53:18,783 [ERROR] LogOutputStream:75 - [STDERR_REDIRECT] 
2026-03-01 01:53:19,787 [ERROR] LogOutputStream:75 - [STDERR_REDIRECT] [Fatal Error] :1:1: Premature end of file.
2026-03-01 01:53:19,787 [ERROR] LogOutputStream:75 - [STDERR_REDIRECT] 
2026-03-01 01:53:20,783 [ERROR] LogOutputStream:75 - [STDERR_REDIRECT] [Fatal Error] :1:1: Premature end of file.
2026-03-01 01:53:20,783 [ERROR] LogOutputStream:75 - [STDERR_REDIRECT] 
2026-03-01 01:53:21,783 [ERROR] LogOutputStream:75 - [STDERR_REDIRECT] [Fatal Error] :1:1: Premature end of file.
2026-03-01 01:53:21,783 [ERROR] LogOutputStream:75 - [STDERR_REDIRECT] 
2026-03-01 01:53:22,782 [ERROR] LogOutputStream:75 - [STDERR_REDIRECT] [Fatal Error] :1:1: Premature end of file.
2026-03-01 01:53:22,782 [ERROR] LogOutputStream:75 - [STDERR_REDIRECT] 
2026-03-01 01:53:23,784 [ERROR] LogOutputStream:75 - [STDERR_REDIRECT] [Fatal Error] :1:1: Premature end of file.
2026-03-01 01:53:23,784 [ERROR] LogOutputStream:75 - [STDERR_REDIRECT] 
2026-03-01 01:53:24,784 [ERROR] LogOutputStream:75 - [STDERR_REDIRECT] [Fatal Error] :1:1: Premature end of file.
2026-03-01 01:53:24,784 [ERROR] LogOutputStream:75 - [STDERR_REDIRECT] 
2026-03-01 01:53:25,784 [ERROR] LogOutputStream:75 - [STDERR_REDIRECT] [Fatal Error] :1:1: Premature end of file.
2026-03-01 01:53:25,784 [ERROR] LogOutputStream:75 - [STDERR_REDIRECT] 
2026-03-01 01:53:26,786 [ERROR] LogOutputStream:75 - [STDERR_REDIRECT] [Fatal Error] :1:1: Premature end of file.
2026-03-01 01:53:26,787 [ERROR] LogOutputStream:75 - [STDERR_REDIRECT] 
2026-03-01 01:53:27,785 [ERROR] LogOutputStream:75 - [STDERR_REDIRECT] [Fatal Error] :1:1: Premature end of file.
2026-03-01 01:53:27,785 [ERROR] LogOutputStream:75 - [STDERR_REDIRECT] 
2026-03-01 01:53:28,785 [ERROR] LogOutputStream:75 - [STDERR_REDIRECT] [Fatal Error] :1:1: Premature end of file.
2026-03-01 01:53:28,785 [ERROR] LogOutputStream:75 - [STDERR_REDIRECT] 
2026-03-01 01:53:29,782 [ERROR] LogOutputStream:75 - [STDERR_REDIRECT] [Fatal Error] :1:1: Premature end of file.
2026-03-01 01:53:29,782 [ERROR] LogOutputStream:75 - [STDERR_REDIRECT] 
2026-03-01 01:53:30,784 [ERROR] LogOutputStream:75 - [STDERR_REDIRECT] [Fatal Error] :1:1: Premature end of file.
2026-03-01 01:53:30,784 [ERROR] LogOutputStream:75 - [STDERR_REDIRECT] 
2026-03-01 01:53:31,783 [ERROR] LogOutputStream:75 - [STDERR_REDIRECT] [Fatal Error] :1:1: Premature end of file.
2026-03-01 01:53:31,783 [ERROR] LogOutputStream:75 - [STDERR_REDIRECT] 
2026-03-01 01:53:32,784 [ERROR] LogOutputStream:75 - [STDERR_REDIRECT] [Fatal Error] :1:1: Premature end of file.
2026-03-01 01:53:32,784 [ERROR] LogOutputStream:75 - [STDERR_REDIRECT] 
2026-03-01 01:53:33,785 [ERROR] LogOutputStream:75 - [STDERR_REDIRECT] [Fatal Error] :1:1: Premature end of file.
2026-03-01 01:53:33,785 [ERROR] LogOutputStream:75 - [STDERR_REDIRECT] 
2026-03-01 01:53:34,783 [ERROR] LogOutputStream:75 - [STDERR_REDIRECT] [Fatal Error] :1:1: Premature end of file.
2026-03-01 01:53:34,783 [ERROR] LogOutputStream:75 - [STDERR_REDIRECT] 
2026-03-01 01:53:35,786 [ERROR] LogOutputStream:75 - [STDERR_REDIRECT] [Fatal Error] :1:1: Premature end of file.
2026-03-01 01:53:35,786 [ERROR] LogOutputStream:75 - [STDERR_REDIRECT] 
2026-03-01 01:53:36,785 [ERROR] LogOutputStream:75 - [STDERR_REDIRECT] [Fatal Error] :1:1: Premature end of file.
2026-03-01 01:53:36,785 [ERROR] LogOutputStream:75 - [STDERR_REDIRECT] 
2026-03-01 01:53:37,785 [ERROR] LogOutputStream:75 - [STDERR_REDIRECT] [Fatal Error] :1:1: Premature end of file.
2026-03-01 01:53:37,785 [ERROR] LogOutputStream:75 - [STDERR_REDIRECT] 
2026-03-01 01:53:38,784 [ERROR] LogOutputStream:75 - [STDERR_REDIRECT] [Fatal Error] :1:1: Premature end of file.
2026-03-01 01:53:38,784 [ERROR] LogOutputStream:75 - [STDERR_REDIRECT] 
2026-03-01 01:53:39,787 [ERROR] LogOutputStream:75 - [STDERR_REDIRECT] [Fatal Error] :1:1: Premature end of file.
2026-03-01 01:53:39,787 [ERROR] LogOutputStream:75 - [STDERR_REDIRECT] 
2026-03-01 01:53:40,785 [ERROR] LogOutputStream:75 - [STDERR_REDIRECT] [Fatal Error] :1:1: Premature end of file.
2026-03-01 01:53:40,786 [ERROR] LogOutputStream:75 - [STDERR_REDIRECT] 
2026-03-01 01:53:41,784 [ERROR] LogOutputStream:75 - [STDERR_REDIRECT] [Fatal Error] :1:1: Premature end of file.
2026-03-01 01:53:41,785 [ERROR] LogOutputStream:75 - [STDERR_REDIRECT] 
2026-03-01 01:53:42,786 [ERROR] LogOutputStream:75 - [STDERR_REDIRECT] [Fatal Error] :1:1: Premature end of file.
2026-03-01 01:53:42,787 [ERROR] LogOutputStream:75 - [STDERR_REDIRECT] 
2026-03-01 01:53:43,784 [ERROR] LogOutputStream:75 - [STDERR_REDIRECT] [Fatal Error] :1:1: Premature end of file.
2026-03-01 01:53:43,784 [ERROR] LogOutputStream:75 - [STDERR_REDIRECT] 
2026-03-01 01:53:44,785 [ERROR] LogOutputStream:75 - [STDERR_REDIRECT] [Fatal Error] :1:1: Premature end of file.
2026-03-01 01:53:44,785 [ERROR] LogOutputStream:75 - [STDERR_REDIRECT] 
2026-03-01 01:53:45,784 [ERROR] LogOutputStream:75 - [STDERR_REDIRECT] [Fatal Error] :1:1: Premature end of file.
2026-03-01 01:53:45,784 [ERROR] LogOutputStream:75 - [STDERR_REDIRECT] 
2026-03-01 01:53:46,785 [ERROR] LogOutputStream:75 - [STDERR_REDIRECT] [Fatal Error] :1:1: Premature end of file.
2026-03-01 01:53:46,785 [ERROR] LogOutputStream:75 - [STDERR_REDIRECT] 
2026-03-01 01:53:47,783 [ERROR] LogOutputStream:75 - [STDERR_REDIRECT] [Fatal Error] :1:1: Premature end of file.
2026-03-01 01:53:47,784 [ERROR] LogOutputStream:75 - [STDERR_REDIRECT] 
2026-03-01 01:53:48,786 [ERROR] LogOutputStream:75 - [STDERR_REDIRECT] [Fatal Error] :1:1: Premature end of file.
2026-03-01 01:53:48,786 [ERROR] LogOutputStream:75 - [STDERR_REDIRECT] 
2026-03-01 01:53:49,784 [ERROR] LogOutputStream:75 - [STDERR_REDIRECT] [Fatal Error] :1:1: Premature end of file.
2026-03-01 01:53:49,784 [ERROR] LogOutputStream:75 - [STDERR_REDIRECT] 
2026-03-01 01:53:50,784 [ERROR] LogOutputStream:75 - [STDERR_REDIRECT] [Fatal Error] :1:1: Premature end of file.
2026-03-01 01:53:50,784 [ERROR] LogOutputStream:75 - [STDERR_REDIRECT] 
2026-03-01 01:53:51,784 [ERROR] LogOutputStream:75 - [STDERR_REDIRECT] [Fatal Error] :1:1: Premature end of file.
2026-03-01 01:53:51,784 [ERROR] LogOutputStream:75 - [STDERR_REDIRECT] 
2026-03-01 01:53:52,786 [ERROR] LogOutputStream:75 - [STDERR_REDIRECT] [Fatal Error] :1:1: Premature end of file.
2026-03-01 01:53:52,786 [ERROR] LogOutputStream:75 - [STDERR_REDIRECT] 
2026-03-01 01:53:53,785 [ERROR] LogOutputStream:75 - [STDERR_REDIRECT] [Fatal Error] :1:1: Premature end of file.
2026-03-01 01:53:53,785 [ERROR] LogOutputStream:75 - [STDERR_REDIRECT] 
2026-03-01 01:53:54,785 [ERROR] LogOutputStream:75 - [STDERR_REDIRECT] [Fatal Error] :1:1: Premature end of file.
2026-03-01 01:53:54,785 [ERROR] LogOutputStream:75 - [STDERR_REDIRECT] 
2026-03-01 01:53:55,784 [ERROR] LogOutputStream:75 - [STDERR_REDIRECT] [Fatal Error] :1:1: Premature end of file.
2026-03-01 01:53:55,784 [ERROR] LogOutputStream:75 - [STDERR_REDIRECT] 
2026-03-01 01:53:56,785 [ERROR] LogOutputStream:75 - [STDERR_REDIRECT] [Fatal Error] :1:1: Premature end of file.
2026-03-01 01:53:56,785 [ERROR] LogOutputStream:75 - [STDERR_REDIRECT] 
2026-03-01 01:53:57,783 [ERROR] LogOutputStream:75 - [STDERR_REDIRECT] [Fatal Error] :1:1: Premature end of file.
2026-03-01 01:53:57,783 [ERROR] LogOutputStream:75 - [STDERR_REDIRECT] 
2026-03-01 01:53:58,783 [ERROR] LogOutputStream:75 - [STDERR_REDIRECT] [Fatal Error] :1:1: Premature end of file.
2026-03-01 01:53:58,783 [ERROR] LogOutputStream:75 - [STDERR_REDIRECT] 
2026-03-01 01:53:59,785 [ERROR] LogOutputStream:75 - [STDERR_REDIRECT] [Fatal Error] :1:1: Premature end of file.
2026-03-01 01:53:59,785 [ERROR] LogOutputStream:75 - [STDERR_REDIRECT] 
2026-03-01 01:54:00,784 [ERROR] LogOutputStream:75 - [STDERR_REDIRECT] [Fatal Error] :1:1: Premature end of file.
2026-03-01 01:54:00,784 [ERROR] LogOutputStream:75 - [STDERR_REDIRECT] 
2026-03-01 01:54:01,782 [ERROR] LogOutputStream:75 - [STDERR_REDIRECT] [Fatal Error] :1:1: Premature end of file.
2026-03-01 01:54:01,782 [ERROR] LogOutputStream:75 - [STDERR_REDIRECT] 
2026-03-01 01:54:02,784 [ERROR] LogOutputStream:75 - [STDERR_REDIRECT] [Fatal Error] :1:1: Premature end of file.
2026-03-01 01:54:02,784 [ERROR] LogOutputStream:75 - [STDERR_REDIRECT] 
2026-03-01 01:54:03,785 [ERROR] LogOutputStream:75 - [STDERR_REDIRECT] [Fatal Error] :1:1: Premature end of file.
2026-03-01 01:54:03,786 [ERROR] LogOutputStream:75 - [STDERR_REDIRECT] 
2026-03-01 01:54:04,784 [ERROR] LogOutputStream:75 - [STDERR_REDIRECT] [Fatal Error] :1:1: Premature end of file.
2026-03-01 01:54:04,784 [ERROR] LogOutputStream:75 - [STDERR_REDIRECT] 
2026-03-01 01:54:05,782 [ERROR] LogOutputStream:75 - [STDERR_REDIRECT] [Fatal Error] :1:1: Premature end of file.
2026-03-01 01:54:05,782 [ERROR] LogOutputStream:75 - [STDERR_REDIRECT] 
2026-03-01 01:54:06,786 [ERROR] LogOutputStream:75 - [STDERR_REDIRECT] [Fatal Error] :1:1: Premature end of file.
2026-03-01 01:54:06,786 [ERROR] LogOutputStream:75 - [STDERR_REDIRECT] 
2026-03-01 01:54:07,785 [ERROR] LogOutputStream:75 - [STDERR_REDIRECT] [Fatal Error] :1:1: Premature end of file.
2026-03-01 01:54:07,785 [ERROR] LogOutputStream:75 - [STDERR_REDIRECT] 
2026-03-01 01:54:08,784 [ERROR] LogOutputStream:75 - [STDERR_REDIRECT] [Fatal Error] :1:1: Premature end of file.
2026-03-01 01:54:08,784 [ERROR] LogOutputStream:75 - [STDERR_REDIRECT] 
2026-03-01 01:54:09,785 [ERROR] LogOutputStream:75 - [STDERR_REDIRECT] [Fatal Error] :1:1: Premature end of file.
2026-03-01 01:54:09,785 [ERROR] LogOutputStream:75 - [STDERR_REDIRECT] 
2026-03-01 01:54:10,785 [ERROR] LogOutputStream:75 - [STDERR_REDIRECT] [Fatal Error] :1:1: Premature end of file.
2026-03-01 01:54:10,785 [ERROR] LogOutputStream:75 - [STDERR_REDIRECT] 
2026-03-01 01:54:11,784 [ERROR] LogOutputStream:75 - [STDERR_REDIRECT] [Fatal Error] :1:1: Premature end of file.
2026-03-01 01:54:11,784 [ERROR] LogOutputStream:75 - [STDERR_REDIRECT] 
2026-03-01 01:54:12,785 [ERROR] LogOutputStream:75 - [STDERR_REDIRECT] [Fatal Error] :1:1: Premature end of file.
2026-03-01 01:54:12,785 [ERROR] LogOutputStream:75 - [STDERR_REDIRECT] 
2026-03-01 01:54:13,786 [ERROR] LogOutputStream:75 - [STDERR_REDIRECT] [Fatal Error] :1:1: Premature end of file.
2026-03-01 01:54:13,786 [ERROR] LogOutputStream:75 - [STDERR_REDIRECT] 
2026-03-01 01:54:14,784 [ERROR] LogOutputStream:75 - [STDERR_REDIRECT] [Fatal Error] :1:1: Premature end of file.
2026-03-01 01:54:14,784 [ERROR] LogOutputStream:75 - [STDERR_REDIRECT] 
2026-03-01 01:54:15,784 [ERROR] LogOutputStream:75 - [STDERR_REDIRECT] [Fatal Error] :1:1: Premature end of file.
2026-03-01 01:54:15,784 [ERROR] LogOutputStream:75 - [STDERR_REDIRECT] 
2026-03-01 01:54:16,784 [ERROR] LogOutputStream:75 - [STDERR_REDIRECT] [Fatal Error] :1:1: Premature end of file.
2026-03-01 01:54:16,784 [ERROR] LogOutputStream:75 - [STDERR_REDIRECT] 
2026-03-01 01:54:17,784 [ERROR] LogOutputStream:75 - [STDERR_REDIRECT] [Fatal Error] :1:1: Premature end of file.
2026-03-01 01:54:17,784 [ERROR] LogOutputStream:75 - [STDERR_REDIRECT] 
2026-03-01 01:54:18,784 [ERROR] LogOutputStream:75 - [STDERR_REDIRECT] [Fatal Error] :1:1: Premature end of file.
2026-03-01 01:54:18,784 [ERROR] LogOutputStream:75 - [STDERR_REDIRECT] 
2026-03-01 01:54:19,786 [ERROR] LogOutputStream:75 - [STDERR_REDIRECT] [Fatal Error] :1:1: Premature end of file.
2026-03-01 01:54:19,786 [ERROR] LogOutputStream:75 - [STDERR_REDIRECT] 
2026-03-01 01:54:20,784 [ERROR] LogOutputStream:75 - [STDERR_REDIRECT] [Fatal Error] :1:1: Premature end of file.
2026-03-01 01:54:20,784 [ERROR] LogOutputStream:75 - [STDERR_REDIRECT] 
2026-03-01 01:54:21,788 [ERROR] LogOutputStream:75 - [STDERR_REDIRECT] [Fatal Error] :1:1: Premature end of file.
2026-03-01 01:54:21,788 [ERROR] LogOutputStream:75 - [STDERR_REDIRECT] 
2026-03-01 01:54:22,786 [ERROR] LogOutputStream:75 - [STDERR_REDIRECT] [Fatal Error] :1:1: Premature end of file.
2026-03-01 01:54:22,786 [ERROR] LogOutputStream:75 - [STDERR_REDIRECT] 
2026-03-01 01:54:23,785 [ERROR] LogOutputStream:75 - [STDERR_REDIRECT] [Fatal Error] :1:1: Premature end of file.
2026-03-01 01:54:23,786 [ERROR] LogOutputStream:75 - [STDERR_REDIRECT] 
2026-03-01 01:54:24,785 [ERROR] LogOutputStream:75 - [STDERR_REDIRECT] [Fatal Error] :1:1: Premature end of file.
2026-03-01 01:54:24,785 [ERROR] LogOutputStream:75 - [STDERR_REDIRECT] 
2026-03-01 01:54:25,785 [ERROR] LogOutputStream:75 - [STDERR_REDIRECT] [Fatal Error] :1:1: Premature end of file.
2026-03-01 01:54:25,785 [ERROR] LogOutputStream:75 - [STDERR_REDIRECT] 
2026-03-01 01:54:26,784 [ERROR] LogOutputStream:75 - [STDERR_REDIRECT] [Fatal Error] :1:1: Premature end of file.
2026-03-01 01:54:26,784 [ERROR] LogOutputStream:75 - [STDERR_REDIRECT] 
2026-03-01 01:54:27,784 [ERROR] LogOutputStream:75 - [STDERR_REDIRECT] [Fatal Error] :1:1: Premature end of file.
2026-03-01 01:54:27,784 [ERROR] LogOutputStream:75 - [STDERR_REDIRECT] 
2026-03-01 01:54:28,788 [ERROR] LogOutputStream:75 - [STDERR_REDIRECT] [Fatal Error] :1:1: Premature end of file.
2026-03-01 01:54:28,788 [ERROR] LogOutputStream:75 - [STDERR_REDIRECT] 
2026-03-01 01:54:29,784 [ERROR] LogOutputStream:75 - [STDERR_REDIRECT] [Fatal Error] :1:1: Premature end of file.
2026-03-01 01:54:29,784 [ERROR] LogOutputStream:75 - [STDERR_REDIRECT] 
2026-03-01 01:54:30,785 [ERROR] LogOutputStream:75 - [STDERR_REDIRECT] [Fatal Error] :1:1: Premature end of file.
2026-03-01 01:54:30,786 [ERROR] LogOutputStream:75 - [STDERR_REDIRECT] 
2026-03-01 01:54:31,784 [ERROR] LogOutputStream:75 - [STDERR_REDIRECT] [Fatal Error] :1:1: Premature end of file.
2026-03-01 01:54:31,784 [ERROR] LogOutputStream:75 - [STDERR_REDIRECT] 
2026-03-01 01:54:32,799 [ERROR] LogOutputStream:75 - [STDERR_REDIRECT] [Fatal Error] :1:1: Premature end of file.
2026-03-01 01:54:32,799 [ERROR] LogOutputStream:75 - [STDERR_REDIRECT] 
2026-03-01 01:54:33,784 [ERROR] LogOutputStream:75 - [STDERR_REDIRECT] [Fatal Error] :1:1: Premature end of file.
2026-03-01 01:54:33,785 [ERROR] LogOutputStream:75 - [STDERR_REDIRECT] 
2026-03-01 01:54:34,798 [ERROR] LogOutputStream:75 - [STDERR_REDIRECT] [Fatal Error] :1:1: Premature end of file.
2026-03-01 01:54:34,798 [ERROR] LogOutputStream:75 - [STDERR_REDIRECT] 
2026-03-01 01:54:35,784 [ERROR] LogOutputStream:75 - [STDERR_REDIRECT] [Fatal Error] :1:1: Premature end of file.
2026-03-01 01:54:35,784 [ERROR] LogOutputStream:75 - [STDERR_REDIRECT] 
2026-03-01 01:54:36,784 [ERROR] LogOutputStream:75 - [STDERR_REDIRECT] [Fatal Error] :1:1: Premature end of file.
2026-03-01 01:54:36,785 [ERROR] LogOutputStream:75 - [STDERR_REDIRECT] 
2026-03-01 01:54:37,800 [ERROR] LogOutputStream:75 - [STDERR_REDIRECT] [Fatal Error] :1:1: Premature end of file.
2026-03-01 01:54:37,800 [ERROR] LogOutputStream:75 - [STDERR_REDIRECT] 
2026-03-01 01:54:38,782 [ERROR] LogOutputStream:75 - [STDERR_REDIRECT] [Fatal Error] :1:1: Premature end of file.
2026-03-01 01:54:38,782 [ERROR] LogOutputStream:75 - [STDERR_REDIRECT] 
2026-03-01 01:54:39,784 [ERROR] LogOutputStream:75 - [STDERR_REDIRECT] [Fatal Error] :1:1: Premature end of file.
2026-03-01 01:54:39,784 [ERROR] LogOutputStream:75 - [STDERR_REDIRECT] 
2026-03-01 01:54:40,786 [ERROR] LogOutputStream:75 - [STDERR_REDIRECT] [Fatal Error] :1:1: Premature end of file.
2026-03-01 01:54:40,786 [ERROR] LogOutputStream:75 - [STDERR_REDIRECT] 
2026-03-01 01:54:41,785 [ERROR] LogOutputStream:75 - [STDERR_REDIRECT] [Fatal Error] :1:1: Premature end of file.
2026-03-01 01:54:41,785 [ERROR] LogOutputStream:75 - [STDERR_REDIRECT] 
2026-03-01 01:54:42,792 [ERROR] LogOutputStream:75 - [STDERR_REDIRECT] [Fatal Error] :1:1: Premature end of file.
2026-03-01 01:54:42,792 [ERROR] LogOutputStream:75 - [STDERR_REDIRECT] 
2026-03-01 01:54:43,784 [ERROR] LogOutputStream:75 - [STDERR_REDIRECT] [Fatal Error] :1:1: Premature end of file.
2026-03-01 01:54:43,784 [ERROR] LogOutputStream:75 - [STDERR_REDIRECT] 
2026-03-01 01:54:44,784 [ERROR] LogOutputStream:75 - [STDERR_REDIRECT] [Fatal Error] :1:1: Premature end of file.
2026-03-01 01:54:44,784 [ERROR] LogOutputStream:75 - [STDERR_REDIRECT] 
2026-03-01 01:54:45,791 [ERROR] LogOutputStream:75 - [STDERR_REDIRECT] [Fatal Error] :1:1: Premature end of file.
2026-03-01 01:54:45,791 [ERROR] LogOutputStream:75 - [STDERR_REDIRECT] 
2026-03-01 01:54:46,784 [ERROR] LogOutputStream:75 - [STDERR_REDIRECT] [Fatal Error] :1:1: Premature end of file.
2026-03-01 01:54:46,785 [ERROR] LogOutputStream:75 - [STDERR_REDIRECT] 
2026-03-01 01:54:47,793 [ERROR] LogOutputStream:75 - [STDERR_REDIRECT] [Fatal Error] :1:1: Premature end of file.
2026-03-01 01:54:47,794 [ERROR] LogOutputStream:75 - [STDERR_REDIRECT] 
2026-03-01 01:54:48,784 [ERROR] LogOutputStream:75 - [STDERR_REDIRECT] [Fatal Error] :1:1: Premature end of file.
2026-03-01 01:54:48,784 [ERROR] LogOutputStream:75 - [STDERR_REDIRECT] 
2026-03-01 01:54:49,797 [ERROR] LogOutputStream:75 - [STDERR_REDIRECT] [Fatal Error] :1:1: Premature end of file.
2026-03-01 01:54:49,797 [ERROR] LogOutputStream:75 - [STDERR_REDIRECT] 
2026-03-01 01:54:50,784 [ERROR] LogOutputStream:75 - [STDERR_REDIRECT] [Fatal Error] :1:1: Premature end of file.
2026-03-01 01:54:50,784 [ERROR] LogOutputStream:75 - [STDERR_REDIRECT] 
2026-03-01 01:54:51,786 [ERROR] LogOutputStream:75 - [STDERR_REDIRECT] [Fatal Error] :1:1: Premature end of file.
2026-03-01 01:54:51,786 [ERROR] LogOutputStream:75 - [STDERR_REDIRECT] 
2026-03-01 01:54:52,784 [ERROR] LogOutputStream:75 - [STDERR_REDIRECT] [Fatal Error] :1:1: Premature end of file.
2026-03-01 01:54:52,785 [ERROR] LogOutputStream:75 - [STDERR_REDIRECT] 
2026-03-01 01:54:53,790 [ERROR] LogOutputStream:75 - [STDERR_REDIRECT] [Fatal Error] :1:1: Premature end of file.
2026-03-01 01:54:53,790 [ERROR] LogOutputStream:75 - [STDERR_REDIRECT] 
2026-03-01 01:54:54,784 [ERROR] LogOutputStream:75 - [STDERR_REDIRECT] [Fatal Error] :1:1: Premature end of file.
2026-03-01 01:54:54,784 [ERROR] LogOutputStream:75 - [STDERR_REDIRECT] 
2026-03-01 01:54:55,784 [ERROR] LogOutputStream:75 - [STDERR_REDIRECT] [Fatal Error] :1:1: Premature end of file.
2026-03-01 01:54:55,784 [ERROR] LogOutputStream:75 - [STDERR_REDIRECT] 
2026-03-01 01:54:56,787 [ERROR] LogOutputStream:75 - [STDERR_REDIRECT] [Fatal Error] :1:1: Premature end of file.
2026-03-01 01:54:56,787 [ERROR] LogOutputStream:75 - [STDERR_REDIRECT] 
2026-03-01 01:54:57,784 [ERROR] LogOutputStream:75 - [STDERR_REDIRECT] [Fatal Error] :1:1: Premature end of file.
2026-03-01 01:54:57,784 [ERROR] LogOutputStream:75 - [STDERR_REDIRECT] 
2026-03-01 01:54:58,795 [ERROR] LogOutputStream:75 - [STDERR_REDIRECT] [Fatal Error] :1:1: Premature end of file.
2026-03-01 01:54:58,795 [ERROR] LogOutputStream:75 - [STDERR_REDIRECT] 
2026-03-01 01:54:59,785 [ERROR] LogOutputStream:75 - [STDERR_REDIRECT] [Fatal Error] :1:1: Premature end of file.
2026-03-01 01:54:59,785 [ERROR] LogOutputStream:75 - [STDERR_REDIRECT] 
2026-03-01 01:55:00,800 [ERROR] LogOutputStream:75 - [STDERR_REDIRECT] [Fatal Error] :1:1: Premature end of file.
2026-03-01 01:55:00,800 [ERROR] LogOutputStream:75 - [STDERR_REDIRECT] 
2026-03-01 01:55:01,784 [ERROR] LogOutputStream:75 - [STDERR_REDIRECT] [Fatal Error] :1:1: Premature end of file.
2026-03-01 01:55:01,784 [ERROR] LogOutputStream:75 - [STDERR_REDIRECT] 
2026-03-01 01:55:02,783 [ERROR] LogOutputStream:75 - [STDERR_REDIRECT] [Fatal Error] :1:1: Premature end of file.
2026-03-01 01:55:02,783 [ERROR] LogOutputStream:75 - [STDERR_REDIRECT] 
2026-03-01 01:55:03,788 [ERROR] LogOutputStream:75 - [STDERR_REDIRECT] [Fatal Error] :1:1: Premature end of file.
2026-03-01 01:55:03,788 [ERROR] LogOutputStream:75 - [STDERR_REDIRECT] 
2026-03-01 01:55:04,785 [ERROR] LogOutputStream:75 - [STDERR_REDIRECT] [Fatal Error] :1:1: Premature end of file.
2026-03-01 01:55:04,785 [ERROR] LogOutputStream:75 - [STDERR_REDIRECT] 
2026-03-01 01:55:05,784 [ERROR] LogOutputStream:75 - [STDERR_REDIRECT] [Fatal Error] :1:1: Premature end of file.
2026-03-01 01:55:05,785 [ERROR] LogOutputStream:75 - [STDERR_REDIRECT] 
2026-03-01 01:55:06,794 [ERROR] LogOutputStream:75 - [STDERR_REDIRECT] [Fatal Error] :1:1: Premature end of file.
2026-03-01 01:55:06,794 [ERROR] LogOutputStream:75 - [STDERR_REDIRECT] 
2026-03-01 01:55:07,784 [ERROR] LogOutputStream:75 - [STDERR_REDIRECT] [Fatal Error] :1:1: Premature end of file.
2026-03-01 01:55:07,785 [ERROR] LogOutputStream:75 - [STDERR_REDIRECT] 
2026-03-01 01:55:08,791 [ERROR] LogOutputStream:75 - [STDERR_REDIRECT] [Fatal Error] :1:1: Premature end of file.
2026-03-01 01:55:08,791 [ERROR] LogOutputStream:75 - [STDERR_REDIRECT] 
2026-03-01 01:55:09,785 [ERROR] LogOutputStream:75 - [STDERR_REDIRECT] [Fatal Error] :1:1: Premature end of file.
2026-03-01 01:55:09,785 [ERROR] LogOutputStream:75 - [STDERR_REDIRECT] 
2026-03-01 01:55:10,802 [ERROR] LogOutputStream:75 - [STDERR_REDIRECT] [Fatal Error] :1:1: Premature end of file.
2026-03-01 01:55:10,802 [ERROR] LogOutputStream:75 - [STDERR_REDIRECT] 
2026-03-01 01:55:11,786 [ERROR] LogOutputStream:75 - [STDERR_REDIRECT] [Fatal Error] :1:1: Premature end of file.
2026-03-01 01:55:11,786 [ERROR] LogOutputStream:75 - [STDERR_REDIRECT] 
2026-03-01 01:55:12,784 [ERROR] LogOutputStream:75 - [STDERR_REDIRECT] [Fatal Error] :1:1: Premature end of file.
2026-03-01 01:55:12,784 [ERROR] LogOutputStream:75 - [STDERR_REDIRECT] 
2026-03-01 01:55:13,792 [ERROR] LogOutputStream:75 - [STDERR_REDIRECT] [Fatal Error] :1:1: Premature end of file.
2026-03-01 01:55:13,792 [ERROR] LogOutputStream:75 - [STDERR_REDIRECT] 
2026-03-01 01:55:14,784 [ERROR] LogOutputStream:75 - [STDERR_REDIRECT] [Fatal Error] :1:1: Premature end of file.
2026-03-01 01:55:14,784 [ERROR] LogOutputStream:75 - [STDERR_REDIRECT] 
2026-03-01 01:55:15,792 [ERROR] LogOutputStream:75 - [STDERR_REDIRECT] [Fatal Error] :1:1: Premature end of file.
2026-03-01 01:55:15,792 [ERROR] LogOutputStream:75 - [STDERR_REDIRECT] 
2026-03-01 01:55:16,783 [ERROR] LogOutputStream:75 - [STDERR_REDIRECT] [Fatal Error] :1:1: Premature end of file.
2026-03-01 01:55:16,783 [ERROR] LogOutputStream:75 - [STDERR_REDIRECT] 
2026-03-01 01:55:17,785 [ERROR] LogOutputStream:75 - [STDERR_REDIRECT] [Fatal Error] :1:1: Premature end of file.
2026-03-01 01:55:17,785 [ERROR] LogOutputStream:75 - [STDERR_REDIRECT] 
2026-03-01 01:55:18,785 [ERROR] LogOutputStream:75 - [STDERR_REDIRECT] [Fatal Error] :1:1: Premature end of file.
2026-03-01 01:55:18,785 [ERROR] LogOutputStream:75 - [STDERR_REDIRECT] 
2026-03-01 01:55:19,785 [ERROR] LogOutputStream:75 - [STDERR_REDIRECT] [Fatal Error] :1:1: Premature end of file.
2026-03-01 01:55:19,785 [ERROR] LogOutputStream:75 - [STDERR_REDIRECT] 
2026-03-01 01:55:20,781 [ERROR] LogOutputStream:75 - [STDERR_REDIRECT] [Fatal Error] :1:1: Premature end of file.
2026-03-01 01:55:20,781 [ERROR] LogOutputStream:75 - [STDERR_REDIRECT] 
2026-03-01 01:55:21,782 [ERROR] LogOutputStream:75 - [STDERR_REDIRECT] [Fatal Error] :1:1: Premature end of file.
2026-03-01 01:55:21,782 [ERROR] LogOutputStream:75 - [STDERR_REDIRECT] 
2026-03-01 01:55:22,786 [ERROR] LogOutputStream:75 - [STDERR_REDIRECT] [Fatal Error] :1:1: Premature end of file.
2026-03-01 01:55:22,786 [ERROR] LogOutputStream:75 - [STDERR_REDIRECT] 
2026-03-01 01:55:23,784 [ERROR] LogOutputStream:75 - [STDERR_REDIRECT] [Fatal Error] :1:1: Premature end of file.
2026-03-01 01:55:23,784 [ERROR] LogOutputStream:75 - [STDERR_REDIRECT] 
2026-03-01 01:55:24,785 [ERROR] LogOutputStream:75 - [STDERR_REDIRECT] [Fatal Error] :1:1: Premature end of file.
2026-03-01 01:55:24,785 [ERROR] LogOutputStream:75 - [STDERR_REDIRECT] 
2026-03-01 01:55:25,787 [ERROR] LogOutputStream:75 - [STDERR_REDIRECT] [Fatal Error] :1:1: Premature end of file.
2026-03-01 01:55:25,788 [ERROR] LogOutputStream:75 - [STDERR_REDIRECT] 
2026-03-01 01:55:26,786 [ERROR] LogOutputStream:75 - [STDERR_REDIRECT] [Fatal Error] :1:1: Premature end of file.
2026-03-01 01:55:26,786 [ERROR] LogOutputStream:75 - [STDERR_REDIRECT] 
2026-03-01 01:55:27,784 [ERROR] LogOutputStream:75 - [STDERR_REDIRECT] [Fatal Error] :1:1: Premature end of file.
2026-03-01 01:55:27,784 [ERROR] LogOutputStream:75 - [STDERR_REDIRECT] 
2026-03-01 01:55:28,786 [ERROR] LogOutputStream:75 - [STDERR_REDIRECT] [Fatal Error] :1:1: Premature end of file.
2026-03-01 01:55:28,786 [ERROR] LogOutputStream:75 - [STDERR_REDIRECT] 
2026-03-01 01:55:29,784 [ERROR] LogOutputStream:75 - [STDERR_REDIRECT] [Fatal Error] :1:1: Premature end of file.
2026-03-01 01:55:29,784 [ERROR] LogOutputStream:75 - [STDERR_REDIRECT] 
2026-03-01 01:55:30,785 [ERROR] LogOutputStream:75 - [STDERR_REDIRECT] [Fatal Error] :1:1: Premature end of file.
2026-03-01 01:55:30,785 [ERROR] LogOutputStream:75 - [STDERR_REDIRECT] 
2026-03-01 01:55:31,792 [ERROR] LogOutputStream:75 - [STDERR_REDIRECT] [Fatal Error] :1:1: Premature end of file.
2026-03-01 01:55:31,792 [ERROR] LogOutputStream:75 - [STDERR_REDIRECT] 
2026-03-01 01:55:32,785 [ERROR] LogOutputStream:75 - [STDERR_REDIRECT] [Fatal Error] :1:1: Premature end of file.
2026-03-01 01:55:32,785 [ERROR] LogOutputStream:75 - [STDERR_REDIRECT] 
2026-03-01 01:55:33,785 [ERROR] LogOutputStream:75 - [STDERR_REDIRECT] [Fatal Error] :1:1: Premature end of file.
2026-03-01 01:55:33,785 [ERROR] LogOutputStream:75 - [STDERR_REDIRECT] 
2026-03-01 01:55:34,785 [ERROR] LogOutputStream:75 - [STDERR_REDIRECT] [Fatal Error] :1:1: Premature end of file.
2026-03-01 01:55:34,785 [ERROR] LogOutputStream:75 - [STDERR_REDIRECT] 
2026-03-01 01:55:35,786 [ERROR] LogOutputStream:75 - [STDERR_REDIRECT] [Fatal Error] :1:1: Premature end of file.
2026-03-01 01:55:35,786 [ERROR] LogOutputStream:75 - [STDERR_REDIRECT] 
2026-03-01 01:55:36,784 [ERROR] LogOutputStream:75 - [STDERR_REDIRECT] [Fatal Error] :1:1: Premature end of file.
2026-03-01 01:55:36,784 [ERROR] LogOutputStream:75 - [STDERR_REDIRECT] 
2026-03-01 01:55:37,792 [ERROR] LogOutputStream:75 - [STDERR_REDIRECT] [Fatal Error] :1:1: Premature end of file.
2026-03-01 01:55:37,792 [ERROR] LogOutputStream:75 - [STDERR_REDIRECT] 
2026-03-01 01:55:38,789 [ERROR] LogOutputStream:75 - [STDERR_REDIRECT] [Fatal Error] :1:1: Premature end of file.
2026-03-01 01:55:38,790 [ERROR] LogOutputStream:75 - [STDERR_REDIRECT] 
2026-03-01 01:55:39,785 [ERROR] LogOutputStream:75 - [STDERR_REDIRECT] [Fatal Error] :1:1: Premature end of file.
2026-03-01 01:55:39,785 [ERROR] LogOutputStream:75 - [STDERR_REDIRECT] 
2026-03-01 01:55:40,792 [ERROR] LogOutputStream:75 - [STDERR_REDIRECT] [Fatal Error] :1:1: Premature end of file.
2026-03-01 01:55:40,792 [ERROR] LogOutputStream:75 - [STDERR_REDIRECT] 
2026-03-01 01:55:41,783 [ERROR] LogOutputStream:75 - [STDERR_REDIRECT] [Fatal Error] :1:1: Premature end of file.
2026-03-01 01:55:41,783 [ERROR] LogOutputStream:75 - [STDERR_REDIRECT] 
2026-03-01 01:55:42,784 [ERROR] LogOutputStream:75 - [STDERR_REDIRECT] [Fatal Error] :1:1: Premature end of file.
2026-03-01 01:55:42,784 [ERROR] LogOutputStream:75 - [STDERR_REDIRECT] 
2026-03-01 01:55:43,793 [ERROR] LogOutputStream:75 - [STDERR_REDIRECT] [Fatal Error] :1:1: Premature end of file.
2026-03-01 01:55:43,793 [ERROR] LogOutputStream:75 - [STDERR_REDIRECT] 
2026-03-01 01:55:44,785 [ERROR] LogOutputStream:75 - [STDERR_REDIRECT] [Fatal Error] :1:1: Premature end of file.
2026-03-01 01:55:44,785 [ERROR] LogOutputStream:75 - [STDERR_REDIRECT] 
2026-03-01 01:55:45,785 [ERROR] LogOutputStream:75 - [STDERR_REDIRECT] [Fatal Error] :1:1: Premature end of file.
2026-03-01 01:55:45,785 [ERROR] LogOutputStream:75 - [STDERR_REDIRECT] 
2026-03-01 01:55:46,787 [ERROR] LogOutputStream:75 - [STDERR_REDIRECT] [Fatal Error] :1:1: Premature end of file.
2026-03-01 01:55:46,787 [ERROR] LogOutputStream:75 - [STDERR_REDIRECT] 
2026-03-01 01:55:47,784 [ERROR] LogOutputStream:75 - [STDERR_REDIRECT] [Fatal Error] :1:1: Premature end of file.
2026-03-01 01:55:47,784 [ERROR] LogOutputStream:75 - [STDERR_REDIRECT] 
2026-03-01 01:55:48,787 [ERROR] LogOutputStream:75 - [STDERR_REDIRECT] [Fatal Error] :1:1: Premature end of file.
2026-03-01 01:55:48,787 [ERROR] LogOutputStream:75 - [STDERR_REDIRECT] 
2026-03-01 01:55:49,786 [ERROR] LogOutputStream:75 - [STDERR_REDIRECT] [Fatal Error] :1:1: Premature end of file.
2026-03-01 01:55:49,786 [ERROR] LogOutputStream:75 - [STDERR_REDIRECT] 
2026-03-01 01:55:50,785 [ERROR] LogOutputStream:75 - [STDERR_REDIRECT] [Fatal Error] :1:1: Premature end of file.
2026-03-01 01:55:50,785 [ERROR] LogOutputStream:75 - [STDERR_REDIRECT] 
2026-03-01 01:55:51,790 [ERROR] LogOutputStream:75 - [STDERR_REDIRECT] [Fatal Error] :1:1: Premature end of file.
2026-03-01 01:55:51,790 [ERROR] LogOutputStream:75 - [STDERR_REDIRECT] 
2026-03-01 01:55:52,782 [ERROR] LogOutputStream:75 - [STDERR_REDIRECT] [Fatal Error] :1:1: Premature end of file.
2026-03-01 01:55:52,782 [ERROR] LogOutputStream:75 - [STDERR_REDIRECT] 
2026-03-01 01:55:53,785 [ERROR] LogOutputStream:75 - [STDERR_REDIRECT] [Fatal Error] :1:1: Premature end of file.
2026-03-01 01:55:53,785 [ERROR] LogOutputStream:75 - [STDERR_REDIRECT] 
2026-03-01 01:55:54,785 [ERROR] LogOutputStream:75 - [STDERR_REDIRECT] [Fatal Error] :1:1: Premature end of file.
2026-03-01 01:55:54,785 [ERROR] LogOutputStream:75 - [STDERR_REDIRECT] 
2026-03-01 01:55:55,798 [ERROR] LogOutputStream:75 - [STDERR_REDIRECT] [Fatal Error] :1:1: Premature end of file.
2026-03-01 01:55:55,798 [ERROR] LogOutputStream:75 - [STDERR_REDIRECT] 
2026-03-01 01:55:56,785 [ERROR] LogOutputStream:75 - [STDERR_REDIRECT] [Fatal Error] :1:1: Premature end of file.
2026-03-01 01:55:56,785 [ERROR] LogOutputStream:75 - [STDERR_REDIRECT] 
2026-03-01 01:55:57,785 [ERROR] LogOutputStream:75 - [STDERR_REDIRECT] [Fatal Error] :1:1: Premature end of file.
2026-03-01 01:55:57,785 [ERROR] LogOutputStream:75 - [STDERR_REDIRECT] 
2026-03-01 01:55:58,787 [ERROR] LogOutputStream:75 - [STDERR_REDIRECT] [Fatal Error] :1:1: Premature end of file.
2026-03-01 01:55:58,787 [ERROR] LogOutputStream:75 - [STDERR_REDIRECT] 
2026-03-01 01:55:59,784 [ERROR] LogOutputStream:75 - [STDERR_REDIRECT] [Fatal Error] :1:1: Premature end of file.
2026-03-01 01:55:59,785 [ERROR] LogOutputStream:75 - [STDERR_REDIRECT] 
2026-03-01 01:56:00,842 [ERROR] LogOutputStream:75 - [STDERR_REDIRECT] [Fatal Error] :1:1: Premature end of file.
2026-03-01 01:56:00,843 [ERROR] LogOutputStream:75 - [STDERR_REDIRECT] 
2026-03-01 01:56:01,784 [ERROR] LogOutputStream:75 - [STDERR_REDIRECT] [Fatal Error] :1:1: Premature end of file.
2026-03-01 01:56:01,784 [ERROR] LogOutputStream:75 - [STDERR_REDIRECT] 
2026-03-01 01:56:02,789 [ERROR] LogOutputStream:75 - [STDERR_REDIRECT] [Fatal Error] :1:1: Premature end of file.
2026-03-01 01:56:02,789 [ERROR] LogOutputStream:75 - [STDERR_REDIRECT] 
2026-03-01 01:56:03,782 [ERROR] LogOutputStream:75 - [STDERR_REDIRECT] [Fatal Error] :1:1: Premature end of file.
2026-03-01 01:56:03,782 [ERROR] LogOutputStream:75 - [STDERR_REDIRECT] 
2026-03-01 01:56:04,784 [ERROR] LogOutputStream:75 - [STDERR_REDIRECT] [Fatal Error] :1:1: Premature end of file.
2026-03-01 01:56:04,784 [ERROR] LogOutputStream:75 - [STDERR_REDIRECT] 
2026-03-01 01:56:05,784 [ERROR] LogOutputStream:75 - [STDERR_REDIRECT] [Fatal Error] :1:1: Premature end of file.
2026-03-01 01:56:05,784 [ERROR] LogOutputStream:75 - [STDERR_REDIRECT] 
2026-03-01 01:56:06,786 [ERROR] LogOutputStream:75 - [STDERR_REDIRECT] [Fatal Error] :1:1: Premature end of file.
2026-03-01 01:56:06,786 [ERROR] LogOutputStream:75 - [STDERR_REDIRECT] 
2026-03-01 01:56:07,784 [ERROR] LogOutputStream:75 - [STDERR_REDIRECT] [Fatal Error] :1:1: Premature end of file.
2026-03-01 01:56:07,784 [ERROR] LogOutputStream:75 - [STDERR_REDIRECT] 
2026-03-01 01:56:08,791 [ERROR] LogOutputStream:75 - [STDERR_REDIRECT] [Fatal Error] :1:1: Premature end of file.
2026-03-01 01:56:08,792 [ERROR] LogOutputStream:75 - [STDERR_REDIRECT] 
2026-03-01 01:56:09,784 [ERROR] LogOutputStream:75 - [STDERR_REDIRECT] [Fatal Error] :1:1: Premature end of file.
2026-03-01 01:56:09,784 [ERROR] LogOutputStream:75 - [STDERR_REDIRECT] 
2026-03-01 01:56:10,784 [ERROR] LogOutputStream:75 - [STDERR_REDIRECT] [Fatal Error] :1:1: Premature end of file.
2026-03-01 01:56:10,784 [ERROR] LogOutputStream:75 - [STDERR_REDIRECT] 
2026-03-01 01:56:11,782 [ERROR] LogOutputStream:75 - [STDERR_REDIRECT] [Fatal Error] :1:1: Premature end of file.
2026-03-01 01:56:11,782 [ERROR] LogOutputStream:75 - [STDERR_REDIRECT] 
2026-03-01 01:56:12,787 [ERROR] LogOutputStream:75 - [STDERR_REDIRECT] [Fatal Error] :1:1: Premature end of file.
2026-03-01 01:56:12,787 [ERROR] LogOutputStream:75 - [STDERR_REDIRECT] 
2026-03-01 01:56:13,783 [ERROR] LogOutputStream:75 - [STDERR_REDIRECT] [Fatal Error] :1:1: Premature end of file.
2026-03-01 01:56:13,783 [ERROR] LogOutputStream:75 - [STDERR_REDIRECT] 
2026-03-01 01:56:14,785 [ERROR] LogOutputStream:75 - [STDERR_REDIRECT] [Fatal Error] :1:1: Premature end of file.
2026-03-01 01:56:14,785 [ERROR] LogOutputStream:75 - [STDERR_REDIRECT] 
2026-03-01 01:56:15,785 [ERROR] LogOutputStream:75 - [STDERR_REDIRECT] [Fatal Error] :1:1: Premature end of file.
2026-03-01 01:56:15,785 [ERROR] LogOutputStream:75 - [STDERR_REDIRECT] 
2026-03-01 01:56:16,786 [ERROR] LogOutputStream:75 - [STDERR_REDIRECT] [Fatal Error] :1:1: Premature end of file.
2026-03-01 01:56:16,786 [ERROR] LogOutputStream:75 - [STDERR_REDIRECT] 
2026-03-01 01:56:17,785 [ERROR] LogOutputStream:75 - [STDERR_REDIRECT] [Fatal Error] :1:1: Premature end of file.
2026-03-01 01:56:17,785 [ERROR] LogOutputStream:75 - [STDERR_REDIRECT] 
2026-03-01 01:56:18,786 [ERROR] LogOutputStream:75 - [STDERR_REDIRECT] [Fatal Error] :1:1: Premature end of file.
2026-03-01 01:56:18,786 [ERROR] LogOutputStream:75 - [STDERR_REDIRECT] 
2026-03-01 01:56:19,785 [ERROR] LogOutputStream:75 - [STDERR_REDIRECT] [Fatal Error] :1:1: Premature end of file.
2026-03-01 01:56:19,785 [ERROR] LogOutputStream:75 - [STDERR_REDIRECT] 
2026-03-01 01:56:20,785 [ERROR] LogOutputStream:75 - [STDERR_REDIRECT] [Fatal Error] :1:1: Premature end of file.
2026-03-01 01:56:20,785 [ERROR] LogOutputStream:75 - [STDERR_REDIRECT] 
2026-03-01 01:56:21,786 [ERROR] LogOutputStream:75 - [STDERR_REDIRECT] [Fatal Error] :1:1: Premature end of file.
2026-03-01 01:56:21,786 [ERROR] LogOutputStream:75 - [STDERR_REDIRECT] 
2026-03-01 01:56:22,785 [ERROR] LogOutputStream:75 - [STDERR_REDIRECT] [Fatal Error] :1:1: Premature end of file.
2026-03-01 01:56:22,785 [ERROR] LogOutputStream:75 - [STDERR_REDIRECT] 
2026-03-01 01:56:23,786 [ERROR] LogOutputStream:75 - [STDERR_REDIRECT] [Fatal Error] :1:1: Premature end of file.
2026-03-01 01:56:23,786 [ERROR] LogOutputStream:75 - [STDERR_REDIRECT] 
2026-03-01 01:56:24,785 [ERROR] LogOutputStream:75 - [STDERR_REDIRECT] [Fatal Error] :1:1: Premature end of file.
2026-03-01 01:56:24,785 [ERROR] LogOutputStream:75 - [STDERR_REDIRECT] 
2026-03-01 01:56:25,784 [ERROR] LogOutputStream:75 - [STDERR_REDIRECT] [Fatal Error] :1:1: Premature end of file.
2026-03-01 01:56:25,784 [ERROR] LogOutputStream:75 - [STDERR_REDIRECT] 
2026-03-01 01:56:26,793 [ERROR] LogOutputStream:75 - [STDERR_REDIRECT] [Fatal Error] :1:1: Premature end of file.
2026-03-01 01:56:26,793 [ERROR] LogOutputStream:75 - [STDERR_REDIRECT] 
2026-03-01 01:56:27,785 [ERROR] LogOutputStream:75 - [STDERR_REDIRECT] [Fatal Error] :1:1: Premature end of file.
2026-03-01 01:56:27,785 [ERROR] LogOutputStream:75 - [STDERR_REDIRECT] 
2026-03-01 01:56:28,784 [ERROR] LogOutputStream:75 - [STDERR_REDIRECT] [Fatal Error] :1:1: Premature end of file.
2026-03-01 01:56:28,785 [ERROR] LogOutputStream:75 - [STDERR_REDIRECT] 
2026-03-01 01:56:29,789 [ERROR] LogOutputStream:75 - [STDERR_REDIRECT] [Fatal Error] :1:1: Premature end of file.
2026-03-01 01:56:29,789 [ERROR] LogOutputStream:75 - [STDERR_REDIRECT] 
2026-03-01 01:56:30,784 [ERROR] LogOutputStream:75 - [STDERR_REDIRECT] [Fatal Error] :1:1: Premature end of file.
2026-03-01 01:56:30,784 [ERROR] LogOutputStream:75 - [STDERR_REDIRECT] 
2026-03-01 01:56:31,794 [ERROR] LogOutputStream:75 - [STDERR_REDIRECT] [Fatal Error] :1:1: Premature end of file.
2026-03-01 01:56:31,794 [ERROR] LogOutputStream:75 - [STDERR_REDIRECT] 
2026-03-01 01:56:32,786 [ERROR] LogOutputStream:75 - [STDERR_REDIRECT] [Fatal Error] :1:1: Premature end of file.
2026-03-01 01:56:32,786 [ERROR] LogOutputStream:75 - [STDERR_REDIRECT] 
2026-03-01 01:56:33,785 [ERROR] LogOutputStream:75 - [STDERR_REDIRECT] [Fatal Error] :1:1: Premature end of file.
2026-03-01 01:56:33,786 [ERROR] LogOutputStream:75 - [STDERR_REDIRECT] 
2026-03-01 01:56:34,785 [ERROR] LogOutputStream:75 - [STDERR_REDIRECT] [Fatal Error] :1:1: Premature end of file.
2026-03-01 01:56:34,785 [ERROR] LogOutputStream:75 - [STDERR_REDIRECT] 
2026-03-01 01:56:35,785 [ERROR] LogOutputStream:75 - [STDERR_REDIRECT] [Fatal Error] :1:1: Premature end of file.
2026-03-01 01:56:35,785 [ERROR] LogOutputStream:75 - [STDERR_REDIRECT] 
2026-03-01 01:56:36,785 [ERROR] LogOutputStream:75 - [STDERR_REDIRECT] [Fatal Error] :1:1: Premature end of file.
2026-03-01 01:56:36,785 [ERROR] LogOutputStream:75 - [STDERR_REDIRECT] 
2026-03-01 01:56:37,786 [ERROR] LogOutputStream:75 - [STDERR_REDIRECT] [Fatal Error] :1:1: Premature end of file.
2026-03-01 01:56:37,786 [ERROR] LogOutputStream:75 - [STDERR_REDIRECT] 
2026-03-01 01:56:38,784 [ERROR] LogOutputStream:75 - [STDERR_REDIRECT] [Fatal Error] :1:1: Premature end of file.
2026-03-01 01:56:38,784 [ERROR] LogOutputStream:75 - [STDERR_REDIRECT] 
2026-03-01 01:56:39,787 [ERROR] LogOutputStream:75 - [STDERR_REDIRECT] [Fatal Error] :1:1: Premature end of file.
2026-03-01 01:56:39,788 [ERROR] LogOutputStream:75 - [STDERR_REDIRECT] 
2026-03-01 01:56:40,785 [ERROR] LogOutputStream:75 - [STDERR_REDIRECT] [Fatal Error] :1:1: Premature end of file.
2026-03-01 01:56:40,785 [ERROR] LogOutputStream:75 - [STDERR_REDIRECT] 
2026-03-01 01:56:41,788 [ERROR] LogOutputStream:75 - [STDERR_REDIRECT] [Fatal Error] :1:1: Premature end of file.
2026-03-01 01:56:41,788 [ERROR] LogOutputStream:75 - [STDERR_REDIRECT] 
2026-03-01 01:56:42,784 [ERROR] LogOutputStream:75 - [STDERR_REDIRECT] [Fatal Error] :1:1: Premature end of file.
2026-03-01 01:56:42,784 [ERROR] LogOutputStream:75 - [STDERR_REDIRECT] 
2026-03-01 01:56:43,826 [ERROR] LogOutputStream:75 - [STDERR_REDIRECT] [Fatal Error] :1:1: Premature end of file.
2026-03-01 01:56:43,827 [ERROR] LogOutputStream:75 - [STDERR_REDIRECT] 
2026-03-01 01:56:44,784 [ERROR] LogOutputStream:75 - [STDERR_REDIRECT] [Fatal Error] :1:1: Premature end of file.
2026-03-01 01:56:44,784 [ERROR] LogOutputStream:75 - [STDERR_REDIRECT] 
2026-03-01 01:56:45,782 [ERROR] LogOutputStream:75 - [STDERR_REDIRECT] [Fatal Error] :1:1: Premature end of file.
2026-03-01 01:56:45,782 [ERROR] LogOutputStream:75 - [STDERR_REDIRECT] 
2026-03-01 01:56:46,785 [ERROR] LogOutputStream:75 - [STDERR_REDIRECT] [Fatal Error] :1:1: Premature end of file.
2026-03-01 01:56:46,785 [ERROR] LogOutputStream:75 - [STDERR_REDIRECT] 
2026-03-01 01:56:47,784 [ERROR] LogOutputStream:75 - [STDERR_REDIRECT] [Fatal Error] :1:1: Premature end of file.
2026-03-01 01:56:47,784 [ERROR] LogOutputStream:75 - [STDERR_REDIRECT] 
2026-03-01 01:56:48,796 [ERROR] LogOutputStream:75 - [STDERR_REDIRECT] [Fatal Error] :1:1: Premature end of file.
2026-03-01 01:56:48,796 [ERROR] LogOutputStream:75 - [STDERR_REDIRECT] 
2026-03-01 01:56:49,822 [ERROR] LogOutputStream:75 - [STDERR_REDIRECT] [Fatal Error] :1:1: Premature end of file.
2026-03-01 01:56:49,822 [ERROR] LogOutputStream:75 - [STDERR_REDIRECT] 
2026-03-01 01:56:50,784 [ERROR] LogOutputStream:75 - [STDERR_REDIRECT] [Fatal Error] :1:1: Premature end of file.
2026-03-01 01:56:50,785 [ERROR] LogOutputStream:75 - [STDERR_REDIRECT] 
2026-03-01 01:56:51,795 [ERROR] LogOutputStream:75 - [STDERR_REDIRECT] [Fatal Error] :1:1: Premature end of file.
2026-03-01 01:56:51,795 [ERROR] LogOutputStream:75 - [STDERR_REDIRECT] 
2026-03-01 01:56:52,797 [ERROR] LogOutputStream:75 - [STDERR_REDIRECT] [Fatal Error] :1:1: Premature end of file.
2026-03-01 01:56:52,797 [ERROR] LogOutputStream:75 - [STDERR_REDIRECT] 
2026-03-01 01:56:53,785 [ERROR] LogOutputStream:75 - [STDERR_REDIRECT] [Fatal Error] :1:1: Premature end of file.
2026-03-01 01:56:53,785 [ERROR] LogOutputStream:75 - [STDERR_REDIRECT] 
2026-03-01 01:56:54,784 [ERROR] LogOutputStream:75 - [STDERR_REDIRECT] [Fatal Error] :1:1: Premature end of file.
2026-03-01 01:56:54,784 [ERROR] LogOutputStream:75 - [STDERR_REDIRECT] 
2026-03-01 01:56:55,797 [ERROR] LogOutputStream:75 - [STDERR_REDIRECT] [Fatal Error] :1:1: Premature end of file.
2026-03-01 01:56:55,798 [ERROR] LogOutputStream:75 - [STDERR_REDIRECT] 
2026-03-01 01:56:56,786 [ERROR] LogOutputStream:75 - [STDERR_REDIRECT] [Fatal Error] :1:1: Premature end of file.
2026-03-01 01:56:56,786 [ERROR] LogOutputStream:75 - [STDERR_REDIRECT] 
2026-03-01 01:56:57,786 [ERROR] LogOutputStream:75 - [STDERR_REDIRECT] [Fatal Error] :1:1: Premature end of file.
2026-03-01 01:56:57,786 [ERROR] LogOutputStream:75 - [STDERR_REDIRECT] 
2026-03-01 01:56:58,792 [ERROR] LogOutputStream:75 - [STDERR_REDIRECT] [Fatal Error] :1:1: Premature end of file.
2026-03-01 01:56:58,792 [ERROR] LogOutputStream:75 - [STDERR_REDIRECT] 
2026-03-01 01:56:59,783 [ERROR] LogOutputStream:75 - [STDERR_REDIRECT] [Fatal Error] :1:1: Premature end of file.
2026-03-01 01:56:59,783 [ERROR] LogOutputStream:75 - [STDERR_REDIRECT] 
2026-03-01 01:57:00,784 [ERROR] LogOutputStream:75 - [STDERR_REDIRECT] [Fatal Error] :1:1: Premature end of file.
2026-03-01 01:57:00,784 [ERROR] LogOutputStream:75 - [STDERR_REDIRECT] 
2026-03-01 01:57:01,784 [ERROR] LogOutputStream:75 - [STDERR_REDIRECT] [Fatal Error] :1:1: Premature end of file.
2026-03-01 01:57:01,784 [ERROR] LogOutputStream:75 - [STDERR_REDIRECT] 
2026-03-01 01:57:02,798 [ERROR] LogOutputStream:75 - [STDERR_REDIRECT] [Fatal Error] :1:1: Premature end of file.
2026-03-01 01:57:02,798 [ERROR] LogOutputStream:75 - [STDERR_REDIRECT] 
2026-03-01 01:57:03,796 [ERROR] LogOutputStream:75 - [STDERR_REDIRECT] [Fatal Error] :1:1: Premature end of file.
2026-03-01 01:57:03,796 [ERROR] LogOutputStream:75 - [STDERR_REDIRECT] 
2026-03-01 01:57:04,784 [ERROR] LogOutputStream:75 - [STDERR_REDIRECT] [Fatal Error] :1:1: Premature end of file.
2026-03-01 01:57:04,785 [ERROR] LogOutputStream:75 - [STDERR_REDIRECT] 
2026-03-01 01:57:05,796 [ERROR] LogOutputStream:75 - [STDERR_REDIRECT] [Fatal Error] :1:1: Premature end of file.
2026-03-01 01:57:05,796 [ERROR] LogOutputStream:75 - [STDERR_REDIRECT] 
2026-03-01 01:57:06,786 [ERROR] LogOutputStream:75 - [STDERR_REDIRECT] [Fatal Error] :1:1: Premature end of file.
2026-03-01 01:57:06,786 [ERROR] LogOutputStream:75 - [STDERR_REDIRECT] 
2026-03-01 01:57:07,785 [ERROR] LogOutputStream:75 - [STDERR_REDIRECT] [Fatal Error] :1:1: Premature end of file.
2026-03-01 01:57:07,785 [ERROR] LogOutputStream:75 - [STDERR_REDIRECT] 
2026-03-01 01:57:08,785 [ERROR] LogOutputStream:75 - [STDERR_REDIRECT] [Fatal Error] :1:1: Premature end of file.
2026-03-01 01:57:08,785 [ERROR] LogOutputStream:75 - [STDERR_REDIRECT] 
2026-03-01 01:57:09,792 [ERROR] LogOutputStream:75 - [STDERR_REDIRECT] [Fatal Error] :1:1: Premature end of file.
2026-03-01 01:57:09,792 [ERROR] LogOutputStream:75 - [STDERR_REDIRECT] 
2026-03-01 01:57:10,783 [ERROR] LogOutputStream:75 - [STDERR_REDIRECT] [Fatal Error] :1:1: Premature end of file.
2026-03-01 01:57:10,784 [ERROR] LogOutputStream:75 - [STDERR_REDIRECT] 
2026-03-01 01:57:11,786 [ERROR] LogOutputStream:75 - [STDERR_REDIRECT] [Fatal Error] :1:1: Premature end of file.
2026-03-01 01:57:11,786 [ERROR] LogOutputStream:75 - [STDERR_REDIRECT] 
2026-03-01 01:57:12,785 [ERROR] LogOutputStream:75 - [STDERR_REDIRECT] [Fatal Error] :1:1: Premature end of file.
2026-03-01 01:57:12,785 [ERROR] LogOutputStream:75 - [STDERR_REDIRECT] 
2026-03-01 01:57:13,793 [ERROR] LogOutputStream:75 - [STDERR_REDIRECT] [Fatal Error] :1:1: Premature end of file.
2026-03-01 01:57:13,793 [ERROR] LogOutputStream:75 - [STDERR_REDIRECT] 
2026-03-01 01:57:14,782 [ERROR] LogOutputStream:75 - [STDERR_REDIRECT] [Fatal Error] :1:1: Premature end of file.
2026-03-01 01:57:14,782 [ERROR] LogOutputStream:75 - [STDERR_REDIRECT] 
2026-03-01 01:57:15,786 [ERROR] LogOutputStream:75 - [STDERR_REDIRECT] [Fatal Error] :1:1: Premature end of file.
2026-03-01 01:57:15,786 [ERROR] LogOutputStream:75 - [STDERR_REDIRECT] 
2026-03-01 01:57:16,784 [ERROR] LogOutputStream:75 - [STDERR_REDIRECT] [Fatal Error] :1:1: Premature end of file.
2026-03-01 01:57:16,784 [ERROR] LogOutputStream:75 - [STDERR_REDIRECT] 
2026-03-01 01:57:17,797 [ERROR] LogOutputStream:75 - [STDERR_REDIRECT] [Fatal Error] :1:1: Premature end of file.
2026-03-01 01:57:17,797 [ERROR] LogOutputStream:75 - [STDERR_REDIRECT] 
2026-03-01 01:57:18,786 [ERROR] LogOutputStream:75 - [STDERR_REDIRECT] [Fatal Error] :1:1: Premature end of file.
2026-03-01 01:57:18,786 [ERROR] LogOutputStream:75 - [STDERR_REDIRECT] 
2026-03-01 01:57:19,783 [ERROR] LogOutputStream:75 - [STDERR_REDIRECT] [Fatal Error] :1:1: Premature end of file.
2026-03-01 01:57:19,783 [ERROR] LogOutputStream:75 - [STDERR_REDIRECT] 
2026-03-01 01:57:20,787 [ERROR] LogOutputStream:75 - [STDERR_REDIRECT] [Fatal Error] :1:1: Premature end of file.
2026-03-01 01:57:20,787 [ERROR] LogOutputStream:75 - [STDERR_REDIRECT] 
2026-03-01 01:57:21,785 [ERROR] LogOutputStream:75 - [STDERR_REDIRECT] [Fatal Error] :1:1: Premature end of file.
2026-03-01 01:57:21,785 [ERROR] LogOutputStream:75 - [STDERR_REDIRECT] 
2026-03-01 01:57:22,786 [ERROR] LogOutputStream:75 - [STDERR_REDIRECT] [Fatal Error] :1:1: Premature end of file.
2026-03-01 01:57:22,786 [ERROR] LogOutputStream:75 - [STDERR_REDIRECT] 
2026-03-01 01:57:23,785 [ERROR] LogOutputStream:75 - [STDERR_REDIRECT] [Fatal Error] :1:1: Premature end of file.
2026-03-01 01:57:23,785 [ERROR] LogOutputStream:75 - [STDERR_REDIRECT] 
2026-03-01 01:57:24,792 [ERROR] LogOutputStream:75 - [STDERR_REDIRECT] [Fatal Error] :1:1: Premature end of file.
2026-03-01 01:57:24,792 [ERROR] LogOutputStream:75 - [STDERR_REDIRECT] 
2026-03-01 01:57:25,784 [ERROR] LogOutputStream:75 - [STDERR_REDIRECT] [Fatal Error] :1:1: Premature end of file.
2026-03-01 01:57:25,784 [ERROR] LogOutputStream:75 - [STDERR_REDIRECT] 
2026-03-01 01:57:26,786 [ERROR] LogOutputStream:75 - [STDERR_REDIRECT] [Fatal Error] :1:1: Premature end of file.
2026-03-01 01:57:26,786 [ERROR] LogOutputStream:75 - [STDERR_REDIRECT] 
2026-03-01 01:57:27,785 [ERROR] LogOutputStream:75 - [STDERR_REDIRECT] [Fatal Error] :1:1: Premature end of file.
2026-03-01 01:57:27,785 [ERROR] LogOutputStream:75 - [STDERR_REDIRECT] 
2026-03-01 01:57:28,786 [ERROR] LogOutputStream:75 - [STDERR_REDIRECT] [Fatal Error] :1:1: Premature end of file.
2026-03-01 01:57:28,786 [ERROR] LogOutputStream:75 - [STDERR_REDIRECT] 
2026-03-01 01:57:29,782 [ERROR] LogOutputStream:75 - [STDERR_REDIRECT] [Fatal Error] :1:1: Premature end of file.
2026-03-01 01:57:29,782 [ERROR] LogOutputStream:75 - [STDERR_REDIRECT] 
2026-03-01 01:57:30,785 [ERROR] LogOutputStream:75 - [STDERR_REDIRECT] [Fatal Error] :1:1: Premature end of file.
2026-03-01 01:57:30,785 [ERROR] LogOutputStream:75 - [STDERR_REDIRECT] 
2026-03-01 01:57:31,782 [ERROR] LogOutputStream:75 - [STDERR_REDIRECT] [Fatal Error] :1:1: Premature end of file.
2026-03-01 01:57:31,782 [ERROR] LogOutputStream:75 - [STDERR_REDIRECT] 
2026-03-01 01:57:32,785 [ERROR] LogOutputStream:75 - [STDERR_REDIRECT] [Fatal Error] :1:1: Premature end of file.
2026-03-01 01:57:32,786 [ERROR] LogOutputStream:75 - [STDERR_REDIRECT] 
2026-03-01 01:57:33,785 [ERROR] LogOutputStream:75 - [STDERR_REDIRECT] [Fatal Error] :1:1: Premature end of file.
2026-03-01 01:57:33,785 [ERROR] LogOutputStream:75 - [STDERR_REDIRECT] 
2026-03-01 01:57:34,785 [ERROR] LogOutputStream:75 - [STDERR_REDIRECT] [Fatal Error] :1:1: Premature end of file.
2026-03-01 01:57:34,785 [ERROR] LogOutputStream:75 - [STDERR_REDIRECT] 
2026-03-01 01:57:35,784 [ERROR] LogOutputStream:75 - [STDERR_REDIRECT] [Fatal Error] :1:1: Premature end of file.
2026-03-01 01:57:35,784 [ERROR] LogOutputStream:75 - [STDERR_REDIRECT] 
2026-03-01 01:57:36,792 [ERROR] LogOutputStream:75 - [STDERR_REDIRECT] [Fatal Error] :1:1: Premature end of file.
2026-03-01 01:57:36,792 [ERROR] LogOutputStream:75 - [STDERR_REDIRECT] 
2026-03-01 01:57:37,785 [ERROR] LogOutputStream:75 - [STDERR_REDIRECT] [Fatal Error] :1:1: Premature end of file.
2026-03-01 01:57:37,785 [ERROR] LogOutputStream:75 - [STDERR_REDIRECT] 
2026-03-01 01:57:38,795 [ERROR] LogOutputStream:75 - [STDERR_REDIRECT] [Fatal Error] :1:1: Premature end of file.
2026-03-01 01:57:38,795 [ERROR] LogOutputStream:75 - [STDERR_REDIRECT] 
2026-03-01 01:57:39,787 [ERROR] LogOutputStream:75 - [STDERR_REDIRECT] [Fatal Error] :1:1: Premature end of file.
2026-03-01 01:57:39,787 [ERROR] LogOutputStream:75 - [STDERR_REDIRECT] 
2026-03-01 01:57:40,784 [ERROR] LogOutputStream:75 - [STDERR_REDIRECT] [Fatal Error] :1:1: Premature end of file.
2026-03-01 01:57:40,784 [ERROR] LogOutputStream:75 - [STDERR_REDIRECT] 
2026-03-01 01:57:41,799 [ERROR] LogOutputStream:75 - [STDERR_REDIRECT] [Fatal Error] :1:1: Premature end of file.
2026-03-01 01:57:41,799 [ERROR] LogOutputStream:75 - [STDERR_REDIRECT] 
2026-03-01 01:57:42,784 [ERROR] LogOutputStream:75 - [STDERR_REDIRECT] [Fatal Error] :1:1: Premature end of file.
2026-03-01 01:57:42,784 [ERROR] LogOutputStream:75 - [STDERR_REDIRECT] 
2026-03-01 01:57:43,789 [ERROR] LogOutputStream:75 - [STDERR_REDIRECT] [Fatal Error] :1:1: Premature end of file.
2026-03-01 01:57:43,789 [ERROR] LogOutputStream:75 - [STDERR_REDIRECT] 
2026-03-01 01:57:44,786 [ERROR] LogOutputStream:75 - [STDERR_REDIRECT] [Fatal Error] :1:1: Premature end of file.
2026-03-01 01:57:44,786 [ERROR] LogOutputStream:75 - [STDERR_REDIRECT] 
2026-03-01 01:57:45,785 [ERROR] LogOutputStream:75 - [STDERR_REDIRECT] [Fatal Error] :1:1: Premature end of file.
2026-03-01 01:57:45,786 [ERROR] LogOutputStream:75 - [STDERR_REDIRECT] 
2026-03-01 01:57:46,785 [ERROR] LogOutputStream:75 - [STDERR_REDIRECT] [Fatal Error] :1:1: Premature end of file.
2026-03-01 01:57:46,785 [ERROR] LogOutputStream:75 - [STDERR_REDIRECT] 
2026-03-01 01:57:47,786 [ERROR] LogOutputStream:75 - [STDERR_REDIRECT] [Fatal Error] :1:1: Premature end of file.
2026-03-01 01:57:47,786 [ERROR] LogOutputStream:75 - [STDERR_REDIRECT] 
2026-03-01 01:57:48,783 [ERROR] LogOutputStream:75 - [STDERR_REDIRECT] [Fatal Error] :1:1: Premature end of file.
2026-03-01 01:57:48,783 [ERROR] LogOutputStream:75 - [STDERR_REDIRECT] 
2026-03-01 01:57:49,784 [ERROR] LogOutputStream:75 - [STDERR_REDIRECT] [Fatal Error] :1:1: Premature end of file.
2026-03-01 01:57:49,784 [ERROR] LogOutputStream:75 - [STDERR_REDIRECT] 
2026-03-01 01:57:50,786 [ERROR] LogOutputStream:75 - [STDERR_REDIRECT] [Fatal Error] :1:1: Premature end of file.
2026-03-01 01:57:50,787 [ERROR] LogOutputStream:75 - [STDERR_REDIRECT] 
2026-03-01 01:57:51,784 [ERROR] LogOutputStream:75 - [STDERR_REDIRECT] [Fatal Error] :1:1: Premature end of file.
2026-03-01 01:57:51,784 [ERROR] LogOutputStream:75 - [STDERR_REDIRECT] 
2026-03-01 01:57:52,784 [ERROR] LogOutputStream:75 - [STDERR_REDIRECT] [Fatal Error] :1:1: Premature end of file.
2026-03-01 01:57:52,784 [ERROR] LogOutputStream:75 - [STDERR_REDIRECT] 
2026-03-01 01:57:53,800 [ERROR] LogOutputStream:75 - [STDERR_REDIRECT] [Fatal Error] :1:1: Premature end of file.
2026-03-01 01:57:53,800 [ERROR] LogOutputStream:75 - [STDERR_REDIRECT] 
2026-03-01 01:57:54,821 [ERROR] LogOutputStream:75 - [STDERR_REDIRECT] [Fatal Error] :1:1: Premature end of file.
2026-03-01 01:57:54,821 [ERROR] LogOutputStream:75 - [STDERR_REDIRECT] 
2026-03-01 01:57:55,783 [ERROR] LogOutputStream:75 - [STDERR_REDIRECT] [Fatal Error] :1:1: Premature end of file.
2026-03-01 01:57:55,783 [ERROR] LogOutputStream:75 - [STDERR_REDIRECT] 
2026-03-01 01:57:56,784 [ERROR] LogOutputStream:75 - [STDERR_REDIRECT] [Fatal Error] :1:1: Premature end of file.
2026-03-01 01:57:56,784 [ERROR] LogOutputStream:75 - [STDERR_REDIRECT] 
2026-03-01 01:57:57,793 [ERROR] LogOutputStream:75 - [STDERR_REDIRECT] [Fatal Error] :1:1: Premature end of file.
2026-03-01 01:57:57,793 [ERROR] LogOutputStream:75 - [STDERR_REDIRECT] 
2026-03-01 01:57:58,785 [ERROR] LogOutputStream:75 - [STDERR_REDIRECT] [Fatal Error] :1:1: Premature end of file.
2026-03-01 01:57:58,785 [ERROR] LogOutputStream:75 - [STDERR_REDIRECT] 
2026-03-01 01:57:59,798 [ERROR] LogOutputStream:75 - [STDERR_REDIRECT] [Fatal Error] :1:1: Premature end of file.
2026-03-01 01:57:59,798 [ERROR] LogOutputStream:75 - [STDERR_REDIRECT] 
2026-03-01 01:58:00,785 [ERROR] LogOutputStream:75 - [STDERR_REDIRECT] [Fatal Error] :1:1: Premature end of file.
2026-03-01 01:58:00,785 [ERROR] LogOutputStream:75 - [STDERR_REDIRECT] 
2026-03-01 01:58:01,785 [ERROR] LogOutputStream:75 - [STDERR_REDIRECT] [Fatal Error] :1:1: Premature end of file.
2026-03-01 01:58:01,785 [ERROR] LogOutputStream:75 - [STDERR_REDIRECT] 
2026-03-01 01:58:02,788 [ERROR] LogOutputStream:75 - [STDERR_REDIRECT] [Fatal Error] :1:1: Premature end of file.
2026-03-01 01:58:02,788 [ERROR] LogOutputStream:75 - [STDERR_REDIRECT] 
2026-03-01 01:58:03,785 [ERROR] LogOutputStream:75 - [STDERR_REDIRECT] [Fatal Error] :1:1: Premature end of file.
2026-03-01 01:58:03,785 [ERROR] LogOutputStream:75 - [STDERR_REDIRECT] 
2026-03-01 01:58:04,787 [ERROR] LogOutputStream:75 - [STDERR_REDIRECT] [Fatal Error] :1:1: Premature end of file.
2026-03-01 01:58:04,787 [ERROR] LogOutputStream:75 - [STDERR_REDIRECT] 
2026-03-01 01:58:05,785 [ERROR] LogOutputStream:75 - [STDERR_REDIRECT] [Fatal Error] :1:1: Premature end of file.
2026-03-01 01:58:05,785 [ERROR] LogOutputStream:75 - [STDERR_REDIRECT] 
2026-03-01 01:58:06,781 [ERROR] LogOutputStream:75 - [STDERR_REDIRECT] [Fatal Error] :1:1: Premature end of file.
2026-03-01 01:58:06,781 [ERROR] LogOutputStream:75 - [STDERR_REDIRECT] 
2026-03-01 01:58:07,785 [ERROR] LogOutputStream:75 - [STDERR_REDIRECT] [Fatal Error] :1:1: Premature end of file.
2026-03-01 01:58:07,785 [ERROR] LogOutputStream:75 - [STDERR_REDIRECT] 
2026-03-01 01:58:08,785 [ERROR] LogOutputStream:75 - [STDERR_REDIRECT] [Fatal Error] :1:1: Premature end of file.
2026-03-01 01:58:08,785 [ERROR] LogOutputStream:75 - [STDERR_REDIRECT] 
2026-03-01 01:58:09,782 [ERROR] LogOutputStream:75 - [STDERR_REDIRECT] [Fatal Error] :1:1: Premature end of file.
2026-03-01 01:58:09,782 [ERROR] LogOutputStream:75 - [STDERR_REDIRECT] 
2026-03-01 01:58:10,785 [ERROR] LogOutputStream:75 - [STDERR_REDIRECT] [Fatal Error] :1:1: Premature end of file.
2026-03-01 01:58:10,785 [ERROR] LogOutputStream:75 - [STDERR_REDIRECT] 
2026-03-01 01:58:11,785 [ERROR] LogOutputStream:75 - [STDERR_REDIRECT] [Fatal Error] :1:1: Premature end of file.
2026-03-01 01:58:11,785 [ERROR] LogOutputStream:75 - [STDERR_REDIRECT] 
2026-03-01 01:58:12,786 [ERROR] LogOutputStream:75 - [STDERR_REDIRECT] [Fatal Error] :1:1: Premature end of file.
2026-03-01 01:58:12,786 [ERROR] LogOutputStream:75 - [STDERR_REDIRECT] 
2026-03-01 01:58:13,784 [ERROR] LogOutputStream:75 - [STDERR_REDIRECT] [Fatal Error] :1:1: Premature end of file.
2026-03-01 01:58:13,784 [ERROR] LogOutputStream:75 - [STDERR_REDIRECT] 
2026-03-01 01:58:14,802 [ERROR] LogOutputStream:75 - [STDERR_REDIRECT] [Fatal Error] :1:1: Premature end of file.
2026-03-01 01:58:14,802 [ERROR] LogOutputStream:75 - [STDERR_REDIRECT] 
2026-03-01 01:58:15,785 [ERROR] LogOutputStream:75 - [STDERR_REDIRECT] [Fatal Error] :1:1: Premature end of file.
2026-03-01 01:58:15,785 [ERROR] LogOutputStream:75 - [STDERR_REDIRECT] 
2026-03-01 01:58:16,785 [ERROR] LogOutputStream:75 - [STDERR_REDIRECT] [Fatal Error] :1:1: Premature end of file.
2026-03-01 01:58:16,785 [ERROR] LogOutputStream:75 - [STDERR_REDIRECT] 
2026-03-01 01:58:17,790 [ERROR] LogOutputStream:75 - [STDERR_REDIRECT] [Fatal Error] :1:1: Premature end of file.
2026-03-01 01:58:17,790 [ERROR] LogOutputStream:75 - [STDERR_REDIRECT] 
2026-03-01 01:58:18,785 [ERROR] LogOutputStream:75 - [STDERR_REDIRECT] [Fatal Error] :1:1: Premature end of file.
2026-03-01 01:58:18,785 [ERROR] LogOutputStream:75 - [STDERR_REDIRECT] 
2026-03-01 01:58:19,791 [ERROR] LogOutputStream:75 - [STDERR_REDIRECT] [Fatal Error] :1:1: Premature end of file.
2026-03-01 01:58:19,791 [ERROR] LogOutputStream:75 - [STDERR_REDIRECT] 
2026-03-01 01:58:20,792 [ERROR] LogOutputStream:75 - [STDERR_REDIRECT] [Fatal Error] :1:1: Premature end of file.
2026-03-01 01:58:20,792 [ERROR] LogOutputStream:75 - [STDERR_REDIRECT] 
2026-03-01 01:58:21,784 [ERROR] LogOutputStream:75 - [STDERR_REDIRECT] [Fatal Error] :1:1: Premature end of file.
2026-03-01 01:58:21,784 [ERROR] LogOutputStream:75 - [STDERR_REDIRECT] 
2026-03-01 01:58:22,782 [ERROR] LogOutputStream:75 - [STDERR_REDIRECT] [Fatal Error] :1:1: Premature end of file.
2026-03-01 01:58:22,782 [ERROR] LogOutputStream:75 - [STDERR_REDIRECT] 
2026-03-01 01:58:23,782 [ERROR] LogOutputStream:75 - [STDERR_REDIRECT] [Fatal Error] :1:1: Premature end of file.
2026-03-01 01:58:23,782 [ERROR] LogOutputStream:75 - [STDERR_REDIRECT] 
2026-03-01 01:58:24,785 [ERROR] LogOutputStream:75 - [STDERR_REDIRECT] [Fatal Error] :1:1: Premature end of file.
2026-03-01 01:58:24,785 [ERROR] LogOutputStream:75 - [STDERR_REDIRECT] 
2026-03-01 01:58:25,785 [ERROR] LogOutputStream:75 - [STDERR_REDIRECT] [Fatal Error] :1:1: Premature end of file.
2026-03-01 01:58:25,785 [ERROR] LogOutputStream:75 - [STDERR_REDIRECT] 
2026-03-01 01:58:26,785 [ERROR] LogOutputStream:75 - [STDERR_REDIRECT] [Fatal Error] :1:1: Premature end of file.
2026-03-01 01:58:26,785 [ERROR] LogOutputStream:75 - [STDERR_REDIRECT] 
2026-03-01 01:58:27,785 [ERROR] LogOutputStream:75 - [STDERR_REDIRECT] [Fatal Error] :1:1: Premature end of file.
2026-03-01 01:58:27,785 [ERROR] LogOutputStream:75 - [STDERR_REDIRECT] 
2026-03-01 01:58:28,786 [ERROR] LogOutputStream:75 - [STDERR_REDIRECT] [Fatal Error] :1:1: Premature end of file.
2026-03-01 01:58:28,786 [ERROR] LogOutputStream:75 - [STDERR_REDIRECT] 
2026-03-01 01:58:29,785 [ERROR] LogOutputStream:75 - [STDERR_REDIRECT] [Fatal Error] :1:1: Premature end of file.
2026-03-01 01:58:29,785 [ERROR] LogOutputStream:75 - [STDERR_REDIRECT] 
2026-03-01 01:58:30,785 [ERROR] LogOutputStream:75 - [STDERR_REDIRECT] [Fatal Error] :1:1: Premature end of file.
2026-03-01 01:58:30,786 [ERROR] LogOutputStream:75 - [STDERR_REDIRECT] 
2026-03-01 01:58:31,790 [ERROR] LogOutputStream:75 - [STDERR_REDIRECT] [Fatal Error] :1:1: Premature end of file.
2026-03-01 01:58:31,790 [ERROR] LogOutputStream:75 - [STDERR_REDIRECT] 
2026-03-01 01:58:32,786 [ERROR] LogOutputStream:75 - [STDERR_REDIRECT] [Fatal Error] :1:1: Premature end of file.
2026-03-01 01:58:32,786 [ERROR] LogOutputStream:75 - [STDERR_REDIRECT] 
2026-03-01 01:58:33,782 [ERROR] LogOutputStream:75 - [STDERR_REDIRECT] [Fatal Error] :1:1: Premature end of file.
2026-03-01 01:58:33,782 [ERROR] LogOutputStream:75 - [STDERR_REDIRECT] 
2026-03-01 01:58:34,784 [ERROR] LogOutputStream:75 - [STDERR_REDIRECT] [Fatal Error] :1:1: Premature end of file.
2026-03-01 01:58:34,784 [ERROR] LogOutputStream:75 - [STDERR_REDIRECT] 
2026-03-01 01:58:35,785 [ERROR] LogOutputStream:75 - [STDERR_REDIRECT] [Fatal Error] :1:1: Premature end of file.
2026-03-01 01:58:35,785 [ERROR] LogOutputStream:75 - [STDERR_REDIRECT] 
2026-03-01 01:58:36,784 [ERROR] LogOutputStream:75 - [STDERR_REDIRECT] [Fatal Error] :1:1: Premature end of file.
2026-03-01 01:58:36,784 [ERROR] LogOutputStream:75 - [STDERR_REDIRECT] 
2026-03-01 01:58:37,786 [ERROR] LogOutputStream:75 - [STDERR_REDIRECT] [Fatal Error] :1:1: Premature end of file.
2026-03-01 01:58:37,786 [ERROR] LogOutputStream:75 - [STDERR_REDIRECT] 
2026-03-01 01:58:38,785 [ERROR] LogOutputStream:75 - [STDERR_REDIRECT] [Fatal Error] :1:1: Premature end of file.
2026-03-01 01:58:38,785 [ERROR] LogOutputStream:75 - [STDERR_REDIRECT] 
2026-03-01 01:58:39,786 [ERROR] LogOutputStream:75 - [STDERR_REDIRECT] [Fatal Error] :1:1: Premature end of file.
2026-03-01 01:58:39,786 [ERROR] LogOutputStream:75 - [STDERR_REDIRECT] 
2026-03-01 01:58:40,785 [ERROR] LogOutputStream:75 - [STDERR_REDIRECT] [Fatal Error] :1:1: Premature end of file.
2026-03-01 01:58:40,785 [ERROR] LogOutputStream:75 - [STDERR_REDIRECT] 
2026-03-01 01:58:41,784 [ERROR] LogOutputStream:75 - [STDERR_REDIRECT] [Fatal Error] :1:1: Premature end of file.
2026-03-01 01:58:41,784 [ERROR] LogOutputStream:75 - [STDERR_REDIRECT] 
2026-03-01 01:58:42,784 [ERROR] LogOutputStream:75 - [STDERR_REDIRECT] [Fatal Error] :1:1: Premature end of file.
2026-03-01 01:58:42,784 [ERROR] LogOutputStream:75 - [STDERR_REDIRECT] 
2026-03-01 01:58:43,783 [ERROR] LogOutputStream:75 - [STDERR_REDIRECT] [Fatal Error] :1:1: Premature end of file.
2026-03-01 01:58:43,783 [ERROR] LogOutputStream:75 - [STDERR_REDIRECT] 
2026-03-01 01:58:44,785 [ERROR] LogOutputStream:75 - [STDERR_REDIRECT] [Fatal Error] :1:1: Premature end of file.
2026-03-01 01:58:44,785 [ERROR] LogOutputStream:75 - [STDERR_REDIRECT] 
2026-03-01 01:58:45,785 [ERROR] LogOutputStream:75 - [STDERR_REDIRECT] [Fatal Error] :1:1: Premature end of file.
2026-03-01 01:58:45,785 [ERROR] LogOutputStream:75 - [STDERR_REDIRECT] 
2026-03-01 01:58:46,784 [ERROR] LogOutputStream:75 - [STDERR_REDIRECT] [Fatal Error] :1:1: Premature end of file.
2026-03-01 01:58:46,784 [ERROR] LogOutputStream:75 - [STDERR_REDIRECT] 
2026-03-01 01:58:47,784 [ERROR] LogOutputStream:75 - [STDERR_REDIRECT] [Fatal Error] :1:1: Premature end of file.
2026-03-01 01:58:47,784 [ERROR] LogOutputStream:75 - [STDERR_REDIRECT] 
2026-03-01 01:58:48,784 [ERROR] LogOutputStream:75 - [STDERR_REDIRECT] [Fatal Error] :1:1: Premature end of file.
2026-03-01 01:58:48,784 [ERROR] LogOutputStream:75 - [STDERR_REDIRECT] 
2026-03-01 01:58:49,785 [ERROR] LogOutputStream:75 - [STDERR_REDIRECT] [Fatal Error] :1:1: Premature end of file.
2026-03-01 01:58:49,785 [ERROR] LogOutputStream:75 - [STDERR_REDIRECT] 
2026-03-01 01:58:50,786 [ERROR] LogOutputStream:75 - [STDERR_REDIRECT] [Fatal Error] :1:1: Premature end of file.
2026-03-01 01:58:50,786 [ERROR] LogOutputStream:75 - [STDERR_REDIRECT] 
2026-03-01 01:58:51,783 [ERROR] LogOutputStream:75 - [STDERR_REDIRECT] [Fatal Error] :1:1: Premature end of file.
2026-03-01 01:58:51,783 [ERROR] LogOutputStream:75 - [STDERR_REDIRECT] 
2026-03-01 01:58:52,786 [ERROR] LogOutputStream:75 - [STDERR_REDIRECT] [Fatal Error] :1:1: Premature end of file.
2026-03-01 01:58:52,786 [ERROR] LogOutputStream:75 - [STDERR_REDIRECT] 
2026-03-01 01:58:53,781 [ERROR] LogOutputStream:75 - [STDERR_REDIRECT] [Fatal Error] :1:1: Premature end of file.
2026-03-01 01:58:53,781 [ERROR] LogOutputStream:75 - [STDERR_REDIRECT] 
2026-03-01 01:58:54,783 [ERROR] LogOutputStream:75 - [STDERR_REDIRECT] [Fatal Error] :1:1: Premature end of file.
2026-03-01 01:58:54,783 [ERROR] LogOutputStream:75 - [STDERR_REDIRECT] 
2026-03-01 01:58:55,786 [ERROR] LogOutputStream:75 - [STDERR_REDIRECT] [Fatal Error] :1:1: Premature end of file.
2026-03-01 01:58:55,786 [ERROR] LogOutputStream:75 - [STDERR_REDIRECT] 
2026-03-01 01:58:56,785 [ERROR] LogOutputStream:75 - [STDERR_REDIRECT] [Fatal Error] :1:1: Premature end of file.
2026-03-01 01:58:56,785 [ERROR] LogOutputStream:75 - [STDERR_REDIRECT] 
2026-03-01 01:58:57,822 [ERROR] LogOutputStream:75 - [STDERR_REDIRECT] [Fatal Error] :1:1: Premature end of file.
2026-03-01 01:58:57,822 [ERROR] LogOutputStream:75 - [STDERR_REDIRECT] 
2026-03-01 01:58:58,784 [ERROR] LogOutputStream:75 - [STDERR_REDIRECT] [Fatal Error] :1:1: Premature end of file.
2026-03-01 01:58:58,784 [ERROR] LogOutputStream:75 - [STDERR_REDIRECT] 
2026-03-01 01:58:59,782 [ERROR] LogOutputStream:75 - [STDERR_REDIRECT] [Fatal Error] :1:1: Premature end of file.
2026-03-01 01:58:59,782 [ERROR] LogOutputStream:75 - [STDERR_REDIRECT] 
2026-03-01 01:59:00,785 [ERROR] LogOutputStream:75 - [STDERR_REDIRECT] [Fatal Error] :1:1: Premature end of file.
2026-03-01 01:59:00,785 [ERROR] LogOutputStream:75 - [STDERR_REDIRECT] 
2026-03-01 01:59:01,785 [ERROR] LogOutputStream:75 - [STDERR_REDIRECT] [Fatal Error] :1:1: Premature end of file.
2026-03-01 01:59:01,785 [ERROR] LogOutputStream:75 - [STDERR_REDIRECT] 
2026-03-01 01:59:02,784 [ERROR] LogOutputStream:75 - [STDERR_REDIRECT] [Fatal Error] :1:1: Premature end of file.
2026-03-01 01:59:02,784 [ERROR] LogOutputStream:75 - [STDERR_REDIRECT] 
2026-03-01 01:59:03,785 [ERROR] LogOutputStream:75 - [STDERR_REDIRECT] [Fatal Error] :1:1: Premature end of file.
2026-03-01 01:59:03,785 [ERROR] LogOutputStream:75 - [STDERR_REDIRECT] 
2026-03-01 01:59:04,783 [ERROR] LogOutputStream:75 - [STDERR_REDIRECT] [Fatal Error] :1:1: Premature end of file.
2026-03-01 01:59:04,783 [ERROR] LogOutputStream:75 - [STDERR_REDIRECT] 
2026-03-01 01:59:05,785 [ERROR] LogOutputStream:75 - [STDERR_REDIRECT] [Fatal Error] :1:1: Premature end of file.
2026-03-01 01:59:05,785 [ERROR] LogOutputStream:75 - [STDERR_REDIRECT] 
2026-03-01 01:59:06,785 [ERROR] LogOutputStream:75 - [STDERR_REDIRECT] [Fatal Error] :1:1: Premature end of file.
2026-03-01 01:59:06,785 [ERROR] LogOutputStream:75 - [STDERR_REDIRECT] 
2026-03-01 01:59:07,784 [ERROR] LogOutputStream:75 - [STDERR_REDIRECT] [Fatal Error] :1:1: Premature end of file.
2026-03-01 01:59:07,784 [ERROR] LogOutputStream:75 - [STDERR_REDIRECT] 
2026-03-01 01:59:08,785 [ERROR] LogOutputStream:75 - [STDERR_REDIRECT] [Fatal Error] :1:1: Premature end of file.
2026-03-01 01:59:08,785 [ERROR] LogOutputStream:75 - [STDERR_REDIRECT] 
2026-03-01 01:59:09,788 [ERROR] LogOutputStream:75 - [STDERR_REDIRECT] [Fatal Error] :1:1: Premature end of file.
2026-03-01 01:59:09,788 [ERROR] LogOutputStream:75 - [STDERR_REDIRECT] 
2026-03-01 01:59:10,786 [ERROR] LogOutputStream:75 - [STDERR_REDIRECT] [Fatal Error] :1:1: Premature end of file.
2026-03-01 01:59:10,786 [ERROR] LogOutputStream:75 - [STDERR_REDIRECT] 
2026-03-01 01:59:11,786 [ERROR] LogOutputStream:75 - [STDERR_REDIRECT] [Fatal Error] :1:1: Premature end of file.
2026-03-01 01:59:11,786 [ERROR] LogOutputStream:75 - [STDERR_REDIRECT] 
2026-03-01 01:59:12,784 [ERROR] LogOutputStream:75 - [STDERR_REDIRECT] [Fatal Error] :1:1: Premature end of file.
2026-03-01 01:59:12,784 [ERROR] LogOutputStream:75 - [STDERR_REDIRECT] 
2026-03-01 01:59:13,784 [ERROR] LogOutputStream:75 - [STDERR_REDIRECT] [Fatal Error] :1:1: Premature end of file.
2026-03-01 01:59:13,784 [ERROR] LogOutputStream:75 - [STDERR_REDIRECT] 
2026-03-01 01:59:14,785 [ERROR] LogOutputStream:75 - [STDERR_REDIRECT] [Fatal Error] :1:1: Premature end of file.
2026-03-01 01:59:14,785 [ERROR] LogOutputStream:75 - [STDERR_REDIRECT] 
2026-03-01 01:59:15,785 [ERROR] LogOutputStream:75 - [STDERR_REDIRECT] [Fatal Error] :1:1: Premature end of file.
2026-03-01 01:59:15,785 [ERROR] LogOutputStream:75 - [STDERR_REDIRECT] 
2026-03-01 01:59:16,786 [ERROR] LogOutputStream:75 - [STDERR_REDIRECT] [Fatal Error] :1:1: Premature end of file.
2026-03-01 01:59:16,786 [ERROR] LogOutputStream:75 - [STDERR_REDIRECT] 
2026-03-01 01:59:17,785 [ERROR] LogOutputStream:75 - [STDERR_REDIRECT] [Fatal Error] :1:1: Premature end of file.
2026-03-01 01:59:17,785 [ERROR] LogOutputStream:75 - [STDERR_REDIRECT] 
2026-03-01 01:59:18,784 [ERROR] LogOutputStream:75 - [STDERR_REDIRECT] [Fatal Error] :1:1: Premature end of file.
2026-03-01 01:59:18,784 [ERROR] LogOutputStream:75 - [STDERR_REDIRECT] 
2026-03-01 01:59:19,785 [ERROR] LogOutputStream:75 - [STDERR_REDIRECT] [Fatal Error] :1:1: Premature end of file.
2026-03-01 01:59:19,785 [ERROR] LogOutputStream:75 - [STDERR_REDIRECT] 
2026-03-01 01:59:20,786 [ERROR] LogOutputStream:75 - [STDERR_REDIRECT] [Fatal Error] :1:1: Premature end of file.
2026-03-01 01:59:20,786 [ERROR] LogOutputStream:75 - [STDERR_REDIRECT] 
2026-03-01 01:59:21,786 [ERROR] LogOutputStream:75 - [STDERR_REDIRECT] [Fatal Error] :1:1: Premature end of file.
2026-03-01 01:59:21,786 [ERROR] LogOutputStream:75 - [STDERR_REDIRECT] 
2026-03-01 01:59:22,785 [ERROR] LogOutputStream:75 - [STDERR_REDIRECT] [Fatal Error] :1:1: Premature end of file.
2026-03-01 01:59:22,785 [ERROR] LogOutputStream:75 - [STDERR_REDIRECT] 
2026-03-01 01:59:23,783 [ERROR] LogOutputStream:75 - [STDERR_REDIRECT] [Fatal Error] :1:1: Premature end of file.
2026-03-01 01:59:23,784 [ERROR] LogOutputStream:75 - [STDERR_REDIRECT] 
2026-03-01 01:59:24,785 [ERROR] LogOutputStream:75 - [STDERR_REDIRECT] [Fatal Error] :1:1: Premature end of file.
2026-03-01 01:59:24,785 [ERROR] LogOutputStream:75 - [STDERR_REDIRECT] 
2026-03-01 01:59:25,791 [ERROR] LogOutputStream:75 - [STDERR_REDIRECT] [Fatal Error] :1:1: Premature end of file.
2026-03-01 01:59:25,791 [ERROR] LogOutputStream:75 - [STDERR_REDIRECT] 
2026-03-01 01:59:26,785 [ERROR] LogOutputStream:75 - [STDERR_REDIRECT] [Fatal Error] :1:1: Premature end of file.
2026-03-01 01:59:26,785 [ERROR] LogOutputStream:75 - [STDERR_REDIRECT] 
2026-03-01 01:59:27,797 [ERROR] LogOutputStream:75 - [STDERR_REDIRECT] [Fatal Error] :1:1: Premature end of file.
2026-03-01 01:59:27,797 [ERROR] LogOutputStream:75 - [STDERR_REDIRECT] 
2026-03-01 01:59:28,786 [ERROR] LogOutputStream:75 - [STDERR_REDIRECT] [Fatal Error] :1:1: Premature end of file.
2026-03-01 01:59:28,786 [ERROR] LogOutputStream:75 - [STDERR_REDIRECT] 
2026-03-01 01:59:29,784 [ERROR] LogOutputStream:75 - [STDERR_REDIRECT] [Fatal Error] :1:1: Premature end of file.
2026-03-01 01:59:29,784 [ERROR] LogOutputStream:75 - [STDERR_REDIRECT] 
2026-03-01 01:59:30,797 [ERROR] LogOutputStream:75 - [STDERR_REDIRECT] [Fatal Error] :1:1: Premature end of file.
2026-03-01 01:59:30,797 [ERROR] LogOutputStream:75 - [STDERR_REDIRECT] 
2026-03-01 01:59:31,785 [ERROR] LogOutputStream:75 - [STDERR_REDIRECT] [Fatal Error] :1:1: Premature end of file.
2026-03-01 01:59:31,785 [ERROR] LogOutputStream:75 - [STDERR_REDIRECT] 
2026-03-01 01:59:32,817 [ERROR] LogOutputStream:75 - [STDERR_REDIRECT] [Fatal Error] :1:1: Premature end of file.
2026-03-01 01:59:32,817 [ERROR] LogOutputStream:75 - [STDERR_REDIRECT] 
2026-03-01 01:59:33,785 [ERROR] LogOutputStream:75 - [STDERR_REDIRECT] [Fatal Error] :1:1: Premature end of file.
2026-03-01 01:59:33,785 [ERROR] LogOutputStream:75 - [STDERR_REDIRECT] 
2026-03-01 01:59:34,798 [ERROR] LogOutputStream:75 - [STDERR_REDIRECT] [Fatal Error] :1:1: Premature end of file.
2026-03-01 01:59:34,798 [ERROR] LogOutputStream:75 - [STDERR_REDIRECT] 
2026-03-01 01:59:35,782 [ERROR] LogOutputStream:75 - [STDERR_REDIRECT] [Fatal Error] :1:1: Premature end of file.
2026-03-01 01:59:35,782 [ERROR] LogOutputStream:75 - [STDERR_REDIRECT] 
2026-03-01 01:59:36,782 [ERROR] LogOutputStream:75 - [STDERR_REDIRECT] [Fatal Error] :1:1: Premature end of file.
2026-03-01 01:59:36,782 [ERROR] LogOutputStream:75 - [STDERR_REDIRECT] 
2026-03-01 01:59:37,783 [ERROR] LogOutputStream:75 - [STDERR_REDIRECT] [Fatal Error] :1:1: Premature end of file.
2026-03-01 01:59:37,783 [ERROR] LogOutputStream:75 - [STDERR_REDIRECT] 
2026-03-01 01:59:38,785 [ERROR] LogOutputStream:75 - [STDERR_REDIRECT] [Fatal Error] :1:1: Premature end of file.
2026-03-01 01:59:38,785 [ERROR] LogOutputStream:75 - [STDERR_REDIRECT] 
2026-03-01 01:59:39,781 [ERROR] LogOutputStream:75 - [STDERR_REDIRECT] [Fatal Error] :1:1: Premature end of file.
2026-03-01 01:59:39,781 [ERROR] LogOutputStream:75 - [STDERR_REDIRECT] 
2026-03-01 01:59:40,785 [ERROR] LogOutputStream:75 - [STDERR_REDIRECT] [Fatal Error] :1:1: Premature end of file.
2026-03-01 01:59:40,785 [ERROR] LogOutputStream:75 - [STDERR_REDIRECT] 
2026-03-01 01:59:41,790 [ERROR] LogOutputStream:75 - [STDERR_REDIRECT] [Fatal Error] :1:1: Premature end of file.
2026-03-01 01:59:41,790 [ERROR] LogOutputStream:75 - [STDERR_REDIRECT] 
2026-03-01 01:59:42,785 [ERROR] LogOutputStream:75 - [STDERR_REDIRECT] [Fatal Error] :1:1: Premature end of file.
2026-03-01 01:59:42,785 [ERROR] LogOutputStream:75 - [STDERR_REDIRECT] 
2026-03-01 01:59:43,793 [ERROR] LogOutputStream:75 - [STDERR_REDIRECT] [Fatal Error] :1:1: Premature end of file.
2026-03-01 01:59:43,793 [ERROR] LogOutputStream:75 - [STDERR_REDIRECT] 
2026-03-01 01:59:44,785 [ERROR] LogOutputStream:75 - [STDERR_REDIRECT] [Fatal Error] :1:1: Premature end of file.
2026-03-01 01:59:44,785 [ERROR] LogOutputStream:75 - [STDERR_REDIRECT] 
2026-03-01 01:59:45,788 [ERROR] LogOutputStream:75 - [STDERR_REDIRECT] [Fatal Error] :1:1: Premature end of file.
2026-03-01 01:59:45,788 [ERROR] LogOutputStream:75 - [STDERR_REDIRECT] 
2026-03-01 01:59:46,786 [ERROR] LogOutputStream:75 - [STDERR_REDIRECT] [Fatal Error] :1:1: Premature end of file.
2026-03-01 01:59:46,786 [ERROR] LogOutputStream:75 - [STDERR_REDIRECT] 
2026-03-01 01:59:47,785 [ERROR] LogOutputStream:75 - [STDERR_REDIRECT] [Fatal Error] :1:1: Premature end of file.
2026-03-01 01:59:47,785 [ERROR] LogOutputStream:75 - [STDERR_REDIRECT] 
2026-03-01 01:59:48,786 [ERROR] LogOutputStream:75 - [STDERR_REDIRECT] [Fatal Error] :1:1: Premature end of file.
2026-03-01 01:59:48,786 [ERROR] LogOutputStream:75 - [STDERR_REDIRECT] 
2026-03-01 01:59:49,786 [ERROR] LogOutputStream:75 - [STDERR_REDIRECT] [Fatal Error] :1:1: Premature end of file.
2026-03-01 01:59:49,786 [ERROR] LogOutputStream:75 - [STDERR_REDIRECT] 
2026-03-01 01:59:50,786 [ERROR] LogOutputStream:75 - [STDERR_REDIRECT] [Fatal Error] :1:1: Premature end of file.
2026-03-01 01:59:50,786 [ERROR] LogOutputStream:75 - [STDERR_REDIRECT] 
2026-03-01 01:59:51,785 [ERROR] LogOutputStream:75 - [STDERR_REDIRECT] [Fatal Error] :1:1: Premature end of file.
2026-03-01 01:59:51,785 [ERROR] LogOutputStream:75 - [STDERR_REDIRECT] 
2026-03-01 01:59:52,784 [ERROR] LogOutputStream:75 - [STDERR_REDIRECT] [Fatal Error] :1:1: Premature end of file.
2026-03-01 01:59:52,784 [ERROR] LogOutputStream:75 - [STDERR_REDIRECT] 
2026-03-01 01:59:53,786 [ERROR] LogOutputStream:75 - [STDERR_REDIRECT] [Fatal Error] :1:1: Premature end of file.
2026-03-01 01:59:53,786 [ERROR] LogOutputStream:75 - [STDERR_REDIRECT] 
2026-03-01 01:59:54,784 [ERROR] LogOutputStream:75 - [STDERR_REDIRECT] [Fatal Error] :1:1: Premature end of file.
2026-03-01 01:59:54,784 [ERROR] LogOutputStream:75 - [STDERR_REDIRECT] 
2026-03-01 01:59:55,799 [ERROR] LogOutputStream:75 - [STDERR_REDIRECT] [Fatal Error] :1:1: Premature end of file.
2026-03-01 01:59:55,799 [ERROR] LogOutputStream:75 - [STDERR_REDIRECT] 
2026-03-01 01:59:56,782 [ERROR] LogOutputStream:75 - [STDERR_REDIRECT] [Fatal Error] :1:1: Premature end of file.
2026-03-01 01:59:56,782 [ERROR] LogOutputStream:75 - [STDERR_REDIRECT] 
2026-03-01 01:59:57,783 [ERROR] LogOutputStream:75 - [STDERR_REDIRECT] [Fatal Error] :1:1: Premature end of file.
2026-03-01 01:59:57,783 [ERROR] LogOutputStream:75 - [STDERR_REDIRECT] 
2026-03-01 01:59:58,784 [ERROR] LogOutputStream:75 - [STDERR_REDIRECT] [Fatal Error] :1:1: Premature end of file.
2026-03-01 01:59:58,784 [ERROR] LogOutputStream:75 - [STDERR_REDIRECT] 
2026-03-01 01:59:59,786 [ERROR] LogOutputStream:75 - [STDERR_REDIRECT] [Fatal Error] :1:1: Premature end of file.
2026-03-01 01:59:59,786 [ERROR] LogOutputStream:75 - [STDERR_REDIRECT] 
2026-03-01 02:00:00,785 [ERROR] LogOutputStream:75 - [STDERR_REDIRECT] [Fatal Error] :1:1: Premature end of file.
2026-03-01 02:00:00,785 [ERROR] LogOutputStream:75 - [STDERR_REDIRECT] 
2026-03-01 02:00:01,785 [ERROR] LogOutputStream:75 - [STDERR_REDIRECT] [Fatal Error] :1:1: Premature end of file.
2026-03-01 02:00:01,785 [ERROR] LogOutputStream:75 - [STDERR_REDIRECT] 
2026-03-01 02:00:02,788 [ERROR] LogOutputStream:75 - [STDERR_REDIRECT] [Fatal Error] :1:1: Premature end of file.
2026-03-01 02:00:02,788 [ERROR] LogOutputStream:75 - [STDERR_REDIRECT] 
2026-03-01 02:00:03,783 [ERROR] LogOutputStream:75 - [STDERR_REDIRECT] [Fatal Error] :1:1: Premature end of file.
2026-03-01 02:00:03,783 [ERROR] LogOutputStream:75 - [STDERR_REDIRECT] 
2026-03-01 02:00:04,786 [ERROR] LogOutputStream:75 - [STDERR_REDIRECT] [Fatal Error] :1:1: Premature end of file.
2026-03-01 02:00:04,786 [ERROR] LogOutputStream:75 - [STDERR_REDIRECT] 
2026-03-01 02:00:05,785 [ERROR] LogOutputStream:75 - [STDERR_REDIRECT] [Fatal Error] :1:1: Premature end of file.
2026-03-01 02:00:05,785 [ERROR] LogOutputStream:75 - [STDERR_REDIRECT] 
2026-03-01 02:00:06,785 [ERROR] LogOutputStream:75 - [STDERR_REDIRECT] [Fatal Error] :1:1: Premature end of file.
2026-03-01 02:00:06,785 [ERROR] LogOutputStream:75 - [STDERR_REDIRECT] 
2026-03-01 02:00:07,785 [ERROR] LogOutputStream:75 - [STDERR_REDIRECT] [Fatal Error] :1:1: Premature end of file.
2026-03-01 02:00:07,785 [ERROR] LogOutputStream:75 - [STDERR_REDIRECT] 
2026-03-01 02:00:08,784 [ERROR] LogOutputStream:75 - [STDERR_REDIRECT] [Fatal Error] :1:1: Premature end of file.
2026-03-01 02:00:08,784 [ERROR] LogOutputStream:75 - [STDERR_REDIRECT] 
2026-03-01 02:00:09,786 [ERROR] LogOutputStream:75 - [STDERR_REDIRECT] [Fatal Error] :1:1: Premature end of file.
2026-03-01 02:00:09,786 [ERROR] LogOutputStream:75 - [STDERR_REDIRECT] 
2026-03-01 02:00:10,785 [ERROR] LogOutputStream:75 - [STDERR_REDIRECT] [Fatal Error] :1:1: Premature end of file.
2026-03-01 02:00:10,785 [ERROR] LogOutputStream:75 - [STDERR_REDIRECT] 
2026-03-01 02:00:11,785 [ERROR] LogOutputStream:75 - [STDERR_REDIRECT] [Fatal Error] :1:1: Premature end of file.
2026-03-01 02:00:11,785 [ERROR] LogOutputStream:75 - [STDERR_REDIRECT] 
2026-03-01 02:00:12,785 [ERROR] LogOutputStream:75 - [STDERR_REDIRECT] [Fatal Error] :1:1: Premature end of file.
2026-03-01 02:00:12,785 [ERROR] LogOutputStream:75 - [STDERR_REDIRECT] 
2026-03-01 02:00:13,786 [ERROR] LogOutputStream:75 - [STDERR_REDIRECT] [Fatal Error] :1:1: Premature end of file.
2026-03-01 02:00:13,786 [ERROR] LogOutputStream:75 - [STDERR_REDIRECT] 
2026-03-01 02:00:14,785 [ERROR] LogOutputStream:75 - [STDERR_REDIRECT] [Fatal Error] :1:1: Premature end of file.
2026-03-01 02:00:14,785 [ERROR] LogOutputStream:75 - [STDERR_REDIRECT] 
2026-03-01 02:00:15,785 [ERROR] LogOutputStream:75 - [STDERR_REDIRECT] [Fatal Error] :1:1: Premature end of file.
2026-03-01 02:00:15,785 [ERROR] LogOutputStream:75 - [STDERR_REDIRECT] 
2026-03-01 02:00:16,785 [ERROR] LogOutputStream:75 - [STDERR_REDIRECT] [Fatal Error] :1:1: Premature end of file.
2026-03-01 02:00:16,785 [ERROR] LogOutputStream:75 - [STDERR_REDIRECT] 
2026-03-01 02:00:17,783 [ERROR] LogOutputStream:75 - [STDERR_REDIRECT] [Fatal Error] :1:1: Premature end of file.
2026-03-01 02:00:17,784 [ERROR] LogOutputStream:75 - [STDERR_REDIRECT] 
2026-03-01 02:00:18,785 [ERROR] LogOutputStream:75 - [STDERR_REDIRECT] [Fatal Error] :1:1: Premature end of file.
2026-03-01 02:00:18,785 [ERROR] LogOutputStream:75 - [STDERR_REDIRECT] 
2026-03-01 02:00:19,784 [ERROR] LogOutputStream:75 - [STDERR_REDIRECT] [Fatal Error] :1:1: Premature end of file.
2026-03-01 02:00:19,784 [ERROR] LogOutputStream:75 - [STDERR_REDIRECT] 
2026-03-01 02:00:20,799 [ERROR] LogOutputStream:75 - [STDERR_REDIRECT] [Fatal Error] :1:1: Premature end of file.
2026-03-01 02:00:20,799 [ERROR] LogOutputStream:75 - [STDERR_REDIRECT] 
2026-03-01 02:00:21,786 [ERROR] LogOutputStream:75 - [STDERR_REDIRECT] [Fatal Error] :1:1: Premature end of file.
2026-03-01 02:00:21,786 [ERROR] LogOutputStream:75 - [STDERR_REDIRECT] 
2026-03-01 02:00:22,785 [ERROR] LogOutputStream:75 - [STDERR_REDIRECT] [Fatal Error] :1:1: Premature end of file.
2026-03-01 02:00:22,785 [ERROR] LogOutputStream:75 - [STDERR_REDIRECT] 
2026-03-01 02:00:23,799 [ERROR] LogOutputStream:75 - [STDERR_REDIRECT] [Fatal Error] :1:1: Premature end of file.
2026-03-01 02:00:23,799 [ERROR] LogOutputStream:75 - [STDERR_REDIRECT] 
2026-03-01 02:00:24,783 [ERROR] LogOutputStream:75 - [STDERR_REDIRECT] [Fatal Error] :1:1: Premature end of file.
2026-03-01 02:00:24,783 [ERROR] LogOutputStream:75 - [STDERR_REDIRECT] 
2026-03-01 02:00:25,785 [ERROR] LogOutputStream:75 - [STDERR_REDIRECT] [Fatal Error] :1:1: Premature end of file.
2026-03-01 02:00:25,785 [ERROR] LogOutputStream:75 - [STDERR_REDIRECT] 
2026-03-01 02:00:26,785 [ERROR] LogOutputStream:75 - [STDERR_REDIRECT] [Fatal Error] :1:1: Premature end of file.
2026-03-01 02:00:26,785 [ERROR] LogOutputStream:75 - [STDERR_REDIRECT] 
2026-03-01 02:00:27,784 [ERROR] LogOutputStream:75 - [STDERR_REDIRECT] [Fatal Error] :1:1: Premature end of file.
2026-03-01 02:00:27,784 [ERROR] LogOutputStream:75 - [STDERR_REDIRECT] 
2026-03-01 02:00:28,785 [ERROR] LogOutputStream:75 - [STDERR_REDIRECT] [Fatal Error] :1:1: Premature end of file.
2026-03-01 02:00:28,786 [ERROR] LogOutputStream:75 - [STDERR_REDIRECT] 
2026-03-01 02:00:29,785 [ERROR] LogOutputStream:75 - [STDERR_REDIRECT] [Fatal Error] :1:1: Premature end of file.
2026-03-01 02:00:29,785 [ERROR] LogOutputStream:75 - [STDERR_REDIRECT] 
2026-03-01 02:00:30,785 [ERROR] LogOutputStream:75 - [STDERR_REDIRECT] [Fatal Error] :1:1: Premature end of file.
2026-03-01 02:00:30,785 [ERROR] LogOutputStream:75 - [STDERR_REDIRECT] 
2026-03-01 02:00:31,836 [ERROR] LogOutputStream:75 - [STDERR_REDIRECT] [Fatal Error] :1:1: Premature end of file.
2026-03-01 02:00:31,836 [ERROR] LogOutputStream:75 - [STDERR_REDIRECT] 
2026-03-01 02:00:32,788 [ERROR] LogOutputStream:75 - [STDERR_REDIRECT] [Fatal Error] :1:1: Premature end of file.
2026-03-01 02:00:32,788 [ERROR] LogOutputStream:75 - [STDERR_REDIRECT] 
2026-03-01 02:00:33,785 [ERROR] LogOutputStream:75 - [STDERR_REDIRECT] [Fatal Error] :1:1: Premature end of file.
2026-03-01 02:00:33,785 [ERROR] LogOutputStream:75 - [STDERR_REDIRECT] 
2026-03-01 02:00:34,783 [ERROR] LogOutputStream:75 - [STDERR_REDIRECT] [Fatal Error] :1:1: Premature end of file.
2026-03-01 02:00:34,783 [ERROR] LogOutputStream:75 - [STDERR_REDIRECT] 
2026-03-01 02:00:35,787 [ERROR] LogOutputStream:75 - [STDERR_REDIRECT] [Fatal Error] :1:1: Premature end of file.
2026-03-01 02:00:35,787 [ERROR] LogOutputStream:75 - [STDERR_REDIRECT] 
2026-03-01 02:00:36,787 [ERROR] LogOutputStream:75 - [STDERR_REDIRECT] [Fatal Error] :1:1: Premature end of file.
2026-03-01 02:00:36,787 [ERROR] LogOutputStream:75 - [STDERR_REDIRECT] 
2026-03-01 02:00:37,787 [ERROR] LogOutputStream:75 - [STDERR_REDIRECT] [Fatal Error] :1:1: Premature end of file.
2026-03-01 02:00:37,787 [ERROR] LogOutputStream:75 - [STDERR_REDIRECT] 
2026-03-01 02:00:38,789 [ERROR] LogOutputStream:75 - [STDERR_REDIRECT] [Fatal Error] :1:1: Premature end of file.
2026-03-01 02:00:38,789 [ERROR] LogOutputStream:75 - [STDERR_REDIRECT] 
2026-03-01 02:00:39,783 [ERROR] LogOutputStream:75 - [STDERR_REDIRECT] [Fatal Error] :1:1: Premature end of file.
2026-03-01 02:00:39,783 [ERROR] LogOutputStream:75 - [STDERR_REDIRECT] 
2026-03-01 02:00:40,785 [ERROR] LogOutputStream:75 - [STDERR_REDIRECT] [Fatal Error] :1:1: Premature end of file.
2026-03-01 02:00:40,785 [ERROR] LogOutputStream:75 - [STDERR_REDIRECT] 
2026-03-01 02:00:41,784 [ERROR] LogOutputStream:75 - [STDERR_REDIRECT] [Fatal Error] :1:1: Premature end of file.
2026-03-01 02:00:41,785 [ERROR] LogOutputStream:75 - [STDERR_REDIRECT] 
2026-03-01 02:00:42,796 [ERROR] LogOutputStream:75 - [STDERR_REDIRECT] [Fatal Error] :1:1: Premature end of file.
2026-03-01 02:00:42,797 [ERROR] LogOutputStream:75 - [STDERR_REDIRECT] 
2026-03-01 02:00:43,786 [ERROR] LogOutputStream:75 - [STDERR_REDIRECT] [Fatal Error] :1:1: Premature end of file.
2026-03-01 02:00:43,786 [ERROR] LogOutputStream:75 - [STDERR_REDIRECT] 
2026-03-01 02:00:44,786 [ERROR] LogOutputStream:75 - [STDERR_REDIRECT] [Fatal Error] :1:1: Premature end of file.
2026-03-01 02:00:44,787 [ERROR] LogOutputStream:75 - [STDERR_REDIRECT] 
2026-03-01 02:00:45,786 [ERROR] LogOutputStream:75 - [STDERR_REDIRECT] [Fatal Error] :1:1: Premature end of file.
2026-03-01 02:00:45,786 [ERROR] LogOutputStream:75 - [STDERR_REDIRECT] 
2026-03-01 02:00:46,784 [ERROR] LogOutputStream:75 - [STDERR_REDIRECT] [Fatal Error] :1:1: Premature end of file.
2026-03-01 02:00:46,784 [ERROR] LogOutputStream:75 - [STDERR_REDIRECT] 
2026-03-01 02:00:47,793 [ERROR] LogOutputStream:75 - [STDERR_REDIRECT] [Fatal Error] :1:1: Premature end of file.
2026-03-01 02:00:47,793 [ERROR] LogOutputStream:75 - [STDERR_REDIRECT] 
2026-03-01 02:00:48,784 [ERROR] LogOutputStream:75 - [STDERR_REDIRECT] [Fatal Error] :1:1: Premature end of file.
2026-03-01 02:00:48,784 [ERROR] LogOutputStream:75 - [STDERR_REDIRECT] 
2026-03-01 02:00:49,784 [ERROR] LogOutputStream:75 - [STDERR_REDIRECT] [Fatal Error] :1:1: Premature end of file.
2026-03-01 02:00:49,784 [ERROR] LogOutputStream:75 - [STDERR_REDIRECT] 
2026-03-01 02:00:50,784 [ERROR] LogOutputStream:75 - [STDERR_REDIRECT] [Fatal Error] :1:1: Premature end of file.
2026-03-01 02:00:50,784 [ERROR] LogOutputStream:75 - [STDERR_REDIRECT] 
2026-03-01 02:00:51,794 [ERROR] LogOutputStream:75 - [STDERR_REDIRECT] [Fatal Error] :1:1: Premature end of file.
2026-03-01 02:00:51,794 [ERROR] LogOutputStream:75 - [STDERR_REDIRECT] 
2026-03-01 02:00:52,790 [ERROR] LogOutputStream:75 - [STDERR_REDIRECT] [Fatal Error] :1:1: Premature end of file.
2026-03-01 02:00:52,790 [ERROR] LogOutputStream:75 - [STDERR_REDIRECT] 
2026-03-01 02:00:53,785 [ERROR] LogOutputStream:75 - [STDERR_REDIRECT] [Fatal Error] :1:1: Premature end of file.
2026-03-01 02:00:53,785 [ERROR] LogOutputStream:75 - [STDERR_REDIRECT] 
2026-03-01 02:00:54,785 [ERROR] LogOutputStream:75 - [STDERR_REDIRECT] [Fatal Error] :1:1: Premature end of file.
2026-03-01 02:00:54,785 [ERROR] LogOutputStream:75 - [STDERR_REDIRECT] 
2026-03-01 02:00:55,785 [ERROR] LogOutputStream:75 - [STDERR_REDIRECT] [Fatal Error] :1:1: Premature end of file.
2026-03-01 02:00:55,785 [ERROR] LogOutputStream:75 - [STDERR_REDIRECT] 
2026-03-01 02:00:56,784 [ERROR] LogOutputStream:75 - [STDERR_REDIRECT] [Fatal Error] :1:1: Premature end of file.
2026-03-01 02:00:56,784 [ERROR] LogOutputStream:75 - [STDERR_REDIRECT] 
2026-03-01 02:00:57,799 [ERROR] LogOutputStream:75 - [STDERR_REDIRECT] [Fatal Error] :1:1: Premature end of file.
2026-03-01 02:00:57,799 [ERROR] LogOutputStream:75 - [STDERR_REDIRECT] 
2026-03-01 02:00:58,786 [ERROR] LogOutputStream:75 - [STDERR_REDIRECT] [Fatal Error] :1:1: Premature end of file.
2026-03-01 02:00:58,786 [ERROR] LogOutputStream:75 - [STDERR_REDIRECT] 
2026-03-01 02:00:59,784 [ERROR] LogOutputStream:75 - [STDERR_REDIRECT] [Fatal Error] :1:1: Premature end of file.
2026-03-01 02:00:59,784 [ERROR] LogOutputStream:75 - [STDERR_REDIRECT] 
2026-03-01 02:01:00,799 [ERROR] LogOutputStream:75 - [STDERR_REDIRECT] [Fatal Error] :1:1: Premature end of file.
2026-03-01 02:01:00,799 [ERROR] LogOutputStream:75 - [STDERR_REDIRECT] 
2026-03-01 02:01:01,785 [ERROR] LogOutputStream:75 - [STDERR_REDIRECT] [Fatal Error] :1:1: Premature end of file.
2026-03-01 02:01:01,785 [ERROR] LogOutputStream:75 - [STDERR_REDIRECT] 
2026-03-01 02:01:02,797 [ERROR] LogOutputStream:75 - [STDERR_REDIRECT] [Fatal Error] :1:1: Premature end of file.
2026-03-01 02:01:02,797 [ERROR] LogOutputStream:75 - [STDERR_REDIRECT] 
2026-03-01 02:01:03,785 [ERROR] LogOutputStream:75 - [STDERR_REDIRECT] [Fatal Error] :1:1: Premature end of file.
2026-03-01 02:01:03,785 [ERROR] LogOutputStream:75 - [STDERR_REDIRECT] 
2026-03-01 02:01:04,797 [ERROR] LogOutputStream:75 - [STDERR_REDIRECT] [Fatal Error] :1:1: Premature end of file.
2026-03-01 02:01:04,797 [ERROR] LogOutputStream:75 - [STDERR_REDIRECT] 
2026-03-01 02:01:05,782 [ERROR] LogOutputStream:75 - [STDERR_REDIRECT] [Fatal Error] :1:1: Premature end of file.
2026-03-01 02:01:05,783 [ERROR] LogOutputStream:75 - [STDERR_REDIRECT] 
2026-03-01 02:01:06,786 [ERROR] LogOutputStream:75 - [STDERR_REDIRECT] [Fatal Error] :1:1: Premature end of file.
2026-03-01 02:01:06,786 [ERROR] LogOutputStream:75 - [STDERR_REDIRECT] 
2026-03-01 02:01:07,785 [ERROR] LogOutputStream:75 - [STDERR_REDIRECT] [Fatal Error] :1:1: Premature end of file.
2026-03-01 02:01:07,785 [ERROR] LogOutputStream:75 - [STDERR_REDIRECT] 
2026-03-01 02:01:08,784 [ERROR] LogOutputStream:75 - [STDERR_REDIRECT] [Fatal Error] :1:1: Premature end of file.
2026-03-01 02:01:08,784 [ERROR] LogOutputStream:75 - [STDERR_REDIRECT] 
2026-03-01 02:01:09,802 [ERROR] LogOutputStream:75 - [STDERR_REDIRECT] [Fatal Error] :1:1: Premature end of file.
2026-03-01 02:01:09,803 [ERROR] LogOutputStream:75 - [STDERR_REDIRECT] 
2026-03-01 02:01:10,787 [ERROR] LogOutputStream:75 - [STDERR_REDIRECT] [Fatal Error] :1:1: Premature end of file.
2026-03-01 02:01:10,787 [ERROR] LogOutputStream:75 - [STDERR_REDIRECT] 
2026-03-01 02:01:11,785 [ERROR] LogOutputStream:75 - [STDERR_REDIRECT] [Fatal Error] :1:1: Premature end of file.
2026-03-01 02:01:11,785 [ERROR] LogOutputStream:75 - [STDERR_REDIRECT] 
2026-03-01 02:01:12,784 [ERROR] LogOutputStream:75 - [STDERR_REDIRECT] [Fatal Error] :1:1: Premature end of file.
2026-03-01 02:01:12,784 [ERROR] LogOutputStream:75 - [STDERR_REDIRECT] 
2026-03-01 02:01:13,790 [ERROR] LogOutputStream:75 - [STDERR_REDIRECT] [Fatal Error] :1:1: Premature end of file.
2026-03-01 02:01:13,790 [ERROR] LogOutputStream:75 - [STDERR_REDIRECT] 
2026-03-01 02:01:14,783 [ERROR] LogOutputStream:75 - [STDERR_REDIRECT] [Fatal Error] :1:1: Premature end of file.
2026-03-01 02:01:14,783 [ERROR] LogOutputStream:75 - [STDERR_REDIRECT] 
2026-03-01 02:01:15,789 [ERROR] LogOutputStream:75 - [STDERR_REDIRECT] [Fatal Error] :1:1: Premature end of file.
2026-03-01 02:01:15,790 [ERROR] LogOutputStream:75 - [STDERR_REDIRECT] 
2026-03-01 02:01:16,819 [ERROR] LogOutputStream:75 - [STDERR_REDIRECT] [Fatal Error] :1:1: Premature end of file.
2026-03-01 02:01:16,819 [ERROR] LogOutputStream:75 - [STDERR_REDIRECT] 
2026-03-01 02:01:17,781 [ERROR] LogOutputStream:75 - [STDERR_REDIRECT] [Fatal Error] :1:1: Premature end of file.
2026-03-01 02:01:17,781 [ERROR] LogOutputStream:75 - [STDERR_REDIRECT] 
2026-03-01 02:01:18,782 [ERROR] LogOutputStream:75 - [STDERR_REDIRECT] [Fatal Error] :1:1: Premature end of file.
2026-03-01 02:01:18,782 [ERROR] LogOutputStream:75 - [STDERR_REDIRECT] 
2026-03-01 02:01:19,786 [ERROR] LogOutputStream:75 - [STDERR_REDIRECT] [Fatal Error] :1:1: Premature end of file.
2026-03-01 02:01:19,786 [ERROR] LogOutputStream:75 - [STDERR_REDIRECT] 
2026-03-01 02:01:20,784 [ERROR] LogOutputStream:75 - [STDERR_REDIRECT] [Fatal Error] :1:1: Premature end of file.
2026-03-01 02:01:20,784 [ERROR] LogOutputStream:75 - [STDERR_REDIRECT] 
2026-03-01 02:01:21,800 [ERROR] LogOutputStream:75 - [STDERR_REDIRECT] [Fatal Error] :1:1: Premature end of file.
2026-03-01 02:01:21,800 [ERROR] LogOutputStream:75 - [STDERR_REDIRECT] 
2026-03-01 02:01:22,784 [ERROR] LogOutputStream:75 - [STDERR_REDIRECT] [Fatal Error] :1:1: Premature end of file.
2026-03-01 02:01:22,784 [ERROR] LogOutputStream:75 - [STDERR_REDIRECT] 
2026-03-01 02:01:23,788 [ERROR] LogOutputStream:75 - [STDERR_REDIRECT] [Fatal Error] :1:1: Premature end of file.
2026-03-01 02:01:23,788 [ERROR] LogOutputStream:75 - [STDERR_REDIRECT] 
2026-03-01 02:01:24,788 [ERROR] LogOutputStream:75 - [STDERR_REDIRECT] [Fatal Error] :1:1: Premature end of file.
2026-03-01 02:01:24,788 [ERROR] LogOutputStream:75 - [STDERR_REDIRECT] 
2026-03-01 02:01:25,785 [ERROR] LogOutputStream:75 - [STDERR_REDIRECT] [Fatal Error] :1:1: Premature end of file.
2026-03-01 02:01:25,785 [ERROR] LogOutputStream:75 - [STDERR_REDIRECT] 
2026-03-01 02:01:26,820 [ERROR] LogOutputStream:75 - [STDERR_REDIRECT] [Fatal Error] :1:1: Premature end of file.
2026-03-01 02:01:26,820 [ERROR] LogOutputStream:75 - [STDERR_REDIRECT] 
2026-03-01 02:01:27,783 [ERROR] LogOutputStream:75 - [STDERR_REDIRECT] [Fatal Error] :1:1: Premature end of file.
2026-03-01 02:01:27,784 [ERROR] LogOutputStream:75 - [STDERR_REDIRECT] 
2026-03-01 02:01:28,787 [ERROR] LogOutputStream:75 - [STDERR_REDIRECT] [Fatal Error] :1:1: Premature end of file.
2026-03-01 02:01:28,787 [ERROR] LogOutputStream:75 - [STDERR_REDIRECT] 
2026-03-01 02:01:29,784 [ERROR] LogOutputStream:75 - [STDERR_REDIRECT] [Fatal Error] :1:1: Premature end of file.
2026-03-01 02:01:29,784 [ERROR] LogOutputStream:75 - [STDERR_REDIRECT] 
2026-03-01 02:01:30,786 [ERROR] LogOutputStream:75 - [STDERR_REDIRECT] [Fatal Error] :1:1: Premature end of file.
2026-03-01 02:01:30,787 [ERROR] LogOutputStream:75 - [STDERR_REDIRECT] 
2026-03-01 02:01:31,819 [ERROR] LogOutputStream:75 - [STDERR_REDIRECT] [Fatal Error] :1:1: Premature end of file.
2026-03-01 02:01:31,819 [ERROR] LogOutputStream:75 - [STDERR_REDIRECT] 
2026-03-01 02:01:32,786 [ERROR] LogOutputStream:75 - [STDERR_REDIRECT] [Fatal Error] :1:1: Premature end of file.
2026-03-01 02:01:32,786 [ERROR] LogOutputStream:75 - [STDERR_REDIRECT] 
2026-03-01 02:01:33,782 [ERROR] LogOutputStream:75 - [STDERR_REDIRECT] [Fatal Error] :1:1: Premature end of file.
2026-03-01 02:01:33,782 [ERROR] LogOutputStream:75 - [STDERR_REDIRECT] 
2026-03-01 02:01:34,784 [ERROR] LogOutputStream:75 - [STDERR_REDIRECT] [Fatal Error] :1:1: Premature end of file.
2026-03-01 02:01:34,784 [ERROR] LogOutputStream:75 - [STDERR_REDIRECT] 
2026-03-01 02:01:35,784 [ERROR] LogOutputStream:75 - [STDERR_REDIRECT] [Fatal Error] :1:1: Premature end of file.
2026-03-01 02:01:35,784 [ERROR] LogOutputStream:75 - [STDERR_REDIRECT] 
2026-03-01 02:01:36,790 [ERROR] LogOutputStream:75 - [STDERR_REDIRECT] [Fatal Error] :1:1: Premature end of file.
2026-03-01 02:01:36,790 [ERROR] LogOutputStream:75 - [STDERR_REDIRECT] 
2026-03-01 02:01:37,786 [ERROR] LogOutputStream:75 - [STDERR_REDIRECT] [Fatal Error] :1:1: Premature end of file.
2026-03-01 02:01:37,786 [ERROR] LogOutputStream:75 - [STDERR_REDIRECT] 
2026-03-01 02:01:38,783 [ERROR] LogOutputStream:75 - [STDERR_REDIRECT] [Fatal Error] :1:1: Premature end of file.
2026-03-01 02:01:38,783 [ERROR] LogOutputStream:75 - [STDERR_REDIRECT] 
2026-03-01 02:01:39,785 [ERROR] LogOutputStream:75 - [STDERR_REDIRECT] [Fatal Error] :1:1: Premature end of file.
2026-03-01 02:01:39,785 [ERROR] LogOutputStream:75 - [STDERR_REDIRECT] 
2026-03-01 02:01:40,782 [ERROR] LogOutputStream:75 - [STDERR_REDIRECT] [Fatal Error] :1:1: Premature end of file.
2026-03-01 02:01:40,782 [ERROR] LogOutputStream:75 - [STDERR_REDIRECT] 
2026-03-01 02:01:41,786 [ERROR] LogOutputStream:75 - [STDERR_REDIRECT] [Fatal Error] :1:1: Premature end of file.
2026-03-01 02:01:41,786 [ERROR] LogOutputStream:75 - [STDERR_REDIRECT] 
2026-03-01 02:01:42,784 [ERROR] LogOutputStream:75 - [STDERR_REDIRECT] [Fatal Error] :1:1: Premature end of file.
2026-03-01 02:01:42,784 [ERROR] LogOutputStream:75 - [STDERR_REDIRECT] 
2026-03-01 02:01:43,784 [ERROR] LogOutputStream:75 - [STDERR_REDIRECT] [Fatal Error] :1:1: Premature end of file.
2026-03-01 02:01:43,784 [ERROR] LogOutputStream:75 - [STDERR_REDIRECT] 
2026-03-01 02:01:44,783 [ERROR] LogOutputStream:75 - [STDERR_REDIRECT] [Fatal Error] :1:1: Premature end of file.
2026-03-01 02:01:44,783 [ERROR] LogOutputStream:75 - [STDERR_REDIRECT] 
2026-03-01 02:01:45,784 [ERROR] LogOutputStream:75 - [STDERR_REDIRECT] [Fatal Error] :1:1: Premature end of file.
2026-03-01 02:01:45,784 [ERROR] LogOutputStream:75 - [STDERR_REDIRECT] 
2026-03-01 02:01:46,787 [ERROR] LogOutputStream:75 - [STDERR_REDIRECT] [Fatal Error] :1:1: Premature end of file.
2026-03-01 02:01:46,787 [ERROR] LogOutputStream:75 - [STDERR_REDIRECT] 
2026-03-01 02:01:47,818 [ERROR] LogOutputStream:75 - [STDERR_REDIRECT] [Fatal Error] :1:1: Premature end of file.
2026-03-01 02:01:47,818 [ERROR] LogOutputStream:75 - [STDERR_REDIRECT] 
2026-03-01 02:01:48,782 [ERROR] LogOutputStream:75 - [STDERR_REDIRECT] [Fatal Error] :1:1: Premature end of file.
2026-03-01 02:01:48,783 [ERROR] LogOutputStream:75 - [STDERR_REDIRECT] 
2026-03-01 02:01:49,782 [ERROR] LogOutputStream:75 - [STDERR_REDIRECT] [Fatal Error] :1:1: Premature end of file.
2026-03-01 02:01:49,782 [ERROR] LogOutputStream:75 - [STDERR_REDIRECT] 
2026-03-01 02:01:50,783 [ERROR] LogOutputStream:75 - [STDERR_REDIRECT] [Fatal Error] :1:1: Premature end of file.
2026-03-01 02:01:50,783 [ERROR] LogOutputStream:75 - [STDERR_REDIRECT] 
2026-03-01 02:01:51,786 [ERROR] LogOutputStream:75 - [STDERR_REDIRECT] [Fatal Error] :1:1: Premature end of file.
2026-03-01 02:01:51,786 [ERROR] LogOutputStream:75 - [STDERR_REDIRECT] 
2026-03-01 02:01:52,785 [ERROR] LogOutputStream:75 - [STDERR_REDIRECT] [Fatal Error] :1:1: Premature end of file.
2026-03-01 02:01:52,785 [ERROR] LogOutputStream:75 - [STDERR_REDIRECT] 
2026-03-01 02:01:53,790 [ERROR] LogOutputStream:75 - [STDERR_REDIRECT] [Fatal Error] :1:1: Premature end of file.
2026-03-01 02:01:53,790 [ERROR] LogOutputStream:75 - [STDERR_REDIRECT] 
2026-03-01 02:01:54,784 [ERROR] LogOutputStream:75 - [STDERR_REDIRECT] [Fatal Error] :1:1: Premature end of file.
2026-03-01 02:01:54,784 [ERROR] LogOutputStream:75 - [STDERR_REDIRECT] 
2026-03-01 02:01:55,795 [ERROR] LogOutputStream:75 - [STDERR_REDIRECT] [Fatal Error] :1:1: Premature end of file.
2026-03-01 02:01:55,795 [ERROR] LogOutputStream:75 - [STDERR_REDIRECT] 
2026-03-01 02:01:56,785 [ERROR] LogOutputStream:75 - [STDERR_REDIRECT] [Fatal Error] :1:1: Premature end of file.
2026-03-01 02:01:56,785 [ERROR] LogOutputStream:75 - [STDERR_REDIRECT] 
2026-03-01 02:01:57,806 [ERROR] LogOutputStream:75 - [STDERR_REDIRECT] [Fatal Error] :1:1: Premature end of file.
2026-03-01 02:01:57,806 [ERROR] LogOutputStream:75 - [STDERR_REDIRECT] 
2026-03-01 02:01:58,784 [ERROR] LogOutputStream:75 - [STDERR_REDIRECT] [Fatal Error] :1:1: Premature end of file.
2026-03-01 02:01:58,784 [ERROR] LogOutputStream:75 - [STDERR_REDIRECT] 
2026-03-01 02:01:59,785 [ERROR] LogOutputStream:75 - [STDERR_REDIRECT] [Fatal Error] :1:1: Premature end of file.
2026-03-01 02:01:59,785 [ERROR] LogOutputStream:75 - [STDERR_REDIRECT] 
2026-03-01 02:02:00,785 [ERROR] LogOutputStream:75 - [STDERR_REDIRECT] [Fatal Error] :1:1: Premature end of file.
2026-03-01 02:02:00,785 [ERROR] LogOutputStream:75 - [STDERR_REDIRECT] 
2026-03-01 02:02:01,788 [ERROR] LogOutputStream:75 - [STDERR_REDIRECT] [Fatal Error] :1:1: Premature end of file.
2026-03-01 02:02:01,788 [ERROR] LogOutputStream:75 - [STDERR_REDIRECT] 
2026-03-01 02:02:02,786 [ERROR] LogOutputStream:75 - [STDERR_REDIRECT] [Fatal Error] :1:1: Premature end of file.
2026-03-01 02:02:02,786 [ERROR] LogOutputStream:75 - [STDERR_REDIRECT] 
2026-03-01 02:02:03,785 [ERROR] LogOutputStream:75 - [STDERR_REDIRECT] [Fatal Error] :1:1: Premature end of file.
2026-03-01 02:02:03,785 [ERROR] LogOutputStream:75 - [STDERR_REDIRECT] 
2026-03-01 02:02:04,786 [ERROR] LogOutputStream:75 - [STDERR_REDIRECT] [Fatal Error] :1:1: Premature end of file.
2026-03-01 02:02:04,786 [ERROR] LogOutputStream:75 - [STDERR_REDIRECT] 
2026-03-01 02:02:05,785 [ERROR] LogOutputStream:75 - [STDERR_REDIRECT] [Fatal Error] :1:1: Premature end of file.
2026-03-01 02:02:05,785 [ERROR] LogOutputStream:75 - [STDERR_REDIRECT] 
2026-03-01 02:02:06,785 [ERROR] LogOutputStream:75 - [STDERR_REDIRECT] [Fatal Error] :1:1: Premature end of file.
2026-03-01 02:02:06,785 [ERROR] LogOutputStream:75 - [STDERR_REDIRECT] 
2026-03-01 02:02:07,796 [ERROR] LogOutputStream:75 - [STDERR_REDIRECT] [Fatal Error] :1:1: Premature end of file.
2026-03-01 02:02:07,796 [ERROR] LogOutputStream:75 - [STDERR_REDIRECT] 
2026-03-01 02:02:08,784 [ERROR] LogOutputStream:75 - [STDERR_REDIRECT] [Fatal Error] :1:1: Premature end of file.
2026-03-01 02:02:08,784 [ERROR] LogOutputStream:75 - [STDERR_REDIRECT] 
2026-03-01 02:02:09,786 [ERROR] LogOutputStream:75 - [STDERR_REDIRECT] [Fatal Error] :1:1: Premature end of file.
2026-03-01 02:02:09,786 [ERROR] LogOutputStream:75 - [STDERR_REDIRECT] 
2026-03-01 02:02:10,787 [ERROR] LogOutputStream:75 - [STDERR_REDIRECT] [Fatal Error] :1:1: Premature end of file.
2026-03-01 02:02:10,787 [ERROR] LogOutputStream:75 - [STDERR_REDIRECT] 
2026-03-01 02:02:11,784 [ERROR] LogOutputStream:75 - [STDERR_REDIRECT] [Fatal Error] :1:1: Premature end of file.
2026-03-01 02:02:11,784 [ERROR] LogOutputStream:75 - [STDERR_REDIRECT] 
2026-03-01 02:02:12,787 [ERROR] LogOutputStream:75 - [STDERR_REDIRECT] [Fatal Error] :1:1: Premature end of file.
2026-03-01 02:02:12,787 [ERROR] LogOutputStream:75 - [STDERR_REDIRECT] 
2026-03-01 02:02:13,785 [ERROR] LogOutputStream:75 - [STDERR_REDIRECT] [Fatal Error] :1:1: Premature end of file.
2026-03-01 02:02:13,786 [ERROR] LogOutputStream:75 - [STDERR_REDIRECT] 
2026-03-01 02:02:14,785 [ERROR] LogOutputStream:75 - [STDERR_REDIRECT] [Fatal Error] :1:1: Premature end of file.
2026-03-01 02:02:14,785 [ERROR] LogOutputStream:75 - [STDERR_REDIRECT] 
2026-03-01 02:02:15,788 [ERROR] LogOutputStream:75 - [STDERR_REDIRECT] [Fatal Error] :1:1: Premature end of file.
2026-03-01 02:02:15,788 [ERROR] LogOutputStream:75 - [STDERR_REDIRECT] 
2026-03-01 02:02:16,784 [ERROR] LogOutputStream:75 - [STDERR_REDIRECT] [Fatal Error] :1:1: Premature end of file.
2026-03-01 02:02:16,785 [ERROR] LogOutputStream:75 - [STDERR_REDIRECT] 
2026-03-01 02:02:17,793 [ERROR] LogOutputStream:75 - [STDERR_REDIRECT] [Fatal Error] :1:1: Premature end of file.
2026-03-01 02:02:17,793 [ERROR] LogOutputStream:75 - [STDERR_REDIRECT] 
2026-03-01 02:02:18,785 [ERROR] LogOutputStream:75 - [STDERR_REDIRECT] [Fatal Error] :1:1: Premature end of file.
2026-03-01 02:02:18,785 [ERROR] LogOutputStream:75 - [STDERR_REDIRECT] 
2026-03-01 02:02:19,783 [ERROR] LogOutputStream:75 - [STDERR_REDIRECT] [Fatal Error] :1:1: Premature end of file.
2026-03-01 02:02:19,783 [ERROR] LogOutputStream:75 - [STDERR_REDIRECT] 
2026-03-01 02:02:20,782 [ERROR] LogOutputStream:75 - [STDERR_REDIRECT] [Fatal Error] :1:1: Premature end of file.
2026-03-01 02:02:20,782 [ERROR] LogOutputStream:75 - [STDERR_REDIRECT] 
2026-03-01 02:02:21,785 [ERROR] LogOutputStream:75 - [STDERR_REDIRECT] [Fatal Error] :1:1: Premature end of file.
2026-03-01 02:02:21,785 [ERROR] LogOutputStream:75 - [STDERR_REDIRECT] 
2026-03-01 02:02:22,782 [ERROR] LogOutputStream:75 - [STDERR_REDIRECT] [Fatal Error] :1:1: Premature end of file.
2026-03-01 02:02:22,782 [ERROR] LogOutputStream:75 - [STDERR_REDIRECT] 
2026-03-01 02:02:23,785 [ERROR] LogOutputStream:75 - [STDERR_REDIRECT] [Fatal Error] :1:1: Premature end of file.
2026-03-01 02:02:23,786 [ERROR] LogOutputStream:75 - [STDERR_REDIRECT] 
2026-03-01 02:02:24,784 [ERROR] LogOutputStream:75 - [STDERR_REDIRECT] [Fatal Error] :1:1: Premature end of file.
2026-03-01 02:02:24,785 [ERROR] LogOutputStream:75 - [STDERR_REDIRECT] 
2026-03-01 02:02:25,789 [ERROR] LogOutputStream:75 - [STDERR_REDIRECT] [Fatal Error] :1:1: Premature end of file.
2026-03-01 02:02:25,789 [ERROR] LogOutputStream:75 - [STDERR_REDIRECT] 
2026-03-01 02:02:26,786 [ERROR] LogOutputStream:75 - [STDERR_REDIRECT] [Fatal Error] :1:1: Premature end of file.
2026-03-01 02:02:26,787 [ERROR] LogOutputStream:75 - [STDERR_REDIRECT] 
2026-03-01 02:02:27,786 [ERROR] LogOutputStream:75 - [STDERR_REDIRECT] [Fatal Error] :1:1: Premature end of file.
2026-03-01 02:02:27,786 [ERROR] LogOutputStream:75 - [STDERR_REDIRECT] 
2026-03-01 02:02:28,838 [ERROR] LogOutputStream:75 - [STDERR_REDIRECT] [Fatal Error] :1:1: Premature end of file.
2026-03-01 02:02:28,838 [ERROR] LogOutputStream:75 - [STDERR_REDIRECT] 
2026-03-01 02:02:29,784 [ERROR] LogOutputStream:75 - [STDERR_REDIRECT] [Fatal Error] :1:1: Premature end of file.
2026-03-01 02:02:29,784 [ERROR] LogOutputStream:75 - [STDERR_REDIRECT] 
2026-03-01 02:02:30,792 [ERROR] LogOutputStream:75 - [STDERR_REDIRECT] [Fatal Error] :1:1: Premature end of file.
2026-03-01 02:02:30,792 [ERROR] LogOutputStream:75 - [STDERR_REDIRECT] 
2026-03-01 02:02:31,784 [ERROR] LogOutputStream:75 - [STDERR_REDIRECT] [Fatal Error] :1:1: Premature end of file.
2026-03-01 02:02:31,784 [ERROR] LogOutputStream:75 - [STDERR_REDIRECT] 
2026-03-01 02:02:32,783 [ERROR] LogOutputStream:75 - [STDERR_REDIRECT] [Fatal Error] :1:1: Premature end of file.
2026-03-01 02:02:32,783 [ERROR] LogOutputStream:75 - [STDERR_REDIRECT] 
2026-03-01 02:02:33,819 [ERROR] LogOutputStream:75 - [STDERR_REDIRECT] [Fatal Error] :1:1: Premature end of file.
2026-03-01 02:02:33,820 [ERROR] LogOutputStream:75 - [STDERR_REDIRECT] 
2026-03-01 02:02:34,786 [ERROR] LogOutputStream:75 - [STDERR_REDIRECT] [Fatal Error] :1:1: Premature end of file.
2026-03-01 02:02:34,786 [ERROR] LogOutputStream:75 - [STDERR_REDIRECT] 
2026-03-01 02:02:35,783 [ERROR] LogOutputStream:75 - [STDERR_REDIRECT] [Fatal Error] :1:1: Premature end of file.
2026-03-01 02:02:35,783 [ERROR] LogOutputStream:75 - [STDERR_REDIRECT] 
2026-03-01 02:02:36,785 [ERROR] LogOutputStream:75 - [STDERR_REDIRECT] [Fatal Error] :1:1: Premature end of file.
2026-03-01 02:02:36,785 [ERROR] LogOutputStream:75 - [STDERR_REDIRECT] 
2026-03-01 02:02:37,791 [ERROR] LogOutputStream:75 - [STDERR_REDIRECT] [Fatal Error] :1:1: Premature end of file.
2026-03-01 02:02:37,791 [ERROR] LogOutputStream:75 - [STDERR_REDIRECT] 
2026-03-01 02:02:38,786 [ERROR] LogOutputStream:75 - [STDERR_REDIRECT] [Fatal Error] :1:1: Premature end of file.
2026-03-01 02:02:38,786 [ERROR] LogOutputStream:75 - [STDERR_REDIRECT] 
2026-03-01 02:02:39,786 [ERROR] LogOutputStream:75 - [STDERR_REDIRECT] [Fatal Error] :1:1: Premature end of file.
2026-03-01 02:02:39,786 [ERROR] LogOutputStream:75 - [STDERR_REDIRECT] 
2026-03-01 02:02:40,785 [ERROR] LogOutputStream:75 - [STDERR_REDIRECT] [Fatal Error] :1:1: Premature end of file.
2026-03-01 02:02:40,785 [ERROR] LogOutputStream:75 - [STDERR_REDIRECT] 
2026-03-01 02:02:41,789 [ERROR] LogOutputStream:75 - [STDERR_REDIRECT] [Fatal Error] :1:1: Premature end of file.
2026-03-01 02:02:41,789 [ERROR] LogOutputStream:75 - [STDERR_REDIRECT] 
2026-03-01 02:02:42,785 [ERROR] LogOutputStream:75 - [STDERR_REDIRECT] [Fatal Error] :1:1: Premature end of file.
2026-03-01 02:02:42,785 [ERROR] LogOutputStream:75 - [STDERR_REDIRECT] 
2026-03-01 02:02:43,789 [ERROR] LogOutputStream:75 - [STDERR_REDIRECT] [Fatal Error] :1:1: Premature end of file.
2026-03-01 02:02:43,789 [ERROR] LogOutputStream:75 - [STDERR_REDIRECT] 
2026-03-01 02:02:44,791 [ERROR] LogOutputStream:75 - [STDERR_REDIRECT] [Fatal Error] :1:1: Premature end of file.
2026-03-01 02:02:44,791 [ERROR] LogOutputStream:75 - [STDERR_REDIRECT] 
2026-03-01 02:02:45,784 [ERROR] LogOutputStream:75 - [STDERR_REDIRECT] [Fatal Error] :1:1: Premature end of file.
2026-03-01 02:02:45,784 [ERROR] LogOutputStream:75 - [STDERR_REDIRECT] 
2026-03-01 02:02:46,784 [ERROR] LogOutputStream:75 - [STDERR_REDIRECT] [Fatal Error] :1:1: Premature end of file.
2026-03-01 02:02:46,784 [ERROR] LogOutputStream:75 - [STDERR_REDIRECT] 
2026-03-01 02:02:47,786 [ERROR] LogOutputStream:75 - [STDERR_REDIRECT] [Fatal Error] :1:1: Premature end of file.
2026-03-01 02:02:47,786 [ERROR] LogOutputStream:75 - [STDERR_REDIRECT] 
2026-03-01 02:02:48,784 [ERROR] LogOutputStream:75 - [STDERR_REDIRECT] [Fatal Error] :1:1: Premature end of file.
2026-03-01 02:02:48,784 [ERROR] LogOutputStream:75 - [STDERR_REDIRECT] 
2026-03-01 02:02:49,791 [ERROR] LogOutputStream:75 - [STDERR_REDIRECT] [Fatal Error] :1:1: Premature end of file.
2026-03-01 02:02:49,791 [ERROR] LogOutputStream:75 - [STDERR_REDIRECT] 
2026-03-01 02:02:50,783 [ERROR] LogOutputStream:75 - [STDERR_REDIRECT] [Fatal Error] :1:1: Premature end of file.
2026-03-01 02:02:50,783 [ERROR] LogOutputStream:75 - [STDERR_REDIRECT] 
2026-03-01 02:02:51,785 [ERROR] LogOutputStream:75 - [STDERR_REDIRECT] [Fatal Error] :1:1: Premature end of file.
2026-03-01 02:02:51,785 [ERROR] LogOutputStream:75 - [STDERR_REDIRECT] 
2026-03-01 02:02:52,786 [ERROR] LogOutputStream:75 - [STDERR_REDIRECT] [Fatal Error] :1:1: Premature end of file.
2026-03-01 02:02:52,786 [ERROR] LogOutputStream:75 - [STDERR_REDIRECT] 
2026-03-01 02:02:53,784 [ERROR] LogOutputStream:75 - [STDERR_REDIRECT] [Fatal Error] :1:1: Premature end of file.
2026-03-01 02:02:53,784 [ERROR] LogOutputStream:75 - [STDERR_REDIRECT] 
2026-03-01 02:02:54,845 [ERROR] LogOutputStream:75 - [STDERR_REDIRECT] [Fatal Error] :1:1: Premature end of file.
2026-03-01 02:02:54,845 [ERROR] LogOutputStream:75 - [STDERR_REDIRECT] 
2026-03-01 02:02:55,787 [ERROR] LogOutputStream:75 - [STDERR_REDIRECT] [Fatal Error] :1:1: Premature end of file.
2026-03-01 02:02:55,787 [ERROR] LogOutputStream:75 - [STDERR_REDIRECT] 
2026-03-01 02:02:56,782 [ERROR] LogOutputStream:75 - [STDERR_REDIRECT] [Fatal Error] :1:1: Premature end of file.
2026-03-01 02:02:56,782 [ERROR] LogOutputStream:75 - [STDERR_REDIRECT] 
2026-03-01 02:02:57,785 [ERROR] LogOutputStream:75 - [STDERR_REDIRECT] [Fatal Error] :1:1: Premature end of file.
2026-03-01 02:02:57,786 [ERROR] LogOutputStream:75 - [STDERR_REDIRECT] 
2026-03-01 02:02:58,783 [ERROR] LogOutputStream:75 - [STDERR_REDIRECT] [Fatal Error] :1:1: Premature end of file.
2026-03-01 02:02:58,783 [ERROR] LogOutputStream:75 - [STDERR_REDIRECT] 
2026-03-01 02:02:59,785 [ERROR] LogOutputStream:75 - [STDERR_REDIRECT] [Fatal Error] :1:1: Premature end of file.
2026-03-01 02:02:59,785 [ERROR] LogOutputStream:75 - [STDERR_REDIRECT] 
2026-03-01 02:03:00,783 [ERROR] LogOutputStream:75 - [STDERR_REDIRECT] [Fatal Error] :1:1: Premature end of file.
2026-03-01 02:03:00,784 [ERROR] LogOutputStream:75 - [STDERR_REDIRECT] 
2026-03-01 02:03:01,784 [ERROR] LogOutputStream:75 - [STDERR_REDIRECT] [Fatal Error] :1:1: Premature end of file.
2026-03-01 02:03:01,784 [ERROR] LogOutputStream:75 - [STDERR_REDIRECT] 
2026-03-01 02:03:02,784 [ERROR] LogOutputStream:75 - [STDERR_REDIRECT] [Fatal Error] :1:1: Premature end of file.
2026-03-01 02:03:02,784 [ERROR] LogOutputStream:75 - [STDERR_REDIRECT] 
2026-03-01 02:03:03,799 [ERROR] LogOutputStream:75 - [STDERR_REDIRECT] [Fatal Error] :1:1: Premature end of file.
2026-03-01 02:03:03,799 [ERROR] LogOutputStream:75 - [STDERR_REDIRECT] 
2026-03-01 02:03:04,785 [ERROR] LogOutputStream:75 - [STDERR_REDIRECT] [Fatal Error] :1:1: Premature end of file.
2026-03-01 02:03:04,785 [ERROR] LogOutputStream:75 - [STDERR_REDIRECT] 
2026-03-01 02:03:05,785 [ERROR] LogOutputStream:75 - [STDERR_REDIRECT] [Fatal Error] :1:1: Premature end of file.
2026-03-01 02:03:05,785 [ERROR] LogOutputStream:75 - [STDERR_REDIRECT] 
2026-03-01 02:03:06,788 [ERROR] LogOutputStream:75 - [STDERR_REDIRECT] [Fatal Error] :1:1: Premature end of file.
2026-03-01 02:03:06,788 [ERROR] LogOutputStream:75 - [STDERR_REDIRECT] 
2026-03-01 02:03:07,784 [ERROR] LogOutputStream:75 - [STDERR_REDIRECT] [Fatal Error] :1:1: Premature end of file.
2026-03-01 02:03:07,784 [ERROR] LogOutputStream:75 - [STDERR_REDIRECT] 
2026-03-01 02:03:08,788 [ERROR] LogOutputStream:75 - [STDERR_REDIRECT] [Fatal Error] :1:1: Premature end of file.
2026-03-01 02:03:08,788 [ERROR] LogOutputStream:75 - [STDERR_REDIRECT] 
2026-03-01 02:03:09,783 [ERROR] LogOutputStream:75 - [STDERR_REDIRECT] [Fatal Error] :1:1: Premature end of file.
2026-03-01 02:03:09,784 [ERROR] LogOutputStream:75 - [STDERR_REDIRECT] 
2026-03-01 02:03:10,785 [ERROR] LogOutputStream:75 - [STDERR_REDIRECT] [Fatal Error] :1:1: Premature end of file.
2026-03-01 02:03:10,785 [ERROR] LogOutputStream:75 - [STDERR_REDIRECT] 
2026-03-01 02:03:11,785 [ERROR] LogOutputStream:75 - [STDERR_REDIRECT] [Fatal Error] :1:1: Premature end of file.
2026-03-01 02:03:11,785 [ERROR] LogOutputStream:75 - [STDERR_REDIRECT] 
2026-03-01 02:03:12,784 [ERROR] LogOutputStream:75 - [STDERR_REDIRECT] [Fatal Error] :1:1: Premature end of file.
2026-03-01 02:03:12,784 [ERROR] LogOutputStream:75 - [STDERR_REDIRECT] 
2026-03-01 02:03:13,784 [ERROR] LogOutputStream:75 - [STDERR_REDIRECT] [Fatal Error] :1:1: Premature end of file.
2026-03-01 02:03:13,784 [ERROR] LogOutputStream:75 - [STDERR_REDIRECT] 
2026-03-01 02:03:14,786 [ERROR] LogOutputStream:75 - [STDERR_REDIRECT] [Fatal Error] :1:1: Premature end of file.
2026-03-01 02:03:14,786 [ERROR] LogOutputStream:75 - [STDERR_REDIRECT] 
2026-03-01 02:03:15,786 [ERROR] LogOutputStream:75 - [STDERR_REDIRECT] [Fatal Error] :1:1: Premature end of file.
2026-03-01 02:03:15,786 [ERROR] LogOutputStream:75 - [STDERR_REDIRECT] 
2026-03-01 02:03:16,784 [ERROR] LogOutputStream:75 - [STDERR_REDIRECT] [Fatal Error] :1:1: Premature end of file.
2026-03-01 02:03:16,784 [ERROR] LogOutputStream:75 - [STDERR_REDIRECT] 
2026-03-01 02:03:17,790 [ERROR] LogOutputStream:75 - [STDERR_REDIRECT] [Fatal Error] :1:1: Premature end of file.
2026-03-01 02:03:17,790 [ERROR] LogOutputStream:75 - [STDERR_REDIRECT] 
2026-03-01 02:03:18,784 [ERROR] LogOutputStream:75 - [STDERR_REDIRECT] [Fatal Error] :1:1: Premature end of file.
2026-03-01 02:03:18,785 [ERROR] LogOutputStream:75 - [STDERR_REDIRECT] 
2026-03-01 02:03:19,791 [ERROR] LogOutputStream:75 - [STDERR_REDIRECT] [Fatal Error] :1:1: Premature end of file.
2026-03-01 02:03:19,791 [ERROR] LogOutputStream:75 - [STDERR_REDIRECT] 
2026-03-01 02:03:20,787 [ERROR] LogOutputStream:75 - [STDERR_REDIRECT] [Fatal Error] :1:1: Premature end of file.
2026-03-01 02:03:20,787 [ERROR] LogOutputStream:75 - [STDERR_REDIRECT] 
2026-03-01 02:03:21,785 [ERROR] LogOutputStream:75 - [STDERR_REDIRECT] [Fatal Error] :1:1: Premature end of file.
2026-03-01 02:03:21,785 [ERROR] LogOutputStream:75 - [STDERR_REDIRECT] 
2026-03-01 02:03:22,783 [ERROR] LogOutputStream:75 - [STDERR_REDIRECT] [Fatal Error] :1:1: Premature end of file.
2026-03-01 02:03:22,783 [ERROR] LogOutputStream:75 - [STDERR_REDIRECT] 
2026-03-01 02:03:23,784 [ERROR] LogOutputStream:75 - [STDERR_REDIRECT] [Fatal Error] :1:1: Premature end of file.
2026-03-01 02:03:23,784 [ERROR] LogOutputStream:75 - [STDERR_REDIRECT] 
2026-03-01 02:03:24,786 [ERROR] LogOutputStream:75 - [STDERR_REDIRECT] [Fatal Error] :1:1: Premature end of file.
2026-03-01 02:03:24,787 [ERROR] LogOutputStream:75 - [STDERR_REDIRECT] 
2026-03-01 02:03:25,782 [ERROR] LogOutputStream:75 - [STDERR_REDIRECT] [Fatal Error] :1:1: Premature end of file.
2026-03-01 02:03:25,782 [ERROR] LogOutputStream:75 - [STDERR_REDIRECT] 
2026-03-01 02:03:26,786 [ERROR] LogOutputStream:75 - [STDERR_REDIRECT] [Fatal Error] :1:1: Premature end of file.
2026-03-01 02:03:26,786 [ERROR] LogOutputStream:75 - [STDERR_REDIRECT] 
2026-03-01 02:03:27,788 [ERROR] LogOutputStream:75 - [STDERR_REDIRECT] [Fatal Error] :1:1: Premature end of file.
2026-03-01 02:03:27,788 [ERROR] LogOutputStream:75 - [STDERR_REDIRECT] 
2026-03-01 02:03:28,782 [ERROR] LogOutputStream:75 - [STDERR_REDIRECT] [Fatal Error] :1:1: Premature end of file.
2026-03-01 02:03:28,783 [ERROR] LogOutputStream:75 - [STDERR_REDIRECT] 
2026-03-01 02:03:29,784 [ERROR] LogOutputStream:75 - [STDERR_REDIRECT] [Fatal Error] :1:1: Premature end of file.
2026-03-01 02:03:29,785 [ERROR] LogOutputStream:75 - [STDERR_REDIRECT] 
2026-03-01 02:03:30,786 [ERROR] LogOutputStream:75 - [STDERR_REDIRECT] [Fatal Error] :1:1: Premature end of file.
2026-03-01 02:03:30,786 [ERROR] LogOutputStream:75 - [STDERR_REDIRECT] 
2026-03-01 02:03:31,788 [ERROR] LogOutputStream:75 - [STDERR_REDIRECT] [Fatal Error] :1:1: Premature end of file.
2026-03-01 02:03:31,788 [ERROR] LogOutputStream:75 - [STDERR_REDIRECT] 
2026-03-01 02:03:32,786 [ERROR] LogOutputStream:75 - [STDERR_REDIRECT] [Fatal Error] :1:1: Premature end of file.
2026-03-01 02:03:32,786 [ERROR] LogOutputStream:75 - [STDERR_REDIRECT] 
2026-03-01 02:03:33,786 [ERROR] LogOutputStream:75 - [STDERR_REDIRECT] [Fatal Error] :1:1: Premature end of file.
2026-03-01 02:03:33,786 [ERROR] LogOutputStream:75 - [STDERR_REDIRECT] 
2026-03-01 02:03:34,785 [ERROR] LogOutputStream:75 - [STDERR_REDIRECT] [Fatal Error] :1:1: Premature end of file.
2026-03-01 02:03:34,785 [ERROR] LogOutputStream:75 - [STDERR_REDIRECT] 
2026-03-01 02:03:35,785 [ERROR] LogOutputStream:75 - [STDERR_REDIRECT] [Fatal Error] :1:1: Premature end of file.
2026-03-01 02:03:35,785 [ERROR] LogOutputStream:75 - [STDERR_REDIRECT] 
2026-03-01 02:03:36,783 [ERROR] LogOutputStream:75 - [STDERR_REDIRECT] [Fatal Error] :1:1: Premature end of file.
2026-03-01 02:03:36,784 [ERROR] LogOutputStream:75 - [STDERR_REDIRECT] 
2026-03-01 02:03:37,786 [ERROR] LogOutputStream:75 - [STDERR_REDIRECT] [Fatal Error] :1:1: Premature end of file.
2026-03-01 02:03:37,786 [ERROR] LogOutputStream:75 - [STDERR_REDIRECT] 
2026-03-01 02:03:38,782 [ERROR] LogOutputStream:75 - [STDERR_REDIRECT] [Fatal Error] :1:1: Premature end of file.
2026-03-01 02:03:38,782 [ERROR] LogOutputStream:75 - [STDERR_REDIRECT] 
2026-03-01 02:03:39,786 [ERROR] LogOutputStream:75 - [STDERR_REDIRECT] [Fatal Error] :1:1: Premature end of file.
2026-03-01 02:03:39,786 [ERROR] LogOutputStream:75 - [STDERR_REDIRECT] 
2026-03-01 02:03:40,822 [ERROR] LogOutputStream:75 - [STDERR_REDIRECT] [Fatal Error] :1:1: Premature end of file.
2026-03-01 02:03:40,822 [ERROR] LogOutputStream:75 - [STDERR_REDIRECT] 
2026-03-01 02:03:41,787 [ERROR] LogOutputStream:75 - [STDERR_REDIRECT] [Fatal Error] :1:1: Premature end of file.
2026-03-01 02:03:41,787 [ERROR] LogOutputStream:75 - [STDERR_REDIRECT] 
2026-03-01 02:03:42,781 [ERROR] LogOutputStream:75 - [STDERR_REDIRECT] [Fatal Error] :1:1: Premature end of file.
2026-03-01 02:03:42,781 [ERROR] LogOutputStream:75 - [STDERR_REDIRECT] 
2026-03-01 02:03:43,785 [ERROR] LogOutputStream:75 - [STDERR_REDIRECT] [Fatal Error] :1:1: Premature end of file.
2026-03-01 02:03:43,785 [ERROR] LogOutputStream:75 - [STDERR_REDIRECT] 
2026-03-01 02:03:44,786 [ERROR] LogOutputStream:75 - [STDERR_REDIRECT] [Fatal Error] :1:1: Premature end of file.
2026-03-01 02:03:44,786 [ERROR] LogOutputStream:75 - [STDERR_REDIRECT] 
2026-03-01 02:03:45,783 [ERROR] LogOutputStream:75 - [STDERR_REDIRECT] [Fatal Error] :1:1: Premature end of file.
2026-03-01 02:03:45,783 [ERROR] LogOutputStream:75 - [STDERR_REDIRECT] 
2026-03-01 02:03:46,784 [ERROR] LogOutputStream:75 - [STDERR_REDIRECT] [Fatal Error] :1:1: Premature end of file.
2026-03-01 02:03:46,784 [ERROR] LogOutputStream:75 - [STDERR_REDIRECT] 
2026-03-01 02:03:47,785 [ERROR] LogOutputStream:75 - [STDERR_REDIRECT] [Fatal Error] :1:1: Premature end of file.
2026-03-01 02:03:47,785 [ERROR] LogOutputStream:75 - [STDERR_REDIRECT] 
2026-03-01 02:03:48,785 [ERROR] LogOutputStream:75 - [STDERR_REDIRECT] [Fatal Error] :1:1: Premature end of file.
2026-03-01 02:03:48,785 [ERROR] LogOutputStream:75 - [STDERR_REDIRECT] 
2026-03-01 02:03:49,783 [ERROR] LogOutputStream:75 - [STDERR_REDIRECT] [Fatal Error] :1:1: Premature end of file.
2026-03-01 02:03:49,783 [ERROR] LogOutputStream:75 - [STDERR_REDIRECT] 
2026-03-01 02:03:50,793 [ERROR] LogOutputStream:75 - [STDERR_REDIRECT] [Fatal Error] :1:1: Premature end of file.
2026-03-01 02:03:50,793 [ERROR] LogOutputStream:75 - [STDERR_REDIRECT] 
2026-03-01 02:03:51,786 [ERROR] LogOutputStream:75 - [STDERR_REDIRECT] [Fatal Error] :1:1: Premature end of file.
2026-03-01 02:03:51,786 [ERROR] LogOutputStream:75 - [STDERR_REDIRECT] 
2026-03-01 02:03:52,785 [ERROR] LogOutputStream:75 - [STDERR_REDIRECT] [Fatal Error] :1:1: Premature end of file.
2026-03-01 02:03:52,785 [ERROR] LogOutputStream:75 - [STDERR_REDIRECT] 
2026-03-01 02:03:53,786 [ERROR] LogOutputStream:75 - [STDERR_REDIRECT] [Fatal Error] :1:1: Premature end of file.
2026-03-01 02:03:53,786 [ERROR] LogOutputStream:75 - [STDERR_REDIRECT] 
2026-03-01 02:03:54,786 [ERROR] LogOutputStream:75 - [STDERR_REDIRECT] [Fatal Error] :1:1: Premature end of file.
2026-03-01 02:03:54,786 [ERROR] LogOutputStream:75 - [STDERR_REDIRECT] 
2026-03-01 02:03:55,786 [ERROR] LogOutputStream:75 - [STDERR_REDIRECT] [Fatal Error] :1:1: Premature end of file.
2026-03-01 02:03:55,786 [ERROR] LogOutputStream:75 - [STDERR_REDIRECT] 
2026-03-01 02:03:56,787 [ERROR] LogOutputStream:75 - [STDERR_REDIRECT] [Fatal Error] :1:1: Premature end of file.
2026-03-01 02:03:56,787 [ERROR] LogOutputStream:75 - [STDERR_REDIRECT] 
2026-03-01 02:03:57,785 [ERROR] LogOutputStream:75 - [STDERR_REDIRECT] [Fatal Error] :1:1: Premature end of file.
2026-03-01 02:03:57,785 [ERROR] LogOutputStream:75 - [STDERR_REDIRECT] 
2026-03-01 02:03:58,783 [ERROR] LogOutputStream:75 - [STDERR_REDIRECT] [Fatal Error] :1:1: Premature end of file.
2026-03-01 02:03:58,783 [ERROR] LogOutputStream:75 - [STDERR_REDIRECT] 
2026-03-01 02:03:59,784 [ERROR] LogOutputStream:75 - [STDERR_REDIRECT] [Fatal Error] :1:1: Premature end of file.
2026-03-01 02:03:59,784 [ERROR] LogOutputStream:75 - [STDERR_REDIRECT] 
2026-03-01 02:04:00,785 [ERROR] LogOutputStream:75 - [STDERR_REDIRECT] [Fatal Error] :1:1: Premature end of file.
2026-03-01 02:04:00,785 [ERROR] LogOutputStream:75 - [STDERR_REDIRECT] 
2026-03-01 02:04:01,784 [ERROR] LogOutputStream:75 - [STDERR_REDIRECT] [Fatal Error] :1:1: Premature end of file.
2026-03-01 02:04:01,784 [ERROR] LogOutputStream:75 - [STDERR_REDIRECT] 
2026-03-01 02:04:02,789 [ERROR] LogOutputStream:75 - [STDERR_REDIRECT] [Fatal Error] :1:1: Premature end of file.
2026-03-01 02:04:02,789 [ERROR] LogOutputStream:75 - [STDERR_REDIRECT] 
2026-03-01 02:04:03,785 [ERROR] LogOutputStream:75 - [STDERR_REDIRECT] [Fatal Error] :1:1: Premature end of file.
2026-03-01 02:04:03,786 [ERROR] LogOutputStream:75 - [STDERR_REDIRECT] 
2026-03-01 02:04:04,785 [ERROR] LogOutputStream:75 - [STDERR_REDIRECT] [Fatal Error] :1:1: Premature end of file.
2026-03-01 02:04:04,785 [ERROR] LogOutputStream:75 - [STDERR_REDIRECT] 
2026-03-01 02:04:05,785 [ERROR] LogOutputStream:75 - [STDERR_REDIRECT] [Fatal Error] :1:1: Premature end of file.
2026-03-01 02:04:05,785 [ERROR] LogOutputStream:75 - [STDERR_REDIRECT] 
2026-03-01 02:04:06,786 [ERROR] LogOutputStream:75 - [STDERR_REDIRECT] [Fatal Error] :1:1: Premature end of file.
2026-03-01 02:04:06,786 [ERROR] LogOutputStream:75 - [STDERR_REDIRECT] 
2026-03-01 02:04:07,816 [ERROR] LogOutputStream:75 - [STDERR_REDIRECT] [Fatal Error] :1:1: Premature end of file.
2026-03-01 02:04:07,816 [ERROR] LogOutputStream:75 - [STDERR_REDIRECT] 
2026-03-01 02:04:08,781 [ERROR] LogOutputStream:75 - [STDERR_REDIRECT] [Fatal Error] :1:1: Premature end of file.
2026-03-01 02:04:08,781 [ERROR] LogOutputStream:75 - [STDERR_REDIRECT] 
2026-03-01 02:04:09,782 [ERROR] LogOutputStream:75 - [STDERR_REDIRECT] [Fatal Error] :1:1: Premature end of file.
2026-03-01 02:04:09,782 [ERROR] LogOutputStream:75 - [STDERR_REDIRECT] 
2026-03-01 02:04:10,785 [ERROR] LogOutputStream:75 - [STDERR_REDIRECT] [Fatal Error] :1:1: Premature end of file.
2026-03-01 02:04:10,785 [ERROR] LogOutputStream:75 - [STDERR_REDIRECT] 
2026-03-01 02:04:11,784 [ERROR] LogOutputStream:75 - [STDERR_REDIRECT] [Fatal Error] :1:1: Premature end of file.
2026-03-01 02:04:11,784 [ERROR] LogOutputStream:75 - [STDERR_REDIRECT] 
2026-03-01 02:04:12,785 [ERROR] LogOutputStream:75 - [STDERR_REDIRECT] [Fatal Error] :1:1: Premature end of file.
2026-03-01 02:04:12,785 [ERROR] LogOutputStream:75 - [STDERR_REDIRECT] 
2026-03-01 02:04:13,785 [ERROR] LogOutputStream:75 - [STDERR_REDIRECT] [Fatal Error] :1:1: Premature end of file.
2026-03-01 02:04:13,785 [ERROR] LogOutputStream:75 - [STDERR_REDIRECT] 
2026-03-01 02:04:14,785 [ERROR] LogOutputStream:75 - [STDERR_REDIRECT] [Fatal Error] :1:1: Premature end of file.
2026-03-01 02:04:14,786 [ERROR] LogOutputStream:75 - [STDERR_REDIRECT] 
2026-03-01 02:04:15,784 [ERROR] LogOutputStream:75 - [STDERR_REDIRECT] [Fatal Error] :1:1: Premature end of file.
2026-03-01 02:04:15,784 [ERROR] LogOutputStream:75 - [STDERR_REDIRECT] 
2026-03-01 02:04:16,786 [ERROR] LogOutputStream:75 - [STDERR_REDIRECT] [Fatal Error] :1:1: Premature end of file.
2026-03-01 02:04:16,786 [ERROR] LogOutputStream:75 - [STDERR_REDIRECT] 
2026-03-01 02:04:17,785 [ERROR] LogOutputStream:75 - [STDERR_REDIRECT] [Fatal Error] :1:1: Premature end of file.
2026-03-01 02:04:17,786 [ERROR] LogOutputStream:75 - [STDERR_REDIRECT] 
2026-03-01 02:04:18,784 [ERROR] LogOutputStream:75 - [STDERR_REDIRECT] [Fatal Error] :1:1: Premature end of file.
2026-03-01 02:04:18,784 [ERROR] LogOutputStream:75 - [STDERR_REDIRECT] 
2026-03-01 02:04:19,783 [ERROR] LogOutputStream:75 - [STDERR_REDIRECT] [Fatal Error] :1:1: Premature end of file.
2026-03-01 02:04:19,783 [ERROR] LogOutputStream:75 - [STDERR_REDIRECT] 
2026-03-01 02:04:20,784 [ERROR] LogOutputStream:75 - [STDERR_REDIRECT] [Fatal Error] :1:1: Premature end of file.
2026-03-01 02:04:20,784 [ERROR] LogOutputStream:75 - [STDERR_REDIRECT] 
2026-03-01 02:04:21,801 [ERROR] LogOutputStream:75 - [STDERR_REDIRECT] [Fatal Error] :1:1: Premature end of file.
2026-03-01 02:04:21,801 [ERROR] LogOutputStream:75 - [STDERR_REDIRECT] 
2026-03-01 02:04:22,784 [ERROR] LogOutputStream:75 - [STDERR_REDIRECT] [Fatal Error] :1:1: Premature end of file.
2026-03-01 02:04:22,784 [ERROR] LogOutputStream:75 - [STDERR_REDIRECT] 
2026-03-01 02:04:23,813 [ERROR] LogOutputStream:75 - [STDERR_REDIRECT] [Fatal Error] :1:1: Premature end of file.
2026-03-01 02:04:23,814 [ERROR] LogOutputStream:75 - [STDERR_REDIRECT] 
2026-03-01 02:04:24,780 [ERROR] LogOutputStream:75 - [STDERR_REDIRECT] [Fatal Error] :1:1: Premature end of file.
2026-03-01 02:04:24,780 [ERROR] LogOutputStream:75 - [STDERR_REDIRECT] 
2026-03-01 02:04:25,786 [ERROR] LogOutputStream:75 - [STDERR_REDIRECT] [Fatal Error] :1:1: Premature end of file.
2026-03-01 02:04:25,786 [ERROR] LogOutputStream:75 - [STDERR_REDIRECT] 
2026-03-01 02:04:26,786 [ERROR] LogOutputStream:75 - [STDERR_REDIRECT] [Fatal Error] :1:1: Premature end of file.
2026-03-01 02:04:26,786 [ERROR] LogOutputStream:75 - [STDERR_REDIRECT] 
2026-03-01 02:04:27,784 [ERROR] LogOutputStream:75 - [STDERR_REDIRECT] [Fatal Error] :1:1: Premature end of file.
2026-03-01 02:04:27,784 [ERROR] LogOutputStream:75 - [STDERR_REDIRECT] 
2026-03-01 02:04:28,787 [ERROR] LogOutputStream:75 - [STDERR_REDIRECT] [Fatal Error] :1:1: Premature end of file.
2026-03-01 02:04:28,787 [ERROR] LogOutputStream:75 - [STDERR_REDIRECT] 
2026-03-01 02:04:29,784 [ERROR] LogOutputStream:75 - [STDERR_REDIRECT] [Fatal Error] :1:1: Premature end of file.
2026-03-01 02:04:29,785 [ERROR] LogOutputStream:75 - [STDERR_REDIRECT] 
2026-03-01 02:04:30,797 [ERROR] LogOutputStream:75 - [STDERR_REDIRECT] [Fatal Error] :1:1: Premature end of file.
2026-03-01 02:04:30,797 [ERROR] LogOutputStream:75 - [STDERR_REDIRECT] 
2026-03-01 02:04:31,782 [ERROR] LogOutputStream:75 - [STDERR_REDIRECT] [Fatal Error] :1:1: Premature end of file.
2026-03-01 02:04:31,783 [ERROR] LogOutputStream:75 - [STDERR_REDIRECT] 
2026-03-01 02:04:32,818 [ERROR] LogOutputStream:75 - [STDERR_REDIRECT] [Fatal Error] :1:1: Premature end of file.
2026-03-01 02:04:32,818 [ERROR] LogOutputStream:75 - [STDERR_REDIRECT] 
2026-03-01 02:04:33,785 [ERROR] LogOutputStream:75 - [STDERR_REDIRECT] [Fatal Error] :1:1: Premature end of file.
2026-03-01 02:04:33,785 [ERROR] LogOutputStream:75 - [STDERR_REDIRECT] 
2026-03-01 02:04:34,793 [ERROR] LogOutputStream:75 - [STDERR_REDIRECT] [Fatal Error] :1:1: Premature end of file.
2026-03-01 02:04:34,793 [ERROR] LogOutputStream:75 - [STDERR_REDIRECT] 
2026-03-01 02:04:35,785 [ERROR] LogOutputStream:75 - [STDERR_REDIRECT] [Fatal Error] :1:1: Premature end of file.
2026-03-01 02:04:35,785 [ERROR] LogOutputStream:75 - [STDERR_REDIRECT] 
2026-03-01 02:04:36,783 [ERROR] LogOutputStream:75 - [STDERR_REDIRECT] [Fatal Error] :1:1: Premature end of file.
2026-03-01 02:04:36,783 [ERROR] LogOutputStream:75 - [STDERR_REDIRECT] 
2026-03-01 02:04:37,784 [ERROR] LogOutputStream:75 - [STDERR_REDIRECT] [Fatal Error] :1:1: Premature end of file.
2026-03-01 02:04:37,784 [ERROR] LogOutputStream:75 - [STDERR_REDIRECT] 
2026-03-01 02:04:38,800 [ERROR] LogOutputStream:75 - [STDERR_REDIRECT] [Fatal Error] :1:1: Premature end of file.
2026-03-01 02:04:38,800 [ERROR] LogOutputStream:75 - [STDERR_REDIRECT] 
2026-03-01 02:04:39,786 [ERROR] LogOutputStream:75 - [STDERR_REDIRECT] [Fatal Error] :1:1: Premature end of file.
2026-03-01 02:04:39,786 [ERROR] LogOutputStream:75 - [STDERR_REDIRECT] 
2026-03-01 02:04:40,783 [ERROR] LogOutputStream:75 - [STDERR_REDIRECT] [Fatal Error] :1:1: Premature end of file.
2026-03-01 02:04:40,783 [ERROR] LogOutputStream:75 - [STDERR_REDIRECT] 
2026-03-01 02:04:41,785 [ERROR] LogOutputStream:75 - [STDERR_REDIRECT] [Fatal Error] :1:1: Premature end of file.
2026-03-01 02:04:41,785 [ERROR] LogOutputStream:75 - [STDERR_REDIRECT] 
2026-03-01 02:04:42,785 [ERROR] LogOutputStream:75 - [STDERR_REDIRECT] [Fatal Error] :1:1: Premature end of file.
2026-03-01 02:04:42,785 [ERROR] LogOutputStream:75 - [STDERR_REDIRECT] 
2026-03-01 02:04:43,785 [ERROR] LogOutputStream:75 - [STDERR_REDIRECT] [Fatal Error] :1:1: Premature end of file.
2026-03-01 02:04:43,785 [ERROR] LogOutputStream:75 - [STDERR_REDIRECT] 
2026-03-01 02:04:44,785 [ERROR] LogOutputStream:75 - [STDERR_REDIRECT] [Fatal Error] :1:1: Premature end of file.
2026-03-01 02:04:44,785 [ERROR] LogOutputStream:75 - [STDERR_REDIRECT] 
2026-03-01 02:04:45,785 [ERROR] LogOutputStream:75 - [STDERR_REDIRECT] [Fatal Error] :1:1: Premature end of file.
2026-03-01 02:04:45,786 [ERROR] LogOutputStream:75 - [STDERR_REDIRECT] 
2026-03-01 02:04:46,784 [ERROR] LogOutputStream:75 - [STDERR_REDIRECT] [Fatal Error] :1:1: Premature end of file.
2026-03-01 02:04:46,784 [ERROR] LogOutputStream:75 - [STDERR_REDIRECT] 
2026-03-01 02:04:47,799 [ERROR] LogOutputStream:75 - [STDERR_REDIRECT] [Fatal Error] :1:1: Premature end of file.
2026-03-01 02:04:47,799 [ERROR] LogOutputStream:75 - [STDERR_REDIRECT] 
2026-03-01 02:04:48,784 [ERROR] LogOutputStream:75 - [STDERR_REDIRECT] [Fatal Error] :1:1: Premature end of file.
2026-03-01 02:04:48,785 [ERROR] LogOutputStream:75 - [STDERR_REDIRECT] 
2026-03-01 02:04:49,800 [ERROR] LogOutputStream:75 - [STDERR_REDIRECT] [Fatal Error] :1:1: Premature end of file.
2026-03-01 02:04:49,800 [ERROR] LogOutputStream:75 - [STDERR_REDIRECT] 
2026-03-01 02:04:50,784 [ERROR] LogOutputStream:75 - [STDERR_REDIRECT] [Fatal Error] :1:1: Premature end of file.
2026-03-01 02:04:50,784 [ERROR] LogOutputStream:75 - [STDERR_REDIRECT] 
2026-03-01 02:04:51,795 [ERROR] LogOutputStream:75 - [STDERR_REDIRECT] [Fatal Error] :1:1: Premature end of file.
2026-03-01 02:04:51,795 [ERROR] LogOutputStream:75 - [STDERR_REDIRECT] 
2026-03-01 02:04:52,795 [ERROR] LogOutputStream:75 - [STDERR_REDIRECT] [Fatal Error] :1:1: Premature end of file.
2026-03-01 02:04:52,795 [ERROR] LogOutputStream:75 - [STDERR_REDIRECT] 
2026-03-01 02:04:53,795 [ERROR] LogOutputStream:75 - [STDERR_REDIRECT] [Fatal Error] :1:1: Premature end of file.
2026-03-01 02:04:53,796 [ERROR] LogOutputStream:75 - [STDERR_REDIRECT] 
2026-03-01 02:04:54,785 [ERROR] LogOutputStream:75 - [STDERR_REDIRECT] [Fatal Error] :1:1: Premature end of file.
2026-03-01 02:04:54,785 [ERROR] LogOutputStream:75 - [STDERR_REDIRECT] 
2026-03-01 02:04:55,785 [ERROR] LogOutputStream:75 - [STDERR_REDIRECT] [Fatal Error] :1:1: Premature end of file.
2026-03-01 02:04:55,785 [ERROR] LogOutputStream:75 - [STDERR_REDIRECT] 
2026-03-01 02:04:56,784 [ERROR] LogOutputStream:75 - [STDERR_REDIRECT] [Fatal Error] :1:1: Premature end of file.
2026-03-01 02:04:56,784 [ERROR] LogOutputStream:75 - [STDERR_REDIRECT] 
2026-03-01 02:04:57,799 [ERROR] LogOutputStream:75 - [STDERR_REDIRECT] [Fatal Error] :1:1: Premature end of file.
2026-03-01 02:04:57,799 [ERROR] LogOutputStream:75 - [STDERR_REDIRECT] 
2026-03-01 02:04:58,784 [ERROR] LogOutputStream:75 - [STDERR_REDIRECT] [Fatal Error] :1:1: Premature end of file.
2026-03-01 02:04:58,784 [ERROR] LogOutputStream:75 - [STDERR_REDIRECT] 
2026-03-01 02:04:59,797 [ERROR] LogOutputStream:75 - [STDERR_REDIRECT] [Fatal Error] :1:1: Premature end of file.
2026-03-01 02:04:59,797 [ERROR] LogOutputStream:75 - [STDERR_REDIRECT] 
2026-03-01 02:05:00,786 [ERROR] LogOutputStream:75 - [STDERR_REDIRECT] [Fatal Error] :1:1: Premature end of file.
2026-03-01 02:05:00,786 [ERROR] LogOutputStream:75 - [STDERR_REDIRECT] 
2026-03-01 02:05:01,785 [ERROR] LogOutputStream:75 - [STDERR_REDIRECT] [Fatal Error] :1:1: Premature end of file.
2026-03-01 02:05:01,785 [ERROR] LogOutputStream:75 - [STDERR_REDIRECT] 
2026-03-01 02:05:02,787 [ERROR] LogOutputStream:75 - [STDERR_REDIRECT] [Fatal Error] :1:1: Premature end of file.
2026-03-01 02:05:02,787 [ERROR] LogOutputStream:75 - [STDERR_REDIRECT] 
2026-03-01 02:05:03,787 [ERROR] LogOutputStream:75 - [STDERR_REDIRECT] [Fatal Error] :1:1: Premature end of file.
2026-03-01 02:05:03,787 [ERROR] LogOutputStream:75 - [STDERR_REDIRECT] 
2026-03-01 02:05:04,784 [ERROR] LogOutputStream:75 - [STDERR_REDIRECT] [Fatal Error] :1:1: Premature end of file.
2026-03-01 02:05:04,784 [ERROR] LogOutputStream:75 - [STDERR_REDIRECT] 
2026-03-01 02:05:05,791 [ERROR] LogOutputStream:75 - [STDERR_REDIRECT] [Fatal Error] :1:1: Premature end of file.
2026-03-01 02:05:05,791 [ERROR] LogOutputStream:75 - [STDERR_REDIRECT] 
2026-03-01 02:05:06,782 [ERROR] LogOutputStream:75 - [STDERR_REDIRECT] [Fatal Error] :1:1: Premature end of file.
2026-03-01 02:05:06,782 [ERROR] LogOutputStream:75 - [STDERR_REDIRECT] 
2026-03-01 02:05:07,787 [ERROR] LogOutputStream:75 - [STDERR_REDIRECT] [Fatal Error] :1:1: Premature end of file.
2026-03-01 02:05:07,787 [ERROR] LogOutputStream:75 - [STDERR_REDIRECT] 
2026-03-01 02:05:08,786 [ERROR] LogOutputStream:75 - [STDERR_REDIRECT] [Fatal Error] :1:1: Premature end of file.
2026-03-01 02:05:08,786 [ERROR] LogOutputStream:75 - [STDERR_REDIRECT] 
2026-03-01 02:05:09,793 [ERROR] LogOutputStream:75 - [STDERR_REDIRECT] [Fatal Error] :1:1: Premature end of file.
2026-03-01 02:05:09,793 [ERROR] LogOutputStream:75 - [STDERR_REDIRECT] 
2026-03-01 02:05:10,784 [ERROR] LogOutputStream:75 - [STDERR_REDIRECT] [Fatal Error] :1:1: Premature end of file.
2026-03-01 02:05:10,784 [ERROR] LogOutputStream:75 - [STDERR_REDIRECT] 
2026-03-01 02:05:11,786 [ERROR] LogOutputStream:75 - [STDERR_REDIRECT] [Fatal Error] :1:1: Premature end of file.
2026-03-01 02:05:11,786 [ERROR] LogOutputStream:75 - [STDERR_REDIRECT] 
2026-03-01 02:05:12,784 [ERROR] LogOutputStream:75 - [STDERR_REDIRECT] [Fatal Error] :1:1: Premature end of file.
2026-03-01 02:05:12,784 [ERROR] LogOutputStream:75 - [STDERR_REDIRECT] 
2026-03-01 02:05:13,787 [ERROR] LogOutputStream:75 - [STDERR_REDIRECT] [Fatal Error] :1:1: Premature end of file.
2026-03-01 02:05:13,787 [ERROR] LogOutputStream:75 - [STDERR_REDIRECT] 
2026-03-01 02:05:14,785 [ERROR] LogOutputStream:75 - [STDERR_REDIRECT] [Fatal Error] :1:1: Premature end of file.
2026-03-01 02:05:14,785 [ERROR] LogOutputStream:75 - [STDERR_REDIRECT] 
2026-03-01 02:05:15,798 [ERROR] LogOutputStream:75 - [STDERR_REDIRECT] [Fatal Error] :1:1: Premature end of file.
2026-03-01 02:05:15,798 [ERROR] LogOutputStream:75 - [STDERR_REDIRECT] 
2026-03-01 02:05:16,787 [ERROR] LogOutputStream:75 - [STDERR_REDIRECT] [Fatal Error] :1:1: Premature end of file.
2026-03-01 02:05:16,787 [ERROR] LogOutputStream:75 - [STDERR_REDIRECT] 
2026-03-01 02:05:17,790 [ERROR] LogOutputStream:75 - [STDERR_REDIRECT] [Fatal Error] :1:1: Premature end of file.
2026-03-01 02:05:17,790 [ERROR] LogOutputStream:75 - [STDERR_REDIRECT] 
2026-03-01 02:05:18,786 [ERROR] LogOutputStream:75 - [STDERR_REDIRECT] [Fatal Error] :1:1: Premature end of file.
2026-03-01 02:05:18,786 [ERROR] LogOutputStream:75 - [STDERR_REDIRECT] 
2026-03-01 02:05:19,785 [ERROR] LogOutputStream:75 - [STDERR_REDIRECT] [Fatal Error] :1:1: Premature end of file.
2026-03-01 02:05:19,786 [ERROR] LogOutputStream:75 - [STDERR_REDIRECT] 
2026-03-01 02:05:20,785 [ERROR] LogOutputStream:75 - [STDERR_REDIRECT] [Fatal Error] :1:1: Premature end of file.
2026-03-01 02:05:20,785 [ERROR] LogOutputStream:75 - [STDERR_REDIRECT] 
2026-03-01 02:05:21,785 [ERROR] LogOutputStream:75 - [STDERR_REDIRECT] [Fatal Error] :1:1: Premature end of file.
2026-03-01 02:05:21,785 [ERROR] LogOutputStream:75 - [STDERR_REDIRECT] 
2026-03-01 02:05:22,786 [ERROR] LogOutputStream:75 - [STDERR_REDIRECT] [Fatal Error] :1:1: Premature end of file.
2026-03-01 02:05:22,786 [ERROR] LogOutputStream:75 - [STDERR_REDIRECT] 
2026-03-01 02:05:23,783 [ERROR] LogOutputStream:75 - [STDERR_REDIRECT] [Fatal Error] :1:1: Premature end of file.
2026-03-01 02:05:23,783 [ERROR] LogOutputStream:75 - [STDERR_REDIRECT] 
2026-03-01 02:05:24,785 [ERROR] LogOutputStream:75 - [STDERR_REDIRECT] [Fatal Error] :1:1: Premature end of file.
2026-03-01 02:05:24,785 [ERROR] LogOutputStream:75 - [STDERR_REDIRECT] 
2026-03-01 02:05:25,784 [ERROR] LogOutputStream:75 - [STDERR_REDIRECT] [Fatal Error] :1:1: Premature end of file.
2026-03-01 02:05:25,784 [ERROR] LogOutputStream:75 - [STDERR_REDIRECT] 
2026-03-01 02:05:26,790 [ERROR] LogOutputStream:75 - [STDERR_REDIRECT] [Fatal Error] :1:1: Premature end of file.
2026-03-01 02:05:26,790 [ERROR] LogOutputStream:75 - [STDERR_REDIRECT] 
2026-03-01 02:05:27,785 [ERROR] LogOutputStream:75 - [STDERR_REDIRECT] [Fatal Error] :1:1: Premature end of file.
2026-03-01 02:05:27,785 [ERROR] LogOutputStream:75 - [STDERR_REDIRECT] 
2026-03-01 02:05:28,800 [ERROR] LogOutputStream:75 - [STDERR_REDIRECT] [Fatal Error] :1:1: Premature end of file.
2026-03-01 02:05:28,800 [ERROR] LogOutputStream:75 - [STDERR_REDIRECT] 
2026-03-01 02:05:29,827 [ERROR] LogOutputStream:75 - [STDERR_REDIRECT] [Fatal Error] :1:1: Premature end of file.
2026-03-01 02:05:29,827 [ERROR] LogOutputStream:75 - [STDERR_REDIRECT] 
2026-03-01 02:05:30,786 [ERROR] LogOutputStream:75 - [STDERR_REDIRECT] [Fatal Error] :1:1: Premature end of file.
2026-03-01 02:05:30,786 [ERROR] LogOutputStream:75 - [STDERR_REDIRECT] 
2026-03-01 02:05:31,782 [ERROR] LogOutputStream:75 - [STDERR_REDIRECT] [Fatal Error] :1:1: Premature end of file.
2026-03-01 02:05:31,782 [ERROR] LogOutputStream:75 - [STDERR_REDIRECT] 
2026-03-01 02:05:32,784 [ERROR] LogOutputStream:75 - [STDERR_REDIRECT] [Fatal Error] :1:1: Premature end of file.
2026-03-01 02:05:32,784 [ERROR] LogOutputStream:75 - [STDERR_REDIRECT] 
2026-03-01 02:05:33,784 [ERROR] LogOutputStream:75 - [STDERR_REDIRECT] [Fatal Error] :1:1: Premature end of file.
2026-03-01 02:05:33,784 [ERROR] LogOutputStream:75 - [STDERR_REDIRECT] 
2026-03-01 02:05:34,787 [ERROR] LogOutputStream:75 - [STDERR_REDIRECT] [Fatal Error] :1:1: Premature end of file.
2026-03-01 02:05:34,787 [ERROR] LogOutputStream:75 - [STDERR_REDIRECT] 
2026-03-01 02:05:35,782 [ERROR] LogOutputStream:75 - [STDERR_REDIRECT] [Fatal Error] :1:1: Premature end of file.
2026-03-01 02:05:35,782 [ERROR] LogOutputStream:75 - [STDERR_REDIRECT] 
2026-03-01 02:05:36,784 [ERROR] LogOutputStream:75 - [STDERR_REDIRECT] [Fatal Error] :1:1: Premature end of file.
2026-03-01 02:05:36,785 [ERROR] LogOutputStream:75 - [STDERR_REDIRECT] 
2026-03-01 02:05:37,785 [ERROR] LogOutputStream:75 - [STDERR_REDIRECT] [Fatal Error] :1:1: Premature end of file.
2026-03-01 02:05:37,785 [ERROR] LogOutputStream:75 - [STDERR_REDIRECT] 
2026-03-01 02:05:38,794 [ERROR] LogOutputStream:75 - [STDERR_REDIRECT] [Fatal Error] :1:1: Premature end of file.
2026-03-01 02:05:38,794 [ERROR] LogOutputStream:75 - [STDERR_REDIRECT] 
2026-03-01 02:05:39,795 [ERROR] LogOutputStream:75 - [STDERR_REDIRECT] [Fatal Error] :1:1: Premature end of file.
2026-03-01 02:05:39,795 [ERROR] LogOutputStream:75 - [STDERR_REDIRECT] 
2026-03-01 02:05:40,818 [ERROR] LogOutputStream:75 - [STDERR_REDIRECT] [Fatal Error] :1:1: Premature end of file.
2026-03-01 02:05:40,818 [ERROR] LogOutputStream:75 - [STDERR_REDIRECT] 
2026-03-01 02:05:41,782 [ERROR] LogOutputStream:75 - [STDERR_REDIRECT] [Fatal Error] :1:1: Premature end of file.
2026-03-01 02:05:41,782 [ERROR] LogOutputStream:75 - [STDERR_REDIRECT] 
2026-03-01 02:05:42,782 [ERROR] LogOutputStream:75 - [STDERR_REDIRECT] [Fatal Error] :1:1: Premature end of file.
2026-03-01 02:05:42,782 [ERROR] LogOutputStream:75 - [STDERR_REDIRECT] 
2026-03-01 02:05:43,785 [ERROR] LogOutputStream:75 - [STDERR_REDIRECT] [Fatal Error] :1:1: Premature end of file.
2026-03-01 02:05:43,785 [ERROR] LogOutputStream:75 - [STDERR_REDIRECT] 
2026-03-01 02:05:44,783 [ERROR] LogOutputStream:75 - [STDERR_REDIRECT] [Fatal Error] :1:1: Premature end of file.
2026-03-01 02:05:44,784 [ERROR] LogOutputStream:75 - [STDERR_REDIRECT] 
2026-03-01 02:05:45,784 [ERROR] LogOutputStream:75 - [STDERR_REDIRECT] [Fatal Error] :1:1: Premature end of file.
2026-03-01 02:05:45,784 [ERROR] LogOutputStream:75 - [STDERR_REDIRECT] 
2026-03-01 02:05:46,784 [ERROR] LogOutputStream:75 - [STDERR_REDIRECT] [Fatal Error] :1:1: Premature end of file.
2026-03-01 02:05:46,785 [ERROR] LogOutputStream:75 - [STDERR_REDIRECT] 
2026-03-01 02:05:47,809 [ERROR] LogOutputStream:75 - [STDERR_REDIRECT] [Fatal Error] :1:1: Premature end of file.
2026-03-01 02:05:47,809 [ERROR] LogOutputStream:75 - [STDERR_REDIRECT] 
2026-03-01 02:05:48,785 [ERROR] LogOutputStream:75 - [STDERR_REDIRECT] [Fatal Error] :1:1: Premature end of file.
2026-03-01 02:05:48,785 [ERROR] LogOutputStream:75 - [STDERR_REDIRECT] 
2026-03-01 02:05:49,782 [ERROR] LogOutputStream:75 - [STDERR_REDIRECT] [Fatal Error] :1:1: Premature end of file.
2026-03-01 02:05:49,782 [ERROR] LogOutputStream:75 - [STDERR_REDIRECT] 
2026-03-01 02:05:50,785 [ERROR] LogOutputStream:75 - [STDERR_REDIRECT] [Fatal Error] :1:1: Premature end of file.
2026-03-01 02:05:50,785 [ERROR] LogOutputStream:75 - [STDERR_REDIRECT] 
2026-03-01 02:05:51,792 [ERROR] LogOutputStream:75 - [STDERR_REDIRECT] [Fatal Error] :1:1: Premature end of file.
2026-03-01 02:05:51,792 [ERROR] LogOutputStream:75 - [STDERR_REDIRECT] 
2026-03-01 02:05:52,785 [ERROR] LogOutputStream:75 - [STDERR_REDIRECT] [Fatal Error] :1:1: Premature end of file.
2026-03-01 02:05:52,786 [ERROR] LogOutputStream:75 - [STDERR_REDIRECT] 
2026-03-01 02:05:53,787 [ERROR] LogOutputStream:75 - [STDERR_REDIRECT] [Fatal Error] :1:1: Premature end of file.
2026-03-01 02:05:53,787 [ERROR] LogOutputStream:75 - [STDERR_REDIRECT] 
2026-03-01 02:05:54,784 [ERROR] LogOutputStream:75 - [STDERR_REDIRECT] [Fatal Error] :1:1: Premature end of file.
2026-03-01 02:05:54,784 [ERROR] LogOutputStream:75 - [STDERR_REDIRECT] 
2026-03-01 02:05:55,787 [ERROR] LogOutputStream:75 - [STDERR_REDIRECT] [Fatal Error] :1:1: Premature end of file.
2026-03-01 02:05:55,787 [ERROR] LogOutputStream:75 - [STDERR_REDIRECT] 
2026-03-01 02:05:56,784 [ERROR] LogOutputStream:75 - [STDERR_REDIRECT] [Fatal Error] :1:1: Premature end of file.
2026-03-01 02:05:56,784 [ERROR] LogOutputStream:75 - [STDERR_REDIRECT] 
2026-03-01 02:05:57,786 [ERROR] LogOutputStream:75 - [STDERR_REDIRECT] [Fatal Error] :1:1: Premature end of file.
2026-03-01 02:05:57,786 [ERROR] LogOutputStream:75 - [STDERR_REDIRECT] 
2026-03-01 02:05:58,784 [ERROR] LogOutputStream:75 - [STDERR_REDIRECT] [Fatal Error] :1:1: Premature end of file.
2026-03-01 02:05:58,784 [ERROR] LogOutputStream:75 - [STDERR_REDIRECT] 
2026-03-01 02:05:59,786 [ERROR] LogOutputStream:75 - [STDERR_REDIRECT] [Fatal Error] :1:1: Premature end of file.
2026-03-01 02:05:59,786 [ERROR] LogOutputStream:75 - [STDERR_REDIRECT] 
2026-03-01 02:06:00,785 [ERROR] LogOutputStream:75 - [STDERR_REDIRECT] [Fatal Error] :1:1: Premature end of file.
2026-03-01 02:06:00,785 [ERROR] LogOutputStream:75 - [STDERR_REDIRECT] 
2026-03-01 02:06:01,793 [ERROR] LogOutputStream:75 - [STDERR_REDIRECT] [Fatal Error] :1:1: Premature end of file.
2026-03-01 02:06:01,794 [ERROR] LogOutputStream:75 - [STDERR_REDIRECT] 
2026-03-01 02:06:03,421 [ERROR] LogOutputStream:75 - [STDERR_REDIRECT] [Fatal Error] :1:1: Premature end of file.
2026-03-01 02:06:03,421 [ERROR] LogOutputStream:75 - [STDERR_REDIRECT] 
2026-03-01 02:06:03,811 [ERROR] LogOutputStream:75 - [STDERR_REDIRECT] [Fatal Error] :1:1: Premature end of file.
2026-03-01 02:06:03,811 [ERROR] LogOutputStream:75 - [STDERR_REDIRECT] 
2026-03-01 02:06:04,796 [ERROR] LogOutputStream:75 - [STDERR_REDIRECT] [Fatal Error] :1:1: Premature end of file.
2026-03-01 02:06:04,796 [ERROR] LogOutputStream:75 - [STDERR_REDIRECT] 
2026-03-01 02:06:05,785 [ERROR] LogOutputStream:75 - [STDERR_REDIRECT] [Fatal Error] :1:1: Premature end of file.
2026-03-01 02:06:05,785 [ERROR] LogOutputStream:75 - [STDERR_REDIRECT] 
2026-03-01 02:06:06,849 [ERROR] LogOutputStream:75 - [STDERR_REDIRECT] [Fatal Error] :1:1: Premature end of file.
2026-03-01 02:06:06,849 [ERROR] LogOutputStream:75 - [STDERR_REDIRECT] 
2026-03-01 02:06:07,795 [ERROR] LogOutputStream:75 - [STDERR_REDIRECT] [Fatal Error] :1:1: Premature end of file.
2026-03-01 02:06:07,795 [ERROR] LogOutputStream:75 - [STDERR_REDIRECT] 
2026-03-01 02:06:08,787 [ERROR] LogOutputStream:75 - [STDERR_REDIRECT] [Fatal Error] :1:1: Premature end of file.
2026-03-01 02:06:08,787 [ERROR] LogOutputStream:75 - [STDERR_REDIRECT] 
2026-03-01 02:06:09,805 [ERROR] LogOutputStream:75 - [STDERR_REDIRECT] [Fatal Error] :1:1: Premature end of file.
2026-03-01 02:06:09,806 [ERROR] LogOutputStream:75 - [STDERR_REDIRECT] 
2026-03-01 02:06:10,807 [ERROR] LogOutputStream:75 - [STDERR_REDIRECT] [Fatal Error] :1:1: Premature end of file.
2026-03-01 02:06:10,807 [ERROR] LogOutputStream:75 - [STDERR_REDIRECT] 
2026-03-01 02:06:11,416 [ERROR] LogOutputStream:75 - [STDERR_REDIRECT] 
2026-03-01 02:06:11,420 [ERROR] LogOutputStream:75 - [STDERR_REDIRECT] 
